2026-09-09 03:32:04,825 [INFO] [STATE][BASE] State from 2026-09-08 — resetting trades_today for 2026-09-09
2026-09-09 03:32:04,826 [INFO] [STATE][BASE] Circuit breaker was halted (losses=0) — RESET on bot restart.
2026-09-09 03:32:04,826 [INFO] [STATE][BASE] Loaded prior state. active=False losses=0
2026-09-09 03:32:04,826 [INFO] [STATE][VWAP] State from 2026-09-08 — resetting trades_today for 2026-09-09
2026-09-09 03:32:04,826 [INFO] [STATE][VWAP] Circuit breaker was halted (losses=0) — RESET on bot restart.
2026-09-09 03:32:04,826 [INFO] [STATE][VWAP] Loaded prior state. active=False losses=0
2026-09-09 03:32:04,826 [INFO] [STATE][FUT5VWAP] State from 2026-09-08 — resetting trades_today for 2026-09-09
2026-09-09 03:32:04,826 [INFO] [STATE][FUT5VWAP] Circuit breaker was halted (losses=0) — RESET on bot restart.
2026-09-09 03:32:04,826 [INFO] [STATE][FUT5VWAP] Loaded prior state. active=False losses=0
2026-09-09 03:32:04,826 [INFO] [STATE][ORB] State from 2026-09-08 — resetting trades_today for 2026-09-09
2026-09-09 03:32:04,826 [INFO] [STATE][ORB] Circuit breaker was halted (losses=0) — RESET on bot restart.
2026-09-09 03:32:04,826 [INFO] [STATE][ORB] Loaded prior state. active=False losses=0
2026-09-09 03:32:04,826 [INFO] [STATE][GAPBREAK] State from 2026-09-08 — resetting trades_today for 2026-09-09
2026-09-09 03:32:04,826 [INFO] [STATE][GAPBREAK] Circuit breaker was halted (losses=0) — RESET on bot restart.
2026-09-09 03:32:04,826 [INFO] [STATE][GAPBREAK] Loaded prior state. active=False losses=0
2026-09-09 03:32:04,826 [INFO] [STATE][EXPIRY] State from 2026-09-08 — resetting trades_today for 2026-09-09
2026-09-09 03:32:04,826 [INFO] [STATE][EXPIRY] Circuit breaker was halted (losses=0) — RESET on bot restart.
2026-09-09 03:32:04,826 [INFO] [STATE][EXPIRY] Loaded prior state. active=False losses=0
2026-09-09 03:32:04,827 [INFO] [STATE][CRUSH] State from 2026-09-08 — resetting trades_today for 2026-09-09
2026-09-09 03:32:04,827 [INFO] [STATE][CRUSH] Circuit breaker was halted (losses=0) — RESET on bot restart.
2026-09-09 03:32:04,827 [INFO] [STATE][CRUSH] Loaded prior state. active=False losses=0
2026-09-09 03:32:04,827 [INFO] [STATE][WCR] State from 2026-09-08 — resetting trades_today for 2026-09-09
2026-09-09 03:32:04,827 [INFO] [STATE][WCR] Circuit breaker was halted (losses=0) — RESET on bot restart.
2026-09-09 03:32:04,827 [INFO] [STATE][WCR] Loaded prior state. active=False losses=0
2026-09-09 03:32:04,827 [INFO] [STATE][LSC] State from 2026-09-08 — resetting trades_today for 2026-09-09
2026-09-09 03:32:04,827 [INFO] [STATE][LSC] Circuit breaker was halted (losses=0) — RESET on bot restart.
2026-09-09 03:32:04,827 [INFO] [STATE][LSC] Loaded prior state. active=False losses=0
2026-09-09 03:32:04,827 [INFO] [STATE][PGB] State from 2026-09-08 — resetting trades_today for 2026-09-09
2026-09-09 03:32:04,827 [INFO] [STATE][PGB] Circuit breaker was halted (losses=0) — RESET on bot restart.
2026-09-09 03:32:04,827 [INFO] [STATE][PGB] Loaded prior state. active=False losses=0
2026-09-09 03:32:06,307 [INFO] [BOOT] Nifty FUT token: NSE_FO|68407 expiry=2026-09-29 sym=NIFTY26SEPFUT
2026-09-09 03:32:06,307 [INFO] [BOOT] Expiry: 2026-09-15, 87 strikes, 174 option contracts
2026-09-09 03:32:06,307 [INFO] [BOOT] PAPER mode (kite_paper) — mStock init + self-test SKIPPED (bypassed).
2026-09-09 03:32:06,548 [INFO] [PIVOTS] P=23672 R1=23722 R2=23808 S1=23586 S2=23537
2026-09-09 03:32:06,549 [WARNING] [OI Plan] Stale plan (2026-07-20) — ignoring for today's levels
2026-09-09 03:32:06,549 [INFO] [OI Plan] No valid plan found — running without OI levels (normal mode)
2026-09-09 03:32:06,550 [INFO] [GAP] +1.05% gap; suppressing entries until 10:15
2026-09-09 03:32:06,550 [INFO] [V2.5.20] 10 independent engines armed: BASE, VWAP, FUT5VWAP, ORB, GAPBREAK, EXPIRY, CRUSH, WCR, LSC, PGB (regime=BEAR, gap_suppress_until=10:15)
2026-09-09 03:32:06,550 [INFO] 
2026-09-09 03:32:06,550 [INFO] +========================================================================+
2026-09-09 03:32:06,550 [INFO] | ORION V2.5.15 — STRATEGY DESIGN                                        |
2026-09-09 03:32:06,550 [INFO] | Backtest: 363 trades | PnL Rs +6,88,158 | WR 64.5% | MaxDD -1,119     |
2026-09-09 03:32:06,550 [INFO] +========================================================================+
2026-09-09 03:32:06,550 [INFO] | ENGINE V2 (fires every 15m close — regime: BULL/BEAR/TRANSITION only)  |
2026-09-09 03:32:06,550 [INFO] |   CE: 1h close>SMA20>SMA50 | K>=38 rising | K<25 recently             |
2026-09-09 03:32:06,550 [INFO] |        RSI>53 | MACD bull | premium 30-180                             |
2026-09-09 03:32:06,550 [INFO] |   PE: 1h close<SMA20<SMA50 | K<=80 falling K>=25 | K>75 recently      |
2026-09-09 03:32:06,550 [INFO] |        RSI<47 | MACD bear | premium 30-300                             |
2026-09-09 03:32:06,550 [INFO] |                                                                         |
2026-09-09 03:32:06,550 [INFO] | ENGINE V3 (15m G/R cluster break/reject — fires in any regime)         |
2026-09-09 03:32:06,551 [INFO] |   Grade A (>=3 source kinds) / Grade B (>=2)                           |
2026-09-09 03:32:06,551 [INFO] |   PDC excluded from clusters; G/R need >=25pt buffer from PDC          |
2026-09-09 03:32:06,551 [INFO] |   premium 30-180 CE / 30-300 PE                                        |
2026-09-09 03:32:06,551 [INFO] |                                                                         |
2026-09-09 03:32:06,551 [INFO] | ENGINE VWAP (triple confirmation — fires in any regime)                 |
2026-09-09 03:32:06,551 [INFO] |   1. Nifty FUTURES 15m close crosses FUT VWAP, body>=65% (PRIMARY)     |
2026-09-09 03:32:06,551 [INFO] |   2. Nifty SPOT 15m close same direction above/below spot VWAP         |
2026-09-09 03:32:06,551 [INFO] |   3. ATM CE/PE LTP also above/below its daily VWAP simultaneously      |
2026-09-09 03:32:06,551 [INFO] |   premium 30-180 CE / 30-300 PE                                        |
2026-09-09 03:32:06,551 [INFO] |                                                                         |
2026-09-09 03:32:06,551 [INFO] | ENGINE FLIP (opposite-side only, max 3/day, excluded from CB)          |
2026-09-09 03:32:06,551 [INFO] |   Path A (in-trade): elapsed>=30 + peak>=entry+15 + LTP<=entry+10      |
2026-09-09 03:32:06,551 [INFO] |   Path B (post-exit): K reversal within 60min                          |
2026-09-09 03:32:06,551 [INFO] |                                                                         |
2026-09-09 03:32:06,551 [INFO] | UNIVERSAL EXIT (priority order):                                        |
2026-09-09 03:32:06,551 [INFO] |   1. HARDSL -18%                                                        |
2026-09-09 03:32:06,551 [INFO] |   2. Continuous trail: arms when peak>=entry+15, SL=peak-5             |
2026-09-09 03:32:06,551 [INFO] |      floor=entry+10, ratchets up with peak (never down)                |
2026-09-09 03:32:06,551 [INFO] |   3. VWAP trades: exit when opt 15m close < opt VWAP                  |
2026-09-09 03:32:06,551 [INFO] |   4. V2/V3/FLIP trades: SMA8(low) trail on 15m                        |
2026-09-09 03:32:06,551 [INFO] |   5. Force close 15:25  6. CB=3 non-flip losses                        |
2026-09-09 03:32:06,551 [INFO] |                                                                         |
2026-09-09 03:32:06,551 [INFO] | INFORMATIONAL (no trade gate): Straddle alerts | Options VWAP          |
2026-09-09 03:32:06,551 [INFO] +========================================================================+
2026-09-09 03:32:06,552 [INFO] 
2026-09-09 03:32:06,552 [INFO] V2.5.20 [2026-09-05] *** WCR / LSC / PGB — THREE NEW MOVE-CAPTURE ENGINES ***
2026-09-09 03:32:06,552 [INFO]   WHY: user instruction "deploy", after a session that built these one at a time
2026-09-09 03:32:06,552 [INFO]   against specific historical moves. Origin: the 30-day census
2026-09-09 03:32:06,552 [INFO]   (~/Amol/LAST30_MOVES_REPORT.md) showed the bot was in only 39 of 429 tradeable
2026-09-09 03:32:06,552 [INFO]   Rs20+ moves (9.1%), and after 13:30 only 6 of 110 (5.5%) with ZERO entries in
2026-09-09 03:32:06,552 [INFO]   any move starting after 14:30. The user then narrowed it to the cohort he
2026-09-09 03:32:06,552 [INFO]   cares about: options trading Rs20-30 near the money that go 2x+ after 13:30.
2026-09-09 03:32:06,552 [INFO]   There are exactly 5 such moves in the cached window and the bot missed all 5.
2026-09-09 03:32:06,552 [INFO] 
2026-09-09 03:32:06,552 [INFO]   WHAT: three independent engines, each built against ONE of those moves and
2026-09-09 03:32:06,552 [INFO]   then locked. Source of record: ~/Amol/movecapture/ (01_wcr..., 02_lsc...,
2026-09-09 03:32:06,552 [INFO]   03_pgb..., README.md, 3_LOGICS_PLAIN.md). Ported verbatim; parameters
2026-09-09 03:32:06,552 [INFO]   unchanged. All three buy a cheap option (Rs15-30) in the afternoon with NO
2026-09-09 03:32:06,552 [INFO]   stop-loss, and all three read OPEN INTEREST as the primary signal.
2026-09-09 03:32:06,552 [INFO] 
2026-09-09 03:32:06,552 [INFO]     WCR "writer capitulation rebound" -- buys the writers LEAVING. Day-max OI
2026-09-09 03:32:06,552 [INFO]       >= 2x the leg's OPENING OI, peak < 30 min old, OI now 30% below it within
2026-09-09 03:32:06,553 [INFO]       20 min of the peak, price above the price at the OI peak, spot through the
2026-09-09 03:32:06,553 [INFO]       strike. Does NOT chase: rests a limit at (close at the OI-peak minute)
2026-09-09 03:32:06,553 [INFO]       x 1.10 for 20 min. Exit: no stop, trail arms at 3x, 40% giveback, 15:25.
2026-09-09 03:32:06,553 [INFO]       TARGET MOVE 2026-08-25 24150CE 25.35 -> 184.95 (Rs+10,374 available):
2026-09-09 03:32:06,553 [INFO]       filled 25.85 at 14:00, out 158.55 at 15:25 = Rs+8,626, 83% of maximum.
2026-09-09 03:32:06,553 [INFO] 
2026-09-09 03:32:06,553 [INFO]     LSC "last seller climax" -- buys the ONE bar where the last seller sold the
2026-09-09 03:32:06,553 [INFO]       low. Same bar: volume >= 4x the leg's 30-bar median, OI HIGHER than the
2026-09-09 03:32:06,553 [INFO]       previous bar (fresh writing, not covering), lowest close of 30 bars,
2026-09-09 03:32:06,553 [INFO]       premium Rs15-40. Then within 15 min: price closes back above that low AND
2026-09-09 03:32:06,553 [INFO]       that bar's OI starts leaving. Market entry -- no pullback ever comes on
2026-09-09 03:32:06,553 [INFO]       this shape (measured: a 0.80x limit is never filled). Exit as WCR, 15:28.
2026-09-09 03:32:06,553 [INFO]       TARGET MOVE 2026-08-18 24250PE 25.00 -> 102.35 (Rs+5,028 available):
2026-09-09 03:32:06,553 [INFO]       bought 27.25 at 15:03, out 96.55 at 15:28 = Rs+4,504, 90% of maximum.
2026-09-09 03:32:06,553 [INFO] 
2026-09-09 03:32:06,553 [INFO]     PGB "pinned gamma build" -- expiry day only, buys the writers ARRIVING.
2026-09-09 03:32:06,553 [INFO]       OI at its day max AND doubled in 30 min while their own selling crushed
2026-09-09 03:32:06,553 [INFO]       the premium below half of what it was 30 min earlier, premium Rs15-30,
2026-09-09 03:32:06,553 [INFO]       spot within 50 pts of the strike, leg OTM. Limit at 0.85x the signal close
2026-09-09 03:32:06,553 [INFO]       for 20 min. Exit: hard 3x TARGET, NO TRAIL, square-off 15:28.
2026-09-09 03:32:06,553 [INFO]       TARGET MOVE 2026-09-01 24000CE 20.30 -> 76.20 (Rs+3,634 available):
2026-09-09 03:32:06,553 [INFO]       filled 23.12 at 14:04, target hit 69.36 at 15:20 = Rs+3,006, 83%.
2026-09-09 03:32:06,553 [INFO] 
2026-09-09 03:32:06,553 [INFO]   EVIDENCE — AND ITS LIMITS, STATED PLAINLY:
2026-09-09 03:32:06,553 [INFO]   Across the 27 cached days the three produce 6 trades, 4 wins:
2026-09-09 03:32:06,553 [INFO]     WCR  08-25 +Rs8,626 | 09-01 +Rs5,105 | 09-02 -Rs1,177   net +Rs12,554
2026-09-09 03:32:06,553 [INFO]     LSC  08-18 +Rs4,504 | 08-25 -Rs3,208                     net  +Rs1,296
2026-09-09 03:32:06,553 [INFO]     PGB  09-01 +Rs3,006                                      net  +Rs3,006
2026-09-09 03:32:06,553 [INFO]   *** EVERY WINNER IS ON AN EXPIRY DAY. The only non-expiry trade is a loss. ***
2026-09-09 03:32:06,554 [INFO]   Only 5 of the 27 cached days are expiries, and the 5 target moves sit on just
2026-09-09 03:32:06,554 [INFO]   THREE of them (08-18, 08-25, 09-01); 07-28 and 08-04 produced none. So the
2026-09-09 03:32:06,554 [INFO]   real sample is 3 DAYS, not 27. Each rule is fitted to one move by construction
2026-09-09 03:32:06,554 [INFO]   -- that was the exercise. This is NOT a validated edge and must not be treated
2026-09-09 03:32:06,554 [INFO]   as one. Forward paper is the referee. A 4th move (08-18 24200CE) was attempted
2026-09-09 03:32:06,554 [INFO]   and FAILED after four variants; it is not deployed.
2026-09-09 03:32:06,554 [INFO] 
2026-09-09 03:32:06,554 [INFO]   RISK SHAPE: no stop-loss on any of the three is deliberate -- the Rs15-30
2026-09-09 03:32:06,554 [INFO]   premium is the entire risk per trade, so the worst case is the premium x 65
2026-09-09 03:32:06,554 [INFO]   shares = about Rs1,000-2,000 a trade. Deliberately NOT added to _halt_exempt:
2026-09-09 03:32:06,554 [INFO]   unlike ORB/EXPIRY these have no track record, so the 4-loss circuit breaker
2026-09-09 03:32:06,554 [INFO]   still stops them. One entry per leg per engine per day.
2026-09-09 03:32:06,554 [INFO] 
2026-09-09 03:32:06,554 [INFO]   ENGINEERING NOTES:
2026-09-09 03:32:06,554 [INFO]   + _mc_bars() caches the 1m OHLCV+OI series per token per minute. All three
2026-09-09 03:32:06,554 [INFO]     engines scan the same 6 legs (ATM +/-1, CE+PE); without the cache that is 18
2026-09-09 03:32:06,554 [INFO]     historical_data calls a minute instead of 6.
2026-09-09 03:32:06,554 [INFO]   + The offline files use a put-call-parity synthetic spot because the index
2026-09-09 03:32:06,554 [INFO]     feed FROZE on 3 of the 27 days -- 08-04 stuck at 24463.45 for 13 minutes,
2026-09-09 03:32:06,554 [INFO]     08-18 at 24166.35 for 14, 09-01 at 23980.55 for 13, each straight through
2026-09-09 03:32:06,554 [INFO]     that day's biggest move. Live uses the bot's own spot instead: re-running all
2026-09-09 03:32:06,554 [INFO]     three targets on raw feed spot reproduces every entry and exit exactly, and
2026-09-09 03:32:06,554 [INFO]     since every entry window here closes by 15:10 and every exit is premium-only,
2026-09-09 03:32:06,554 [INFO]     a late feed freeze cannot reach these engines. The synthetic-vs-feed
2026-09-09 03:32:06,554 [INFO]     disagreement is otherwise unresolved (on 08-18 the synthetic ran 12-14 pts
2026-09-09 03:32:06,554 [INFO]     ABOVE the feed) and is deliberately NOT imported into the live bot.
2026-09-09 03:32:06,554 [INFO]   + Offline the limit fills AT the limit on a bar low; live it fills at LTP when
2026-09-09 03:32:06,554 [INFO]     LTP <= limit, i.e. at or better than the offline fill.
2026-09-09 03:32:06,554 [INFO] 
2026-09-09 03:32:06,554 [INFO]   REVERT: ORION_PAPER_V2_5_20_BACKUP_20260905_pre_movecapture.py, or simply drop
2026-09-09 03:32:06,555 [INFO]   "WCR","LSC","PGB" from ENGINE_LIST -- with no other change they go inert.
2026-09-09 03:32:06,555 [INFO]   STATUS: [FWD] forward-paper only. NIFTY only; the Sensex port would need the
2026-09-09 03:32:06,555 [INFO]   strike grid and premium bands re-derived and is NOT done.
2026-09-09 03:32:06,555 [INFO] 
2026-09-09 03:32:06,555 [INFO] V2.5.20 [2026-09-04] *** CRUSH — NEW ENGINE (6th slot, main book) ***
2026-09-09 03:32:06,555 [INFO]   WHY: user, after the 2026-09-01 NIFTY 24100PE went 20.70 -> 149.00 (+128.3pt
2026-09-09 03:32:06,555 [INFO]   = +Rs8,340/lot) and ORION captured Rs1,534 of it: "need to catch such move".
2026-09-09 03:32:06,555 [INFO]   The deployed EXP2 cheap-ladder is structurally incapable of it — gate audit
2026-09-09 03:32:06,555 [INFO]   over the 266 minutes 11:00-15:25 of that option showed the 14:30-15:25 window
2026-09-09 03:32:06,555 [INFO]   blocked 210 of them AND the Rs8-20 premium band blocked all 266 (the option's
2026-09-09 03:32:06,555 [INFO]   lowest close all day was 21.70). The OI15<=+5% gate additionally rejects the
2026-09-09 03:32:06,555 [INFO]   writing-climax that CREATES the setup.
2026-09-09 03:32:06,555 [INFO] 
2026-09-09 03:32:06,555 [INFO]   THE SIGNAL (all four gates causal, day-so-far data only):
2026-09-09 03:32:06,555 [INFO]     1. was-expensive : the option's own session high close >= CRUSH_WASEXP (60)
2026-09-09 03:32:06,555 [INFO]     2. crushed       : current close <= CRUSH_MAX_FRAC (0.35) x that high
2026-09-09 03:32:06,555 [INFO]     3. band          : CRUSH_PREM_LO (12) <= close <= CRUSH_PREM_HI (35)
2026-09-09 03:32:06,555 [INFO]     4. OI climax     : current OI >= CRUSH_OI_FRAC (0.95) x its day-max OI
2026-09-09 03:32:06,555 [INFO]     5. turn-up       : close > previous 1m close (never buy the falling knife)
2026-09-09 03:32:06,555 [INFO]   Universe: spot-ATM +/-1 strike, CE+PE (6 legs), re-anchored every 5 min --
2026-09-09 03:32:06,555 [INFO]   the SAME leg set exp12 already resolves. Window 09:30-14:45, expiry day only,
2026-09-09 03:32:06,555 [INFO]   one entry per leg per day, no re-entry.
2026-09-09 03:32:06,555 [INFO] 
2026-09-09 03:32:06,555 [INFO]   THE EXIT — this is where the 09-01 money actually went:
2026-09-09 03:32:06,555 [INFO]     NO stop-loss (the premium is the max risk). Trail ARMS only at 3x entry,
2026-09-09 03:32:06,555 [INFO]     then SL = peak x 0.60 ratcheting up. Force exit 15:20.
2026-09-09 03:32:06,555 [INFO]     The shared trail (arm entry+15, SL=peak-5) is what capped 09-01 at 73.70
2026-09-09 03:32:06,555 [INFO]     against a 149.00 peak: on a Rs50 option that arms at 1.3x with a 10%
2026-09-09 03:32:06,555 [INFO]     giveback and cannot hold a 3x run. Measured on the identical entry set:
2026-09-09 03:32:06,555 [INFO]       arm 2x / 20% giveback  +Rs10,056
2026-09-09 03:32:06,555 [INFO]       hold to close          +Rs81,618
2026-09-09 03:32:06,556 [INFO]       arm 3x / 40% giveback  +Rs72,886   <- chosen (plateau: 25-45% all similar)
2026-09-09 03:32:06,556 [INFO]     A 50% hard stop looked sturdy at n=14 expiries and was clearly WORSE at
2026-09-09 03:32:06,556 [INFO]     n=35 (+Rs28,456 vs +Rs72,886) — no stop is the validated choice.
2026-09-09 03:32:06,556 [INFO] 
2026-09-09 03:32:06,556 [INFO]   BACKTEST (Upstox expired-instruments, real 1-min OHLC+OI, ATM+/-1 universe,
2026-09-09 03:32:06,556 [INFO]   1 lot, script ~/Amol/bigrun/final.py, data ~/Amol/bigrun/*.json.gz):
2026-09-09 03:32:06,556 [INFO]     35 NIFTY expiries: 131 trades, +Rs77,203 = +Rs2,206/expiry, +Rs589/trade,
2026-09-09 03:32:06,556 [INFO]     18/35 green expiries, wins 59/131, worst trade -Rs2,262, best +Rs16,114.
2026-09-09 03:32:06,556 [INFO]     HOLDOUT: the rule was designed ONLY on the 14 expiries 2026-06-02..09-01
2026-09-09 03:32:06,556 [INFO]     (+Rs2,652/expiry). The 21 expiries 2025-07-17..2025-12-02 were pulled
2026-09-09 03:32:06,556 [INFO]     afterward and never inspected during design: +Rs40,074 = +Rs1,908/expiry,
2026-09-09 03:32:06,556 [INFO]     11/21 green. ~28% OOS degradation, sign and magnitude hold.
2026-09-09 03:32:06,556 [INFO]     Universe choice is not fitted — it is monotone: ATM only +Rs63,936,
2026-09-09 03:32:06,556 [INFO]     ATM+/-1 +Rs81,886, ATM+/-2 +Rs74,420, ATM+/-3 +Rs72,886 (the +/-2 and +/-3
2026-09-09 03:32:06,556 [INFO]     rings LOSE money). +/-1 both maximises P&L and matches exp12's leg set.
2026-09-09 03:32:06,556 [INFO]   On 2026-09-01 this rule enters 24100PE at 26.65 @11:22 (two hours before, and
2026-09-09 03:32:06,556 [INFO]   at half the price of, the VWAP engine's actual 50.10 fill), arms at 13:41 when
2026-09-09 03:32:06,556 [INFO]   peak hits 82.40, trails to 89.40 as the option runs to 149.00, exits 15:14 =
2026-09-09 03:32:06,556 [INFO]   +Rs4,079 vs the +Rs1,534 actually booked.
2026-09-09 03:32:06,556 [INFO]   REFUTED and NOT included, so nobody re-tries them: side-lockout (block the
2026-09-09 03:32:06,556 [INFO]   opposite side once one side hits Nx) is non-monotonic across 1.5/2/2.5/3x =
2026-09-09 03:32:06,556 [INFO]   noise; staged/tightened giveback after 5x/6x/8x; close-out earlier than 15:20.
2026-09-09 03:32:06,556 [INFO]   WHAT: ENGINE_LIST gains "CRUSH"; _halt_exempt gains "CRUSH" (expiry-day
2026-09-09 03:32:06,556 [INFO]   engine, same reasoning as the 2026-08-30 ORB/EXPIRY exemption);
2026-09-09 03:32:06,556 [INFO]   check_crush_signal() + _manage_crush_trail(); open_trade sets
2026-09-09 03:32:06,556 [INFO]   hardsl_premium=-1e9 for CRUSH; check_exits dispatches CRUSH to its own trail.
2026-09-09 03:32:06,556 [INFO]   MAIN BOOK, not a shadow book — both bots have run EXECUTION_BROKER=
2026-09-09 03:32:06,556 [INFO]   "kite_paper" since 2026-07-20, so every engine is already paper; a separate
2026-09-09 03:32:06,556 [INFO]   ledger would only have hidden it from the EOD report.
2026-09-09 03:32:06,556 [INFO]   NIFTY ONLY for now: same params x3.3 on 13 SENSEX expiries give +Rs9,574 with
2026-09-09 03:32:06,556 [INFO]   only 1 of 72 signals reaching 5x — not ported until that is understood.
2026-09-09 03:32:06,556 [INFO]   --- SAME DAY, AFTER THE FULL 60-EXPIRY PULL LANDED (read this before trusting
2026-09-09 03:32:06,557 [INFO]       the numbers above, which were computed on 14 and then 35 expiries) ---
2026-09-09 03:32:06,557 [INFO]   The per-expiry figure DECAYED as the sample grew: 14 exp +Rs2,517 -> 35 exp
2026-09-09 03:32:06,557 [INFO]   +Rs2,206 -> 49 exp +Rs1,242 -> 60 exp +Rs556 (+Rs33,383 / 247 trades /
2026-09-09 03:32:06,557 [INFO]   green 26/58). Driver: a sustained four-month bleed 2026-02..2026-05 of
2026-09-09 03:32:06,557 [INFO]   -Rs46,319 over 86 trades, exactly the window NIFTY went 25,600 -> 22,850.
2026-09-09 03:32:06,557 [INFO]   CORRECTION to the claim above that the 40% giveback is "a plateau, not a
2026-09-09 03:32:06,557 [INFO]   fitted number": on 35 expiries it looked flat, on 60 it is NOISE --
2026-09-09 03:32:06,557 [INFO]   15%:+41,987 20%:+37,211 25%:+43,336 30%:+31,906 35%:+24,978 40%:+33,383
2026-09-09 03:32:06,557 [INFO]   50%:+41,428 60%:+53,453. The exit giveback is NOT identifiable from this
2026-09-09 03:32:06,557 [INFO]   data. 40% is kept because it is mid-range, it is what protects the move the
2026-09-09 03:32:06,557 [INFO]   user actually asked about (09-01 24100PE: Rs4,079 vs Rs1,108 on a pure hold),
2026-09-09 03:32:06,557 [INFO]   and because a trail is what makes re-entry possible at all. Do NOT tune it
2026-09-09 03:32:06,557 [INFO]   from a single day.
2026-09-09 03:32:06,557 [INFO]   TWO ADDITIONS, both applied 2026-09-04:
2026-09-09 03:32:06,557 [INFO]   (1) CRUSH_MAX_DAYRANGE_PCT = 0.8 -- skip when the day's realised spot range
2026-09-09 03:32:06,557 [INFO]       so far exceeds 0.8% of spot. Rs/trade is MONOTONE in the range bucket
2026-09-09 03:32:06,557 [INFO]       over all 60 expiries (80-120pt +977, 120-160 +220, 160-200 -84, 200+
2026-09-09 03:32:06,557 [INFO]       -189) and the mechanism is clean: in a trending tape the option is
2026-09-09 03:32:06,557 [INFO]       crushed because the move is REAL. Book +Rs33,383 -> +Rs49,461; the
2026-09-09 03:32:06,557 [INFO]       Feb-May bleed -Rs46,319 -> -Rs6,646 (March produces no trades at all).
2026-09-09 03:32:06,557 [INFO]       HONESTY: this filter was chosen AFTER seeing Feb-May fail, so it is
2026-09-09 03:32:06,557 [INFO]       IN-SAMPLE. The 0.6-1.0% threshold span is flat (+Rs39k..+Rs51k) so the
2026-09-09 03:32:06,557 [INFO]       exact number is not fitted, but the +Rs49,461 figure is optimistic.
2026-09-09 03:32:06,557 [INFO]       Forward paper is the referee. Set to 0 to disable.
2026-09-09 03:32:06,557 [INFO]   (2) CRUSH_RECLAIM re-entry, per user 2026-09-04 "we need to pick the second
2026-09-09 03:32:06,557 [INFO]       entry too, if it is moving in again". After a trail exit the leg is
2026-09-09 03:32:06,557 [INFO]       re-bought if it takes BACK the stop level. It does NOT have to crush
2026-09-09 03:32:06,557 [INFO]       again -- requiring a second crush fires 4 times in 60 expiries, because
2026-09-09 03:32:06,557 [INFO]       after a run the session high is far higher. Worth +Rs20,934 over 31
2026-09-09 03:32:06,557 [INFO]       re-entries. Reclaiming the pre-exit PEAK instead LOSES (-Rs3,438): that
2026-09-09 03:32:06,558 [INFO]       pays up at the top. Cutoff is CRUSH_WIN_HI (14:45) because later is
2026-09-09 03:32:06,558 [INFO]       monotonically worse (14:45 +20,934 / 15:00 +13,771 / 15:15 +8,967) --
2026-09-09 03:32:06,558 [INFO]       expiry theta kills anything bought late; a 15:15 re-entry at 114.65 died
2026-09-09 03:32:06,558 [INFO]       to 43.70 for -Rs4,612. CRUSH_MAX_ENTRIES=2 (first crush + one reclaim).
2026-09-09 03:32:06,558 [INFO]   ALSO VERIFIED 2026-09-04: entry timing is NOT fragile -- the live bot acts on
2026-09-09 03:32:06,558 [INFO]   the bar AFTER the signal bar completes (confirmed by replaying the shipped
2026-09-09 03:32:06,558 [INFO]   check_crush_signal() against the 09-01 tape: it fires 24100PE @26.65 at 11:23,
2026-09-09 03:32:06,558 [INFO]   one minute after the backtest's 11:22, same price). Re-pricing every entry at
2026-09-09 03:32:06,558 [INFO]   the next bar's OPEN gives +Rs70,733 vs +Rs70,475 at the idealised signal-bar
2026-09-09 03:32:06,558 [INFO]   close, and it stays positive out to +5 minutes. This is the test that killed
2026-09-09 03:32:06,558 [INFO]   the 2026-08-22 afternoon-fade idea; CRUSH passes it.
2026-09-09 03:32:06,558 [INFO]   TWO BUGS CAUGHT BY THAT REPLAY BEFORE SHIPPING: round_to_atm() rounds to 100,
2026-09-09 03:32:06,558 [INFO]   not the 50-pt strike grid (would have shifted the whole ATM+/-1 leg set -- see
2026-09-09 03:32:06,558 [INFO]   _crush_atm); and the block-reason strings embedded the premium value, which
2026-09-09 03:32:06,558 [INFO]   produced 27 distinct "reasons" and made the 15:29 message unreadable.
2026-09-09 03:32:06,558 [INFO]   STATUS: applied 2026-09-04 post-close. NOT live-proven -- the bot had already
2026-09-09 03:32:06,558 [INFO]   exited for the day, so there is NO boot line yet. Verify on the next boot that
2026-09-09 03:32:06,558 [INFO]   the armed-engines banner lists CRUSH; first expiry Tue 2026-09-08.
2026-09-09 03:32:06,558 [INFO]   Revert = ORION_PAPER_V2_5_20_BACKUP_20260904_pre_crush.py
2026-09-09 03:32:06,558 [INFO] V2.5.20 [2026-09-02] ORB ENTRY premium floor lowered — user instruction.
2026-09-09 03:32:06,558 [INFO]   WHAT: ORB_PREM_MIN NIFTY 60.0 -> 20.0, SENSEX 200.0 -> 66.7 (proportional carry
2026-09-09 03:32:06,558 [INFO]   at the 3.333x port scaling). This is the ENTRY strike-pick floor read by
2026-09-09 03:32:06,558 [INFO]   check_orb_signal() -> pick_strike_by_premium(). ORB_FLIP_PREM_MIN (added
2026-09-09 03:32:06,558 [INFO]   earlier today) is unchanged at 20.0 / 66.7.
2026-09-09 03:32:06,558 [INFO]   EFFECT: pick_strike_by_premium walks 50pt rings outward from ATM and takes the
2026-09-09 03:32:06,559 [INFO]   FIRST strike whose premium is in band, so a lower floor means ORB now buys a
2026-09-09 03:32:06,559 [INFO]   strike much CLOSER to ATM and much cheaper (10-expiry replay: entries move from
2026-09-09 03:32:06,559 [INFO]   ~Rs73-97 to ~Rs20-47).
2026-09-09 03:32:06,559 [INFO]   MEASURED, and deployed anyway on explicit user instruction: over the same 10
2026-09-09 03:32:06,559 [INFO]   NIFTY expiries on the bug-fixed engine this scores -Rs1,605 vs -Rs653 for the
2026-09-09 03:32:06,559 [INFO]   floor-60 config, i.e. Rs952 WORSE. Cause is that the fixed-POINT exits stop
2026-09-09 03:32:06,559 [INFO]   scaling: the -15pt stop is 19.5% of a Rs76.90 entry but 72.5% of a Rs20.70
2026-09-09 03:32:06,559 [INFO]   entry. Making the exits percentage-of-premium instead was tested at three
2026-09-09 03:32:06,559 [INFO]   calibrations and is worse still in both floors (-Rs1,430 / -Rs2,272 / -Rs1,780
2026-09-09 03:32:06,559 [INFO]   at floor 20). The floor-60 + fixed-point config was the best of all 8 tested
2026-09-09 03:32:06,559 [INFO]   combinations. n=10 expiry days only — thin sample, NIFTY-only, and ORB runs
2026-09-09 03:32:06,559 [INFO]   daily, so live forward evidence may differ from the replay.
2026-09-09 03:32:06,559 [INFO]   REVERT (one line, restores the best-measured config):
2026-09-09 03:32:06,559 [INFO]     ORION_PAPER_V2_5_20_BACKUP_20260902_035530_pre_entryfloor20.py /
2026-09-09 03:32:06,559 [INFO]     ORION_SENSEX_V2520_BACKUP_20260902_035530_pre_entryfloor20.py
2026-09-09 03:32:06,559 [INFO]   STATUS: applied 2026-09-02 ~09:20 IST, bots restarted same minute. NOT
2026-09-09 03:32:06,559 [INFO]           live-proven. WATCH the ORB entry premium in the next [ORB] Signal /
2026-09-09 03:32:06,559 [INFO]           ENTRY pair — expect a near-ATM strike at Rs20-50 rather than Rs60-100.
2026-09-09 03:32:06,559 [INFO] V2.5.20 [2026-09-02] (A) FORMING-BAR FIX — ORB/GAPBREAK could fire off an
2026-09-09 03:32:06,559 [INFO]   INCOMPLETE 5m bar.  (B) ORB flip-on-stop premium floor lowered.
2026-09-09 03:32:06,559 [INFO]   --- (A) FORMING-BAR ---
2026-09-09 03:32:06,559 [INFO]   WHAT: check_orb_signal() and check_gapbreak_signal() both scan
2026-09-09 03:32:06,559 [INFO]   `for _, b in df5.iterrows()` filtering only on minute-of-day, so df5's LAST
2026-09-09 03:32:06,560 [INFO]   row — the still-forming bucket — was a valid signal bar. With a 30s loop that
2026-09-09 03:32:06,560 [INFO]   bucket can hold as little as ONE 1m candle. For ORB this defeats the
2026-09-09 03:32:06,560 [INFO]   `body > 50% of range` filter entirely: that test exists to demand a decisive
2026-09-09 03:32:06,560 [INFO]   FIVE-minute bar, and a single 1m candle passes it trivially. For GAPBREAK the
2026-09-09 03:32:06,560 [INFO]   range-break was tested against an intra-bar tick, not a settled 5m close.
2026-09-09 03:32:06,560 [INFO]   FIX: both loops skip any bucket whose end time has not passed
2026-09-09 03:32:06,560 [INFO]   (`if b_min + 5 > _now_min: continue`). Mirrors the two sites that already did
2026-09-09 03:32:06,560 [INFO]   this correctly — check_fut5m_vwap_scalp_signal() reads iloc[-2] (last CLOSED
2026-09-09 03:32:06,560 [INFO]   bar) and is_orb_day_chop_killed() drops the forming bar via d15.iloc[:-1].
2026-09-09 03:32:06,560 [INFO]   FUT5VWAP was checked and is NOT affected.
2026-09-09 03:32:06,560 [INFO]   EVIDENCE (2026-09-01, reproduced from ~/orion_v2520_run.log): ORB logged
2026-09-09 03:32:06,560 [INFO]   "[ORB] Signal — close 24026.6 broke OR[24027.8,24082.6] side=PE" at 09:45 and
2026-09-09 03:32:06,560 [INFO]   entered 24100PE @83.00 at 09:46:34, stopping for -Rs975. 24026.6 is the
2026-09-09 03:32:06,560 [INFO]   1-MINUTE close at 09:45; the bucket held exactly one candle (body 0.664).
2026-09-09 03:32:06,560 [INFO]   NEITHER completed 5m bar qualified: 09:40-09:44 closed 24028.35, ABOVE the OR
2026-09-09 03:32:06,560 [INFO]   low, no break; 09:45-09:49 had body 0.433 < 0.5. That trade should never have
2026-09-09 03:32:06,560 [INFO]   existed. Loop simulation on 09-01 1m data: BEFORE fires 09:45 off 1 candle
2026-09-09 03:32:06,560 [INFO]   (PE); AFTER fires 10:55 off 5 candles (CE) — worth +Rs1,170 instead of -Rs975.
2026-09-09 03:32:06,560 [INFO]   SCALE: replay of the last 10 NIFTY expiries (harness G1-verified against the
2026-09-09 03:32:06,560 [INFO]   09-01 log) — the bug flips the traded SIDE on 3 of 10 days (07-14, 08-18,
2026-09-09 03:32:06,560 [INFO]   09-01). Net P&L similar (-Rs2,145 buggy vs -Rs2,018 clean) but only by luck.
2026-09-09 03:32:06,560 [INFO]   --- (B) FLIP FLOOR ---
2026-09-09 03:32:06,560 [INFO]   WHAT: new constant ORB_FLIP_PREM_MIN, read by _touch_flip_reentry() for ORB.
2026-09-09 03:32:06,560 [INFO]   NIFTY 20.0, SENSEX 66.7 (proportional carry at the 3.333x port scaling, same
2026-09-09 03:32:06,560 [INFO]   convention as the 08-31 GAP_THRESH and lock-arm entries).
2026-09-09 03:32:06,560 [INFO]   WHY A SEPARATE CONSTANT: ORB_PREM_MIN is read in TWO places — the ENTRY strike
2026-09-09 03:32:06,560 [INFO]   pick in check_orb_signal() and the FLIP in _touch_flip_reentry(). The replay
2026-09-09 03:32:06,560 [INFO]   held the ENTRY floor at 60 and varied ONLY the flip floor, so lowering
2026-09-09 03:32:06,560 [INFO]   ORB_PREM_MIN itself would have deployed an untested combination and changed
2026-09-09 03:32:06,560 [INFO]   which strike every ORB entry buys. Entry floor is UNCHANGED (60 / 200).
2026-09-09 03:32:06,560 [INFO]   EVIDENCE: 10 NIFTY expiries. Flip floor 60 -> 20 gains +Rs2,535 on the
2026-09-09 03:32:06,560 [INFO]   as-is engine and +Rs1,365 on the bug-fixed engine — the gain survives the fix,
2026-09-09 03:32:06,560 [INFO]   which was the check that mattered. Decomposition: ORB ENTRIES lose -Rs3,315
2026-09-09 03:32:06,561 [INFO]   (3/10 win); the FLIPS make +Rs3,705 (4/5). The flip carries the engine.
2026-09-09 03:32:06,561 [INFO]   CAVEATS, stated plainly: n=10 with only 5 flips — CIs include zero. Every
2026-09-09 03:32:06,561 [INFO]   winner exits at EXACTLY +18 (ORB_LOCK_PTS); the +40 ride trigger never engaged
2026-09-09 03:32:06,561 [INFO]   once in 10 expiries, so ORB is a +18/-15 coin flip. Left as-is per user
2026-09-09 03:32:06,561 [INFO]   2026-09-02. Floor 20 is still NET NEGATIVE on the bug-fixed engine (-Rs653):
2026-09-09 03:32:06,561 [INFO]   this makes ORB less bad, not profitable. Expiry days only; ORB runs daily.
2026-09-09 03:32:06,561 [INFO]   SENSEX has NO supporting replay — NIFTY-only evidence, carried on convention.
2026-09-09 03:32:06,561 [INFO]   REVERT: ORION_PAPER_V2_5_20_BACKUP_20260902_034429_pre_formingbar_flipfloor.py /
2026-09-09 03:32:06,561 [INFO]           ORION_SENSEX_V2520_BACKUP_20260902_034429_pre_formingbar_flipfloor.py
2026-09-09 03:32:06,561 [INFO]   STATUS: applied 2026-09-02 ~09:15 IST and bots RESTARTED the same minute on
2026-09-09 03:32:06,561 [INFO]           user instruction (both were flat, 0 trades, market had just opened;
2026-09-09 03:32:06,561 [INFO]           ORB entry window opens 09:25 so the restart preceded any signal).
2026-09-09 03:32:06,561 [INFO]           NOT live-proven. VERIFY today: grep "[ORB] Signal" in the run log —
2026-09-09 03:32:06,561 [INFO]           the quoted close must be a COMPLETED 5m bar close, never a bare 1m
2026-09-09 03:32:06,561 [INFO]           close mid-bucket; and any flip must show a premium >= the new floor.
2026-09-09 03:32:06,561 [INFO] V2.5.20 [2026-08-31] GAP_THRESH 75->50 + ORB REGIME GATE OPENED TO CHOP.
2026-09-09 03:32:06,561 [INFO]   (A) GAP_THRESH_PTS 75.0 -> 50.0. User: "it was 75 when nifty shares a lot=75,
2026-09-09 03:32:06,561 [INFO]   current is 65, so it should be 65, but considering nifty small but sharp
2026-09-09 03:32:06,561 [INFO]   movement, i am asking u to set it to 50." GAPBREAK stands down for the whole
2026-09-09 03:32:06,561 [INFO]   day when abs(today_open - prev_close) <= GAP_THRESH_PTS, so this is the gate
2026-09-09 03:32:06,561 [INFO]   that decides whether GAPBREAK exists at all on a given day. 08-31 gapped
2026-09-09 03:32:06,561 [INFO]   -58.10 and was skipped under 75; under 50 it would have traded.
2026-09-09 03:32:06,561 [INFO]   (B) ORB_ALLOWED_REGIMES ('BULL','BEAR','TRANSITION') -> + 'CHOP'. Only
2026-09-09 03:32:06,561 [INFO]   is_orb_day_sideways_live() reads this constant and only check_orb_signal()
2026-09-09 03:32:06,561 [INFO]   calls that, so the blast radius is ORB alone. ADX_CHOP_MAX was deliberately
2026-09-09 03:32:06,561 [INFO]   NOT touched: it feeds classify_regime() -> DAY.regime, which V2 also gates on
2026-09-09 03:32:06,561 [INFO]   via regime_allows_trade(), so moving it would silently loosen V2 too.
2026-09-09 03:32:06,561 [INFO]   MEASUREMENT (145 sessions, 2026-01-19..08-31, bot's own classify_regime on
2026-09-09 03:32:06,561 [INFO]   the same prior-1h bar the live boot uses): ORB stood down on 43/145 = 29.7%
2026-09-09 03:32:06,561 [INFO]   of sessions, rising to 35.0% over the last 40 and 62.5% since 08-20.
2026-09-09 03:32:06,561 [INFO]   Spot-excursion outcome of the ORB breakout (entry -> 15:15), by regime:
2026-09-09 03:32:06,562 [INFO]       regime        n   medMFE  medMAE  med-edge  MFE>=25  win%
2026-09-09 03:32:06,562 [INFO]       BULL         17     36.9    51.9      +0.5     76%    53%
2026-09-09 03:32:06,562 [INFO]       BEAR         23     70.2   157.8    -119.0     70%    22%
2026-09-09 03:32:06,562 [INFO]       TRANSITION   44     78.5    60.9     +39.9     82%    57%
2026-09-09 03:32:06,562 [INFO]       CHOP         39     71.5    78.6     -17.2     90%    46%
2026-09-09 03:32:06,562 [INFO]       ALLOWED-now  84     70.3    69.6      -9.9     77%    46%
2026-09-09 03:32:06,562 [INFO]   CHOP is NOT separable from the days already allowed: same win rate (46% vs
2026-09-09 03:32:06,562 [INFO]   46%), higher median MFE (71.5 vs 70.3), and it reaches +25 spot points MORE
2026-09-09 03:32:06,562 [INFO]   often than the allowed set (90% vs 77%). The gate was removing days that look
2026-09-09 03:32:06,562 [INFO]   like the ones it keeps. Note also that BEAR -- the regime the older notes call
2026-09-09 03:32:06,562 [INFO]   ORB's edge -- is by far the WORST bucket here (win 22%, edge -119).
2026-09-09 03:32:06,562 [INFO]   LIMITS: the metric is a SPOT-excursion proxy (max favourable/adverse move to
2026-09-09 03:32:06,562 [INFO]   15:15), NOT a premium-level ORB P&L replay -- it ignores stop/lock sequencing,
2026-09-09 03:32:06,562 [INFO]   so a day with large MFE can still have hit the stop first. It says the gate
2026-09-09 03:32:06,562 [INFO]   does not DISCRIMINATE; it does NOT prove ORB is profitable in CHOP. This
2026-09-09 03:32:06,562 [INFO]   loosens rather than tightens, so it will increase trade count and drawdown
2026-09-09 03:32:06,562 [INFO]   exposure. The in-day ORB_CHOP_KILL (>=4 VWAP crosses, ORB_CHOP_MIN_CROSSES=4)
2026-09-09 03:32:06,562 [INFO]   is UNCHANGED and remains the intraday chop protection.
2026-09-09 03:32:06,562 [INFO]   REVERT: ORION_PAPER_V2_5_20_BACKUP_20260831_pre_orbgate_gapthresh.py
2026-09-09 03:32:06,562 [INFO]   STATUS: code applied 2026-08-31 post-close, boot-verified, NOT trade-proven.
2026-09-09 03:32:06,562 [INFO] V2.5.20 [2026-08-31] ORB/GAPBREAK LOCK-ARM THRESHOLDS LOWERED (25->18, 15->8).
2026-09-09 03:32:06,562 [INFO]   WHAT: ORB_LOCK_PTS 25.0 -> 18.0; GAP_LOCK_PTS 15.0 -> 8.0. These are the
2026-09-09 03:32:06,562 [INFO]   lock-FLOOR ARM thresholds in _manage_touch_exit(), not targets: while
2026-09-09 03:32:06,562 [INFO]   DAY.floor is None the position is exposed to the full stop; once premium
2026-09-09 03:32:06,562 [INFO]   touches entry+lock the floor arms and the stop is bypassed entirely.
2026-09-09 03:32:06,562 [INFO]   WHY (user instruction 2026-08-31, after the 08-31 replay): both engines were
2026-09-09 03:32:06,562 [INFO]   replayed on 08-31 NIFTY using the live functions with a replay-clock ltp()
2026-09-09 03:32:06,562 [INFO]   override. ORB signalled 09:40 PE 24050 @64.40 (OR 09:15-09:20 =
2026-09-09 03:32:06,562 [INFO]   [24038.40,24128.70], break bar body 95%); GAPBREAK at a 50pt threshold
2026-09-09 03:32:06,563 [INFO]   signalled 09:55 PE 24050 @74.45. The 24050PE peaked at 83.30 -- i.e. +18.90
2026-09-09 03:32:06,563 [INFO]   over the ORB entry and +8.85 over the GAPBREAK entry. Both arms (89.40 /
2026-09-09 03:32:06,563 [INFO]   89.45) were missed by ~6 premium points, so NEITHER floor armed, both sat
2026-09-09 03:32:06,563 [INFO]   fully exposed, and both took the full stop at 11:54 on the reversal:
2026-09-09 03:32:06,563 [INFO]   ORB -15pt/-Rs975, GAPBREAK -30pt/-Rs1950. 18 and 8 sit just under those
2026-09-09 03:32:06,563 [INFO]   observed peaks and would have armed (82.40 / 82.45 vs peak 83.30).
2026-09-09 03:32:06,563 [INFO]   EVIDENCE / LIMITS: n=1. ONE day, one trade per engine, replayed not traded --
2026-09-09 03:32:06,563 [INFO]   neither signal could have been taken live on 08-31 because the bot was dead
2026-09-09 03:32:06,563 [INFO]   09:15-10:21 IST (see the SCRIPT_DIR hotfix entry above). The thresholds were
2026-09-09 03:32:06,563 [INFO]   chosen to clear a single observed peak, which is curve-fitting to one sample;
2026-09-09 03:32:06,563 [INFO]   a 30/60/90-day replay has NOT been run. Lowering the arm also banks smaller
2026-09-09 03:32:06,563 [INFO]   wins more often and cuts the number of trades that survive to the RIDE stage
2026-09-09 03:32:06,563 [INFO]   (ORB_RIDE_TRIGGER_PTS 40 / GAP 65 are unchanged), so mean win size should be
2026-09-09 03:32:06,563 [INFO]   expected to FALL even if win-rate rises. Watch giveback and win-rate over the
2026-09-09 03:32:06,563 [INFO]   next several ORB/GAPBREAK trades, not one.
2026-09-09 03:32:06,563 [INFO]   REVERT: ORION_PAPER_V2_5_20_BACKUP_20260831_pre_lock_change.py
2026-09-09 03:32:06,563 [INFO]   STATUS: code applied 2026-08-31 post-close. NOT live-proven -- bots exited
2026-09-09 03:32:06,563 [INFO]   cleanly at 15:30 IST and next boot is the 09:02 IST cron on 2026-09-01.
2026-09-09 03:32:06,563 [INFO] V2.5.20 [2026-08-31] STALE-DATA GUARD THRESHOLD 16 -> 20 MIN (15m + fut15).
2026-09-09 03:32:06,563 [INFO]   WHAT : in the V2.5.15 stale-data guard, _fresh_limit = now - 16min becomes
2026-09-09 03:32:06,563 [INFO]          now - _stale_max_min (20). The [STALE] log line now prints the
2026-09-09 03:32:06,563 [INFO]          constant instead of a hardcoded ">16min". NO entry/exit RULE, no
2026-09-09 03:32:06,563 [INFO]          engine, no indicator touched -- this only changes when the guard
2026-09-09 03:32:06,563 [INFO]          declares the frame unusable and blocks entries for one cycle.
2026-09-09 03:32:06,563 [INFO]   WHY  : a bar's LABEL is its bucket START, so a perfectly current 15m bar is
2026-09-09 03:32:06,563 [INFO]          already 15 min old by label the instant the next bucket opens. 16 min
2026-09-09 03:32:06,563 [INFO]          left only ~60s of headroom, and the tick samples the new bucket a few
2026-09-09 03:32:06,563 [INFO]          seconds BEFORE its first 1m candle exists, so the shim (correctly) has
2026-09-09 03:32:06,563 [INFO]          no bar to build yet and returns the previous bucket. The guard then
2026-09-09 03:32:06,563 [INFO]          fired once per bucket, always at :01/:16/:31/:46, always recovering on
2026-09-09 03:32:06,563 [INFO]          the very next tick. This is a threshold artefact, NOT stale data.
2026-09-09 03:32:06,563 [INFO]          Supersedes the 08-29 note "Deliberately NOT raising the 16-min stale
2026-09-09 03:32:06,564 [INFO]          guard": that reasoning assumed the shim would make the forming bar
2026-09-09 03:32:06,564 [INFO]          available immediately, which it cannot do inside the first ~60s of a
2026-09-09 03:32:06,564 [INFO]          bucket. 20 = 15 (bar width) + 5 (publish/tick tolerance).
2026-09-09 03:32:06,564 [INFO]   EVIDENCE: 2026-08-31 live logs, first full day on the resampling shim.
2026-09-09 03:32:06,564 [INFO]          Nifty 18 [STALE] events, Sensex 18 -- each one blocking entries for a
2026-09-09 03:32:06,564 [INFO]          cycle. Replayed every one of the 36 against the recorded tick time and
2026-09-09 03:32:06,564 [INFO]          bar label: bar-label age ranged 16.00-16.45 min, i.e. ALL 36 sat
2026-09-09 03:32:06,564 [INFO]          inside a 0.45-min band just past the old line. Under 20 min: 0 of 36
2026-09-09 03:32:06,564 [INFO]          trip. Margin to the new line is 3.55 min.
2026-09-09 03:32:06,564 [INFO]          The failure this guard exists for is untouched: the 2026-06-12
2026-09-09 03:32:06,564 [INFO]          incident served bars HOURS in the past (13:30 PE entry into a +68pt
2026-09-09 03:32:06,564 [INFO]          rally, HARDSL) and is still caught by a wide margin.
2026-09-09 03:32:06,564 [INFO]   DIAGNOSIS NOTE: the shim itself was verified NOT to be at fault -- a live
2026-09-09 03:32:06,564 [INFO]          probe at 14:02:04 IST on 08-31 returned the 14:00 15m bar (fresh) and
2026-09-09 03:32:06,564 [INFO]          1m candles through 14:01, resampling correctly. The bug was only ever
2026-09-09 03:32:06,564 [INFO]          the guard's threshold.
2026-09-09 03:32:06,564 [INFO]   SECOND, DEPENDENT CHANGE -- _completed_idx() (REQUIRED, not optional):
2026-09-09 03:32:06,564 [INFO]          raising the threshold ALONE would have been a net regression, and the
2026-09-09 03:32:06,564 [INFO]          08-29 note "raising the guard is the WRONG FIX" was right about why.
2026-09-09 03:32:06,564 [INFO]          The engines read df15['K'].iloc[-2] (and df1h iloc[-2]) assuming
2026-09-09 03:32:06,564 [INFO]          iloc[-1] is ALWAYS the forming bar. In the boundary window it is not,
2026-09-09 03:32:06,564 [INFO]          so simply unblocking those cycles would have had the engines evaluate
2026-09-09 03:32:06,564 [INFO]          a K one bar (15 min) STALE -- silently. Measured: the guard's instant
2026-09-09 03:32:06,564 [INFO]          refetch, 28ms later, recovered 0 of 18 trips, confirming the forming
2026-09-09 03:32:06,564 [INFO]          bar is genuinely absent, not merely slow.
2026-09-09 03:32:06,564 [INFO]          New module-level _completed_idx(df, now, minutes) returns the offset of
2026-09-09 03:32:06,564 [INFO]          the last COMPLETED bar: -2 when the forming bar is present, -1 in the
2026-09-09 03:32:06,564 [INFO]          boundary window. Wired into the 2 K/1h read sites (main tick + the
2026-09-09 03:32:06,564 [INFO]          guard's recovery branch). The boot-time read at the "Live state + first
2026-09-09 03:32:06,564 [INFO]          pulse" block is left on -2 deliberately (one-shot, pre-market-loop).
2026-09-09 03:32:06,564 [INFO]          SAFETY PROPERTY: it returns -2 on every tick that today reaches the
2026-09-09 03:32:06,565 [INFO]          engines, so it CANNOT change any tick that currently produces a trade;
2026-09-09 03:32:06,565 [INFO]          it only differs inside the window that today is unconditionally
2026-09-09 03:32:06,565 [INFO]          blocked. Unit-tested 8 cases + a 96-tick sweep: 0 normal ticks return
2026-09-09 03:32:06,565 [INFO]          anything but -2.
2026-09-09 03:32:06,565 [INFO]   REVERT: ORION_PAPER_V2_5_20_BACKUP_20260831_pre_stale_threshold.py /
2026-09-09 03:32:06,565 [INFO]           ORION_SENSEX_V2520_BACKUP_20260831_pre_stale_threshold.py
2026-09-09 03:32:06,565 [INFO]           (both changes are in these backups -- revert restores 16-min + iloc[-2])
2026-09-09 03:32:06,565 [INFO]   STATUS: applied 2026-08-31 14:2x IST during market hours. The RUNNING
2026-09-09 03:32:06,565 [INFO]           processes still hold the old 16-min value (Python loaded the file at
2026-09-09 03:32:06,565 [INFO]           the 10:21 IST restart) -- this takes effect at the next boot, Tue
2026-09-09 03:32:06,565 [INFO]           2026-09-01. NOT live-proven. Confirm on 09-01 by grepping the
2026-09-09 03:32:06,565 [INFO]           FlightRecorder for [STALE]: expect ZERO. If any remain, the cause is
2026-09-09 03:32:06,565 [INFO]           NOT this threshold and the shim/feed must be re-examined.
2026-09-09 03:32:06,565 [INFO] V2.5.20 [2026-08-31] HOTFIX: NameError SCRIPT_DIR crashed the bot on every boot.
2026-09-09 03:32:06,565 [INFO]   The 2026-08-29 trade-recorder addition referenced `SCRIPT_DIR`, but this file
2026-09-09 03:32:06,565 [INFO]   only ever defines `_SCRIPT_DIR` (underscore). Bot died in <2s on all 50 restart
2026-09-09 03:32:06,565 [INFO]   attempts this morning and gave up before EOD -- no trades taken 08-31 09:15-10:21
2026-09-09 03:32:06,565 [INFO]   IST. Fixed TRADES_CSV to use `_SCRIPT_DIR`. Evidence: ~/orion_v2520_run.log,
2026-09-09 03:32:06,565 [INFO]   attempts 1-50, all identical traceback at line 5893. Revert:
2026-09-09 03:32:06,565 [INFO]   ORION_PAPER_V2_5_20_BACKUP_20260831_pre_scriptdir_fix.py. Status: fixed,
2026-09-09 03:32:06,565 [INFO]   restarted manually intraday 10:21 IST -- pending confirmation of clean boot.
2026-09-09 03:32:06,565 [INFO] V2.5.20 [2026-08-30] ORB + EXPIRY EXEMPTED FROM THE CROSS-ENGINE CIRCUIT BREAKER.
2026-09-09 03:32:06,565 [INFO]   User, after the 08-29 changelog review: "no. of trades limit or sl hit
2026-09-09 03:32:06,565 [INFO]   halting should not be applied to orb and expiry engines. these are
2026-09-09 03:32:06,565 [INFO]   required." (Also confirmed the 08-29 stacking fix does NOT need to change:
2026-09-09 03:32:06,565 [INFO]   ORB/EXPIRY were never in _OVERLAP_ENGINES = [BASE, VWAP, FUT5VWAP], so they
2026-09-09 03:32:06,565 [INFO]   never stacked and nothing there needed touching. EXP12/EXP1/EXP2 shadow book
2026-09-09 03:32:06,565 [INFO]   already runs with no gates at all, unaffected either way.)
2026-09-09 03:32:06,565 [INFO]   WHAT: added _halt_exempt = (_base in ("ORB", "EXPIRY")) to the entry gate;
2026-09-09 03:32:06,565 [INFO]   _entry_allowed now ignores DAY.halted / GLOBAL_HALTED for these two engines
2026-09-09 03:32:06,565 [INFO]   unconditionally, in both PAPER and LIVE broker modes. Previously the global
2026-09-09 03:32:06,566 [INFO]   4-loss circuit breaker (any engine's losses, not just its own) set
2026-09-09 03:32:06,566 [INFO]   DAY.halted=True on every engine including these two, and in LIVE mode that
2026-09-09 03:32:06,566 [INFO]   fully blocked their new entries (paper mode already happened to be
2026-09-09 03:32:06,566 [INFO]   permissive via _cb_paper_mode, but only incidentally -- this makes it
2026-09-09 03:32:06,566 [INFO]   explicit and mode-independent). BASE/VWAP/FUT5VWAP/GAPBREAK are UNCHANGED
2026-09-09 03:32:06,566 [INFO]   and still halt normally.
2026-09-09 03:32:06,566 [INFO]   NO BACKTEST -- pure gating change per explicit user instruction, not a
2026-09-09 03:32:06,566 [INFO]   measured edge claim.
2026-09-09 03:32:06,566 [INFO]   REVERT: delete the _halt_exempt line and its `or _halt_exempt` use, or
2026-09-09 03:32:06,566 [INFO]           ORION_PAPER_V2_5_20_BACKUP_20260830_pre_halt_exempt.py
2026-09-09 03:32:06,566 [INFO]   STATUS: [USER] live on the next boot, Mon 2026-08-31.
2026-09-09 03:32:06,566 [INFO] 
2026-09-09 03:32:06,566 [INFO] V2.5.20 [2026-08-29] CE_BUY_ENABLED flag added (default True, NO behaviour change).
2026-09-09 03:32:06,566 [INFO]   Buying a CALL measured EV -1.067 pts over 91 sessions / 262,911 CE option-
2026-09-09 03:32:06,566 [INFO]   minutes, 95% CI [-2.179,-0.192] -- excludes zero, an ESTABLISHED loser. Puts
2026-09-09 03:32:06,566 [INFO]   are -0.088 (CI includes zero). Half-sizing was tried first and is a NO-OP:
2026-09-09 03:32:06,566 [INFO]   every engine is at 1 lot, so max(1, round(1*0.5)) == 1. At 1-lot sizing this
2026-09-09 03:32:06,566 [INFO]   is binary. Left ENABLED because disabling halves trade count and the user
2026-09-09 03:32:06,566 [INFO]   wants trades firing, and because the PE-minus-CE difference CI still includes
2026-09-09 03:32:06,566 [INFO]   zero -- only the CE loss is established, not the asymmetry.
2026-09-09 03:32:06,566 [INFO]   Set CE_BUY_ENABLED = False to act on it. Flag is declared and documented but
2026-09-09 03:32:06,566 [INFO]   NOT yet wired into the entry path -- wiring it is the next step if chosen.
2026-09-09 03:32:06,566 [INFO]   REVERT: *_BACKUP_20260829_pre_ce_halfsize.py
2026-09-09 03:32:06,566 [INFO]   STATUS: [BT] measured; flag inert by default.
2026-09-09 03:32:06,566 [INFO] 
2026-09-09 03:32:06,566 [INFO] V2.5.20 [2026-08-29] MAKE THE SILENT ENGINES FIRE — ORB regime gate + V3 probe fills.
2026-09-09 03:32:06,566 [INFO]   User: "i want all engines repaired and trades should be firing."
2026-09-09 03:32:06,566 [INFO]   Two engines were producing signals that never became trades.
2026-09-09 03:32:06,567 [INFO]   (1) ORB — was standing down on 27 of 40 live days (TRANSITION 14, CHOP 13) and
2026-09-09 03:32:06,567 [INFO]       there had been NO BULL/BEAR day since 08-17, so it fired zero times for six
2026-09-09 03:32:06,567 [INFO]       straight sessions, including 08-27 (NIFTY -187 closing on the low, SENSEX
2026-09-09 03:32:06,567 [INFO]       -643 on the low) which is the exact one-way trend an opening-range break is
2026-09-09 03:32:06,567 [INFO]       built for. The gate was also stricter than anything validated: only
2026-09-09 03:32:06,567 [INFO]       SIDEWAYS-skip was ever backtested; the live proxy collapsed TRANSITION AND
2026-09-09 03:32:06,567 [INFO]       CHOP into skip and its own comment admits it is "stricter (skip-more)".
2026-09-09 03:32:06,567 [INFO]       V2's regime_allows_trade() already permits TRANSITION.
2026-09-09 03:32:06,567 [INFO]       198-session check (spot pts, OR break, live ORB exit params):
2026-09-09 03:32:06,567 [INFO]         SENSEX BULL +8.71  BEAR +10.52  TRANSITION +3.34  CHOP +1.75
2026-09-09 03:32:06,567 [INFO]         NIFTY  BULL +1.30  BEAR  -0.88  TRANSITION +0.19  CHOP +2.62
2026-09-09 03:32:06,567 [INFO]       TRANSITION is positive on both, lower quality than BULL/BEAR but not
2026-09-09 03:32:06,567 [INFO]       harmful. => ORB_ALLOWED_REGIMES = (BULL, BEAR, TRANSITION); CHOP still out.
2026-09-09 03:32:06,567 [INFO]       Expected effect: ORB active on ~68% of days instead of ~32%.
2026-09-09 03:32:06,567 [INFO]   (2) V3 PROBE — the engine committed to a signal, placed a resting limit, then
2026-09-09 03:32:06,567 [INFO]       never got filled. NIFTY filled 13 of 30 (43%); SENSEX filled 0 of 8.
2026-09-09 03:32:06,567 [INFO]       Pullback NIFTY 8.0 -> 4.0, SENSEX 26.0 -> 13.0, window 15 -> 25 min.
2026-09-09 03:32:06,567 [INFO]       Trades a slightly worse entry price for actually being in the trade.
2026-09-09 03:32:06,567 [INFO]   NOT VALIDATED AS PROFIT. Both are frequency fixes measured in spot points;
2026-09-09 03:32:06,567 [INFO]   forward paper is the only referee. If ORB's win rate on TRANSITION days comes
2026-09-09 03:32:06,567 [INFO]   in worse than on BULL/BEAR over a real forward sample, revert first.
2026-09-09 03:32:06,567 [INFO]   REVERT: ORB_ALLOWED_REGIMES = ('BULL','BEAR'); probe pullback 8.0/26.0,
2026-09-09 03:32:06,567 [INFO]           window 15; or *_BACKUP_20260829_pre_firing.py
2026-09-09 03:32:06,567 [INFO]   STATUS: [USER][FWD] live on the next boot, Mon 2026-08-31.
2026-09-09 03:32:06,567 [INFO] 
2026-09-09 03:32:06,567 [INFO] V2.5.20 [2026-08-29] *** V2 PE-SIDE REGIME GATE DROPPED (NIFTY) — the one
2026-09-09 03:32:06,567 [INFO]   change today intended to ADD profit, not cut loss. ***
2026-09-09 03:32:06,567 [INFO]   User: "we are not here to find 1000 ways of failure, we want 1 way of success."
2026-09-09 03:32:06,567 [INFO]   CONTEXT: V2 is the best engine in the live book (+Rs9,694 over 31 trades, 55%
2026-09-09 03:32:06,567 [INFO]   win) and it had fired ZERO times since 08-21 across 835 evaluations. Cause was
2026-09-09 03:32:06,567 [INFO]   not one bad threshold: four AND-ed gates (reg/K/Kextr/RSI) each passing ~30%
2026-09-09 03:32:06,567 [INFO]   of the time. Log analysis showed K is the dominant SOLE blocker (627 of 898
2026-09-09 03:32:06,568 [INFO]   single-gate blocks) -- but K turned out to be the gate WORTH keeping.
2026-09-09 03:32:06,568 [INFO]   BACKTEST: 198 sessions (2025-11-12..2026-08-28), V2's own gates reproduced by
2026-09-09 03:32:06,568 [INFO]   importing rsi()/stochrsi_k()/classify inputs from this file, 9,838 evaluations.
2026-09-09 03:32:06,568 [INFO]   Leave-one-out on the 4 gates (forward spot move at +60m):
2026-09-09 03:32:06,568 [INFO]       ALL 4 GATES (live)   n= 253   +7.22pt   60% win
2026-09-09 03:32:06,568 [INFO]       drop K               n=1086   -1.15     52%   <- K is essential
2026-09-09 03:32:06,568 [INFO]       drop Kextr           n= 610   -0.01     56%   <- Kextr is essential
2026-09-09 03:32:06,568 [INFO]       drop RSI             n= 265   +4.43     58%   <- RSI pays
2026-09-09 03:32:06,568 [INFO]       drop reg             n= 386   +7.08     59%   <- reg pays for NOTHING
2026-09-09 03:32:06,568 [INFO]       no gates             n=9838   +0.00     50%
2026-09-09 03:32:06,568 [INFO]   V2's edge is a PE edge: PE +10.45pt/trade (n=155) vs CE +2.11 (n=98). Dropping
2026-09-09 03:32:06,568 [INFO]   reg on CE made CE worse (+2.11 -> -0.03), so CE keeps all four gates.
2026-09-09 03:32:06,568 [INFO]   APPLIED = drop reg on the PE side only:
2026-09-09 03:32:06,568 [INFO]       signals 253 -> 332 (+31%)    forward points +1,828 -> +2,942 (+61%)
2026-09-09 03:32:06,568 [INFO]       mean/trade +7.22 -> +8.86    win@60m 60% -> 60% (unchanged)
2026-09-09 03:32:06,568 [INFO]   Mean AND volume both improve -- this is not volume bought with quality.
2026-09-09 03:32:06,568 [INFO]   Better in 2 of 3 sub-periods (P2 +923, P3 +423; P1 -232, a window where V2 lost
2026-09-09 03:32:06,568 [INFO]   under BOTH configs).
2026-09-09 03:32:06,568 [INFO]   NOT APPLIED TO SENSEX: V2 there is negative in every configuration tested
2026-09-09 03:32:06,568 [INFO]   (-4.70pt/60m with all gates on) -- SENSEX's profitable engine is VWAP, not V2.
2026-09-09 03:32:06,568 [INFO]   *** OUT-OF-SAMPLE RE-TEST, same day, after the user challenged the result ***
2026-09-09 03:32:06,568 [INFO]   The numbers above were selected AFTER seeing all 198 sessions (4 leave-one-out
2026-09-09 03:32:06,568 [INFO]   variants, then split by side and the better half kept) = data mining. Redone
2026-09-09 03:32:06,568 [INFO]   properly: choose on 2025-11-13..2026-05-07 (118 sessions), test on
2026-09-09 03:32:06,568 [INFO]   2026-05-08..2026-08-28 (79 sessions) never looked at, and enter at the NEXT
2026-09-09 03:32:06,568 [INFO]   bar rather than the signal bar's close (removes look-ahead).
2026-09-09 03:32:06,568 [INFO]     - Picking the winner honestly on the decide window gives "drop Kextr on CE
2026-09-09 03:32:06,568 [INFO]       only", NOT this rule -- and that choice FAILED out-of-sample (-532pt).
2026-09-09 03:32:06,568 [INFO]       So the selection method was wrong, and it is luck that this rule survived.
2026-09-09 03:32:06,568 [INFO]     - THIS rule, tested out-of-sample:  +254pt  (CONFIRMED, but marginal)
2026-09-09 03:32:06,569 [INFO]         current  n= 96  total +1,170  mean +12.19  win 64%
2026-09-09 03:32:06,569 [INFO]         deployed n=126  total +1,424  mean +11.30  win 60%
2026-09-09 03:32:06,569 [INFO]       => the out-of-sample gain is MORE TRADES, not better trades. Mean/trade
2026-09-09 03:32:06,569 [INFO]       and win rate both got slightly WORSE. The in-sample claim that mean AND
2026-09-09 03:32:06,569 [INFO]       volume improve does NOT hold out-of-sample -- treat that line as void.
2026-09-09 03:32:06,569 [INFO]   KEPT anyway on the specific ground that V2 currently fires ZERO times, so more
2026-09-09 03:32:06,569 [INFO]   signals at approximately the same quality is the point. This is NOT a
2026-09-09 03:32:06,569 [INFO]   demonstrated quality improvement. If forward paper shows V2's win rate
2026-09-09 03:32:06,569 [INFO]   dropping below the current 55%, revert first.
2026-09-09 03:32:06,569 [INFO]   LIMIT: measured in SPOT points; option P&L needs premium data, so this is a
2026-09-09 03:32:06,569 [INFO]   signal-quality result, NOT a rupee forecast. Forward paper is the referee.
2026-09-09 03:32:06,569 [INFO]   REVERT: set V2_PE_REGIME_GATE = True, or
2026-09-09 03:32:06,569 [INFO]           ORION_PAPER_V2_5_20_BACKUP_20260829_pre_v2_pe_reg.py
2026-09-09 03:32:06,569 [INFO]   STATUS: [BT][USER] live on the next boot, Mon 2026-08-31.
2026-09-09 03:32:06,569 [INFO] 
2026-09-09 03:32:06,569 [INFO] V2.5.20 [2026-08-29] VWAP REPAIR — LEGACY_OVERLAP_SLOTS 4 -> 0 (both bots).
2026-09-09 03:32:06,569 [INFO]   User: "but also repair vwap".
2026-09-09 03:32:06,569 [INFO]   WHAT WAS ACTUALLY WRONG (measured, all 165 live trades 07-06..08-28):
2026-09-09 03:32:06,569 [INFO]   BASE/VWAP/FUT5VWAP each had 5 concurrent position slots and dedup ran per-BAR
2026-09-09 03:32:06,569 [INFO]   only -- nothing checked whether that strike was already open. Result:
2026-09-09 03:32:06,569 [INFO]       single positions  n=41  win 46%  mean +0.74pt
2026-09-09 03:32:06,569 [INFO]       stacked positions n=124 win 48%  mean +0.68pt
2026-09-09 03:32:06,569 [INFO]   Identical per-trade expectancy => the extra slots add NO EDGE, they only
2026-09-09 03:32:06,569 [INFO]   multiply size and variance. 24 of 40 stack events finished worse than the
2026-09-09 03:32:06,569 [INFO]   first slot alone; net cost Rs2,261; the damage is all in the tails (07-23
2026-09-09 03:32:06,569 [INFO]   stacked 4x into 24000CE -Rs7,248 vs -Rs1,398 for one slot; 08-13 stacked 7x
2026-09-09 03:32:06,569 [INFO]   -Rs7,213 vs -Rs959). 08-28 bought 24100PE twice 14 minutes apart and stopped
2026-09-09 03:32:06,569 [INFO]   both: -Rs1,739 instead of -Rs875. It also silently broke the standing 1-LOT
2026-09-09 03:32:06,569 [INFO]   rule -- VWAP could hold 5 lots at once. SLOT_LIST goes 18 -> 6.
2026-09-09 03:32:06,569 [INFO]   WHAT I DID **NOT** CHANGE, AND WHY:
2026-09-09 03:32:06,569 [INFO]    * CLIMAX FILTER (body>=87%) -- a 6-session n=14 sample suggested it was
2026-09-09 03:32:06,569 [INFO]      vetoing the best bars (79% continuation, +47pt/60m vs 52%/+13pt). RE-TESTED
2026-09-09 03:32:06,569 [INFO]      on 147 sessions (2025-12-24..2026-08-28, 3,381 15m bars/index): NIFTY shows
2026-09-09 03:32:06,570 [INFO]      NO difference (+60m +3.74 vetoed vs +4.37 kept, t=-0.14); SENSEX is
2026-09-09 03:32:06,570 [INFO]      suggestive but NOT significant (+14.27 vs +3.01, t=+0.77). The n=14 result
2026-09-09 03:32:06,570 [INFO]      was noise. Filter left exactly as is.
2026-09-09 03:32:06,570 [INFO]    * HARDSL_PCT -- the 08-29 study showed -18% sits inside the option's own
2026-09-09 03:32:06,570 [INFO]      noise (5 of 7 stops fired on index moves <0.1%), but the ATR-stop backtest
2026-09-09 03:32:06,570 [INFO]      could not clear G1 (34/53 entries locatable) and its baseline was Rs8,037
2026-09-09 03:32:06,570 [INFO]      from live, so NO stop change is justified yet. The trade recorder added the
2026-09-09 03:32:06,570 [INFO]      same day is what will settle it.
2026-09-09 03:32:06,570 [INFO]   REVERT: ORION_PAPER_V2_5_20_BACKUP_20260829_pre_overlapslots.py
2026-09-09 03:32:06,570 [INFO]           ORION_SENSEX_V2520_BACKUP_20260829_pre_overlapslots.py
2026-09-09 03:32:06,570 [INFO]   STATUS: [BT][USER] effective on the next boot, Mon 2026-08-31.
2026-09-09 03:32:06,570 [INFO] 
2026-09-09 03:32:06,570 [INFO] V2.5.20 [2026-08-29] TRADE RECORDER — per-trade CSV with DTE, MFE/MAE, option ATR.
2026-09-09 03:32:06,570 [INFO]   User: "write its expiry-1 days also, so will know the decay part also."
2026-09-09 03:32:06,570 [INFO]   WHY: the ENTRY: log line carries NO timestamp, so a closed trade cannot be
2026-09-09 03:32:06,570 [INFO]   located on the option's 1-minute tape afterwards. Reconstructing entries by
2026-09-09 03:32:06,570 [INFO]   price-matching failed for 19 of 53 VWAP trades (64%), which is exactly why the
2026-09-09 03:32:06,570 [INFO]   2026-08-29 ATR-stop backtest could not clear its G1 gate (and its baseline came
2026-09-09 03:32:06,570 [INFO]   out Rs8,037 away from the live result, because it had to discard the 19 TRAIL
2026-09-09 03:32:06,570 [INFO]   exits worth +Rs18,807 that it could not model). Bar-level CSVs cannot recover
2026-09-09 03:32:06,570 [INFO]   this either -- they sample ~5min and hold only ONE position, so with 5 overlap
2026-09-09 03:32:06,570 [INFO]   slots they produced 32 phantom entries for 3 real trades on 08-26.
2026-09-09 03:32:06,570 [INFO]   WHAT: Nifty_Trades_V2_5_20.csv / Sensex_Trades_V2_5_20.csv, one row per closed
2026-09-09 03:32:06,570 [INFO]   trade: entry_ts, exit_ts, held_min, engine+detail, symbol/side/strike,
2026-09-09 03:32:06,570 [INFO]   expiry, DTE, lots, entry/exit premium, reason, pts, rupees, MFE/MAE premium
2026-09-09 03:32:06,570 [INFO]   and points, the OPTION's own 14x1min ATR at entry and as % of premium,
2026-09-09 03:32:06,570 [INFO]   sl_level, entry/exit spot and spot_move.
2026-09-09 03:32:06,570 [INFO]   DTE answers the decay question: whether a stop was hit by direction or by
2026-09-09 03:32:06,570 [INFO]   theta as expiry approached. MFE/MAE answers whether a stop cut a real loser
2026-09-09 03:32:06,571 [INFO]   or ejected a trade that was working.
2026-09-09 03:32:06,571 [INFO]   EXPIRY IS TAKEN FROM TARGET_EXPIRY_DATE, NOT PARSED from the tradingsymbol:
2026-09-09 03:32:06,571 [INFO]   a monthly symbol does not encode the day, and "last Thursday" is wrong on both
2026-09-09 03:32:06,571 [INFO]   exchanges now (NSE weekly = Tuesday, BSE = Thursday) -- an end-to-end test
2026-09-09 03:32:06,571 [INFO]   decoded NIFTY26AUG as 2026-08-31 when the real expiry was 08-25.
2026-09-09 03:32:06,571 [INFO]   _expiry_from_symbol() is a weekly-only fallback and returns None for monthly
2026-09-09 03:32:06,571 [INFO]   rather than guessing.
2026-09-09 03:32:06,571 [INFO]   RECORDING ONLY -- no entry, exit or sizing behaviour changes. POS gains
2026-09-09 03:32:06,571 [INFO]   trough_premium (MAE), atr_entry, expiry_date; LAST_SPOT global refreshed each
2026-09-09 03:32:06,571 [INFO]   pulse in check_exits() so the recorder has a spot at every call site; the whole
2026-09-09 03:32:06,571 [INFO]   writer is wrapped in try/except so a logging fault can never break an exit.
2026-09-09 03:32:06,571 [INFO]   VERIFIED end-to-end against the real 2026-08-28 VWAP trade (74.80 -> 61.34,
2026-09-09 03:32:06,571 [INFO]   -Rs875): every field reproduced, DTE=2, atr_pct=4.36%.
2026-09-09 03:32:06,571 [INFO]   REVERT: ORION_PAPER_V2_5_20_BACKUP_20260829_pre_traderecorder.py
2026-09-09 03:32:06,571 [INFO]           ORION_SENSEX_V2520_BACKUP_20260829_pre_traderecorder.py
2026-09-09 03:32:06,571 [INFO]   STATUS: [USER][FWD] first rows land Mon 2026-08-31. Nothing recoverable for the
2026-09-09 03:32:06,571 [INFO]   37 days already logged.
2026-09-09 03:32:06,571 [INFO] 
2026-09-09 03:32:06,571 [INFO] V2.5.20 [2026-08-29] FUT5VWAP 3 lots -> 1 lot (BOTH bots), user-directed.
2026-09-09 03:32:06,571 [INFO]   User: "i want that one engine which takes 3 lots, is it working fine, if not
2026-09-09 03:32:06,571 [INFO]   reduce to 1 lot."  It is not working fine.
2026-09-09 03:32:06,571 [INFO]   EVIDENCE (live log 2026-07-06..08-28, orion_v2520_run.log, 155 exits parsed):
2026-09-09 03:32:06,571 [INFO]     FUT5VWAP  18 trades  14 wins (77.8%)  net -42.88pt  = -Rs8,362 at 3 lots
2026-09-09 03:32:06,571 [INFO]   The high win rate is an artifact of the exit shape, not edge: wins are capped
2026-09-09 03:32:06,571 [INFO]   at the +4.00pt LOCK_FLOOR (avg win +5.51pt) while the 4 losses each ran the
2026-09-09 03:32:06,571 [INFO]   full -30.00pt stop. Break-even win rate at that payoff = 84.5%; actual 77.8%.
2026-09-09 03:32:06,571 [INFO]   It was the single worst engine in the book by rupees, purely because of the 3x.
2026-09-09 03:32:06,571 [INFO]   NUANCE, stated so it is not lost: all 4 losses are BEFORE the 08-17 stop
2026-09-09 03:32:06,571 [INFO]   tightening (30->25pt). Since then only 2 trades have closed (08-25 +4.00,
2026-09-09 03:32:06,571 [INFO]   08-28 +4.00), both wins. So the 08-17 fix may well work -- but n=2 is not
2026-09-09 03:32:06,571 [INFO]   evidence, and an unproven engine should not carry triple size. Re-raise to 3
2026-09-09 03:32:06,571 [INFO]   only after a forward sample large enough to beat the 84.5% break-even bar.
2026-09-09 03:32:06,572 [INFO]   REVERT: ORION_PAPER_V2_5_20_BACKUP_20260829_pre_fut5_1lot.py
2026-09-09 03:32:06,572 [INFO]           ORION_SENSEX_V2520_BACKUP_20260829_pre_fut5_1lot.py
2026-09-09 03:32:06,572 [INFO]   STATUS: [USER][FWD] takes effect on the next boot (Mon 2026-08-31).
2026-09-09 03:32:06,572 [INFO] 
2026-09-09 03:32:06,572 [INFO] === ORION CHANGE HISTORY (V2.2.2 -> V2.5.9) ===
2026-09-09 03:32:06,572 [INFO] 
2026-09-09 03:32:06,572 [INFO] V2.2.2 [PRODUCTION BASELINE — T10]
2026-09-09 03:32:06,572 [INFO]   Entry : 1h SMA20/50 regime + 15m StochRSI K (CE>=38 rising, PE<=80 falling)
2026-09-09 03:32:06,572 [INFO]   Exit  : HARDSL -35%, TIME_SL 210min/-20%, BE +15% -> option SMA8(low) trail
2026-09-09 03:32:06,572 [INFO]   CB=2, 1 lot, no flip, no V3, no chop filter
2026-09-09 03:32:06,572 [INFO] 
2026-09-09 03:32:06,572 [INFO] V2.3  [+V3 CLUSTER LEVELS]
2026-09-09 03:32:06,572 [INFO]   + PDH/PDL/round_50/round_100/PDC/1h swing pivots clustered within 20pts
2026-09-09 03:32:06,572 [INFO]   + Grade A (>=3 source kinds) / Grade B (>=2)
2026-09-09 03:32:06,572 [INFO]   + ADX regime classifier (BULL/BEAR/CHOP/TRANSITION)
2026-09-09 03:32:06,572 [INFO] 
2026-09-09 03:32:06,572 [INFO] V2.4  [+EXIT UPGRADES]
2026-09-09 03:32:06,572 [INFO]   + 15m option SMA8(low) trail (KEPT in all future versions)
2026-09-09 03:32:06,572 [INFO]   + ATR-based exits (REMOVED — not robust enough)
2026-09-09 03:32:06,572 [INFO]   + BE armor at +15% (REMOVED later — net negative in backtest)
2026-09-09 03:32:06,572 [INFO] 
2026-09-09 03:32:06,572 [INFO] V2.5.0  [HYBRID V2+V3 + TIME-RATCHET]
2026-09-09 03:32:06,572 [INFO]   + Hybrid V2+V3 entry (V2 priority on same-bar tiebreak)
2026-09-09 03:32:06,572 [INFO]   + Time-ratchet exit: 90min / +20 step
2026-09-09 03:32:06,572 [INFO] 
2026-09-09 03:32:06,572 [INFO] V2.5.1  [ENTRY REFINEMENT]
2026-09-09 03:32:06,572 [INFO]   + V2 PE_floor=25 (K>=25 required for PE entry)
2026-09-09 03:32:06,572 [INFO]   + V2 CE: no upper K cap (cap tested and REJECTED — hurts WR)
2026-09-09 03:32:06,572 [INFO]   + V2 priority confirmed: +Rs 52k vs V3-priority
2026-09-09 03:32:06,572 [INFO] 
2026-09-09 03:32:06,572 [INFO] V2.5.2  [FLIP RULE +Rs 130k]
2026-09-09 03:32:06,573 [INFO]   + Path A flip (in-trade): elapsed>=30 + peak>=entry+15 + LTP<=entry+10 + K reversed
2026-09-09 03:32:06,573 [INFO]   + Path B flip (post-exit): K reversal within 60min
2026-09-09 03:32:06,573 [INFO]   + Opposite-side only (same-side continuation REJECTED: -Rs 191k CATASTROPHIC)
2026-09-09 03:32:06,573 [INFO]   + CE->PE: K falling, 25<=K<=80 | PE->CE: K rising, K>=38
2026-09-09 03:32:06,573 [INFO] 
2026-09-09 03:32:06,573 [INFO] V2.5.3  [V3 SINGLETONS + HARDSL LOCKED]
2026-09-09 03:32:06,573 [INFO]   + Promoted singletons: PDH/PDL/round_100(+-200 PDC)/swing pivots standalone Grade B
2026-09-09 03:32:06,573 [INFO]   + HARDSL locked at -25% (swept -35% to -15%; -25% optimal)
2026-09-09 03:32:06,573 [INFO]   + PnL Rs +3,14,418
2026-09-09 03:32:06,573 [INFO] 
2026-09-09 03:32:06,573 [INFO] V2.5.4  [FLIP CAP]
2026-09-09 03:32:06,573 [INFO]   + MAX_FLIPS_PER_DAY=3 (flips 1-3 win Rs 131k; flips 4+ lose Rs 21k)
2026-09-09 03:32:06,573 [INFO]   + PnL Rs +3,23,851
2026-09-09 03:32:06,573 [INFO] 
2026-09-09 03:32:06,573 [INFO] V2.5.5  [CHOP FILTER +Rs 49k]
2026-09-09 03:32:06,573 [INFO]   + RSI [47,53] indecision band blocks ALL entries
2026-09-09 03:32:06,573 [INFO]   + PnL Rs +3,72,598
2026-09-09 03:32:06,573 [INFO] 
2026-09-09 03:32:06,573 [INFO] V2.5.6  [V3 PDC CONTAMINATION FIX — LOCKED Rs 3,85,724 / WR 35.7%]
2026-09-09 03:32:06,573 [INFO]   + Exclude PDC from clustering (PDC is reference, not tradeable level)
2026-09-09 03:32:06,573 [INFO]   + G/R require >=25pt buffer from PDC (motivated by 2026-05-18 bad paper trade)
2026-09-09 03:32:06,573 [INFO]   + PnL Rs +3,85,724 / MaxDD -1,331 / Red 5/18
2026-09-09 03:32:06,573 [INFO] 
2026-09-09 03:32:06,573 [INFO] V2.5.7  [VELVET ROPE + RATCHET +Rs 1,14,324 / WR 35.7%->55.4%]
2026-09-09 03:32:06,573 [INFO]   + Velvet Rope: premium hits entry+15 -> SL immediately to entry+2
2026-09-09 03:32:06,573 [INFO]   + Ratchet Gate: 30min elapsed + entry+25 -> SL to entry+15
2026-09-09 03:32:06,573 [INFO]   + Runner Trail: +20 per +20pts peak (one-way)
2026-09-09 03:32:06,573 [INFO]   + Trade-off: Red months 5->10/18, MaxDD -1,331->-1,885
2026-09-09 03:32:06,573 [INFO] 
2026-09-09 03:32:06,573 [INFO] V2.5.8  [K EXTREME + FULL SMA ALIGNMENT]
2026-09-09 03:32:06,573 [INFO]   + K extreme filter: CE entry only if K<25 recently (3 bars); PE if K>75 recently
2026-09-09 03:32:06,574 [INFO]   + Full SMA alignment: CE needs close>SMA20>SMA50 (was just close>SMA20)
2026-09-09 03:32:06,574 [INFO] 
2026-09-09 03:32:06,574 [INFO] V2.5.9  [Rs 6,70,425 / WR 66.9% / 357 trades / MaxDD -1,485 / Red 8/18]
2026-09-09 03:32:06,574 [INFO]   + RSI DIRECTIONAL GATE replaces RSI [47,53] chop filter:
2026-09-09 03:32:06,574 [INFO]       CE: 1h RSI>53 required | PE: 1h RSI<47 required
2026-09-09 03:32:06,574 [INFO]   + MACD 1h alignment: CE needs MACD_line>signal; PE needs MACD_line<signal
2026-09-09 03:32:06,574 [INFO]   + Premium gate: 30<=entry_LTP<=180 (blocks deep OTM and IV-spike entries)
2026-09-09 03:32:06,574 [INFO]   + Tightened exit params: RI=12 (was 15), RT=20 (was 30), RS=25 (was 20)
2026-09-09 03:32:06,574 [INFO]   + CB=3 (was 4)
2026-09-09 03:32:06,574 [INFO]   + Straddle monitoring: informational Telegram at 9:45 and 11:30
2026-09-09 03:32:06,574 [INFO]   + Options VWAP: informational context at entry/pulse/exit
2026-09-09 03:32:06,574 [INFO] 
2026-09-09 03:32:06,574 [INFO] V2.5.12 [CURRENT LOCKED — Rs 6,88,158 / WR 64.5% / 363 trades / MaxDD -1,119 / Red 5/18]
2026-09-09 03:32:06,574 [INFO]   SOURCE: VRL (Vishal Rajput) code analysis — peak-based ratchet ladder
2026-09-09 03:32:06,574 [INFO]   + HARDSL tightened -25% → -18% (faster loss cut, less capital exposed)
2026-09-09 03:32:06,574 [INFO]   + 20-min time gate REMOVED — purely peak-based ladder (no waiting)
2026-09-09 03:32:06,574 [INFO]   + Ladder Tier2: peak >= entry+24 → SL = entry+12 (immediate)
2026-09-09 03:32:06,574 [INFO]   + Ladder Tier3: peak >= entry+36 → SL = entry+24 (immediate)
2026-09-09 03:32:06,574 [INFO]   + Entry logic UNCHANGED from V2.5.9
2026-09-09 03:32:06,574 [INFO]   + Validated: real option data (May 4-21 2026, 12 days)
2026-09-09 03:32:06,574 [INFO]   + Key improvement: MaxDD -1,485 → -1,119 (-25%), Red months 8 → 5
2026-09-09 03:32:06,574 [INFO] 
2026-09-09 03:32:06,574 [INFO] V2.5.12-LIVE [2026-05-29 — FIRST LIVE TRADING SESSION WITH mSTOCK EXECUTION]
2026-09-09 03:32:06,574 [INFO]   + EXECUTION_BROKER switched from kite_paper → mstock_live
2026-09-09 03:32:06,574 [INFO]   + mStock Type B API integrated: login → set_access_token → verify_totp (TOTP auto)
2026-09-09 03:32:06,574 [INFO]   + Instrument master: direct fetch from OpenAPIScripMaster (173k symbols, name field)
2026-09-09 03:32:06,574 [INFO]   + order_status: mStock returns 'Traded' status (not 'COMPLETE') — mapped correctly
2026-09-09 03:32:06,574 [INFO]   + place_order: disclosedquantity="0" required (blank causes IA400 rejection)
2026-09-09 03:32:06,574 [INFO]   + IP 18.212.243.203 (PythonAnywhere) whitelisted in mStock API settings
2026-09-09 03:32:06,574 [INFO]   + BUY: 15s timeout, cancel-and-check on timeout, abort if not filled
2026-09-09 03:32:06,575 [INFO]   + SELL: 3 retries × 5s, 🚨 CRITICAL Telegram alert if all fail, POS.active stays True
2026-09-09 03:32:06,575 [INFO]   + V3 REGIME GATE REMOVED: V3 now fires in CHOP/INSUFFICIENT regime
2026-09-09 03:32:06,575 [INFO]       Root cause of bug: regime gate wrapped ALL signals including V3;
2026-09-09 03:32:06,575 [INFO]       V3 uses cluster break/reject as its own confirmation — ADX not needed
2026-09-09 03:32:06,575 [INFO]       V2 and FLIP remain regime-gated (BULL/BEAR/TRANSITION only)
2026-09-09 03:32:06,575 [INFO]   + V3 engine: acts on ALL Grade A/B clusters simultaneously (not just nearest)
2026-09-09 03:32:06,575 [INFO]   + PREMIUM_MAX asymmetric: CE=180 (unchanged), PE=300 (was 180, captures panic moves)
2026-09-09 03:32:06,575 [INFO]   + VWAP double confirmation engine (new):
2026-09-09 03:32:06,575 [INFO]       Fires when Nifty 15m bar crosses daily VWAP with body>=50% range
2026-09-09 03:32:06,575 [INFO]       AND ATM CE/PE LTP is also above/below its daily VWAP simultaneously
2026-09-09 03:32:06,575 [INFO]       Self-confirming like V3 — no regime gate
2026-09-09 03:32:06,575 [INFO]   + LOTS_PER_TRADE = 2 (live)
2026-09-09 03:32:06,575 [INFO] 
2026-09-09 03:32:06,575 [INFO] V2.5.13 [VWAP TRAIL EXIT + BOOT SELF-TEST + STABILITY FIXES]
2026-09-09 03:32:06,575 [INFO]   + VWAP engine trades: trail exit uses option's own VWAP (15m close < option VWAP)
2026-09-09 03:32:06,575 [INFO]     instead of SMA8(low) trail — holds through pullbacks better on VWAP-confirmed moves
2026-09-09 03:32:06,575 [INFO]   + V2/V3/FLIP trades: keep original SMA8(low) trail (unchanged)
2026-09-09 03:32:06,575 [INFO]   + Boot self-test: BUY (LIMIT ₹0.05) + SELL (LIMIT ₹9999) on deep OTM option at startup
2026-09-09 03:32:06,575 [INFO]     Both must succeed and cancel cleanly or bot aborts — confirms mStock connectivity + IP
2026-09-09 03:32:06,575 [INFO]   + MStockBroker class inlined into single .py file (no separate mstock_broker.py)
2026-09-09 03:32:06,575 [INFO]   + IA403 recovery: rebuilds SDK client from scratch on IP mismatch, 3 consecutive → halt
2026-09-09 03:32:06,575 [INFO]   + Position sync cooldown: 180s → 300s (avoids false MANUAL_EXIT on slow fills)
2026-09-09 03:32:06,575 [INFO]   + MANUAL_EXIT fix: clears buy_order_id before close_trade to prevent duplicate SELL
2026-09-09 03:32:06,575 [INFO]   + State file: added date field, resets trades_today/losses on new day boundary
2026-09-09 03:32:06,575 [INFO]   + VWAP dedup log spam removed (silent return on same-bar re-fire)
2026-09-09 03:32:06,575 [INFO] 
2026-09-09 03:32:06,575 [INFO] V2.5.14 [TIERED PROFIT LOCK LADDER — inspired by VRL]
2026-09-09 03:32:06,575 [INFO]   + Replaced sparse 3-tier ratchet (Velvet Rope + T2 + T3 + Runner) with 7-tier ladder
2026-09-09 03:32:06,575 [INFO]   + Ladder: +12→+2, +18→+8, +24→+12, +30→+20, +36→+24, +40→+30, +50→+40
2026-09-09 03:32:06,575 [INFO]   + More tiers = less profit give-back on sharp reversals
2026-09-09 03:32:06,575 [INFO]   + Checked every tick (not candle-based) — same as before but tighter protection
2026-09-09 03:32:06,576 [INFO]   + Unified code: single loop replaces 3 separate sections (3a/3b/3c → 3)
2026-09-09 03:32:06,576 [INFO]   + VWAP engine upgraded to TRIPLE confirmation:
2026-09-09 03:32:06,576 [INFO]     Gate 1 (PRIMARY): Nifty FUTURES 15m close crosses futures VWAP, body >= 50%
2026-09-09 03:32:06,576 [INFO]     Gate 2: Nifty SPOT 15m close same direction above/below spot VWAP
2026-09-09 03:32:06,576 [INFO]     Gate 3: ATM option LTP above/below option's own VWAP
2026-09-09 03:32:06,576 [INFO]   + Futures VWAP is now the primary decision criterion — real margin-backed money
2026-09-09 03:32:06,576 [INFO]   + Nifty FUT token auto-resolved from Kite instruments at boot (no hardcoding)
2026-09-09 03:32:06,576 [INFO] 
2026-09-09 03:32:06,576 [INFO] V2.5.15 [STALE DATA GUARD — 2026-06-12]
2026-09-09 03:32:06,576 [INFO]   + ROOT CAUSE FOUND: Kite intermittently returned a 15m series ending ~2h in
2026-09-09 03:32:06,576 [INFO]     the past. Evidence: VWAP entry logged bar=198 at 11:30 but bar=197 at 13:30
2026-09-09 03:32:06,576 [INFO]     (bar index went BACKWARDS); the 13:30 entry cited a 67% bearish bar +
2026-09-09 03:32:06,576 [INFO]     FUT 23375 while the live tape was +68 pts off the low in 4 min → bought PE
2026-09-09 03:32:06,576 [INFO]     into a V-reversal → HARDSL -21.73. Fresh-data replay confirms the signal
2026-09-09 03:32:06,576 [INFO]     does NOT fire at 13:30 with up-to-date frames. Likely also suppressed valid
2026-09-09 03:32:06,576 [INFO]     signals (Jun-11 zero-trade day: fresh-data replay finds 4 trades / +35 pts).
2026-09-09 03:32:06,576 [INFO]   + Guard (active 09:32+): if last 15m bar (spot or futures) is older than
2026-09-09 03:32:06,576 [INFO]     16 min → instant refetch from Kite; if recovered, continue + Telegram info;
2026-09-09 03:32:06,576 [INFO]     if still stale → Telegram alert + ENTRIES blocked for that cycle only.
2026-09-09 03:32:06,576 [INFO]   + EXITS are never blocked on data quality.
2026-09-09 03:32:06,576 [INFO]   + Telegram alerts rate-limited to 1 per 10 min; log line every cycle.
2026-09-09 03:32:06,576 [INFO] 
2026-09-09 03:32:06,576 [INFO] V2.5.16 [MOMENTUM GATE ON SAME-SIDE STREAKS + SMA8 TODAY-ONLY FIX — 2026-06-17]
2026-09-09 03:32:06,576 [INFO]   + PROBLEM: in choppy markets the bot ran 3+ rapid same-direction trades —
2026-09-09 03:32:06,576 [INFO]     first 1-2 win small, the 3rd buys into the reversal and takes the full
2026-09-09 03:32:06,576 [INFO]     -18% HARDSL, then keeps buying the same side, wiping the day's gains.
2026-09-09 03:32:06,576 [INFO]     Diagnosis (May+June real-opt data): the persistence is the VWAP engine
2026-09-09 03:32:06,576 [INFO]     (no regime filter, re-fires same side each 15m bar). The 1st/2nd winners
2026-09-09 03:32:06,576 [INFO]     exit on the peak ladder (TRAIL_+N); the 3rd dies on HARDSL/VWAP_TRAIL.
2026-09-09 03:32:06,576 [INFO]   + MOMENTUM GATE: the 3rd+ CONSECUTIVE same-direction entry (any engine) is
2026-09-09 03:32:06,576 [INFO]     blocked unless spot has moved >= MOM_GATE_PTS (12) WITH the trade over the
2026-09-09 03:32:06,576 [INFO]     last MOM_GATE_BARS (5) closed 1m bars. 1st/2nd same-side entries untouched.
2026-09-09 03:32:06,576 [INFO]     Run counted from DAY.trades_today (closed trades). New fetch_nifty_1m() +
2026-09-09 03:32:06,577 [INFO]     momentum_gate_ok(); fails OPEN if 1m data unavailable; "🚧 Momentum-gate
2026-09-09 03:32:06,577 [INFO]     BLOCK" Telegram on a block. Backtest (May real-opt): baseline -7.3 pt →
2026-09-09 03:32:06,577 [INFO]     gate +104.0 pt, 0 winners blocked (blocks only flat-momentum |mv|<=8 chop).
2026-09-09 03:32:06,577 [INFO]   + SMA8 TODAY-ONLY FIX: sma8_low_of_option() now averages ONLY today's closed
2026-09-09 03:32:06,577 [INFO]     15m option lows (arms after SMA_TRAIL_MIN_BARS=4 today-bars). Previously it
2026-09-09 03:32:06,577 [INFO]     averaged 8 bars from a 10-day fetch, mixing yesterday's different-level /
2026-09-09 03:32:06,577 [INFO]     illiquid lows → false trail exits. NOT removed: backtest showed deleting
2026-09-09 03:32:06,577 [INFO]     SMA8 costs -66 pt (it is a tighter stop than the -18% HARDSL).
2026-09-09 03:32:06,577 [INFO]   + Ladder exit, HARDSL, flip logic, stale-data guard all UNCHANGED.
2026-09-09 03:32:06,577 [INFO]   + start_orion.sh now launches V2.5.16 (90s crash-fallback still → V2.5.14).
2026-09-09 03:32:06,577 [INFO] 
2026-09-09 03:32:06,577 [INFO] V2.5.17 [3 CHOP-BLEED GUARDS — 2026-06-18]
2026-09-09 03:32:06,577 [INFO]   + CONTEXT: 06-16 (-20.4pt/7trades) and 06-17 (-44.0pt/4trades) were both
2026-09-09 03:32:06,577 [INFO]     compressed chop days (full range 141pt & 107pt; 06-17 had 9 mean-crosses in
2026-09-09 03:32:06,577 [INFO]     a 107pt box). The regime classifier stayed BULL all 76 bars both days and
2026-09-09 03:32:06,577 [INFO]     chop_block fired 0 times, so the breakout engines kept firing into noise.
2026-09-09 03:32:06,577 [INFO]     See ~/orion_backtest_lab/results/RESULTS.md (2026-06-18 post-mortem).
2026-09-09 03:32:06,577 [INFO]   + #1 MORNING CHOP GATE (CHOP_GATE_ENABLED): decided ONCE after ~10:30 IST from
2026-09-09 03:32:06,577 [INFO]     the first-hour (09:15-10:15) FUT bars. Stand aside (block ALL new entries for
2026-09-09 03:32:06,577 [INFO]     the day) when early efficiency-ratio <= CHOP_ER_MAX (0.25) AND (first-hour
2026-09-09 03:32:06,577 [INFO]     FUT-VWAP cross-count >= CHOP_VWAP_CROSSES_MIN (3) OR first-hour range <
2026-09-09 03:32:06,577 [INFO]     CHOP_RANGE_PT_MAX (110pt)). Exits always allowed. Fails OPEN (not enough
2026-09-09 03:32:06,577 [INFO]     bars yet -> no decision -> trade normally). morning_chop_verdict().
2026-09-09 03:32:06,577 [INFO]   + #2 VWAP BODY BAND (VWAP_BODY_CLIMAX_PCT): VWAP entry now takes only the
2026-09-09 03:32:06,577 [INFO]     65-86% body band — existing >=65% min kept, NEW >=87% climax/exhaustion bars
2026-09-09 03:32:06,577 [INFO]     skipped (climax bars fade). One added guard line in check_vwap_signal().
2026-09-09 03:32:06,577 [INFO]   + #3 MOMENTUM-FADE GATE (FADE_GATE_ENABLED): for a 3rd+ consecutive same-side
2026-09-09 03:32:06,577 [INFO]     entry that follows >= FADE_MIN_PRIOR_WINS (2) consecutive same-side WINS,
2026-09-09 03:32:06,577 [INFO]     inspect 3-min option premiums of BOTH the trend-side and opposite-side ATM
2026-09-09 03:32:06,577 [INFO]     strikes over the last FADE_OPT_BARS (3) closed bars. Enter ONLY IF the
2026-09-09 03:32:06,577 [INFO]     trend-side option is NOT decaying AND the opposite-side option IS decaying;
2026-09-09 03:32:06,578 [INFO]     otherwise skip (momentum has faded / is rotating to the other side). Fails
2026-09-09 03:32:06,578 [INFO]     OPEN on missing data. fade_gate_ok() + fetch_option_3m(). Complements the
2026-09-09 03:32:06,578 [INFO]     V2.5.16 spot-move momentum gate (both must pass).
2026-09-09 03:32:06,578 [INFO]   + All three guards are ADDITIVE; ladder/HARDSL/flip/SMA8/stale-guard UNCHANGED.
2026-09-09 03:32:06,578 [INFO]   + NOT yet sim-A/B'd — shipped on user direction; 2026-06-18 is paper-only, so
2026-09-09 03:32:06,578 [INFO]     the live paper session is the first validation. WATCH first CHOP-GATE day +
2026-09-09 03:32:06,578 [INFO]     first FADE block + that #2 climax-skip doesn't starve VWAP.
2026-09-09 03:32:06,578 [INFO]   + start_orion.sh now launches V2.5.17 (pkill pattern V2_5_1[567];
2026-09-09 03:32:06,578 [INFO]     90s crash-fallback still → V2.5.14 archive).
2026-09-09 03:32:06,578 [INFO] 
2026-09-09 03:32:06,578 [INFO] V2.5.18 [SMA8 ENTRY-AWARE FIX + CHOP-GATE RE-ARM — 2026-06-19]
2026-09-09 03:32:06,578 [INFO]   + CONTEXT: 2026-06-19 (paper) — gap-down day. One V3 PE (24000PE @114) entered
2026-09-09 03:32:06,578 [INFO]     correctly at 10:15 on a Grade-A R-cluster break, but SMA8_LOW_TRAIL exited it
2026-09-09 03:32:06,578 [INFO]     31s later at +1.6 (the trail evaluated the 10:00 bar — which CLOSED BEFORE
2026-09-09 03:32:06,578 [INFO]     entry — against today's lows-avg). Spot then fell 24040->23926 without us;
2026-09-09 03:32:06,578 [INFO]     morning chop-gate (ER=0.01, range=70pt) then stood aside the rest of the day.
2026-09-09 03:32:06,578 [INFO]   + FIX A (SMA8 pre-entry bar): the SMA8(low) trail now NEVER acts on a 15m bar
2026-09-09 03:32:06,578 [INFO]     whose CLOSE time (bar-start + 15m) is <= POS.entry_time. A fresh entry can no
2026-09-09 03:32:06,578 [INFO]     longer be ejected on price action that happened before it was opened.
2026-09-09 03:32:06,578 [INFO]   + FIX C (SMA8 arm window): trail arms on bars-SINCE-ENTRY, not bars-of-day.
2026-09-09 03:32:06,578 [INFO]     sma8_low_of_option() now averages only TODAY's closed bars that closed AFTER
2026-09-09 03:32:06,578 [INFO]     entry and needs >= SMA_TRAIL_MIN_BARS_SINCE_ENTRY (1) of them. With 1 own bar
2026-09-09 03:32:06,578 [INFO]     SMA8L == that bar's own low, so close(>=low) can't trigger -> first real
2026-09-09 03:32:06,578 [INFO]     trigger needs >=2 own bars. SMA_TRAIL_MIN_BARS (4, bars-of-day) is now only
2026-09-09 03:32:06,578 [INFO]     the fallback when entry_time is unknown (state-load edge). NOT a BE-gate.
2026-09-09 03:32:06,578 [INFO]   + CHOP-GATE RE-ARM (CHOP_REARM_ENABLED): after a morning stand-aside, release
2026-09-09 03:32:06,579 [INFO]     the block when a CLOSED FUT 15m bar breaks the recorded first-hour range by
2026-09-09 03:32:06,579 [INFO]     >= CHOP_REARM_BUFFER_PT (15pt) with body >= CHOP_REARM_BODY_MIN (65%), in the
2026-09-09 03:32:06,579 [INFO]     regime direction (BULL=>up-break only, BEAR=>down-break only, else either).
2026-09-09 03:32:06,579 [INFO]     FUT leads spot, so this triggers earlier than a spot-range break. Re-arm is
2026-09-09 03:32:06,579 [INFO]     one-way for the day (stays live once released); per-trade momentum/fade/CB
2026-09-09 03:32:06,579 [INFO]     guards still apply. _morning_chop_verdict_impl() stashes FH hi/lo;
2026-09-09 03:32:06,579 [INFO]     chop_rearm_check() evaluated each cycle while blocked. Logs [CHOPGATE] RE-ARMED.
2026-09-09 03:32:06,579 [INFO]   + Ladder/HARDSL/flip/VWAP-trail/stale-guard UNCHANGED. SMA8 KEPT (deleting it
2026-09-09 03:32:06,579 [INFO]     cost -66pt, V2.5.16) — this only changes WHEN it may fire, not whether.
2026-09-09 03:32:06,579 [INFO]   + NOT yet sim-A/B'd — shipped on user direction 2026-06-19; backtest the
2026-09-09 03:32:06,579 [INFO]     re-arm thresholds on post-chop trend days before relying on it live.
2026-09-09 03:32:06,579 [INFO] 
2026-09-09 03:32:06,579 [INFO] V2.5.19 [THREE FUT-VWAP ENTRY PATHWAYS — 2026-06-21]
2026-09-09 03:32:06,579 [INFO]   + Built on user direction 2026-06-21. THREE new VWAP-cross entry pathways.
2026-09-09 03:32:06,579 [INFO]     NOT yet sim-A/B'd — BACKTEST before flipping start_orion.sh to V2.5.19.
2026-09-09 03:32:06,579 [INFO]     All three are flag-gated (default ON). Existing V2/V3/FLIP UNCHANGED.
2026-09-09 03:32:06,579 [INFO] 
2026-09-09 03:32:06,579 [INFO]   + FEATURE 1 — FUT 15m VWAP cross + CONFIRMATION CANDLE (all-day).
2026-09-09 03:32:06,579 [INFO]     VWAP15_CONFIRM_ENABLED. The existing VWAP engine no longer fires on the
2026-09-09 03:32:06,579 [INFO]     cross bar alone: it now requires the cross bar (iloc[-3], body 65-86% band)
2026-09-09 03:32:06,579 [INFO]     PLUS the next closed bar (iloc[-2]) to CONFIRM in the same direction —
2026-09-09 03:32:06,579 [INFO]     same-colour candle that still closes on the same side of FUT-VWAP. Fires in
2026-09-09 03:32:06,579 [INFO]     either direction, any time in the entry window. Re-entries are governed by
2026-09-09 03:32:06,579 [INFO]     the existing momentum gate (no extra cap). check_vwap_signal().
2026-09-09 03:32:06,579 [INFO]     INTERPRETATION: "confirmation candle in same direction" = next 15m candle
2026-09-09 03:32:06,579 [INFO]     closes same side of its open (same colour) AND same side of VWAP as the
2026-09-09 03:32:06,579 [INFO]     cross. Confirmation candle has NO body-size requirement (only the cross bar
2026-09-09 03:32:06,579 [INFO]     does). If wrong, adjust _vwap15_confirm_ok().
2026-09-09 03:32:06,579 [INFO] 
2026-09-09 03:32:06,579 [INFO]   + FEATURE 2 — FUT 5m VWAP cross + S/R distance, FIXED +12 TARGET scalp.
2026-09-09 03:32:06,579 [INFO]     FUT5_SCALP_ENABLED. New engine 'FUT5VWAP'. On each closed FUT 5m bar that
2026-09-09 03:32:06,580 [INFO]     CROSSES its session VWAP (bar opens one side, closes the other) with body
2026-09-09 03:32:06,580 [INFO]     65-86% AND whose close is > FUT5_SCALP_SR_MIN_DIST (20pt) from EVERY one of
2026-09-09 03:32:06,580 [INFO]     yesterday's classic pivots S1/R1/S2/R2 → buy in the cross direction. Exit is
2026-09-09 03:32:06,580 [INFO]     a FIXED +FUT5_SCALP_TARGET_PTS (12) option points (HARDSL + 15:25 force-close
2026-09-09 03:32:06,580 [INFO]     still apply; NO trail/SMA8). One trade per event: deduped on the 5m bar ts,
2026-09-09 03:32:06,580 [INFO]     so the next entry needs a fresh qualifying cross. check_fut5m_vwap_scalp_signal().
2026-09-09 03:32:06,580 [INFO]     INTERPRETATION: ">20 points away from s1/r1/s2/r2" = min distance to ALL four
2026-09-09 03:32:06,580 [INFO]     pivots > 20pt (price in clear space, not hugging a pivot). "cross" = bar
2026-09-09 03:32:06,580 [INFO]     open & close on opposite sides of VWAP. Pivots = classic floor-trader pivots
2026-09-09 03:32:06,580 [INFO]     from the prior trading day's H/L/C. If wrong, adjust compute_classic_pivots()
2026-09-09 03:32:06,580 [INFO]     / check_fut5m_vwap_scalp_signal().
2026-09-09 03:32:06,580 [INFO] 
2026-09-09 03:32:06,580 [INFO]   + FEATURE 3 — MORNING 09:15-10:15 exception (bypasses the 09:45 start gate).
2026-09-09 03:32:06,580 [INFO]     MORNING_VWAP_ENABLED. Before the normal 09:45 entry start, between
2026-09-09 03:32:06,580 [INFO]     MORNING_WIN_START (09:15) and MORNING_WIN_END (10:15): if a closed FUT 15m
2026-09-09 03:32:06,580 [INFO]     bar crosses its VWAP (body 65-86%) AND its close is > MORNING_VWAP_SR_MIN_DIST
2026-09-09 03:32:06,580 [INFO]     (20pt) from every pivot S1/R1/S2/R2 → buy in the cross direction. Re-entries
2026-09-09 03:32:06,580 [INFO]     per momentum gate. Uses engine 'VWAP' (so it inherits the VWAP option-VWAP
2026-09-09 03:32:06,580 [INFO]     trail exit). Runs even when in_entry_window() is False; still respects
2026-09-09 03:32:06,580 [INFO]     stale-guard, gap-suppress, CB/halt, manual cooldown. check_morning_vwap15_signal().
2026-09-09 03:32:06,580 [INFO]     INTERPRETATION: this only ADDS the pre-09:45 window; from 09:45 on, the
2026-09-09 03:32:06,580 [INFO]     normal engines (incl. Feature 1) already run. No confirmation candle is
2026-09-09 03:32:06,580 [INFO]     required here (spec did not ask for one).
2026-09-09 03:32:06,580 [INFO] 
2026-09-09 03:32:06,580 [INFO]   + Classic pivots computed at boot from prior-day H/L/C → DAY.pivots
2026-09-09 03:32:06,580 [INFO]     {P,S1,R1,S2,R2}; min_dist_to_pivots() helper. New fetch_nifty_fut_5m().
2026-09-09 03:32:06,580 [INFO] 
2026-09-09 03:32:06,580 [INFO] =========================================================================
2026-09-09 03:32:06,580 [INFO] BACKFILL 2026-08-29 — V2.5.19 (06-21) -> 2026-08-28
2026-09-09 03:32:06,580 [INFO] =========================================================================
2026-09-09 03:32:06,580 [INFO] Reconstructed 2026-08-29 from the dated inline comments at each code site and
2026-09-09 03:32:06,580 [INFO] the research notes. The banner below had not been updated since V2.5.19
2026-09-09 03:32:06,581 [INFO] (2026-06-21) while 24 changes went in; an audit on 2026-08-27 confirmed NO
2026-09-09 03:32:06,581 [INFO] engine was silently removed or disabled, but the history was unreadable from
2026-09-09 03:32:06,581 [INFO] the top of the file. Enforcement now exists (see CODE_FINGERPRINT / the boot
2026-09-09 03:32:06,581 [INFO] UNDOCUMENTED-CHANGE check) so this cannot silently recur.
2026-09-09 03:32:06,581 [INFO] 
2026-09-09 03:32:06,581 [INFO] KNOWN GAP, stated plainly: the *_BACKUP_*.py chain jumps from 2026-08-01 to
2026-09-09 03:32:06,581 [INFO] 2026-08-25. The nine changes dated 08-08 through 08-20 have NO pre-change
2026-09-09 03:32:06,581 [INFO] backup file. They are reconstructable from the inline comments below, but they
2026-09-09 03:32:06,581 [INFO] cannot be diffed back to their exact prior code. Every change from 08-25 on has
2026-09-09 03:32:06,581 [INFO] a backup.
2026-09-09 03:32:06,581 [INFO] 
2026-09-09 03:32:06,581 [INFO] STATUS legend: [BT] backtested   [FWD] forward-paper only, no backtest
2026-09-09 03:32:06,581 [INFO]                [USER] user-directed   [FIX] bug fix   [UNVAL] unvalidated
2026-09-09 03:32:06,581 [INFO] 
2026-09-09 03:32:06,581 [INFO] V2.5.20 [2026-06-23] Same-direction re-entry cooldown.
2026-09-09 03:32:06,581 [INFO]   WHY: 06-23 a PE won +42 and re-entered PE 33 s later straight into HARDSL.
2026-09-09 03:32:06,581 [INFO]   The momentum/fade gates only look at the signal, not at how the last trade in
2026-09-09 03:32:06,581 [INFO]   that direction ended.  [FIX]
2026-09-09 03:32:06,581 [INFO] 
2026-09-09 03:32:06,581 [INFO] V2.5.20 [2026-06-24] VWAP15_CONFIRM_ENABLED = False.
2026-09-09 03:32:06,581 [INFO]   WHY: user call. The V2.5.19 confirmation candle delayed entries into already-
2026-09-09 03:32:06,581 [INFO]   declining trends. VWAP now fires on the FUT 15m VWAP cross bar itself.
2026-09-09 03:32:06,581 [INFO]   RE-REVIEW TRIGGER: if a chop regime returns and VWAP false-starts rise, the
2026-09-09 03:32:06,581 [INFO]   confirm candle is the first thing to switch back on.  [USER]
2026-09-09 03:32:06,581 [INFO] 
2026-09-09 03:32:06,581 [INFO] V2.5.20 [2026-06-29] Paper-mode order bypass — kite_paper places no real orders.
2026-09-09 03:32:06,581 [INFO] 
2026-09-09 03:32:06,581 [INFO] V2.5.20 [2026-07-06] Rebuilt on the concurrent-backtest architecture; all
2026-09-09 03:32:06,581 [INFO]   engines run simultaneously with no suppression. Plus two CRITICAL fixes:
2026-09-09 03:32:06,581 [INFO]   (a) ORB/GAPBREAK stale-data — fetch_nifty_1m/5m returned frames whose last
2026-09-09 03:32:06,581 [INFO]       bar was days old; a 2-lot PE went in on a close from 07-03. (b) position-
2026-09-09 03:32:06,582 [INFO]       sync false MANUAL_EXIT.  [FIX]
2026-09-09 03:32:06,582 [INFO] 
2026-09-09 03:32:06,582 [INFO] V2.5.20 [2026-07-07] LOTS_PER_TRADE 2 -> 1 (user instruction). ATM strike
2026-09-09 03:32:06,582 [INFO]   resolution fix (old round_to_atm(24000)+2000 path).  [USER][FIX]
2026-09-09 03:32:06,582 [INFO] 
2026-09-09 03:32:06,582 [INFO] V2.5.20 [2026-07-08] V2.5.20 given its OWN Telegram bot (was sharing V2.5.19's).
2026-09-09 03:32:06,582 [INFO]   MANUAL_EXIT detected via the bot's own order-ids, never account-wide net_qty.
2026-09-09 03:32:06,582 [INFO]   [FIX]
2026-09-09 03:32:06,582 [INFO] 
2026-09-09 03:32:06,582 [INFO] V2.5.20 [2026-07-10 .. 07-14] Broker-integrity hardening after the 07-09
2026-09-09 03:32:06,582 [INFO]   NIFTY24000CE incident and the 07-14 stranded lots: order-book/RMS race fixes
2026-09-09 03:32:06,582 [INFO]   on both BUY and SELL, per-position is_paper flag, unconfirmed_fill flag,
2026-09-09 03:32:06,582 [INFO]   bot order-id registry, orphan-position resume, HALT_NEW_ENTRIES_ON_DATE
2026-09-09 03:32:06,582 [INFO]   replacing a bare NO_NEW_ENTRIES_TODAY that had been left True since 07-09.
2026-09-09 03:32:06,582 [INFO]   [FIX]
2026-09-09 03:32:06,582 [INFO] 
2026-09-09 03:32:06,582 [INFO] V2.5.20 [2026-07-12] V2 params from the real-30-day grid search (k_extreme=ON,
2026-09-09 03:32:06,582 [INFO]   rsi_gate=ON, macd_align=OFF) on 05-15..07-10 — 7 trades / 71.4% WR / +45.96pt.
2026-09-09 03:32:06,582 [INFO]   CAVEAT RECORDED AT THE TIME: 7-trade sample. MACD gate left in the code behind
2026-09-09 03:32:06,582 [INFO]   V2_MACD_GATE_ENABLED so it can be flipped back.
2026-09-09 03:32:06,582 [INFO]   Also: V3 probe entry (limit, replacing market entry, user instruction), V3
2026-09-09 03:32:06,582 [INFO]   early-entry + fast exit, ORB in-day CHOPPY kill, MOM_GATE_V3 re-enable.
2026-09-09 03:32:06,582 [INFO]   [BT-weak][USER]
2026-09-09 03:32:06,582 [INFO] 
2026-09-09 03:32:06,582 [INFO] V2.5.20 [2026-07-13] PUT-FLIP QUALITY GATE — V2.5.19 flipped a winning CE to PE
2026-09-09 03:32:06,582 [INFO]   on a 0.5pt K move (58.9 -> 58.4). Gate requires a real reversal.  [FIX]
2026-09-09 03:32:06,582 [INFO] V2.5.20 [2026-07-13] *** COUNTER-TREND VETO *** — single choke point for EVERY
2026-09-09 03:32:06,583 [INFO]   engine. The day's low printed 09:15 and Nifty ran one-way to 24259 while the
2026-09-09 03:32:06,583 [INFO]   bot kept buying PEs. BIGGEST VALIDATED EDGE TO DATE: +697.9 pts / +Rs45,362
2026-09-09 03:32:06,583 [INFO]   out-of-sample. Do not weaken without equivalent evidence.  [BT]
2026-09-09 03:32:06,583 [INFO] 
2026-09-09 03:32:06,583 [INFO] V2.5.20 [2026-07-20] EXECUTION_BROKER LIVE -> PAPER, explicit user instruction;
2026-09-09 03:32:06,583 [INFO]   no real orders since. T5 engine (levels + premium-divergence). APEX engine
2026-09-09 03:32:06,583 [INFO]   (the user's actual method) — shadow only. 1-minute capture added (Kite
2026-09-09 03:32:06,583 [INFO]   interval is 'minute', not '1minute'). Unlimited engine overlap in paper.
2026-09-09 03:32:06,583 [INFO]   [USER]
2026-09-09 03:32:06,583 [INFO] 
2026-09-09 03:32:06,583 [INFO] V2.5.20 [2026-07-24] VWAP/APEX frm>now precession fix.  [FIX]
2026-09-09 03:32:06,583 [INFO] 
2026-09-09 03:32:06,583 [INFO] V2.5.20 [2026-07-26] FUT5VWAP dedup fix (<= not ==; a stale/out-of-order refetch
2026-09-09 03:32:06,583 [INFO]   reopened a second real position on an already-seen signal, seen 07-24).
2026-09-09 03:32:06,583 [INFO]   EXPIRY engine — OTM premium-multiplication pop, expiry day only, one shot.
2026-09-09 03:32:06,583 [INFO]   Expiry-specific velvet-rope/ladder expressed as MULTIPLES not points (user
2026-09-09 03:32:06,583 [INFO]   instruction: a Rs8 option cannot use a +12pt ladder).  [FIX][USER]
2026-09-09 03:32:06,583 [INFO] 
2026-09-09 03:32:06,583 [INFO] V2.5.20 [2026-07-27] push_logs_to_github(): added `git rebase --autostash`.
2026-09-09 03:32:06,583 [INFO]   WHY: a dirty tree made plain `git rebase` abort silently, so every push had
2026-09-09 03:32:06,583 [INFO]   been rejected non-fast-forward since 07-20 (~365 rejects/day/bot).
2026-09-09 03:32:06,583 [INFO]   *** SIDE EFFECT DISCOVERED 2026-08-27: this is what orphaned the logging
2026-09-09 03:32:06,583 [INFO]   FileHandler's inode and blanked the FlightRecorder logs. Fixed 08-29 with
2026-09-09 03:32:06,583 [INFO]   WatchedFileHandler. DO NOT remove --autostash. ***  [FIX]
2026-09-09 03:32:06,583 [INFO] 
2026-09-09 03:32:06,583 [INFO] V2.5.20 [2026-07-29] Counter-trend-veto Telegram dedup (spam fix).  [FIX]
2026-09-09 03:32:06,583 [INFO] 
2026-09-09 03:32:06,583 [INFO] V2.5.20 [2026-08-01] APEX entry filter: APEX_RSI_MIN_DELTA = 5.0 — require a
2026-09-09 03:32:06,583 [INFO]   decisive RSI turn, not any turn. Re-sim -3,835 -> +234, IN-SAMPLE ONLY.
2026-09-09 03:32:06,583 [INFO]   [UNVAL]
2026-09-09 03:32:06,583 [INFO] 
2026-09-09 03:32:06,584 [INFO] V2.5.20 [2026-08-08] VWAP same-day loss cap, from the real 3-month simulated
2026-09-09 03:32:06,584 [INFO]   backtest on Upstox real premiums. Same pass disabled PIVOTBREAK.  [BT]
2026-09-09 03:32:06,584 [INFO] 
2026-09-09 03:32:06,584 [INFO] V2.5.20 [2026-08-09] PIVOTBREAK REMOVED ENTIRELY (code deleted, syntax-clean).
2026-09-09 03:32:06,584 [INFO]   WHY: kill-switch (08-08) then a full professional rebuild (08-09) both failed;
2026-09-09 03:32:06,584 [INFO]   losses were structural exit-logic, not day-type. Do not re-add without new
2026-09-09 03:32:06,584 [INFO]   evidence — see the rebuild trail before trying.  [BT]
2026-09-09 03:32:06,584 [INFO] 
2026-09-09 03:32:06,584 [INFO] V2.5.20 [2026-08-13] V2 per-bar dedup on the closed 15m bar, same convention as
2026-09-09 03:32:06,584 [INFO]   VWAP/FUT5VWAP. WHY: V2 had NO dedup, so a Kite rate-limit retry stacked 5 V2
2026-09-09 03:32:06,584 [INFO]   lots on one signal — this is what produced the phantom +Rs8,492 on 08-12 that
2026-09-09 03:32:06,584 [INFO]   looked like edge and was not. Also fixed a POS.engine comparison against the
2026-09-09 03:32:06,584 [INFO]   literal 'BASE'.  [FIX]
2026-09-09 03:32:06,584 [INFO] 
2026-09-09 03:32:06,584 [INFO] V2.5.20 [2026-08-16] V2_DAILY_LOSS_CAP = 1. From a real 3-month re-port of V2's
2026-09-09 03:32:06,584 [INFO]   own logic (05-04..08-06): capping V2 at one loss/day was the only no-trade-
2026-09-09 03:32:06,584 [INFO]   zone variant that survived; all the others failed.  [BT]
2026-09-09 03:32:06,584 [INFO] 
2026-09-09 03:32:06,584 [INFO] V2.5.20 [2026-08-17] FUT5VWAP min pivot distance 30 -> 25 pt, from a real
2026-09-09 03:32:06,584 [INFO]   re-port at native 1-min granularity. NOTE: the corrected FUT5VWAP baseline is
2026-09-09 03:32:06,584 [INFO]   88.9% WR / +Rs53,315 over 380 days — the earlier 94% / +Rs104k figure was a
2026-09-09 03:32:06,584 [INFO]   same-bar exit-ambiguity BUG and is void.  [BT]
2026-09-09 03:32:06,584 [INFO] 
2026-09-09 03:32:06,584 [INFO] V2.5.20 [2026-08-20] Four VWAP/V2/ORB changes from a real 40-trade backtest on
2026-09-09 03:32:06,584 [INFO]   the live 07-07..08-20 log:
2026-09-09 03:32:06,584 [INFO]    (1) VWAP 5m persistence + distance-from-VWAP gate;
2026-09-09 03:32:06,584 [INFO]    (2) VWAP post-loss same-side cooldown;
2026-09-09 03:32:06,584 [INFO]    (3) V2 trail scaled to entry premium (arm = entry x 1.15) instead of fixed
2026-09-09 03:32:06,584 [INFO]        points — V2 entries range from ~Rs73 upward, a fixed +15 is not
2026-09-09 03:32:06,584 [INFO]        comparable across them;  [USER]
2026-09-09 03:32:06,584 [INFO]    (4) V2 hard stop fixed at -15 pt, replacing the generic -18% HARDSL;  [USER]
2026-09-09 03:32:06,584 [INFO]    (5) ORB exit tightened: stop 15 / ride 40 / giveback 20.
2026-09-09 03:32:06,584 [INFO]   Neither VWAP gate alone made VWAP profitable — they reduce the loss. Expect a
2026-09-09 03:32:06,585 [INFO]   smaller drawdown, not profit.  [BT]
2026-09-09 03:32:06,585 [INFO] 
2026-09-09 03:32:06,585 [INFO] V2.5.20 [2026-08-22] *** EXPIRY ENGINES 1 & 2 (EXP12) — SHADOW PAPER BOOK ***
2026-09-09 03:32:06,585 [INFO]   E1 RSI-snap + OI/strike gates: recent 40 expiries 9 trades / 89% WR /
2026-09-09 03:32:06,585 [INFO]   +Rs18,944 (older 57 dormant, -Rs819).
2026-09-09 03:32:06,585 [INFO]   E2 cheap-ladder Rs8-16 + spot-through-strike + OI <= +5%, NO stop, trail 20%
2026-09-09 03:32:06,585 [INFO]   after 40: recent 40 +Rs12,760 (older 57 -Rs4,910).
2026-09-09 03:32:06,585 [INFO]   User instruction: NO restrictions — no trade-count or SL-count limits.
2026-09-09 03:32:06,585 [INFO]   SEPARATE BOOK: own lot size, own CSV, EXCLUDED from fmt_eod_summary by
2026-09-09 03:32:06,585 [INFO]   design. (Reporting confusion this caused was raised 08-27; being fixed in a
2026-09-09 03:32:06,585 [INFO]   later item.)  [BT][USER]
2026-09-09 03:32:06,585 [INFO] 
2026-09-09 03:32:06,585 [INFO] V2.5.20 [2026-08-25] EXP12 relaxed gates, user override after the 08-25 miss
2026-09-09 03:32:06,585 [INFO]   (premium out-ran spot, so E2's "Rs8-16 AND spot>=strike in the SAME minute"
2026-09-09 03:32:06,585 [INFO]   never overlapped): E1 no SL / trail after 2x; entries 14:30-15:25; dist >= -35
2026-09-09 03:32:06,585 [INFO]   (-115 Sensex) OR crossed within 30 min; E2 band hi 20 (66 Sensex); universe
2026-09-09 03:32:06,585 [INFO]   re-resolve every 5 min. Replay on 08-25 = +Rs3,416 vs actual 0.
2026-09-09 03:32:06,585 [INFO]   *** KNOWN REMAINING FLAW (08-27, 2nd confirmation): the universe re-resolves
2026-09-09 03:32:06,585 [INFO]   only when the MAX-OI strike M moves, and max-OI is sticky while spot is not.
2026-09-09 03:32:06,585 [INFO]   On 08-27 legs froze at 77500 while Sensex fell to 77182 — nothing near the
2026-09-09 03:32:06,585 [INFO]   money for two hours. Anchor to SPOT, but re-backtest evaluate_day_e2() first.
2026-09-09 03:32:06,585 [INFO]   ***  [USER][UNVAL]
2026-09-09 03:32:06,585 [INFO] 
2026-09-09 03:32:06,585 [INFO] V2.5.20 [2026-08-26] *** KITE RETIRED — UPSTOX MIGRATION ***
2026-09-09 03:32:06,585 [INFO]   All bots moved to Upstox behind a drop-in Kite-compatible shim
2026-09-09 03:32:06,585 [INFO]   (upstox_kite_shim.py). Long-lived read-only token, no daily login; launchers'
2026-09-09 03:32:06,585 [INFO]   auto_login removed. Candle/quote/OI parity verified live pre-deploy.
2026-09-09 03:32:06,585 [INFO]   *** REGRESSION FOUND 08-27: zero [STALE] events in ~37 Kite days, 50 on the
2026-09-09 03:32:06,585 [INFO]   FIRST Upstox day. CAUSE (corrected 08-29): the shim asks the intraday
2026-09-09 03:32:06,585 [INFO]   endpoint for 15-MINUTE candles, and that endpoint is built around COMPLETED
2026-09-09 03:32:06,585 [INFO]   intervals, so the forming bar appears 0-6 min late; Kite returned the partial
2026-09-09 03:32:06,585 [INFO]   bar from the first tick. Upstox is NOT slower — its 1m/tick data is as fast.
2026-09-09 03:32:06,586 [INFO]   Wrong endpoint granularity, not a vendor fault. Real fix = fetch 1m and
2026-09-09 03:32:06,586 [INFO]   resample to 15m in the shim (raising the 16-min guard is the WRONG fix: it
2026-09-09 03:32:06,586 [INFO]   would let the engines read a 30-45 min old iloc[-2] silently). ***  [FIX]
2026-09-09 03:32:06,586 [INFO] 
2026-09-09 03:32:06,586 [INFO] V2.5.20 [2026-08-26] EXP2W = EXP2 + the user's "was-expensive" SELECTION filter,
2026-09-09 03:32:06,586 [INFO]   run as a PARALLEL tag beside plain EXP2 — same legs, same data, same exits, so
2026-09-09 03:32:06,586 [INFO]   the two isolate the filter's effect. In-sample replay: NIFTY -3,308 -> +1,873,
2026-09-09 03:32:06,586 [INFO]   SENSEX +2,970 -> +2,552, ~60% fewer trades.
2026-09-09 03:32:06,586 [INFO]   *** LIVE A/B DATA POINT #1 (08-27): EXP2W DECLINED the day's only winner
2026-09-09 03:32:06,586 [INFO]   (77100PE, afternoon high 46.95 < the Rs130 floor) — cost Rs3,378. n=1, against
2026-09-09 03:32:06,586 [INFO]   the filter. Do not act on one day. ***  [USER][BT-insample]
2026-09-09 03:32:06,586 [INFO] 
2026-09-09 03:32:06,586 [INFO] V2.5.20 [2026-08-26] SENSEX bot given its own Telegram bot/chat; Nifty chat
2026-09-09 03:32:06,586 [INFO]   unchanged.  [USER]
2026-09-09 03:32:06,586 [INFO] 
2026-09-09 03:32:06,586 [INFO] V2.5.20 [EXP12 UNIVERSE ANCHORED TO SPOT — 2026-08-29]  (item 4)
2026-09-09 03:32:06,586 [INFO]   WHAT: EXP12_ANCHOR = 'spot'. _exp12_resolve_m() now returns the strike
2026-09-09 03:32:06,586 [INFO]   NEAREST SPOT instead of the max-OI strike among ATM+/-4. Max-OI is still
2026-09-09 03:32:06,586 [INFO]   computed and logged when it diverges, so the failure mode stays visible.
2026-09-09 03:32:06,586 [INFO]   Set EXP12_ANCHOR='maxoi' to revert the behaviour without touching code.
2026-09-09 03:32:06,586 [INFO] 
2026-09-09 03:32:06,586 [INFO]   WHY: max-OI is sticky, spot is not. 08-25 (Nifty) and 08-27 (Sensex: legs
2026-09-09 03:32:06,586 [INFO]   frozen at 77500 while spot fell to 77182, >200pt below the lowest leg) both
2026-09-09 03:32:06,586 [INFO]   left BOTH engines with no near-the-money contract for hours. The 5-minute
2026-09-09 03:32:06,586 [INFO]   re-resolve added 08-25 only swapped legs when M moved, so it never fired.
2026-09-09 03:32:06,586 [INFO] 
2026-09-09 03:32:06,586 [INFO]   BACKTEST (this gate was NOT skipped — the 08-27 note said re-backtest first):
2026-09-09 03:32:06,586 [INFO]   40 recent Nifty expiries, real Upstox 1-min premiums.
2026-09-09 03:32:06,586 [INFO]   *** The existing step12/step16 datasets could NOT answer this: they contain
2026-09-09 03:32:06,586 [INFO]   ONLY the 3 max-OI-anchored strikes per day, i.e. only the strikes the flawed
2026-09-09 03:32:06,586 [INFO]   rule already picks. A WIDE 11-strike band was pulled specially
2026-09-09 03:32:06,586 [INFO]   (exp_wide_universe_data.json) via the Expired Instruments API. ***
2026-09-09 03:32:06,586 [INFO]     GATE G1 baseline reproduced EXACTLY: max-OI n=26, +Rs12,760 (published)
2026-09-09 03:32:06,586 [INFO]     A max-OI x3          n=26  WR 46.2%  +Rs12,760  median day  -Rs29
2026-09-09 03:32:06,587 [INFO]     C spot x3 @14:30     n=29  WR 51.7%  +Rs13,959  median day +Rs111
2026-09-09 03:32:06,587 [INFO]                          -> 3 days better, 0 WORSE, 21 unchanged
2026-09-09 03:32:06,587 [INFO]     B spot re-anchored   n=32  WR 53.1%  +Rs18,242  5 better, 1 worse
2026-09-09 03:32:06,587 [INFO]   Live behaviour sits between C and B (legs re-resolve every 5 min).
2026-09-09 03:32:06,587 [INFO] 
2026-09-09 03:32:06,587 [INFO]   OUT-OF-WINDOW (older 57 expiries 2024-10..2025-11, the regime where E2 is
2026-09-09 03:32:06,587 [INFO]   known to LOSE). Question was not "does E2 work there" -- it does not -- but
2026-09-09 03:32:06,587 [INFO]   "does spot anchoring make it WORSE". It does not:
2026-09-09 03:32:06,587 [INFO]     A max-OI x3  n=40  WR 35.0%  -Rs3,958
2026-09-09 03:32:06,587 [INFO]     C spot x3    n=43  WR 37.2%  -Rs2,954   (2 days better, 1 worse)
2026-09-09 03:32:06,587 [INFO]     B re-anchor  n=44  WR 36.4%  -Rs3,162
2026-09-09 03:32:06,587 [INFO]   CAVEAT, stated rather than buried: this OOS baseline is -Rs3,958 against the
2026-09-09 03:32:06,587 [INFO]   published -Rs4,910. The Expired-Instruments API returned NO contracts for 1 of
2026-09-09 03:32:06,587 [INFO]   the 57 days and only 15 of 22 for another, so the OOS run covers 56 days with
2026-09-09 03:32:06,587 [INFO]   some gaps. Treat the OOS numbers as DIRECTIONAL. The recent-40 window, which
2026-09-09 03:32:06,587 [INFO]   is what this change is justified on, reproduced its baseline EXACTLY.
2026-09-09 03:32:06,587 [INFO] 
2026-09-09 03:32:06,587 [INFO]   HONEST READING: the in-sample gain is SMALL (+Rs1,199 at equal breadth)
2026-09-09 03:32:06,587 [INFO]   because max-OI and spot-ATM usually COINCIDE — they differed on only 3 of 24
2026-09-09 03:32:06,587 [INFO]   traded days. This change is not an edge improvement; it removes a blind spot
2026-09-09 03:32:06,587 [INFO]   in the tail. Its value is that at equal breadth it was never worse on any of
2026-09-09 03:32:06,587 [INFO]   the 40 expiries, and the two live misses are exactly the case it fixes.
2026-09-09 03:32:06,587 [INFO] 
2026-09-09 03:32:06,587 [INFO]   REVERT: *_BACKUP_20260829_pre_spot_anchor.py, or EXP12_ANCHOR='maxoi'
2026-09-09 03:32:06,587 [INFO]   STATUS: applied 2026-08-29. Confirm on the next expiry that the log shows
2026-09-09 03:32:06,587 [INFO]   "[EXP12] anchor=spot M=..." and that legs track spot.  [BT][USER]
2026-09-09 03:32:06,587 [INFO] 
2026-09-09 03:32:06,587 [INFO] V2.5.20 [EXPIRY REPORTING + INTRADAY BAR FIX — 2026-08-29]
2026-09-09 03:32:06,587 [INFO]   Four changes, all from the user's 2026-08-27 review. NO entry/exit RULE was
2026-09-09 03:32:06,588 [INFO]   changed — these are data-plumbing and reporting only.
2026-09-09 03:32:06,588 [INFO] 
2026-09-09 03:32:06,588 [INFO]   (1) SHIM 1-MINUTE RESAMPLING (item 3). upstox_kite_shim.historical_data() now
2026-09-09 03:32:06,588 [INFO]       builds TODAY's 5m/15m/1h bars from 1-MINUTE intraday instead of asking the
2026-09-09 03:32:06,588 [INFO]       intraday endpoint for them directly, because that endpoint only emits a
2026-09-09 03:32:06,588 [INFO]       forming bar 0-6 min late and the engines read iloc[-2] assuming iloc[-1]
2026-09-09 03:32:06,588 [INFO]       is the forming bar. Deliberately NOT raising the 16-min stale guard —
2026-09-09 03:32:06,588 [INFO]       that would hide stale indicators instead of surfacing them.
2026-09-09 03:32:06,588 [INFO]       52/52 instrument-day-interval combos reproduce Upstox's own O/H/L/C/vol/OI
2026-09-09 03:32:06,588 [INFO]       EXACTLY. See upstox_kite_shim.py CHANGE_HISTORY.  [FIX]
2026-09-09 03:32:06,588 [INFO] 
2026-09-09 03:32:06,588 [INFO]   (2) EXPIRY "WHY / WHY NOT" TELEGRAM at 15:29 (item 5). User: "no message about
2026-09-09 03:32:06,588 [INFO]       why a trade was not taken". Every EXP12 gate now increments a counter
2026-09-09 03:32:06,588 [INFO]       (_exp12_block) and records the closest miss (_exp12_near);
2026-09-09 03:32:06,588 [INFO]       _exp12_eod_report() sends one consolidated per-engine message. On the
2026-09-09 03:32:06,588 [INFO]       08-27 book this renders as "EXP2: no trade — blocked by spot too far from
2026-09-09 03:32:06,588 [INFO]       strike x148 ... closest: 77400CE prem 12.30 OK but dist -318", which is
2026-09-09 03:32:06,588 [INFO]       the universe flaw made visible.  [USER]
2026-09-09 03:32:06,588 [INFO] 
2026-09-09 03:32:06,588 [INFO]   (3) EXP12 TELEGRAM COLOUR + SHADOW TAG (item 7a). Entries/exits were plain
2026-09-09 03:32:06,588 [INFO]       🎯/⚫ with no green/red, so a +Rs3,378 day on 08-27 read like nothing had
2026-09-09 03:32:06,588 [INFO]       happened. Now 🟢/🔴 by CE/PE, 🟩/🟥 by result, and a persistent
2026-09-09 03:32:06,588 [INFO]       "⚫ SHADOW BOOK (not in main PnL)" tag.  [USER]
2026-09-09 03:32:06,588 [INFO] 
2026-09-09 03:32:06,588 [INFO]   (4) SHADOW TOTAL IN THE EOD SUMMARY (item 7b). EXP12 is a separate book (own
2026-09-09 03:32:06,588 [INFO]       lot size, own CSV) and stays EXCLUDED from Net PnL — but it is now printed
2026-09-09 03:32:06,588 [INFO]       as its own clearly-labelled block, so 08-27's "Rs0" on a +Rs3,378 day
2026-09-09 03:32:06,588 [INFO]       cannot recur. The two totals are visible without ever being mixed.  [USER]
2026-09-09 03:32:06,588 [INFO] 
2026-09-09 03:32:06,588 [INFO]   REVERT: *_BACKUP_20260829_pre_changelog_backfill.py (and, for the shim,
2026-09-09 03:32:06,588 [INFO]           upstox_kite_shim_BACKUP_20260829_pre_1m_resample.py)
2026-09-09 03:32:06,588 [INFO]   STATUS: applied 2026-08-29 (Sat, market closed). Item (1) is offline-verified
2026-09-09 03:32:06,589 [INFO]           only and MUST be confirmed against the live feed at the next open:
2026-09-09 03:32:06,589 [INFO]           [STALE] events should drop to zero. Items (2)-(4) are cosmetic/report
2026-09-09 03:32:06,589 [INFO]           paths and are proven by rendering tests, but (2) only fires on an
2026-09-09 03:32:06,589 [INFO]           expiry day — next Nifty expiry Tue 2026-09-01.
2026-09-09 03:32:06,589 [INFO] 
2026-09-09 03:32:06,589 [INFO] V2.5.20 [FLIGHT-RECORDER LOG FIX — 2026-08-29]
2026-09-09 03:32:06,589 [INFO]   WHAT : logging.basicConfig(filename=LOG_FN) -> logging.handlers.
2026-09-09 03:32:06,589 [INFO]          WatchedFileHandler(LOG_FN). One handler swap in the LOGGING block;
2026-09-09 03:32:06,589 [INFO]          added `import logging.handlers`. No engine/strategy code touched.
2026-09-09 03:32:06,589 [INFO]   WHY  : every Nifty & Sensex FlightRecorder *.log had been BOOT-BANNER-ONLY
2026-09-09 03:32:06,589 [INFO]          for ~a week (08-20 -> 08-28): 32,891 bytes, last line 8 seconds after
2026-09-09 03:32:06,589 [INFO]          boot, while the BarLevel CSV ran to 15:25. push_logs_to_github() runs
2026-09-09 03:32:06,589 [INFO]          `git rebase --autostash` every 5 min; with a dirty tree the autostash
2026-09-09 03:32:06,589 [INFO]          push/pop deletes and recreates every modified tracked file, including
2026-09-09 03:32:06,589 [INFO]          the log being written. The plain FileHandler held its fd on the old
2026-09-09 03:32:06,589 [INFO]          inode, so all later lines went to an orphaned inode. This is why the
2026-09-09 03:32:06,589 [INFO]          "check the Thursday log" instructions left for EXP2W / EXP12-relax /
2026-09-09 03:32:06,589 [INFO]          Upstox were all uncheckable. Real record was ~/orion_*_run.log (stdout).
2026-09-09 03:32:06,589 [INFO]   EVIDENCE : reproduced against a REAL two-bot `git rebase --autostash` cycle
2026-09-09 03:32:06,589 [INFO]          (scratchpad/wfhtest/repro3.py): FileHandler -> on-disk log holds ONLY
2026-09-09 03:32:06,589 [INFO]          the boot banner (inode swapped mid-run); WatchedFileHandler -> all
2026-09-09 03:32:06,589 [INFO]          lines through EOD survive the identical swap. Control that confirms
2026-09-09 03:32:06,589 [INFO]          the diagnosis in production: stocks_run.log is NOT git-tracked, is
2026-09-09 03:32:06,589 [INFO]          never touched by the push, and is complete through 15:30 IST on the
2026-09-09 03:32:06,589 [INFO]          same sessions. csv_append() and the Telegram fallback log open by
2026-09-09 03:32:06,589 [INFO]          name per write and were never affected.
2026-09-09 03:32:06,589 [INFO]   NOT DONE : dropping --autostash. It was added 2026-07-27 to fix a different
2026-09-09 03:32:06,589 [INFO]          failure (365+ push rejects/day since 07-20). Do not remove it.
2026-09-09 03:32:06,589 [INFO]   REVERT : ORION_PAPER_V2_5_20_BACKUP_20260829_pre_watchedfilehandler.py /
2026-09-09 03:32:06,589 [INFO]            ORION_SENSEX_V2520_BACKUP_20260829_pre_watchedfilehandler.py
2026-09-09 03:32:06,589 [INFO]   STATUS : code-applied 2026-08-29 (Sat, market closed). NOT yet proven live —
2026-09-09 03:32:06,589 [INFO]            confirm on the next session's boot that the FlightRecorder log keeps
2026-09-09 03:32:06,590 [INFO]            growing past 09:07 and its last line is ~15:25, not ~09:02.
2026-09-09 03:32:06,590 [INFO] 
2026-09-09 03:32:06,590 [INFO] === REJECTED DECISIONS (DO NOT RE-ADD WITHOUT NEW BACKTEST EVIDENCE) ===
2026-09-09 03:32:06,590 [INFO]   SKIP_HOUR_13         : -Rs 46k (kills profitable flips in that window)
2026-09-09 03:32:06,590 [INFO]   SKIP_TUESDAYS        : +Rs 56k but calendar-overfit; RSI gate replaces
2026-09-09 03:32:06,590 [INFO]   ADX<20 filter        : -Rs 16k
2026-09-09 03:32:06,590 [INFO]   ADX<25 filter        : -Rs 34k
2026-09-09 03:32:06,590 [INFO]   BE armor at +15%     : net negative
2026-09-09 03:32:06,590 [INFO]   Same-side flip       : -Rs 191k CATASTROPHIC
2026-09-09 03:32:06,590 [INFO]   REVERSAL_FLIP=True   : WR 12% vs 33%
2026-09-09 03:32:06,590 [INFO]   K cap on CE          : hurts WR (no cap is better)
2026-09-09 03:32:06,590 [INFO]   V2.5.10 macro SMA50  : -Rs 2.3L vs V2.5.9; lagging filter blocked PE in bear phases
2026-09-09 03:32:06,590 [INFO]   V2.5.11 straddle halt: straddle expansion days WR 69.8% > normal 66.9%;
2026-09-09 03:32:06,590 [INFO]                          halting on expansion removed profitable trades (+Rs 2,54,234 phantom)
2026-09-09 03:32:08,279 [INFO] [CHANGELOG] up to date (last entry 2026-09-05)
2026-09-09 03:32:12,642 [INFO] [boot] Logs pushed to GitHub: Nifty_FlightRecorder_V2_5_20_20260909_090204.log, Nifty_BarLevel_V2_5_20_20260909_090204.csv
2026-09-09 03:32:12,904 [INFO] [APEX] open=0 trades=0 realized=+0.0pt/Rs+0 unreal=+0.0pt/Rs+0
2026-09-09 03:32:12,906 [INFO] [T5] open=0 trades=0 realized=+0.0pt/Rs+0 unreal=+0.0pt/Rs+0
2026-09-09 03:32:12,906 [INFO] [INDICATORS] spot=23635.1 | 1h: close=23641.1 sma20=23800.0 sma50=23909.9 rsi=28.2 macd=-79.91/-67.86(bear) | 15m: K=71.9↓(prev 84.8) | regime=PE-eligible any_active=False
2026-09-09 03:32:12,906 [INFO] [SIGNAL] CE: reg=False K=False(K=71.9>=38,rising) Kextr=False RSI=False(28.2>53) MACD=False(gate off) => BLOCK | PE: reg=True K=True(K=71.9<=80,falling) Kextr=True RSI=True(28.2<47) MACD=True(gate off) => PASS
2026-09-09 03:37:16,230 [INFO] [APEX] open=0 trades=0 realized=+0.0pt/Rs+0 unreal=+0.0pt/Rs+0
2026-09-09 03:37:16,232 [INFO] [T5] open=0 trades=0 realized=+0.0pt/Rs+0 unreal=+0.0pt/Rs+0
2026-09-09 03:37:16,232 [INFO] [INDICATORS] spot=23635.1 | 1h: close=23641.1 sma20=23800.0 sma50=23909.9 rsi=28.2 macd=-79.91/-67.86(bear) | 15m: K=71.9↓(prev 84.8) | regime=PE-eligible any_active=False
2026-09-09 03:37:16,232 [INFO] [SIGNAL] CE: reg=False K=False(K=71.9>=38,rising) Kextr=False RSI=False(28.2>53) MACD=False(gate off) => BLOCK | PE: reg=True K=True(K=71.9<=80,falling) Kextr=True RSI=True(28.2<47) MACD=True(gate off) => PASS
2026-09-09 03:37:18,735 [INFO] [periodic] Logs pushed to GitHub: Nifty_FlightRecorder_V2_5_20_20260909_090204.log, Nifty_BarLevel_V2_5_20_20260909_090204.csv
2026-09-09 03:42:21,165 [INFO] [APEX] open=0 trades=0 realized=+0.0pt/Rs+0 unreal=+0.0pt/Rs+0
2026-09-09 03:42:21,167 [INFO] [T5] open=0 trades=0 realized=+0.0pt/Rs+0 unreal=+0.0pt/Rs+0
2026-09-09 03:42:21,167 [INFO] [INDICATORS] spot=23635.1 | 1h: close=23641.1 sma20=23800.0 sma50=23909.9 rsi=28.2 macd=-79.91/-67.86(bear) | 15m: K=71.9↓(prev 84.8) | regime=PE-eligible any_active=False
2026-09-09 03:42:21,167 [INFO] [SIGNAL] CE: reg=False K=False(K=71.9>=38,rising) Kextr=False RSI=False(28.2>53) MACD=False(gate off) => BLOCK | PE: reg=True K=True(K=71.9<=80,falling) Kextr=True RSI=True(28.2<47) MACD=True(gate off) => PASS
2026-09-09 03:42:23,518 [INFO] [periodic] Logs pushed to GitHub: Nifty_FlightRecorder_V2_5_20_20260909_090204.log, Nifty_BarLevel_V2_5_20_20260909_090204.csv
2026-09-09 03:47:26,376 [INFO] [APEX] open=0 trades=0 realized=+0.0pt/Rs+0 unreal=+0.0pt/Rs+0
2026-09-09 03:47:26,376 [INFO] [T5] open=0 trades=0 realized=+0.0pt/Rs+0 unreal=+0.0pt/Rs+0
2026-09-09 03:47:26,377 [INFO] [INDICATORS] spot=23483.7 | 1h: close=23635.1 sma20=23784.7 sma50=23899.7 rsi=27.8 macd=-80.68/-70.43(bear) | 15m: K=58.5↓(prev 71.9) | regime=PE-eligible any_active=False
2026-09-09 03:47:26,377 [INFO] [SIGNAL] CE: reg=False K=False(K=58.5>=38,rising) Kextr=False RSI=False(27.8>53) MACD=False(gate off) => BLOCK | PE: reg=True K=True(K=58.5<=80,falling) Kextr=True RSI=True(27.8<47) MACD=True(gate off) => PASS
2026-09-09 03:47:29,858 [INFO] [periodic] Logs pushed to GitHub: Nifty_FlightRecorder_V2_5_20_20260909_090204.log, Nifty_BarLevel_V2_5_20_20260909_090204.csv
2026-09-09 03:50:01,723 [INFO] [STRADDLE] Reference: ₹268.7 at 09:20
2026-09-09 03:52:33,358 [INFO] [APEX] open=0 trades=0 realized=+0.0pt/Rs+0 unreal=+0.0pt/Rs+0
2026-09-09 03:52:33,398 [INFO] [T5] open=0 trades=0 realized=+0.0pt/Rs+0 unreal=+0.0pt/Rs+0
2026-09-09 03:52:33,399 [INFO] [INDICATORS] spot=23507.2 | 1h: close=23635.1 sma20=23784.7 sma50=23899.7 rsi=27.8 macd=-80.68/-70.43(bear) | 15m: K=58.5↓(prev 71.9) | regime=PE-eligible any_active=False
2026-09-09 03:52:33,399 [INFO] [SIGNAL] CE: reg=False K=False(K=58.5>=38,rising) Kextr=False RSI=False(27.8>53) MACD=False(gate off) => BLOCK | PE: reg=True K=True(K=58.5<=80,falling) Kextr=True RSI=True(27.8<47) MACD=True(gate off) => PASS
2026-09-09 03:52:35,805 [INFO] [periodic] Logs pushed to GitHub: Nifty_FlightRecorder_V2_5_20_20260909_090204.log, Nifty_BarLevel_V2_5_20_20260909_090204.csv
2026-09-09 03:57:39,059 [INFO] [APEX] open=0 trades=0 realized=+0.0pt/Rs+0 unreal=+0.0pt/Rs+0
2026-09-09 03:57:39,059 [INFO] [T5] open=0 trades=0 realized=+0.0pt/Rs+0 unreal=+0.0pt/Rs+0
2026-09-09 03:57:39,060 [INFO] [INDICATORS] spot=23512.8 | 1h: close=23635.1 sma20=23784.7 sma50=23899.7 rsi=27.8 macd=-80.68/-70.43(bear) | 15m: K=58.5↓(prev 71.9) | regime=PE-eligible any_active=False
2026-09-09 03:57:39,060 [INFO] [SIGNAL] CE: reg=False K=False(K=58.5>=38,rising) Kextr=False RSI=False(27.8>53) MACD=False(gate off) => BLOCK | PE: reg=True K=True(K=58.5<=80,falling) Kextr=True RSI=True(27.8<47) MACD=True(gate off) => PASS
2026-09-09 03:57:41,765 [INFO] [periodic] Logs pushed to GitHub: Nifty_FlightRecorder_V2_5_20_20260909_090204.log, Nifty_BarLevel_V2_5_20_20260909_090204.csv
2026-09-09 04:01:14,176 [INFO] [MVWAP] Signal — 23615<23630 body=81% side=PE (morning exception)
2026-09-09 04:01:14,246 [INFO] ENTRY: NFO:NIFTY2691523500PE @ 104.40  engine=VWAP  detail=MORNING FUT VWAP 23615<23630 body=81% pivΔ=29pt | bar=182
2026-09-09 04:02:46,660 [INFO] [APEX] open=0 trades=0 realized=+0.0pt/Rs+0 unreal=+0.0pt/Rs+0
2026-09-09 04:02:46,725 [INFO] [T5] open=0 trades=0 realized=+0.0pt/Rs+0 unreal=+0.0pt/Rs+0
2026-09-09 04:02:46,725 [INFO] [INDICATORS] spot=23509.5 | 1h: close=23635.1 sma20=23784.7 sma50=23899.7 rsi=27.8 macd=-80.68/-70.43(bear) | 15m: K=34.6↓(prev 58.5) | regime=PE-eligible any_active=True
2026-09-09 04:02:46,725 [INFO] [SIGNAL] CE: reg=False K=False(K=34.6>=38,rising) Kextr=False RSI=False(27.8>53) MACD=False(gate off) => BLOCK | PE: reg=True K=True(K=34.6<=80,falling) Kextr=True RSI=True(27.8<47) MACD=True(gate off) => PASS
2026-09-09 04:02:46,726 [INFO] [STATE][VWAP] PE NFO:NIFTY2691523500PE ltp=103.30 entry=104.40 pnl=-1.10(-1.1%) sl=85.61 peak=104.40 tr_armed=False elapsed=1min
2026-09-09 04:02:49,917 [INFO] [periodic] Logs pushed to GitHub: Nifty_FlightRecorder_V2_5_20_20260909_090204.log, Nifty_BarLevel_V2_5_20_20260909_090204.csv
2026-09-09 04:07:54,843 [INFO] [APEX] open=0 trades=0 realized=+0.0pt/Rs+0 unreal=+0.0pt/Rs+0
2026-09-09 04:07:54,843 [INFO] [T5] open=0 trades=0 realized=+0.0pt/Rs+0 unreal=+0.0pt/Rs+0
2026-09-09 04:07:54,844 [INFO] [INDICATORS] spot=23512.5 | 1h: close=23635.1 sma20=23784.7 sma50=23899.7 rsi=27.8 macd=-80.68/-70.43(bear) | 15m: K=34.6↓(prev 58.5) | regime=PE-eligible any_active=True
2026-09-09 04:07:54,844 [INFO] [SIGNAL] CE: reg=False K=False(K=34.6>=38,rising) Kextr=False RSI=False(27.8>53) MACD=False(gate off) => BLOCK | PE: reg=True K=True(K=34.6<=80,falling) Kextr=True RSI=True(27.8<47) MACD=True(gate off) => PASS
2026-09-09 04:07:54,844 [INFO] [STATE][VWAP] PE NFO:NIFTY2691523500PE ltp=99.80 entry=104.40 pnl=-4.60(-4.4%) sl=85.61 peak=104.40 tr_armed=False elapsed=6min
2026-09-09 04:07:57,295 [INFO] [periodic] Logs pushed to GitHub: Nifty_FlightRecorder_V2_5_20_20260909_090204.log, Nifty_BarLevel_V2_5_20_20260909_090204.csv
2026-09-09 04:13:02,529 [INFO] [APEX] open=0 trades=0 realized=+0.0pt/Rs+0 unreal=+0.0pt/Rs+0
2026-09-09 04:13:02,590 [INFO] [T5] open=0 trades=0 realized=+0.0pt/Rs+0 unreal=+0.0pt/Rs+0
2026-09-09 04:13:02,591 [INFO] [INDICATORS] spot=23525.4 | 1h: close=23635.1 sma20=23784.7 sma50=23899.7 rsi=27.8 macd=-80.68/-70.43(bear) | 15m: K=34.6↓(prev 58.5) | regime=PE-eligible any_active=True
2026-09-09 04:13:02,591 [INFO] [SIGNAL] CE: reg=False K=False(K=34.6>=38,rising) Kextr=False RSI=False(27.8>53) MACD=False(gate off) => BLOCK | PE: reg=True K=True(K=34.6<=80,falling) Kextr=True RSI=True(27.8<47) MACD=True(gate off) => PASS
2026-09-09 04:13:02,591 [INFO] [STATE][VWAP] PE NFO:NIFTY2691523500PE ltp=95.80 entry=104.40 pnl=-8.60(-8.2%) sl=85.61 peak=104.40 tr_armed=False elapsed=11min
2026-09-09 04:13:05,176 [INFO] [periodic] Logs pushed to GitHub: Nifty_FlightRecorder_V2_5_20_20260909_090204.log, Nifty_BarLevel_V2_5_20_20260909_090204.csv
2026-09-09 04:15:07,817 [INFO] ENTRY: NFO:NIFTY2691523500PE @ 95.80  engine=V2  detail=K=34.6↓ RSI=27.8 MACD✓
2026-09-09 04:16:40,413 [INFO] [VWAP_TRAIL] Option 15m close 95.90 < VWAP 98.08 — exiting
2026-09-09 04:16:40,414 [INFO] [CB] VWAP loss (own count 1) — TOTAL across all engines=1/4 (reason=VWAP_TRAIL)
2026-09-09 04:16:40,415 [INFO] EXIT: NFO:NIFTY2691523500PE @ 98.10 reason=VWAP_TRAIL pnl/sh=-6.30 is_flip=False losses=1/4
2026-09-09 04:18:12,746 [INFO] [APEX] open=0 trades=0 realized=+0.0pt/Rs+0 unreal=+0.0pt/Rs+0
2026-09-09 04:18:12,746 [INFO] [T5] open=0 trades=0 realized=+0.0pt/Rs+0 unreal=+0.0pt/Rs+0
2026-09-09 04:18:12,747 [INFO] [INDICATORS] spot=23515.0 | 1h: close=23635.1 sma20=23784.7 sma50=23899.7 rsi=27.8 macd=-80.68/-70.43(bear) | 15m: K=22.4↓(prev 34.6) | regime=PE-eligible any_active=True
2026-09-09 04:18:12,747 [INFO] [SIGNAL] CE: reg=False K=False(K=22.4>=38,rising) Kextr=True RSI=False(27.8>53) MACD=False(gate off) => BLOCK | PE: reg=True K=False(K=22.4<=80,falling) Kextr=False RSI=True(27.8<47) MACD=True(gate off) => BLOCK
2026-09-09 04:18:12,747 [INFO] [STATE][BASE] PE NFO:NIFTY2691523500PE ltp=102.20 entry=95.80 pnl=+6.40(+6.7%) sl=80.80 peak=102.20 tr_armed=False elapsed=3min
2026-09-09 04:18:15,962 [INFO] [periodic] Logs pushed to GitHub: Nifty_FlightRecorder_V2_5_20_20260909_090204.log, Nifty_BarLevel_V2_5_20_20260909_090204.csv
2026-09-09 04:21:18,887 [INFO] [FUT5VWAP] Signal — 23610<23625 body=87% side=PE (fixed +12pt target)
2026-09-09 04:21:18,951 [INFO] ENTRY: NFO:NIFTY2691523500PE @ 105.95  engine=FUT5VWAP  detail=FUT5 VWAP cross 23610<23625 body=87% pivΔ=24pt | bar=160
2026-09-09 04:23:22,009 [INFO] [APEX] open=0 trades=0 realized=+0.0pt/Rs+0 unreal=+0.0pt/Rs+0
2026-09-09 04:23:22,064 [INFO] [T5] open=0 trades=0 realized=+0.0pt/Rs+0 unreal=+0.0pt/Rs+0
2026-09-09 04:23:22,064 [INFO] [INDICATORS] spot=23498.3 | 1h: close=23635.1 sma20=23784.7 sma50=23899.7 rsi=27.8 macd=-80.68/-70.43(bear) | 15m: K=22.4↓(prev 34.6) | regime=PE-eligible any_active=True
2026-09-09 04:23:22,065 [INFO] [SIGNAL] CE: reg=False K=False(K=22.4>=38,rising) Kextr=True RSI=False(27.8>53) MACD=False(gate off) => BLOCK | PE: reg=True K=False(K=22.4<=80,falling) Kextr=False RSI=True(27.8<47) MACD=True(gate off) => BLOCK
2026-09-09 04:23:22,065 [INFO] [STATE][BASE] PE NFO:NIFTY2691523500PE ltp=105.70 entry=95.80 pnl=+9.90(+10.3%) sl=80.80 peak=107.30 tr_armed=False elapsed=8min
2026-09-09 04:23:22,065 [INFO] [STATE][FUT5VWAP] PE NFO:NIFTY2691523500PE ltp=105.45 entry=105.95 pnl=-0.50(-0.5%) sl=0.00 peak=107.15 tr_armed=False elapsed=2min
2026-09-09 04:23:24,584 [INFO] [periodic] Logs pushed to GitHub: Nifty_FlightRecorder_V2_5_20_20260909_090204.log, Nifty_BarLevel_V2_5_20_20260909_090204.csv
2026-09-09 04:28:29,796 [INFO] [APEX] open=0 trades=0 realized=+0.0pt/Rs+0 unreal=+0.0pt/Rs+0
2026-09-09 04:28:29,846 [INFO] [T5] open=0 trades=0 realized=+0.0pt/Rs+0 unreal=+0.0pt/Rs+0
2026-09-09 04:28:29,846 [INFO] [INDICATORS] spot=23494.3 | 1h: close=23635.1 sma20=23784.7 sma50=23899.7 rsi=27.8 macd=-80.68/-70.43(bear) | 15m: K=22.4↓(prev 34.6) | regime=PE-eligible any_active=True
2026-09-09 04:28:29,847 [INFO] [SIGNAL] CE: reg=False K=False(K=22.4>=38,rising) Kextr=True RSI=False(27.8>53) MACD=False(gate off) => BLOCK | PE: reg=True K=False(K=22.4<=80,falling) Kextr=False RSI=True(27.8<47) MACD=True(gate off) => BLOCK
2026-09-09 04:28:29,847 [INFO] [STATE][BASE] PE NFO:NIFTY2691523500PE ltp=107.55 entry=95.80 pnl=+11.75(+12.3%) sl=80.80 peak=107.75 tr_armed=False elapsed=13min
2026-09-09 04:28:29,847 [INFO] [STATE][FUT5VWAP] PE NFO:NIFTY2691523500PE ltp=107.55 entry=105.95 pnl=+1.60(+1.5%) sl=0.00 peak=107.75 tr_armed=False elapsed=7min
2026-09-09 04:28:32,418 [INFO] [periodic] Logs pushed to GitHub: Nifty_FlightRecorder_V2_5_20_20260909_090204.log, Nifty_BarLevel_V2_5_20_20260909_090204.csv
2026-09-09 04:30:35,369 [INFO] [TRAIL] SL ratcheted 105.46 → 107.01  (peak=111.80)
2026-09-09 04:31:05,835 [INFO] [TRAIL] SL ratcheted 107.01 → 109.91  (peak=114.70)
2026-09-09 04:31:36,532 [INFO] [TRAIL] SL ratcheted 109.91 → 110.76  (peak=115.55)
2026-09-09 04:31:36,613 [INFO] [VWAP] Cooldown BLOCK — PE 14.9min since last VWAP PE loss (cooldown 30min)
2026-09-09 04:32:07,057 [INFO] [VWAP] Cooldown BLOCK — PE 15.4min since last VWAP PE loss (cooldown 30min)
2026-09-09 04:32:37,624 [INFO] [VWAP] Cooldown BLOCK — PE 16.0min since last VWAP PE loss (cooldown 30min)
2026-09-09 04:33:08,018 [INFO] [VWAP] Cooldown BLOCK — PE 16.5min since last VWAP PE loss (cooldown 30min)
2026-09-09 04:33:38,580 [INFO] [VWAP] Cooldown BLOCK — PE 17.0min since last VWAP PE loss (cooldown 30min)
2026-09-09 04:33:38,693 [INFO] [APEX] open=0 trades=0 realized=+0.0pt/Rs+0 unreal=+0.0pt/Rs+0
2026-09-09 04:33:38,693 [INFO] [T5] open=0 trades=0 realized=+0.0pt/Rs+0 unreal=+0.0pt/Rs+0
2026-09-09 04:33:38,694 [INFO] [INDICATORS] spot=23479.3 | 1h: close=23635.1 sma20=23784.7 sma50=23899.7 rsi=27.8 macd=-80.68/-70.43(bear) | 15m: K=11.8↓(prev 22.4) | regime=PE-eligible any_active=True
2026-09-09 04:33:38,694 [INFO] [SIGNAL] CE: reg=False K=False(K=11.8>=38,rising) Kextr=True RSI=False(27.8>53) MACD=False(gate off) => BLOCK | PE: reg=True K=False(K=11.8<=80,falling) Kextr=False RSI=True(27.8<47) MACD=True(gate off) => BLOCK
2026-09-09 04:33:38,694 [INFO] [STATE][BASE] PE NFO:NIFTY2691523500PE ltp=111.70 entry=95.80 pnl=+15.90(+16.6%) sl=110.76 peak=115.55 tr_armed=True elapsed=18min
2026-09-09 04:33:38,694 [INFO] [STATE][FUT5VWAP] PE NFO:NIFTY2691523500PE ltp=111.70 entry=105.95 pnl=+5.75(+5.4%) sl=0.00 peak=115.55 tr_armed=False elapsed=12min
2026-09-09 04:33:42,071 [INFO] [periodic] Logs pushed to GitHub: Nifty_FlightRecorder_V2_5_20_20260909_090204.log, Nifty_BarLevel_V2_5_20_20260909_090204.csv
2026-09-09 04:34:12,419 [INFO] [VWAP] Cooldown BLOCK — PE 17.5min since last VWAP PE loss (cooldown 30min)
2026-09-09 04:34:42,948 [INFO] [VWAP] Cooldown BLOCK — PE 18.0min since last VWAP PE loss (cooldown 30min)
2026-09-09 04:35:13,337 [INFO] [VWAP] Cooldown BLOCK — PE 18.5min since last VWAP PE loss (cooldown 30min)
2026-09-09 04:35:43,862 [INFO] [VWAP] Cooldown BLOCK — PE 19.1min since last VWAP PE loss (cooldown 30min)
2026-09-09 04:36:14,295 [INFO] [VWAP] Cooldown BLOCK — PE 19.6min since last VWAP PE loss (cooldown 30min)
2026-09-09 04:36:44,914 [INFO] [VWAP] Cooldown BLOCK — PE 20.1min since last VWAP PE loss (cooldown 30min)
2026-09-09 04:37:15,311 [INFO] [VWAP] Cooldown BLOCK — PE 20.6min since last VWAP PE loss (cooldown 30min)
2026-09-09 04:37:45,760 [INFO] [TRAIL] SL ratcheted 110.76 → 111.91  (peak=116.70)
2026-09-09 04:37:45,808 [INFO] [VWAP] Cooldown BLOCK — PE 21.1min since last VWAP PE loss (cooldown 30min)
2026-09-09 04:38:16,221 [INFO] [VWAP] Cooldown BLOCK — PE 21.6min since last VWAP PE loss (cooldown 30min)
2026-09-09 04:38:46,710 [INFO] [VWAP] Cooldown BLOCK — PE 22.1min since last VWAP PE loss (cooldown 30min)
2026-09-09 04:38:46,771 [INFO] [APEX] open=0 trades=0 realized=+0.0pt/Rs+0 unreal=+0.0pt/Rs+0
2026-09-09 04:38:46,771 [INFO] [T5] open=0 trades=0 realized=+0.0pt/Rs+0 unreal=+0.0pt/Rs+0
2026-09-09 04:38:46,771 [INFO] [INDICATORS] spot=23472.5 | 1h: close=23635.1 sma20=23784.7 sma50=23899.7 rsi=27.8 macd=-80.68/-70.43(bear) | 15m: K=11.8↓(prev 22.4) | regime=PE-eligible any_active=True
2026-09-09 04:38:46,772 [INFO] [SIGNAL] CE: reg=False K=False(K=11.8>=38,rising) Kextr=True RSI=False(27.8>53) MACD=False(gate off) => BLOCK | PE: reg=True K=False(K=11.8<=80,falling) Kextr=False RSI=True(27.8<47) MACD=True(gate off) => BLOCK
2026-09-09 04:38:46,772 [INFO] [STATE][BASE] PE NFO:NIFTY2691523500PE ltp=115.90 entry=95.80 pnl=+20.10(+21.0%) sl=111.91 peak=116.70 tr_armed=True elapsed=23min
2026-09-09 04:38:46,772 [INFO] [STATE][FUT5VWAP] PE NFO:NIFTY2691523500PE ltp=115.90 entry=105.95 pnl=+9.95(+9.4%) sl=0.00 peak=116.70 tr_armed=False elapsed=17min
2026-09-09 04:38:49,300 [INFO] [periodic] Logs pushed to GitHub: Nifty_FlightRecorder_V2_5_20_20260909_090204.log, Nifty_BarLevel_V2_5_20_20260909_090204.csv
2026-09-09 04:39:19,617 [INFO] [VWAP] Cooldown BLOCK — PE 22.7min since last VWAP PE loss (cooldown 30min)
2026-09-09 04:39:50,125 [INFO] [VWAP] Cooldown BLOCK — PE 23.2min since last VWAP PE loss (cooldown 30min)
2026-09-09 04:40:20,604 [INFO] [VWAP] Cooldown BLOCK — PE 23.7min since last VWAP PE loss (cooldown 30min)
2026-09-09 04:40:20,638 [INFO] [GAPBREAK] Range-break detected — close 23475.8 broke [23477.5,23536.5] side=PE (gap=-113.0)
2026-09-09 04:40:51,150 [INFO] [VWAP] Cooldown BLOCK — PE 24.2min since last VWAP PE loss (cooldown 30min)
2026-09-09 04:41:21,505 [INFO] [TRAIL] SL ratcheted 111.91 → 113.41  (peak=118.20)
2026-09-09 04:41:21,549 [INFO] [VWAP] Cooldown BLOCK — PE 24.7min since last VWAP PE loss (cooldown 30min)
2026-09-09 04:41:52,116 [INFO] [VWAP] Cooldown BLOCK — PE 25.2min since last VWAP PE loss (cooldown 30min)
2026-09-09 04:42:22,518 [INFO] [VWAP] Cooldown BLOCK — PE 25.7min since last VWAP PE loss (cooldown 30min)
2026-09-09 04:42:53,005 [INFO] EXIT: NFO:NIFTY2691523500PE @ 113.41 reason=TRAIL_+18 pnl/sh=+17.61 is_flip=False losses=0/4
2026-09-09 04:42:53,823 [INFO] [VWAP] Cooldown BLOCK — PE 26.2min since last VWAP PE loss (cooldown 30min)
2026-09-09 04:43:24,198 [INFO] [V3PROBE] PLACED PE NFO:NIFTY2691523500PE limit=105.40 (LTP=109.40 - 4) window=25min — Grade B R-cluster BREAK-PE at 23500
2026-09-09 04:43:25,009 [INFO] [VWAP] Cooldown BLOCK — PE 26.7min since last VWAP PE loss (cooldown 30min)
2026-09-09 04:43:25,035 [INFO] EXIT: NFO:NIFTY2691523500PE @ 109.95 reason=FUT5VWAP_LOCK_FLOOR pnl/sh=+4.00 is_flip=False losses=0/4
2026-09-09 04:43:56,272 [INFO] [VWAP] Cooldown BLOCK — PE 27.3min since last VWAP PE loss (cooldown 30min)
2026-09-09 04:43:56,305 [INFO] [APEX] open=0 trades=0 realized=+0.0pt/Rs+0 unreal=+0.0pt/Rs+0
2026-09-09 04:43:56,305 [INFO] [T5] open=0 trades=0 realized=+0.0pt/Rs+0 unreal=+0.0pt/Rs+0
2026-09-09 04:43:56,305 [INFO] [INDICATORS] spot=23480.3 | 1h: close=23635.1 sma20=23784.7 sma50=23899.7 rsi=27.8 macd=-80.68/-70.43(bear) | 15m: K=11.8↓(prev 22.4) | regime=PE-eligible any_active=False
2026-09-09 04:43:56,305 [INFO] [SIGNAL] CE: reg=False K=False(K=11.8>=38,rising) Kextr=True RSI=False(27.8>53) MACD=False(gate off) => BLOCK | PE: reg=True K=False(K=11.8<=80,falling) Kextr=False RSI=True(27.8<47) MACD=True(gate off) => BLOCK
2026-09-09 04:43:58,782 [INFO] [periodic] Logs pushed to GitHub: Nifty_FlightRecorder_V2_5_20_20260909_090204.log, Nifty_BarLevel_V2_5_20_20260909_090204.csv
2026-09-09 04:44:29,092 [INFO] [VWAP] Cooldown BLOCK — PE 27.8min since last VWAP PE loss (cooldown 30min)
2026-09-09 04:44:59,554 [INFO] [VWAP] Cooldown BLOCK — PE 28.3min since last VWAP PE loss (cooldown 30min)
2026-09-09 04:45:29,892 [INFO] [VWAP] Cooldown BLOCK — PE 28.8min since last VWAP PE loss (cooldown 30min)
2026-09-09 04:46:00,379 [INFO] [VWAP] Cooldown BLOCK — PE 29.3min since last VWAP PE loss (cooldown 30min)
2026-09-09 04:46:30,866 [INFO] [GAPBREAK] Confirmed — bar close 23487.1 > ref 23470.1
2026-09-09 04:46:30,954 [INFO] ENTRY: NFO:NIFTY2691523500PE @ 107.10  engine=GAPBREAK  detail=GAP break confirmed, gap=-113
2026-09-09 04:47:02,107 [INFO] [V3PROBE] FILLED PE NFO:NIFTY2691523500PE @ 105.40 (LTP touched 104.50)
2026-09-09 04:47:02,157 [INFO] ENTRY: NFO:NIFTY2691523500PE @ 105.40  engine=V3  detail=Grade B R-cluster BREAK-PE at 23500
2026-09-09 04:49:05,390 [INFO] [APEX] open=0 trades=0 realized=+0.0pt/Rs+0 unreal=+0.0pt/Rs+0
2026-09-09 04:49:05,450 [INFO] [T5] open=0 trades=0 realized=+0.0pt/Rs+0 unreal=+0.0pt/Rs+0
2026-09-09 04:49:05,451 [INFO] [INDICATORS] spot=23502.0 | 1h: close=23484.8 sma20=23760.7 sma50=23885.9 rsi=19.4 macd=-92.34/-74.81(bear) | 15m: K=14.9↑(prev 11.8) | regime=PE-eligible any_active=True
2026-09-09 04:49:05,451 [INFO] [SIGNAL] CE: reg=False K=False(K=14.9>=38,rising) Kextr=True RSI=False(19.4>53) MACD=False(gate off) => BLOCK | PE: reg=True K=False(K=14.9<=80,falling) Kextr=False RSI=True(19.4<47) MACD=True(gate off) => BLOCK
2026-09-09 04:49:05,451 [INFO] [STATE][BASE] PE NFO:NIFTY2691523500PE ltp=98.50 entry=105.40 pnl=-6.90(-6.5%) sl=86.43 peak=105.40 tr_armed=False elapsed=2min
2026-09-09 04:49:05,451 [INFO] [STATE][GAPBREAK] PE NFO:NIFTY2691523500PE ltp=98.50 entry=107.10 pnl=-8.60(-8.0%) sl=0.00 peak=107.10 tr_armed=False elapsed=2min
2026-09-09 04:49:08,769 [INFO] [periodic] Logs pushed to GitHub: Nifty_FlightRecorder_V2_5_20_20260909_090204.log, Nifty_BarLevel_V2_5_20_20260909_090204.csv
2026-09-09 04:49:39,089 [INFO] [CB] V3 loss (own count 1) — TOTAL across all engines=2/4 (reason=V3_FAST_STOP)
2026-09-09 04:49:39,090 [INFO] EXIT: NFO:NIFTY2691523500PE @ 97.40 reason=V3_FAST_STOP pnl/sh=-8.00 is_flip=False losses=1/4
2026-09-09 04:51:41,659 [INFO] [FUT5VWAP] Signal — 23629>23617 body=77% side=CE (fixed +12pt target)
2026-09-09 04:51:41,661 [INFO] [VETO] FUT5VWAP CE BLOCKED — CE into a DOWNtrend: spot 23522.9 is -93.8 below FUT VWAP 23616.7 (buffer 5)
2026-09-09 04:54:14,720 [INFO] [APEX] open=0 trades=0 realized=+0.0pt/Rs+0 unreal=+0.0pt/Rs+0
2026-09-09 04:54:14,720 [INFO] [T5] open=0 trades=0 realized=+0.0pt/Rs+0 unreal=+0.0pt/Rs+0
2026-09-09 04:54:14,721 [INFO] [INDICATORS] spot=23522.0 | 1h: close=23484.8 sma20=23760.7 sma50=23885.9 rsi=19.4 macd=-92.34/-74.81(bear) | 15m: K=14.9↑(prev 11.8) | regime=PE-eligible any_active=True
2026-09-09 04:54:14,721 [INFO] [SIGNAL] CE: reg=False K=False(K=14.9>=38,rising) Kextr=True RSI=False(19.4>53) MACD=False(gate off) => BLOCK | PE: reg=True K=False(K=14.9<=80,falling) Kextr=False RSI=True(19.4<47) MACD=True(gate off) => BLOCK
2026-09-09 04:54:14,721 [INFO] [STATE][GAPBREAK] PE NFO:NIFTY2691523500PE ltp=83.30 entry=107.10 pnl=-23.80(-22.2%) sl=0.00 peak=107.10 tr_armed=False elapsed=7min
2026-09-09 04:54:17,121 [INFO] [periodic] Logs pushed to GitHub: Nifty_FlightRecorder_V2_5_20_20260909_090204.log, Nifty_BarLevel_V2_5_20_20260909_090204.csv
2026-09-09 04:55:48,421 [INFO] [ORB] Signal — close 23537.8 broke OR[23477.5,23536.5] side=CE
2026-09-09 04:55:48,488 [INFO] ENTRY: NFO:NIFTY2691523500CE @ 180.05  engine=ORB  detail=ORB break 23538 vs OR[23478,23536]
2026-09-09 04:57:20,954 [INFO] [WCR] 23500CE — OI 11.5M @10:15 -> 7.8M (32% unwound in 12m), price 152.90 -> 179.50, spot 23534 through 23500
2026-09-09 04:57:20,954 [INFO] [WCR] resting limit BUY @ 168.19, valid 20m (no chase)
2026-09-09 04:59:23,062 [INFO] [APEX] open=0 trades=0 realized=+0.0pt/Rs+0 unreal=+0.0pt/Rs+0
2026-09-09 04:59:23,138 [INFO] [T5] open=0 trades=0 realized=+0.0pt/Rs+0 unreal=+0.0pt/Rs+0
2026-09-09 04:59:23,138 [INFO] [INDICATORS] spot=23539.5 | 1h: close=23484.8 sma20=23760.7 sma50=23885.9 rsi=19.4 macd=-92.34/-74.81(bear) | 15m: K=14.9↑(prev 11.8) | regime=PE-eligible any_active=True
2026-09-09 04:59:23,138 [INFO] [SIGNAL] CE: reg=False K=False(K=14.9>=38,rising) Kextr=True RSI=False(19.4>53) MACD=False(gate off) => BLOCK | PE: reg=True K=False(K=14.9<=80,falling) Kextr=False RSI=True(19.4<47) MACD=True(gate off) => BLOCK
2026-09-09 04:59:23,139 [INFO] [STATE][ORB] CE NFO:NIFTY2691523500CE ltp=183.70 entry=180.05 pnl=+3.65(+2.0%) sl=0.00 peak=183.70 tr_armed=False elapsed=3min
2026-09-09 04:59:23,139 [INFO] [STATE][GAPBREAK] PE NFO:NIFTY2691523500PE ltp=87.05 entry=107.10 pnl=-20.05(-18.7%) sl=0.00 peak=107.10 tr_armed=False elapsed=12min
2026-09-09 04:59:25,655 [INFO] [periodic] Logs pushed to GitHub: Nifty_FlightRecorder_V2_5_20_20260909_090204.log, Nifty_BarLevel_V2_5_20_20260909_090204.csv
2026-09-09 05:00:26,635 [INFO] [CHOPGATE] Clear to trade — ER=0.34 crosses=3 range=98pt
2026-09-09 05:01:27,635 [INFO] [VWAP] Climax skip — body=88% >= 87%
2026-09-09 05:01:58,106 [INFO] [VWAP] Climax skip — body=88% >= 87%
2026-09-09 05:02:28,617 [INFO] [VWAP] Climax skip — body=88% >= 87%
2026-09-09 05:02:59,126 [INFO] [VWAP] Climax skip — body=88% >= 87%
2026-09-09 05:03:29,591 [INFO] [VWAP] Climax skip — body=88% >= 87%
2026-09-09 05:04:00,020 [INFO] [VWAP] Climax skip — body=88% >= 87%
2026-09-09 05:04:30,540 [INFO] [VWAP] Climax skip — body=88% >= 87%
2026-09-09 05:04:30,651 [INFO] [APEX] open=0 trades=0 realized=+0.0pt/Rs+0 unreal=+0.0pt/Rs+0
2026-09-09 05:04:30,713 [INFO] [T5] open=0 trades=0 realized=+0.0pt/Rs+0 unreal=+0.0pt/Rs+0
2026-09-09 05:04:30,714 [INFO] [INDICATORS] spot=23534.0 | 1h: close=23484.8 sma20=23760.7 sma50=23885.9 rsi=19.4 macd=-92.34/-74.81(bear) | 15m: K=33.3↑(prev 14.9) | regime=PE-eligible any_active=True
2026-09-09 05:04:30,714 [INFO] [SIGNAL] CE: reg=False K=False(K=33.3>=38,rising) Kextr=True RSI=False(19.4>53) MACD=False(gate off) => BLOCK | PE: reg=True K=False(K=33.3<=80,falling) Kextr=False RSI=True(19.4<47) MACD=True(gate off) => BLOCK
2026-09-09 05:04:30,714 [INFO] [STATE][ORB] CE NFO:NIFTY2691523500CE ltp=176.05 entry=180.05 pnl=-4.00(-2.2%) sl=0.00 peak=187.55 tr_armed=False elapsed=8min
2026-09-09 05:04:30,714 [INFO] [STATE][GAPBREAK] PE NFO:NIFTY2691523500PE ltp=92.20 entry=107.10 pnl=-14.90(-13.9%) sl=0.00 peak=107.10 tr_armed=False elapsed=17min
2026-09-09 05:04:34,011 [INFO] [periodic] Logs pushed to GitHub: Nifty_FlightRecorder_V2_5_20_20260909_090204.log, Nifty_BarLevel_V2_5_20_20260909_090204.csv
2026-09-09 05:05:04,333 [INFO] [VWAP] Climax skip — body=88% >= 87%
2026-09-09 05:05:34,848 [INFO] [VWAP] Climax skip — body=88% >= 87%
2026-09-09 05:06:05,398 [INFO] [VWAP] Climax skip — body=88% >= 87%
2026-09-09 05:06:36,008 [INFO] [VWAP] Climax skip — body=88% >= 87%
2026-09-09 05:07:06,496 [INFO] [VWAP] Climax skip — body=88% >= 87%
2026-09-09 05:07:06,685 [INFO] [APEX] ENTRY PE 23500 @ 93.2 (level+RSI-turn+energy+diverge) open=1
2026-09-09 05:07:37,770 [INFO] [VWAP] Climax skip — body=88% >= 87%
2026-09-09 05:08:08,310 [INFO] [VWAP] Climax skip — body=88% >= 87%
2026-09-09 05:08:08,387 [INFO] [WCR] SIGNAL 23500CE @167.00 — OI 11.5M @10:15 -> 7.8M (32% unwound in 12m), price 152.90 -> 179.50, spot 23534 through 23500 | limit 168.19 filled at 167.00
2026-09-09 05:08:08,389 [INFO] [VETO] WCR CE BLOCKED — CE into a DOWNtrend: spot 23522.6 is -99.3 below FUT VWAP 23621.9 (buffer 5)
2026-09-09 05:08:39,664 [INFO] [VWAP] Climax skip — body=88% >= 87%
2026-09-09 05:08:39,695 [INFO] [CB] ORB loss (own count 1) — TOTAL across all engines=3/4 (reason=ORB_STOP)
2026-09-09 05:08:39,697 [INFO] EXIT: NFO:NIFTY2691523500CE @ 165.05 reason=ORB_STOP pnl/sh=-15.00 is_flip=False losses=1/4
2026-09-09 05:08:40,609 [INFO] ENTRY: NFO:NIFTY2691523500PE @ 97.70  engine=ORB  detail=ORB flip-on-stop
2026-09-09 05:09:12,004 [INFO] [VWAP] Climax skip — body=88% >= 87%
2026-09-09 05:09:12,308 [INFO] [APEX] ENTRY PE 23500 @ 98.3 (level+RSI-turn+energy+diverge) open=2
2026-09-09 05:09:43,438 [INFO] [VWAP] Climax skip — body=88% >= 87%
2026-09-09 05:09:43,729 [INFO] [APEX] open=2 trades=0 realized=+0.0pt/Rs+0 unreal=+5.6pt/Rs+367
2026-09-09 05:09:43,792 [INFO] [T5] open=0 trades=0 realized=+0.0pt/Rs+0 unreal=+0.0pt/Rs+0
2026-09-09 05:09:43,792 [INFO] [INDICATORS] spot=23510.1 | 1h: close=23484.8 sma20=23760.7 sma50=23885.9 rsi=19.4 macd=-92.34/-74.81(bear) | 15m: K=33.3↑(prev 14.9) | regime=PE-eligible any_active=True
2026-09-09 05:09:43,793 [INFO] [SIGNAL] CE: reg=False K=False(K=33.3>=38,rising) Kextr=True RSI=False(19.4>53) MACD=False(gate off) => BLOCK | PE: reg=True K=False(K=33.3<=80,falling) Kextr=False RSI=True(19.4<47) MACD=True(gate off) => BLOCK
2026-09-09 05:09:43,793 [INFO] [STATE][ORB] PE NFO:NIFTY2691523500PE ltp=98.60 entry=97.70 pnl=+0.90(+0.9%) sl=0.00 peak=98.60 tr_armed=False elapsed=1min
2026-09-09 05:09:43,793 [INFO] [STATE][GAPBREAK] PE NFO:NIFTY2691523500PE ltp=98.60 entry=107.10 pnl=-8.50(-7.9%) sl=0.00 peak=107.10 tr_armed=False elapsed=23min
2026-09-09 05:09:46,143 [INFO] [periodic] Logs pushed to GitHub: Nifty_FlightRecorder_V2_5_20_20260909_090204.log, Nifty_BarLevel_V2_5_20_20260909_090204.csv
2026-09-09 05:10:16,493 [INFO] [VWAP] Climax skip — body=88% >= 87%
2026-09-09 05:10:16,900 [INFO] [APEX] ENTRY PE 23500 @ 98.7 (level+RSI-turn+energy+diverge) open=3
2026-09-09 05:10:48,128 [INFO] [VWAP] Climax skip — body=88% >= 87%
2026-09-09 05:11:18,682 [INFO] [VWAP] Climax skip — body=88% >= 87%
2026-09-09 05:11:49,375 [INFO] [V3PROBE] PLACED PE NFO:NIFTY2691523500PE limit=95.80 (LTP=99.80 - 4) window=25min — EARLY(10m) Grade B R-cluster BREAK-PE at 23600
2026-09-09 05:11:50,211 [INFO] [VWAP] Climax skip — body=88% >= 87%
2026-09-09 05:12:20,898 [INFO] [VWAP] Climax skip — body=88% >= 87%
2026-09-09 05:12:51,848 [INFO] [VWAP] Climax skip — body=88% >= 87%
2026-09-09 05:13:22,555 [INFO] [VWAP] Climax skip — body=88% >= 87%
2026-09-09 05:13:53,359 [INFO] [VWAP] Climax skip — body=88% >= 87%
2026-09-09 05:14:24,065 [INFO] [VWAP] Climax skip — body=88% >= 87%
2026-09-09 05:14:54,878 [INFO] [VWAP] Climax skip — body=88% >= 87%
2026-09-09 05:14:55,187 [INFO] [APEX] open=3 trades=0 realized=+0.0pt/Rs+0 unreal=+3.6pt/Rs+234
2026-09-09 05:14:55,248 [INFO] [T5] open=0 trades=0 realized=+0.0pt/Rs+0 unreal=+0.0pt/Rs+0
2026-09-09 05:14:55,249 [INFO] [INDICATORS] spot=23505.3 | 1h: close=23484.8 sma20=23760.7 sma50=23885.9 rsi=19.4 macd=-92.34/-74.81(bear) | 15m: K=33.3↑(prev 14.9) | regime=PE-eligible any_active=True
2026-09-09 05:14:55,249 [INFO] [SIGNAL] CE: reg=False K=False(K=33.3>=38,rising) Kextr=True RSI=False(19.4>53) MACD=False(gate off) => BLOCK | PE: reg=True K=False(K=33.3<=80,falling) Kextr=False RSI=True(19.4<47) MACD=True(gate off) => BLOCK
2026-09-09 05:14:55,249 [INFO] [STATE][ORB] PE NFO:NIFTY2691523500PE ltp=97.95 entry=97.70 pnl=+0.25(+0.3%) sl=0.00 peak=101.45 tr_armed=False elapsed=6min
2026-09-09 05:14:55,249 [INFO] [STATE][GAPBREAK] PE NFO:NIFTY2691523500PE ltp=97.95 entry=107.10 pnl=-9.15(-8.5%) sl=0.00 peak=107.10 tr_armed=False elapsed=28min
2026-09-09 05:14:57,725 [INFO] [periodic] Logs pushed to GitHub: Nifty_FlightRecorder_V2_5_20_20260909_090204.log, Nifty_BarLevel_V2_5_20_20260909_090204.csv
2026-09-09 05:15:28,095 [INFO] [VWAP] Climax skip — body=88% >= 87%
2026-09-09 05:15:58,873 [INFO] [VWAP] Climax skip — body=88% >= 87%
2026-09-09 05:16:29,639 [INFO] [V3PROBE] FILLED PE NFO:NIFTY2691523500PE @ 95.80 (LTP touched 94.60)
2026-09-09 05:16:29,691 [INFO] [MOMGATE] BLOCKED V3 PE #3 mv=-2pt thr=12 — 3rd+ same-direction entry without momentum
2026-09-09 05:16:30,497 [INFO] [VWAP] Persistence-gate BLOCK — PE dist=-5.8pt persist=True (last 2x5m vs FUTvwap=23621.8)
2026-09-09 05:17:01,427 [INFO] [VETO] FLIP CE BLOCKED — CE into a DOWNtrend: spot 23513.9 is -107.9 below FUT VWAP 23621.8 (buffer 5)
2026-09-09 05:17:02,239 [INFO] [VWAP] Persistence-gate BLOCK — PE dist=-5.8pt persist=True (last 2x5m vs FUTvwap=23621.8)
2026-09-09 05:17:32,880 [INFO] [VETO] FLIP CE BLOCKED — CE into a DOWNtrend: spot 23516.5 is -105.3 below FUT VWAP 23621.8 (buffer 5)
2026-09-09 05:17:32,883 [INFO] [VWAP] Persistence-gate BLOCK — PE dist=-5.8pt persist=True (last 2x5m vs FUTvwap=23621.8)
2026-09-09 05:18:03,470 [INFO] [VETO] FLIP CE BLOCKED — CE into a DOWNtrend: spot 23516.5 is -105.3 below FUT VWAP 23621.8 (buffer 5)
2026-09-09 05:18:03,475 [INFO] [VWAP] Persistence-gate BLOCK — PE dist=-5.8pt persist=True (last 2x5m vs FUTvwap=23621.8)
2026-09-09 05:18:34,186 [INFO] [VETO] FLIP CE BLOCKED — CE into a DOWNtrend: spot 23517.7 is -104.2 below FUT VWAP 23621.9 (buffer 5)
2026-09-09 05:18:34,191 [INFO] [VWAP] Persistence-gate BLOCK — PE dist=-5.9pt persist=True (last 2x5m vs FUTvwap=23621.9)
2026-09-09 05:19:04,700 [INFO] [VETO] FLIP CE BLOCKED — CE into a DOWNtrend: spot 23517.7 is -104.2 below FUT VWAP 23621.9 (buffer 5)
2026-09-09 05:19:04,707 [INFO] [VWAP] Persistence-gate BLOCK — PE dist=-5.9pt persist=True (last 2x5m vs FUTvwap=23621.9)
2026-09-09 05:19:35,434 [INFO] [VETO] FLIP CE BLOCKED — CE into a DOWNtrend: spot 23521.8 is -100.0 below FUT VWAP 23621.9 (buffer 5)
2026-09-09 05:19:35,438 [INFO] [VWAP] Persistence-gate BLOCK — PE dist=-5.9pt persist=True (last 2x5m vs FUTvwap=23621.9)
2026-09-09 05:19:35,515 [INFO] [APEX] EXIT PE 23500 93.2->94.3 +1.1pt Rs+71 [exhaust] | day +1.1pt Rs+71
2026-09-09 05:19:36,365 [INFO] [APEX] EXIT PE 23500 98.3->94.5 -3.9pt Rs-253 [exhaust] | day -2.8pt Rs-182
2026-09-09 05:19:37,221 [INFO] [APEX] EXIT PE 23500 98.7->94.3 -4.4pt Rs-283 [exhaust] | day -7.2pt Rs-465
2026-09-09 05:20:09,100 [INFO] [VETO] FLIP CE BLOCKED — CE into a DOWNtrend: spot 23521.8 is -100.0 below FUT VWAP 23621.9 (buffer 5)
2026-09-09 05:20:09,104 [INFO] [VWAP] Persistence-gate BLOCK — PE dist=-5.9pt persist=True (last 2x5m vs FUTvwap=23621.9)
2026-09-09 05:20:09,228 [INFO] [APEX] open=0 trades=3 realized=-7.2pt/Rs-465 unreal=+0.0pt/Rs+0
2026-09-09 05:20:09,228 [INFO] [T5] open=0 trades=0 realized=+0.0pt/Rs+0 unreal=+0.0pt/Rs+0
2026-09-09 05:20:09,229 [INFO] [INDICATORS] spot=23521.8 | 1h: close=23484.8 sma20=23760.7 sma50=23885.9 rsi=19.4 macd=-92.34/-74.81(bear) | 15m: K=51.1↑(prev 33.3) | regime=PE-eligible any_active=True
2026-09-09 05:20:09,229 [INFO] [SIGNAL] CE: reg=False K=True(K=51.1>=38,rising) Kextr=True RSI=False(19.4>53) MACD=False(gate off) => BLOCK | PE: reg=True K=False(K=51.1<=80,falling) Kextr=False RSI=True(19.4<47) MACD=True(gate off) => BLOCK
2026-09-09 05:20:09,229 [INFO] [STATE][ORB] PE NFO:NIFTY2691523500PE ltp=95.10 entry=97.70 pnl=-2.60(-2.7%) sl=0.00 peak=101.45 tr_armed=False elapsed=11min
2026-09-09 05:20:09,229 [INFO] [STATE][GAPBREAK] PE NFO:NIFTY2691523500PE ltp=95.10 entry=107.10 pnl=-12.00(-11.2%) sl=0.00 peak=107.10 tr_armed=False elapsed=33min
2026-09-09 05:20:11,826 [INFO] [periodic] Logs pushed to GitHub: Nifty_FlightRecorder_V2_5_20_20260909_090204.log, Nifty_BarLevel_V2_5_20_20260909_090204.csv
2026-09-09 05:20:42,014 [INFO] [VETO] FLIP CE BLOCKED — CE into a DOWNtrend: spot 23518.3 is -103.5 below FUT VWAP 23621.9 (buffer 5)
2026-09-09 05:20:42,017 [INFO] [VWAP] Persistence-gate BLOCK — PE dist=-5.9pt persist=True (last 2x5m vs FUTvwap=23621.9)
2026-09-09 05:21:12,362 [INFO] [VETO] FLIP CE BLOCKED — CE into a DOWNtrend: spot 23518.3 is -103.5 below FUT VWAP 23621.9 (buffer 5)
2026-09-09 05:21:12,366 [INFO] [VWAP] Persistence-gate BLOCK — PE dist=+5.1pt persist=False (last 2x5m vs FUTvwap=23621.9)
2026-09-09 05:21:42,689 [INFO] [VETO] FLIP CE BLOCKED — CE into a DOWNtrend: spot 23520.6 is -101.3 below FUT VWAP 23621.9 (buffer 5)
2026-09-09 05:21:42,693 [INFO] [VWAP] Persistence-gate BLOCK — PE dist=+5.1pt persist=False (last 2x5m vs FUTvwap=23621.9)
2026-09-09 05:22:12,933 [INFO] [VETO] FLIP CE BLOCKED — CE into a DOWNtrend: spot 23520.6 is -101.3 below FUT VWAP 23621.9 (buffer 5)
2026-09-09 05:22:12,937 [INFO] [VWAP] Persistence-gate BLOCK — PE dist=+5.1pt persist=False (last 2x5m vs FUTvwap=23621.9)
2026-09-09 05:22:43,268 [INFO] [VETO] FLIP CE BLOCKED — CE into a DOWNtrend: spot 23515.9 is -106.0 below FUT VWAP 23621.9 (buffer 5)
2026-09-09 05:22:43,272 [INFO] [VWAP] Persistence-gate BLOCK — PE dist=+5.1pt persist=False (last 2x5m vs FUTvwap=23621.9)
2026-09-09 05:23:13,507 [INFO] [VETO] FLIP CE BLOCKED — CE into a DOWNtrend: spot 23515.9 is -106.0 below FUT VWAP 23621.9 (buffer 5)
2026-09-09 05:23:13,511 [INFO] [VWAP] Persistence-gate BLOCK — PE dist=+5.1pt persist=False (last 2x5m vs FUTvwap=23621.9)
2026-09-09 05:23:43,829 [INFO] [VETO] FLIP CE BLOCKED — CE into a DOWNtrend: spot 23516.7 is -105.2 below FUT VWAP 23621.9 (buffer 5)
2026-09-09 05:23:43,835 [INFO] [VWAP] Persistence-gate BLOCK — PE dist=+5.1pt persist=False (last 2x5m vs FUTvwap=23621.9)
2026-09-09 05:24:14,080 [INFO] [VETO] FLIP CE BLOCKED — CE into a DOWNtrend: spot 23516.7 is -105.2 below FUT VWAP 23621.9 (buffer 5)
2026-09-09 05:24:14,084 [INFO] [VWAP] Persistence-gate BLOCK — PE dist=+5.1pt persist=False (last 2x5m vs FUTvwap=23621.9)
2026-09-09 05:24:44,375 [INFO] [VETO] FLIP CE BLOCKED — CE into a DOWNtrend: spot 23519.5 is -102.4 below FUT VWAP 23621.9 (buffer 5)
2026-09-09 05:24:44,378 [INFO] [VWAP] Persistence-gate BLOCK — PE dist=+5.1pt persist=False (last 2x5m vs FUTvwap=23621.9)
2026-09-09 05:25:14,623 [INFO] [VETO] FLIP CE BLOCKED — CE into a DOWNtrend: spot 23519.5 is -102.4 below FUT VWAP 23621.9 (buffer 5)
2026-09-09 05:25:14,626 [INFO] [VWAP] Persistence-gate BLOCK — PE dist=+5.1pt persist=False (last 2x5m vs FUTvwap=23621.9)
2026-09-09 05:25:14,742 [INFO] [APEX] open=0 trades=3 realized=-7.2pt/Rs-465 unreal=+0.0pt/Rs+0
2026-09-09 05:25:14,742 [INFO] [T5] open=0 trades=0 realized=+0.0pt/Rs+0 unreal=+0.0pt/Rs+0
2026-09-09 05:25:14,743 [INFO] [INDICATORS] spot=23519.5 | 1h: close=23484.8 sma20=23760.7 sma50=23885.9 rsi=19.4 macd=-92.34/-74.81(bear) | 15m: K=51.1↑(prev 33.3) | regime=PE-eligible any_active=True
2026-09-09 05:25:14,743 [INFO] [SIGNAL] CE: reg=False K=True(K=51.1>=38,rising) Kextr=True RSI=False(19.4>53) MACD=False(gate off) => BLOCK | PE: reg=True K=False(K=51.1<=80,falling) Kextr=False RSI=True(19.4<47) MACD=True(gate off) => BLOCK
2026-09-09 05:25:14,743 [INFO] [STATE][ORB] PE NFO:NIFTY2691523500PE ltp=93.00 entry=97.70 pnl=-4.70(-4.8%) sl=0.00 peak=101.45 tr_armed=False elapsed=16min
2026-09-09 05:25:14,743 [INFO] [STATE][GAPBREAK] PE NFO:NIFTY2691523500PE ltp=93.00 entry=107.10 pnl=-14.10(-13.2%) sl=0.00 peak=107.10 tr_armed=False elapsed=38min
2026-09-09 05:25:17,207 [INFO] [periodic] Logs pushed to GitHub: Nifty_FlightRecorder_V2_5_20_20260909_090204.log, Nifty_BarLevel_V2_5_20_20260909_090204.csv
2026-09-09 05:25:47,411 [INFO] [VETO] FLIP CE BLOCKED — CE into a DOWNtrend: spot 23525.2 is -96.6 below FUT VWAP 23621.9 (buffer 5)
2026-09-09 05:25:47,414 [INFO] [VWAP] Persistence-gate BLOCK — PE dist=+5.1pt persist=False (last 2x5m vs FUTvwap=23621.9)
2026-09-09 05:26:17,735 [INFO] [VETO] FLIP CE BLOCKED — CE into a DOWNtrend: spot 23525.2 is -96.7 below FUT VWAP 23621.9 (buffer 5)
2026-09-09 05:26:17,739 [INFO] [VWAP] Persistence-gate BLOCK — PE dist=+8.1pt persist=False (last 2x5m vs FUTvwap=23621.9)
2026-09-09 05:26:48,099 [INFO] [VETO] FLIP CE BLOCKED — CE into a DOWNtrend: spot 23529.2 is -92.8 below FUT VWAP 23621.9 (buffer 5)
2026-09-09 05:26:48,103 [INFO] [VWAP] Persistence-gate BLOCK — PE dist=+8.1pt persist=False (last 2x5m vs FUTvwap=23621.9)
2026-09-09 05:27:18,427 [INFO] [VETO] FLIP CE BLOCKED — CE into a DOWNtrend: spot 23529.2 is -92.8 below FUT VWAP 23621.9 (buffer 5)
2026-09-09 05:27:18,431 [INFO] [VWAP] Persistence-gate BLOCK — PE dist=+8.1pt persist=False (last 2x5m vs FUTvwap=23621.9)
2026-09-09 05:27:48,818 [INFO] [VETO] FLIP CE BLOCKED — CE into a DOWNtrend: spot 23527.6 is -94.3 below FUT VWAP 23621.9 (buffer 5)
2026-09-09 05:27:48,821 [INFO] [VWAP] Persistence-gate BLOCK — PE dist=+8.1pt persist=False (last 2x5m vs FUTvwap=23621.9)
2026-09-09 05:28:19,137 [INFO] [VETO] FLIP CE BLOCKED — CE into a DOWNtrend: spot 23527.6 is -94.3 below FUT VWAP 23621.9 (buffer 5)
2026-09-09 05:28:19,141 [INFO] [VWAP] Persistence-gate BLOCK — PE dist=+8.1pt persist=False (last 2x5m vs FUTvwap=23621.9)
2026-09-09 05:28:49,522 [INFO] [VETO] FLIP CE BLOCKED — CE into a DOWNtrend: spot 23530.5 is -91.4 below FUT VWAP 23621.9 (buffer 5)
2026-09-09 05:28:49,526 [INFO] [VWAP] Persistence-gate BLOCK — PE dist=+8.1pt persist=False (last 2x5m vs FUTvwap=23621.9)
2026-09-09 05:29:19,850 [INFO] [VETO] FLIP CE BLOCKED — CE into a DOWNtrend: spot 23530.5 is -91.5 below FUT VWAP 23622.0 (buffer 5)
2026-09-09 05:29:19,853 [INFO] [VWAP] Persistence-gate BLOCK — PE dist=+8.0pt persist=False (last 2x5m vs FUTvwap=23622.0)
2026-09-09 05:29:50,237 [INFO] [VETO] FLIP CE BLOCKED — CE into a DOWNtrend: spot 23528.7 is -93.3 below FUT VWAP 23622.0 (buffer 5)
2026-09-09 05:29:50,240 [INFO] [VWAP] Persistence-gate BLOCK — PE dist=+8.0pt persist=False (last 2x5m vs FUTvwap=23622.0)
2026-09-09 05:30:20,537 [INFO] [VETO] FLIP CE BLOCKED — CE into a DOWNtrend: spot 23528.7 is -93.3 below FUT VWAP 23622.0 (buffer 5)
2026-09-09 05:30:20,541 [INFO] [VWAP] Persistence-gate BLOCK — PE dist=+8.0pt persist=False (last 2x5m vs FUTvwap=23622.0)
2026-09-09 05:30:20,671 [INFO] [APEX] open=0 trades=3 realized=-7.2pt/Rs-465 unreal=+0.0pt/Rs+0
2026-09-09 05:30:20,717 [INFO] [T5] open=0 trades=0 realized=+0.0pt/Rs+0 unreal=+0.0pt/Rs+0
2026-09-09 05:30:20,718 [INFO] [INDICATORS] spot=23528.7 | 1h: close=23484.8 sma20=23760.7 sma50=23885.9 rsi=19.4 macd=-92.34/-74.81(bear) | 15m: K=76.2↑(prev 51.1) | regime=PE-eligible any_active=True
2026-09-09 05:30:20,718 [INFO] [SIGNAL] CE: reg=False K=True(K=76.2>=38,rising) Kextr=True RSI=False(19.4>53) MACD=False(gate off) => BLOCK | PE: reg=True K=False(K=76.2<=80,falling) Kextr=False RSI=True(19.4<47) MACD=True(gate off) => BLOCK
2026-09-09 05:30:20,719 [INFO] [STATE][ORB] PE NFO:NIFTY2691523500PE ltp=90.30 entry=97.70 pnl=-7.40(-7.6%) sl=0.00 peak=101.45 tr_armed=False elapsed=21min
2026-09-09 05:30:20,719 [INFO] [STATE][GAPBREAK] PE NFO:NIFTY2691523500PE ltp=90.30 entry=107.10 pnl=-16.80(-15.7%) sl=0.00 peak=107.10 tr_armed=False elapsed=43min
2026-09-09 05:30:23,161 [INFO] [periodic] Logs pushed to GitHub: Nifty_FlightRecorder_V2_5_20_20260909_090204.log, Nifty_BarLevel_V2_5_20_20260909_090204.csv
2026-09-09 05:30:53,366 [INFO] [VETO] FLIP CE BLOCKED — CE into a DOWNtrend: spot 23535.6 is -86.4 below FUT VWAP 23622.0 (buffer 5)
2026-09-09 05:30:53,370 [INFO] [VWAP] Persistence-gate BLOCK — PE dist=+8.0pt persist=False (last 2x5m vs FUTvwap=23622.0)
2026-09-09 05:31:23,662 [INFO] [VETO] FLIP CE BLOCKED — CE into a DOWNtrend: spot 23540.1 is -82.0 below FUT VWAP 23622.1 (buffer 5)
2026-09-09 05:31:23,665 [INFO] [VWAP] Signal — FUT 23640>23623 body=84% side=CE | persist_gate=dist=+17.8pt persist=True (last 2x5m vs FUTvwap=23622.1)
2026-09-09 05:31:23,667 [INFO] [VETO] VWAP CE BLOCKED — CE into a DOWNtrend: spot 23540.1 is -82.0 below FUT VWAP 23622.1 (buffer 5)
2026-09-09 05:31:54,858 [INFO] [VETO] FLIP CE BLOCKED — CE into a DOWNtrend: spot 23540.1 is -82.0 below FUT VWAP 23622.1 (buffer 5)
2026-09-09 05:32:25,176 [INFO] [VETO] FLIP CE BLOCKED — CE into a DOWNtrend: spot 23536.9 is -85.2 below FUT VWAP 23622.1 (buffer 5)
2026-09-09 05:32:56,364 [INFO] [VETO] FLIP CE BLOCKED — CE into a DOWNtrend: spot 23536.9 is -85.2 below FUT VWAP 23622.1 (buffer 5)
2026-09-09 05:33:26,661 [INFO] [VETO] FLIP CE BLOCKED — CE into a DOWNtrend: spot 23536.7 is -85.5 below FUT VWAP 23622.2 (buffer 5)
2026-09-09 05:33:57,010 [INFO] [VETO] FLIP CE BLOCKED — CE into a DOWNtrend: spot 23536.7 is -85.5 below FUT VWAP 23622.2 (buffer 5)
2026-09-09 05:34:27,319 [INFO] [VETO] FLIP CE BLOCKED — CE into a DOWNtrend: spot 23539.5 is -82.7 below FUT VWAP 23622.2 (buffer 5)
2026-09-09 05:34:58,580 [INFO] [VETO] FLIP CE BLOCKED — CE into a DOWNtrend: spot 23539.5 is -82.7 below FUT VWAP 23622.2 (buffer 5)
2026-09-09 05:35:29,745 [INFO] [VETO] FLIP CE BLOCKED — CE into a DOWNtrend: spot 23537.0 is -85.3 below FUT VWAP 23622.2 (buffer 5)
2026-09-09 05:35:29,903 [INFO] [APEX] open=0 trades=3 realized=-7.2pt/Rs-465 unreal=+0.0pt/Rs+0
2026-09-09 05:35:29,951 [INFO] [T5] open=0 trades=0 realized=+0.0pt/Rs+0 unreal=+0.0pt/Rs+0
2026-09-09 05:35:29,952 [INFO] [INDICATORS] spot=23537.0 | 1h: close=23484.8 sma20=23760.7 sma50=23885.9 rsi=19.4 macd=-92.34/-74.81(bear) | 15m: K=78.5↑(prev 51.1) | regime=PE-eligible any_active=True
2026-09-09 05:35:29,952 [INFO] [SIGNAL] CE: reg=False K=True(K=78.5>=38,rising) Kextr=True RSI=False(19.4>53) MACD=False(gate off) => BLOCK | PE: reg=True K=False(K=78.5<=80,falling) Kextr=True RSI=True(19.4<47) MACD=True(gate off) => BLOCK
2026-09-09 05:35:29,952 [INFO] [STATE][ORB] PE NFO:NIFTY2691523500PE ltp=90.90 entry=97.70 pnl=-6.80(-7.0%) sl=0.00 peak=101.45 tr_armed=False elapsed=26min
2026-09-09 05:35:29,952 [INFO] [STATE][GAPBREAK] PE NFO:NIFTY2691523500PE ltp=90.90 entry=107.10 pnl=-16.20(-15.1%) sl=0.00 peak=107.10 tr_armed=False elapsed=48min
2026-09-09 05:35:32,699 [INFO] [periodic] Logs pushed to GitHub: Nifty_FlightRecorder_V2_5_20_20260909_090204.log, Nifty_BarLevel_V2_5_20_20260909_090204.csv
2026-09-09 05:36:02,888 [INFO] [VETO] FLIP CE BLOCKED — CE into a DOWNtrend: spot 23537.0 is -85.3 below FUT VWAP 23622.2 (buffer 5)
2026-09-09 05:36:33,256 [INFO] [VETO] FLIP CE BLOCKED — CE into a DOWNtrend: spot 23534.0 is -88.2 below FUT VWAP 23622.2 (buffer 5)
2026-09-09 05:37:03,572 [INFO] [VETO] FLIP CE BLOCKED — CE into a DOWNtrend: spot 23534.0 is -88.2 below FUT VWAP 23622.2 (buffer 5)
2026-09-09 05:37:33,972 [INFO] [VETO] FLIP CE BLOCKED — CE into a DOWNtrend: spot 23530.2 is -92.1 below FUT VWAP 23622.3 (buffer 5)
2026-09-09 05:38:04,298 [INFO] [VETO] FLIP CE BLOCKED — CE into a DOWNtrend: spot 23530.2 is -92.1 below FUT VWAP 23622.3 (buffer 5)
2026-09-09 05:38:34,683 [INFO] [VETO] FLIP CE BLOCKED — CE into a DOWNtrend: spot 23532.5 is -89.8 below FUT VWAP 23622.3 (buffer 5)
2026-09-09 05:39:04,996 [INFO] [VETO] FLIP CE BLOCKED — CE into a DOWNtrend: spot 23532.5 is -89.8 below FUT VWAP 23622.3 (buffer 5)
2026-09-09 05:39:35,395 [INFO] [VETO] FLIP CE BLOCKED — CE into a DOWNtrend: spot 23532.5 is -89.9 below FUT VWAP 23622.3 (buffer 5)
2026-09-09 05:40:05,717 [INFO] [VETO] FLIP CE BLOCKED — CE into a DOWNtrend: spot 23532.5 is -89.9 below FUT VWAP 23622.3 (buffer 5)
2026-09-09 05:40:36,120 [INFO] [VETO] FLIP CE BLOCKED — CE into a DOWNtrend: spot 23531.6 is -90.7 below FUT VWAP 23622.3 (buffer 5)
2026-09-09 05:40:36,176 [INFO] [APEX] open=0 trades=3 realized=-7.2pt/Rs-465 unreal=+0.0pt/Rs+0
2026-09-09 05:40:36,217 [INFO] [T5] open=0 trades=0 realized=+0.0pt/Rs+0 unreal=+0.0pt/Rs+0
2026-09-09 05:40:36,218 [INFO] [INDICATORS] spot=23531.6 | 1h: close=23484.8 sma20=23760.7 sma50=23885.9 rsi=19.4 macd=-92.34/-74.81(bear) | 15m: K=78.5↑(prev 51.1) | regime=PE-eligible any_active=True
2026-09-09 05:40:36,218 [INFO] [SIGNAL] CE: reg=False K=True(K=78.5>=38,rising) Kextr=True RSI=False(19.4>53) MACD=False(gate off) => BLOCK | PE: reg=True K=False(K=78.5<=80,falling) Kextr=True RSI=True(19.4<47) MACD=True(gate off) => BLOCK
2026-09-09 05:40:36,218 [INFO] [STATE][ORB] PE NFO:NIFTY2691523500PE ltp=90.70 entry=97.70 pnl=-7.00(-7.2%) sl=0.00 peak=101.45 tr_armed=False elapsed=31min
2026-09-09 05:40:36,218 [INFO] [STATE][GAPBREAK] PE NFO:NIFTY2691523500PE ltp=90.70 entry=107.10 pnl=-16.40(-15.3%) sl=0.00 peak=107.10 tr_armed=False elapsed=54min
2026-09-09 05:40:38,839 [INFO] [periodic] Logs pushed to GitHub: Nifty_FlightRecorder_V2_5_20_20260909_090204.log, Nifty_BarLevel_V2_5_20_20260909_090204.csv
2026-09-09 05:41:09,030 [INFO] [VETO] FLIP CE BLOCKED — CE into a DOWNtrend: spot 23531.6 is -90.7 below FUT VWAP 23622.3 (buffer 5)
2026-09-09 05:41:39,390 [INFO] [VETO] FLIP CE BLOCKED — CE into a DOWNtrend: spot 23528.5 is -93.8 below FUT VWAP 23622.3 (buffer 5)
2026-09-09 05:42:09,675 [INFO] [VETO] FLIP CE BLOCKED — CE into a DOWNtrend: spot 23528.5 is -93.8 below FUT VWAP 23622.3 (buffer 5)
2026-09-09 05:42:40,045 [INFO] [VETO] FLIP CE BLOCKED — CE into a DOWNtrend: spot 23528.8 is -93.6 below FUT VWAP 23622.4 (buffer 5)
2026-09-09 05:43:10,337 [INFO] [VETO] FLIP CE BLOCKED — CE into a DOWNtrend: spot 23528.8 is -93.6 below FUT VWAP 23622.4 (buffer 5)
2026-09-09 05:43:40,726 [INFO] [VETO] FLIP CE BLOCKED — CE into a DOWNtrend: spot 23527.5 is -94.9 below FUT VWAP 23622.4 (buffer 5)
2026-09-09 05:44:11,047 [INFO] [VETO] FLIP CE BLOCKED — CE into a DOWNtrend: spot 23527.5 is -94.9 below FUT VWAP 23622.4 (buffer 5)
2026-09-09 05:44:41,426 [INFO] [VETO] FLIP CE BLOCKED — CE into a DOWNtrend: spot 23527.2 is -95.1 below FUT VWAP 23622.4 (buffer 5)
2026-09-09 05:45:11,820 [INFO] [VETO] FLIP CE BLOCKED — CE into a DOWNtrend: spot 23527.2 is -95.1 below FUT VWAP 23622.4 (buffer 5)
2026-09-09 05:45:42,218 [INFO] [VETO] FLIP CE BLOCKED — CE into a DOWNtrend: spot 23525.0 is -97.4 below FUT VWAP 23622.4 (buffer 5)
2026-09-09 05:45:42,342 [INFO] [APEX] open=0 trades=3 realized=-7.2pt/Rs-465 unreal=+0.0pt/Rs+0
2026-09-09 05:45:42,385 [INFO] [T5] open=0 trades=0 realized=+0.0pt/Rs+0 unreal=+0.0pt/Rs+0
2026-09-09 05:45:42,385 [INFO] [INDICATORS] spot=23525.0 | 1h: close=23525.0 sma20=23739.3 sma50=23876.1 rsi=19.4 macd=-92.34/-74.81(bear) | 15m: K=80.2↑(prev 78.5) | regime=PE-eligible any_active=True
2026-09-09 05:45:42,385 [INFO] [SIGNAL] CE: reg=False K=True(K=80.2>=38,rising) Kextr=True RSI=False(19.4>53) MACD=False(gate off) => BLOCK | PE: reg=True K=False(K=80.2<=80,falling) Kextr=True RSI=True(19.4<47) MACD=True(gate off) => BLOCK
2026-09-09 05:45:42,386 [INFO] [STATE][ORB] PE NFO:NIFTY2691523500PE ltp=90.85 entry=97.70 pnl=-6.85(-7.0%) sl=0.00 peak=101.45 tr_armed=False elapsed=37min
2026-09-09 05:45:42,386 [INFO] [STATE][GAPBREAK] PE NFO:NIFTY2691523500PE ltp=90.85 entry=107.10 pnl=-16.25(-15.2%) sl=0.00 peak=107.10 tr_armed=False elapsed=59min
2026-09-09 05:45:44,921 [INFO] [periodic] Logs pushed to GitHub: Nifty_FlightRecorder_V2_5_20_20260909_090204.log, Nifty_BarLevel_V2_5_20_20260909_090204.csv
2026-09-09 05:46:15,119 [INFO] [VETO] FLIP CE BLOCKED — CE into a DOWNtrend: spot 23525.0 is -97.4 below FUT VWAP 23622.4 (buffer 5)
2026-09-09 05:46:45,517 [INFO] [VETO] FLIP CE BLOCKED — CE into a DOWNtrend: spot 23527.9 is -94.5 below FUT VWAP 23622.4 (buffer 5)
2026-09-09 05:47:15,835 [INFO] [VETO] FLIP CE BLOCKED — CE into a DOWNtrend: spot 23527.9 is -94.5 below FUT VWAP 23622.4 (buffer 5)
2026-09-09 05:47:46,207 [INFO] [VETO] FLIP CE BLOCKED — CE into a DOWNtrend: spot 23524.6 is -97.8 below FUT VWAP 23622.4 (buffer 5)
2026-09-09 05:48:17,380 [INFO] [VETO] FLIP CE BLOCKED — CE into a DOWNtrend: spot 23524.6 is -97.8 below FUT VWAP 23622.4 (buffer 5)
2026-09-09 05:48:47,745 [INFO] [VETO] FLIP CE BLOCKED — CE into a DOWNtrend: spot 23522.6 is -99.8 below FUT VWAP 23622.4 (buffer 5)
2026-09-09 05:49:18,022 [INFO] [VETO] FLIP CE BLOCKED — CE into a DOWNtrend: spot 23522.6 is -99.8 below FUT VWAP 23622.4 (buffer 5)
2026-09-09 05:50:49,978 [INFO] [APEX] open=0 trades=3 realized=-7.2pt/Rs-465 unreal=+0.0pt/Rs+0
2026-09-09 05:50:50,022 [INFO] [T5] open=0 trades=0 realized=+0.0pt/Rs+0 unreal=+0.0pt/Rs+0
2026-09-09 05:50:50,023 [INFO] [INDICATORS] spot=23526.0 | 1h: close=23525.0 sma20=23739.3 sma50=23876.1 rsi=25.8 macd=-97.23/-79.29(bear) | 15m: K=80.2↑(prev 78.5) | regime=PE-eligible any_active=True
2026-09-09 05:50:50,023 [INFO] [SIGNAL] CE: reg=False K=True(K=80.2>=38,rising) Kextr=False RSI=False(25.8>53) MACD=False(gate off) => BLOCK | PE: reg=True K=False(K=80.2<=80,falling) Kextr=True RSI=True(25.8<47) MACD=True(gate off) => BLOCK
2026-09-09 05:50:50,023 [INFO] [STATE][ORB] PE NFO:NIFTY2691523500PE ltp=89.70 entry=97.70 pnl=-8.00(-8.2%) sl=0.00 peak=101.45 tr_armed=False elapsed=42min
2026-09-09 05:50:50,024 [INFO] [STATE][GAPBREAK] PE NFO:NIFTY2691523500PE ltp=89.70 entry=107.10 pnl=-17.40(-16.2%) sl=0.00 peak=107.10 tr_armed=False elapsed=64min
2026-09-09 05:50:52,821 [INFO] [periodic] Logs pushed to GitHub: Nifty_FlightRecorder_V2_5_20_20260909_090204.log, Nifty_BarLevel_V2_5_20_20260909_090204.csv
2026-09-09 05:55:56,168 [INFO] [APEX] open=0 trades=3 realized=-7.2pt/Rs-465 unreal=+0.0pt/Rs+0
2026-09-09 05:55:56,169 [INFO] [T5] open=0 trades=0 realized=+0.0pt/Rs+0 unreal=+0.0pt/Rs+0
2026-09-09 05:55:56,169 [INFO] [INDICATORS] spot=23517.0 | 1h: close=23525.0 sma20=23739.3 sma50=23876.1 rsi=25.8 macd=-97.23/-79.29(bear) | 15m: K=80.2↑(prev 78.5) | regime=PE-eligible any_active=True
2026-09-09 05:55:56,170 [INFO] [SIGNAL] CE: reg=False K=True(K=80.2>=38,rising) Kextr=False RSI=False(25.8>53) MACD=False(gate off) => BLOCK | PE: reg=True K=False(K=80.2<=80,falling) Kextr=True RSI=True(25.8<47) MACD=True(gate off) => BLOCK
2026-09-09 05:55:56,170 [INFO] [STATE][ORB] PE NFO:NIFTY2691523500PE ltp=90.95 entry=97.70 pnl=-6.75(-6.9%) sl=0.00 peak=101.45 tr_armed=False elapsed=47min
2026-09-09 05:55:56,170 [INFO] [STATE][GAPBREAK] PE NFO:NIFTY2691523500PE ltp=90.95 entry=107.10 pnl=-16.15(-15.1%) sl=0.00 peak=107.10 tr_armed=False elapsed=69min
2026-09-09 05:55:58,612 [INFO] [periodic] Logs pushed to GitHub: Nifty_FlightRecorder_V2_5_20_20260909_090204.log, Nifty_BarLevel_V2_5_20_20260909_090204.csv
2026-09-09 06:01:02,629 [INFO] [APEX] open=0 trades=3 realized=-7.2pt/Rs-465 unreal=+0.0pt/Rs+0
2026-09-09 06:01:02,629 [INFO] [T5] open=0 trades=0 realized=+0.0pt/Rs+0 unreal=+0.0pt/Rs+0
2026-09-09 06:01:02,630 [INFO] [INDICATORS] spot=23517.1 | 1h: close=23525.0 sma20=23739.3 sma50=23876.1 rsi=25.8 macd=-97.23/-79.29(bear) | 15m: K=85.7↑(prev 80.2) | regime=PE-eligible any_active=True
2026-09-09 06:01:02,630 [INFO] [SIGNAL] CE: reg=False K=True(K=85.7>=38,rising) Kextr=False RSI=False(25.8>53) MACD=False(gate off) => BLOCK | PE: reg=True K=False(K=85.7<=80,falling) Kextr=True RSI=True(25.8<47) MACD=True(gate off) => BLOCK
2026-09-09 06:01:02,630 [INFO] [STATE][ORB] PE NFO:NIFTY2691523500PE ltp=91.55 entry=97.70 pnl=-6.15(-6.3%) sl=0.00 peak=101.45 tr_armed=False elapsed=52min
2026-09-09 06:01:02,630 [INFO] [STATE][GAPBREAK] PE NFO:NIFTY2691523500PE ltp=91.55 entry=107.10 pnl=-15.55(-14.5%) sl=0.00 peak=107.10 tr_armed=False elapsed=74min
2026-09-09 06:01:05,225 [INFO] [periodic] Logs pushed to GitHub: Nifty_FlightRecorder_V2_5_20_20260909_090204.log, Nifty_BarLevel_V2_5_20_20260909_090204.csv
2026-09-09 06:06:09,130 [INFO] [APEX] open=0 trades=3 realized=-7.2pt/Rs-465 unreal=+0.0pt/Rs+0
2026-09-09 06:06:09,130 [INFO] [T5] open=0 trades=0 realized=+0.0pt/Rs+0 unreal=+0.0pt/Rs+0
2026-09-09 06:06:09,131 [INFO] [INDICATORS] spot=23515.8 | 1h: close=23525.0 sma20=23739.3 sma50=23876.1 rsi=25.8 macd=-97.23/-79.29(bear) | 15m: K=85.7↑(prev 80.2) | regime=PE-eligible any_active=True
2026-09-09 06:06:09,131 [INFO] [SIGNAL] CE: reg=False K=True(K=85.7>=38,rising) Kextr=False RSI=False(25.8>53) MACD=False(gate off) => BLOCK | PE: reg=True K=False(K=85.7<=80,falling) Kextr=True RSI=True(25.8<47) MACD=True(gate off) => BLOCK
2026-09-09 06:06:09,131 [INFO] [STATE][ORB] PE NFO:NIFTY2691523500PE ltp=91.25 entry=97.70 pnl=-6.45(-6.6%) sl=0.00 peak=101.45 tr_armed=False elapsed=57min
2026-09-09 06:06:09,131 [INFO] [STATE][GAPBREAK] PE NFO:NIFTY2691523500PE ltp=91.25 entry=107.10 pnl=-15.85(-14.8%) sl=0.00 peak=107.10 tr_armed=False elapsed=79min
2026-09-09 06:06:11,762 [INFO] [periodic] Logs pushed to GitHub: Nifty_FlightRecorder_V2_5_20_20260909_090204.log, Nifty_BarLevel_V2_5_20_20260909_090204.csv
2026-09-09 06:11:14,687 [INFO] [APEX] open=0 trades=3 realized=-7.2pt/Rs-465 unreal=+0.0pt/Rs+0
2026-09-09 06:11:14,687 [INFO] [T5] open=0 trades=0 realized=+0.0pt/Rs+0 unreal=+0.0pt/Rs+0
2026-09-09 06:11:14,688 [INFO] [INDICATORS] spot=23517.2 | 1h: close=23525.0 sma20=23739.3 sma50=23876.1 rsi=25.8 macd=-97.23/-79.29(bear) | 15m: K=85.7↑(prev 80.2) | regime=PE-eligible any_active=True
2026-09-09 06:11:14,688 [INFO] [SIGNAL] CE: reg=False K=True(K=85.7>=38,rising) Kextr=False RSI=False(25.8>53) MACD=False(gate off) => BLOCK | PE: reg=True K=False(K=85.7<=80,falling) Kextr=True RSI=True(25.8<47) MACD=True(gate off) => BLOCK
2026-09-09 06:11:14,689 [INFO] [STATE][ORB] PE NFO:NIFTY2691523500PE ltp=91.55 entry=97.70 pnl=-6.15(-6.3%) sl=0.00 peak=101.45 tr_armed=False elapsed=62min
2026-09-09 06:11:14,689 [INFO] [STATE][GAPBREAK] PE NFO:NIFTY2691523500PE ltp=91.55 entry=107.10 pnl=-15.55(-14.5%) sl=0.00 peak=107.10 tr_armed=False elapsed=84min
2026-09-09 06:11:17,354 [INFO] [periodic] Logs pushed to GitHub: Nifty_FlightRecorder_V2_5_20_20260909_090204.log, Nifty_BarLevel_V2_5_20_20260909_090204.csv
2026-09-09 06:16:24,285 [INFO] [APEX] open=0 trades=3 realized=-7.2pt/Rs-465 unreal=+0.0pt/Rs+0
2026-09-09 06:16:24,387 [INFO] [T5] open=0 trades=0 realized=+0.0pt/Rs+0 unreal=+0.0pt/Rs+0
2026-09-09 06:16:24,387 [INFO] [INDICATORS] spot=23528.8 | 1h: close=23525.0 sma20=23739.3 sma50=23876.1 rsi=25.8 macd=-97.23/-79.29(bear) | 15m: K=88.6↑(prev 85.7) | regime=PE-eligible any_active=True
2026-09-09 06:16:24,388 [INFO] [SIGNAL] CE: reg=False K=True(K=88.6>=38,rising) Kextr=False RSI=False(25.8>53) MACD=False(gate off) => BLOCK | PE: reg=True K=False(K=88.6<=80,falling) Kextr=True RSI=True(25.8<47) MACD=True(gate off) => BLOCK
2026-09-09 06:16:24,388 [INFO] [STATE][ORB] PE NFO:NIFTY2691523500PE ltp=88.55 entry=97.70 pnl=-9.15(-9.4%) sl=0.00 peak=101.45 tr_armed=False elapsed=67min
2026-09-09 06:16:24,389 [INFO] [STATE][GAPBREAK] PE NFO:NIFTY2691523500PE ltp=88.80 entry=107.10 pnl=-18.30(-17.1%) sl=0.00 peak=107.10 tr_armed=False elapsed=89min
2026-09-09 06:16:27,108 [INFO] [periodic] Logs pushed to GitHub: Nifty_FlightRecorder_V2_5_20_20260909_090204.log, Nifty_BarLevel_V2_5_20_20260909_090204.csv
2026-09-09 06:21:35,181 [INFO] [APEX] open=0 trades=3 realized=-7.2pt/Rs-465 unreal=+0.0pt/Rs+0
2026-09-09 06:21:35,181 [INFO] [T5] open=0 trades=0 realized=+0.0pt/Rs+0 unreal=+0.0pt/Rs+0
2026-09-09 06:21:35,182 [INFO] [INDICATORS] spot=23514.0 | 1h: close=23525.0 sma20=23739.3 sma50=23876.1 rsi=25.8 macd=-97.23/-79.29(bear) | 15m: K=88.6↑(prev 85.7) | regime=PE-eligible any_active=True
2026-09-09 06:21:35,182 [INFO] [SIGNAL] CE: reg=False K=True(K=88.6>=38,rising) Kextr=False RSI=False(25.8>53) MACD=False(gate off) => BLOCK | PE: reg=True K=False(K=88.6<=80,falling) Kextr=True RSI=True(25.8<47) MACD=True(gate off) => BLOCK
2026-09-09 06:21:35,182 [INFO] [STATE][ORB] PE NFO:NIFTY2691523500PE ltp=93.40 entry=97.70 pnl=-4.30(-4.4%) sl=0.00 peak=101.45 tr_armed=False elapsed=72min
2026-09-09 06:21:35,183 [INFO] [STATE][GAPBREAK] PE NFO:NIFTY2691523500PE ltp=93.40 entry=107.10 pnl=-13.70(-12.8%) sl=0.00 peak=107.10 tr_armed=False elapsed=95min
2026-09-09 06:21:37,808 [INFO] [periodic] Logs pushed to GitHub: Nifty_FlightRecorder_V2_5_20_20260909_090204.log, Nifty_BarLevel_V2_5_20_20260909_090204.csv
2026-09-09 06:22:39,617 [INFO] [APEX] ENTRY PE 23500 @ 96.8 (level+RSI-turn+energy+diverge) open=1
2026-09-09 06:23:11,263 [INFO] [APEX] ENTRY PE 23500 @ 97.8 (level+RSI-turn+energy+diverge) open=2
2026-09-09 06:26:48,393 [INFO] [APEX] open=2 trades=3 realized=-7.2pt/Rs-465 unreal=+5.0pt/Rs+322
2026-09-09 06:26:48,489 [INFO] [T5] open=0 trades=0 realized=+0.0pt/Rs+0 unreal=+0.0pt/Rs+0
2026-09-09 06:26:48,489 [INFO] [INDICATORS] spot=23499.8 | 1h: close=23525.0 sma20=23739.3 sma50=23876.1 rsi=25.8 macd=-97.23/-79.29(bear) | 15m: K=88.6↑(prev 85.7) | regime=PE-eligible any_active=True
2026-09-09 06:26:48,490 [INFO] [SIGNAL] CE: reg=False K=True(K=88.6>=38,rising) Kextr=False RSI=False(25.8>53) MACD=False(gate off) => BLOCK | PE: reg=True K=False(K=88.6<=80,falling) Kextr=True RSI=True(25.8<47) MACD=True(gate off) => BLOCK
2026-09-09 06:26:48,490 [INFO] [STATE][ORB] PE NFO:NIFTY2691523500PE ltp=99.80 entry=97.70 pnl=+2.10(+2.1%) sl=0.00 peak=101.45 tr_armed=False elapsed=78min
2026-09-09 06:26:48,490 [INFO] [STATE][GAPBREAK] PE NFO:NIFTY2691523500PE ltp=99.80 entry=107.10 pnl=-7.30(-6.8%) sl=0.00 peak=107.10 tr_armed=False elapsed=100min
2026-09-09 06:26:51,205 [INFO] [periodic] Logs pushed to GitHub: Nifty_FlightRecorder_V2_5_20_20260909_090204.log, Nifty_BarLevel_V2_5_20_20260909_090204.csv
2026-09-09 06:31:28,230 [INFO] [VWAP] Climax skip — body=89% >= 87%
2026-09-09 06:31:59,011 [INFO] [VWAP] Climax skip — body=89% >= 87%
2026-09-09 06:31:59,283 [INFO] [APEX] open=2 trades=3 realized=-7.2pt/Rs-465 unreal=+23.5pt/Rs+1524
2026-09-09 06:31:59,284 [INFO] [T5] open=0 trades=0 realized=+0.0pt/Rs+0 unreal=+0.0pt/Rs+0
2026-09-09 06:31:59,284 [INFO] [INDICATORS] spot=23486.2 | 1h: close=23525.0 sma20=23739.3 sma50=23876.1 rsi=25.8 macd=-97.23/-79.29(bear) | 15m: K=85.1↓(prev 88.6) | regime=PE-eligible any_active=True
2026-09-09 06:31:59,284 [INFO] [SIGNAL] CE: reg=False K=False(K=85.1>=38,rising) Kextr=False RSI=False(25.8>53) MACD=False(gate off) => BLOCK | PE: reg=True K=False(K=85.1<=80,falling) Kextr=True RSI=True(25.8<47) MACD=True(gate off) => BLOCK
2026-09-09 06:31:59,284 [INFO] [STATE][ORB] PE NFO:NIFTY2691523500PE ltp=109.05 entry=97.70 pnl=+11.35(+11.6%) sl=0.00 peak=109.05 tr_armed=False elapsed=83min
2026-09-09 06:31:59,285 [INFO] [STATE][GAPBREAK] PE NFO:NIFTY2691523500PE ltp=109.05 entry=107.10 pnl=+1.95(+1.8%) sl=0.00 peak=109.05 tr_armed=False elapsed=105min
2026-09-09 06:32:01,772 [INFO] [periodic] Logs pushed to GitHub: Nifty_FlightRecorder_V2_5_20_20260909_090204.log, Nifty_BarLevel_V2_5_20_20260909_090204.csv
2026-09-09 06:32:32,131 [INFO] [VWAP] Climax skip — body=89% >= 87%
2026-09-09 06:33:02,972 [INFO] [VWAP] Climax skip — body=89% >= 87%
2026-09-09 06:33:33,736 [INFO] [VWAP] Climax skip — body=89% >= 87%
2026-09-09 06:34:04,238 [INFO] [VWAP] Climax skip — body=89% >= 87%
2026-09-09 06:34:34,941 [INFO] [VWAP] Climax skip — body=89% >= 87%
2026-09-09 06:35:05,831 [INFO] [VWAP] Climax skip — body=89% >= 87%
2026-09-09 06:35:06,240 [INFO] [WCR] 23550PE — OI 5.6M @11:50 -> 3.9M (31% unwound in 15m), price 113.15 -> 134.00, spot 23482 through 23550
2026-09-09 06:35:06,240 [INFO] [WCR] resting limit BUY @ 124.47, valid 20m (no chase)
2026-09-09 06:35:37,089 [INFO] [VWAP] Climax skip — body=89% >= 87%
2026-09-09 06:36:07,840 [INFO] [VWAP] Climax skip — body=89% >= 87%
2026-09-09 06:36:39,236 [INFO] [VWAP] Climax skip — body=89% >= 87%
2026-09-09 06:37:09,689 [INFO] [VWAP] Climax skip — body=89% >= 87%
2026-09-09 06:37:09,908 [INFO] [APEX] open=2 trades=3 realized=-7.2pt/Rs-465 unreal=+26.7pt/Rs+1732
2026-09-09 06:37:09,908 [INFO] [T5] open=0 trades=0 realized=+0.0pt/Rs+0 unreal=+0.0pt/Rs+0
2026-09-09 06:37:09,909 [INFO] [INDICATORS] spot=23478.2 | 1h: close=23525.0 sma20=23739.3 sma50=23876.1 rsi=25.8 macd=-97.23/-79.29(bear) | 15m: K=85.1↓(prev 88.6) | regime=PE-eligible any_active=True
2026-09-09 06:37:09,909 [INFO] [SIGNAL] CE: reg=False K=False(K=85.1>=38,rising) Kextr=False RSI=False(25.8>53) MACD=False(gate off) => BLOCK | PE: reg=True K=False(K=85.1<=80,falling) Kextr=True RSI=True(25.8<47) MACD=True(gate off) => BLOCK
2026-09-09 06:37:09,909 [INFO] [STATE][ORB] PE NFO:NIFTY2691523500PE ltp=110.65 entry=97.70 pnl=+12.95(+13.3%) sl=0.00 peak=111.00 tr_armed=False elapsed=88min
2026-09-09 06:37:09,909 [INFO] [STATE][GAPBREAK] PE NFO:NIFTY2691523500PE ltp=110.65 entry=107.10 pnl=+3.55(+3.3%) sl=0.00 peak=111.00 tr_armed=False elapsed=110min
2026-09-09 06:37:12,432 [INFO] [periodic] Logs pushed to GitHub: Nifty_FlightRecorder_V2_5_20_20260909_090204.log, Nifty_BarLevel_V2_5_20_20260909_090204.csv
2026-09-09 06:37:42,673 [INFO] [VWAP] Climax skip — body=89% >= 87%
2026-09-09 06:38:13,120 [INFO] [VWAP] Climax skip — body=89% >= 87%
2026-09-09 06:38:43,561 [INFO] [VWAP] Climax skip — body=89% >= 87%
2026-09-09 06:39:14,027 [INFO] [VWAP] Climax skip — body=89% >= 87%
2026-09-09 06:39:44,457 [INFO] [VWAP] Climax skip — body=89% >= 87%
2026-09-09 06:40:14,895 [INFO] [VWAP] Climax skip — body=89% >= 87%
2026-09-09 06:40:45,368 [INFO] [VWAP] Climax skip — body=89% >= 87%
2026-09-09 06:41:15,833 [INFO] [VWAP] Climax skip — body=89% >= 87%
2026-09-09 06:41:46,272 [INFO] [VWAP] Climax skip — body=89% >= 87%
2026-09-09 06:42:16,703 [INFO] [VWAP] Climax skip — body=89% >= 87%
2026-09-09 06:42:16,933 [INFO] [APEX] open=2 trades=3 realized=-7.2pt/Rs-465 unreal=+18.7pt/Rs+1212
2026-09-09 06:42:16,934 [INFO] [T5] open=0 trades=0 realized=+0.0pt/Rs+0 unreal=+0.0pt/Rs+0
2026-09-09 06:42:16,934 [INFO] [INDICATORS] spot=23474.3 | 1h: close=23525.0 sma20=23739.3 sma50=23876.1 rsi=25.8 macd=-97.23/-79.29(bear) | 15m: K=85.1↓(prev 88.6) | regime=PE-eligible any_active=True
2026-09-09 06:42:16,934 [INFO] [SIGNAL] CE: reg=False K=False(K=85.1>=38,rising) Kextr=False RSI=False(25.8>53) MACD=False(gate off) => BLOCK | PE: reg=True K=False(K=85.1<=80,falling) Kextr=True RSI=True(25.8<47) MACD=True(gate off) => BLOCK
2026-09-09 06:42:16,935 [INFO] [STATE][ORB] PE NFO:NIFTY2691523500PE ltp=106.65 entry=97.70 pnl=+8.95(+9.2%) sl=0.00 peak=111.95 tr_armed=False elapsed=93min
2026-09-09 06:42:16,935 [INFO] [STATE][GAPBREAK] PE NFO:NIFTY2691523500PE ltp=106.65 entry=107.10 pnl=-0.45(-0.4%) sl=0.00 peak=111.95 tr_armed=False elapsed=115min
2026-09-09 06:42:19,395 [INFO] [periodic] Logs pushed to GitHub: Nifty_FlightRecorder_V2_5_20_20260909_090204.log, Nifty_BarLevel_V2_5_20_20260909_090204.csv
2026-09-09 06:42:49,675 [INFO] [VWAP] Climax skip — body=89% >= 87%
2026-09-09 06:43:20,123 [INFO] [VWAP] Climax skip — body=89% >= 87%
2026-09-09 06:43:50,573 [INFO] [VWAP] Climax skip — body=89% >= 87%
2026-09-09 06:44:21,052 [INFO] [VWAP] Climax skip — body=89% >= 87%
2026-09-09 06:44:21,166 [INFO] [APEX] EXIT PE 23500 96.8->105.4 +8.6pt Rs+556 [exhaust] | day +1.4pt Rs+91
2026-09-09 06:44:22,038 [INFO] [APEX] EXIT PE 23500 97.8->105.7 +7.9pt Rs+514 [exhaust] | day +9.3pt Rs+605
2026-09-09 06:44:53,170 [INFO] [VWAP] Climax skip — body=89% >= 87%
2026-09-09 06:45:23,550 [INFO] [VWAP] Climax skip — body=89% >= 87%
2026-09-09 06:45:54,009 [INFO] [VWAP] Climax skip — body=89% >= 87%
2026-09-09 06:47:25,282 [INFO] [APEX] open=0 trades=5 realized=+9.3pt/Rs+605 unreal=+0.0pt/Rs+0
2026-09-09 06:47:25,282 [INFO] [T5] open=0 trades=0 realized=+0.0pt/Rs+0 unreal=+0.0pt/Rs+0
2026-09-09 06:47:25,283 [INFO] [INDICATORS] spot=23481.0 | 1h: close=23487.8 sma20=23716.4 sma50=23865.8 rsi=23.9 macd=-102.91/-84.02(bear) | 15m: K=83.0↓(prev 85.1) | regime=PE-eligible any_active=True
2026-09-09 06:47:25,283 [INFO] [SIGNAL] CE: reg=False K=False(K=83.0>=38,rising) Kextr=False RSI=False(23.9>53) MACD=False(gate off) => BLOCK | PE: reg=True K=False(K=83.0<=80,falling) Kextr=True RSI=True(23.9<47) MACD=True(gate off) => BLOCK
2026-09-09 06:47:25,283 [INFO] [STATE][ORB] PE NFO:NIFTY2691523500PE ltp=107.30 entry=97.70 pnl=+9.60(+9.8%) sl=0.00 peak=111.95 tr_armed=False elapsed=98min
2026-09-09 06:47:25,284 [INFO] [STATE][GAPBREAK] PE NFO:NIFTY2691523500PE ltp=107.30 entry=107.10 pnl=+0.20(+0.2%) sl=0.00 peak=111.95 tr_armed=False elapsed=120min
2026-09-09 06:47:27,773 [INFO] [periodic] Logs pushed to GitHub: Nifty_FlightRecorder_V2_5_20_20260909_090204.log, Nifty_BarLevel_V2_5_20_20260909_090204.csv
2026-09-09 06:52:32,563 [INFO] [APEX] open=0 trades=5 realized=+9.3pt/Rs+605 unreal=+0.0pt/Rs+0
2026-09-09 06:52:32,563 [INFO] [T5] open=0 trades=0 realized=+0.0pt/Rs+0 unreal=+0.0pt/Rs+0
2026-09-09 06:52:32,564 [INFO] [INDICATORS] spot=23477.4 | 1h: close=23487.8 sma20=23716.4 sma50=23865.8 rsi=23.9 macd=-102.91/-84.02(bear) | 15m: K=83.0↓(prev 85.1) | regime=PE-eligible any_active=True
2026-09-09 06:52:32,564 [INFO] [SIGNAL] CE: reg=False K=False(K=83.0>=38,rising) Kextr=False RSI=False(23.9>53) MACD=False(gate off) => BLOCK | PE: reg=True K=False(K=83.0<=80,falling) Kextr=True RSI=True(23.9<47) MACD=True(gate off) => BLOCK
2026-09-09 06:52:32,564 [INFO] [STATE][ORB] PE NFO:NIFTY2691523500PE ltp=108.75 entry=97.70 pnl=+11.05(+11.3%) sl=0.00 peak=111.95 tr_armed=False elapsed=103min
2026-09-09 06:52:32,564 [INFO] [STATE][GAPBREAK] PE NFO:NIFTY2691523500PE ltp=108.75 entry=107.10 pnl=+1.65(+1.5%) sl=0.00 peak=111.95 tr_armed=False elapsed=126min
2026-09-09 06:52:35,098 [INFO] [periodic] Logs pushed to GitHub: Nifty_FlightRecorder_V2_5_20_20260909_090204.log, Nifty_BarLevel_V2_5_20_20260909_090204.csv
2026-09-09 06:56:08,041 [INFO] [WCR] resting limit 124.47 on 23550PE EXPIRED unfilled
2026-09-09 06:57:39,430 [INFO] [APEX] open=0 trades=5 realized=+9.3pt/Rs+605 unreal=+0.0pt/Rs+0
2026-09-09 06:57:39,483 [INFO] [T5] open=0 trades=0 realized=+0.0pt/Rs+0 unreal=+0.0pt/Rs+0
2026-09-09 06:57:39,483 [INFO] [INDICATORS] spot=23498.0 | 1h: close=23487.8 sma20=23716.4 sma50=23865.8 rsi=23.9 macd=-102.91/-84.02(bear) | 15m: K=83.0↓(prev 85.1) | regime=PE-eligible any_active=True
2026-09-09 06:57:39,484 [INFO] [SIGNAL] CE: reg=False K=False(K=83.0>=38,rising) Kextr=False RSI=False(23.9>53) MACD=False(gate off) => BLOCK | PE: reg=True K=False(K=83.0<=80,falling) Kextr=True RSI=True(23.9<47) MACD=True(gate off) => BLOCK
2026-09-09 06:57:39,484 [INFO] [STATE][ORB] PE NFO:NIFTY2691523500PE ltp=100.65 entry=97.70 pnl=+2.95(+3.0%) sl=0.00 peak=111.95 tr_armed=False elapsed=108min
2026-09-09 06:57:39,484 [INFO] [STATE][GAPBREAK] PE NFO:NIFTY2691523500PE ltp=100.65 entry=107.10 pnl=-6.45(-6.0%) sl=0.00 peak=111.95 tr_armed=False elapsed=131min
2026-09-09 06:57:42,000 [INFO] [periodic] Logs pushed to GitHub: Nifty_FlightRecorder_V2_5_20_20260909_090204.log, Nifty_BarLevel_V2_5_20_20260909_090204.csv
2026-09-09 07:02:46,331 [INFO] [APEX] open=0 trades=5 realized=+9.3pt/Rs+605 unreal=+0.0pt/Rs+0
2026-09-09 07:02:46,332 [INFO] [T5] open=0 trades=0 realized=+0.0pt/Rs+0 unreal=+0.0pt/Rs+0
2026-09-09 07:02:46,332 [INFO] [INDICATORS] spot=23522.8 | 1h: close=23487.8 sma20=23716.4 sma50=23865.8 rsi=23.9 macd=-102.91/-84.02(bear) | 15m: K=83.0↓(prev 83.0) | regime=PE-eligible any_active=True
2026-09-09 07:02:46,332 [INFO] [SIGNAL] CE: reg=False K=False(K=83.0>=38,rising) Kextr=False RSI=False(23.9>53) MACD=False(gate off) => BLOCK | PE: reg=True K=False(K=83.0<=80,falling) Kextr=True RSI=True(23.9<47) MACD=True(gate off) => BLOCK
2026-09-09 07:02:46,333 [INFO] [STATE][ORB] PE NFO:NIFTY2691523500PE ltp=87.70 entry=97.70 pnl=-10.00(-10.2%) sl=0.00 peak=111.95 tr_armed=False elapsed=114min
2026-09-09 07:02:46,333 [INFO] [STATE][GAPBREAK] PE NFO:NIFTY2691523500PE ltp=88.05 entry=107.10 pnl=-19.05(-17.8%) sl=0.00 peak=111.95 tr_armed=False elapsed=136min
2026-09-09 07:02:48,792 [INFO] [periodic] Logs pushed to GitHub: Nifty_FlightRecorder_V2_5_20_20260909_090204.log, Nifty_BarLevel_V2_5_20_20260909_090204.csv
2026-09-09 07:03:49,562 [INFO] [CB] ORB loss (own count 2) — TOTAL across all engines=4/4 (reason=ORB_STOP)
2026-09-09 07:03:50,369 [INFO] EXIT: NFO:NIFTY2691523500PE @ 82.70 reason=ORB_STOP pnl/sh=-15.00 is_flip=False losses=2/4
2026-09-09 07:05:22,245 [INFO] [CB] GAPBREAK loss (own count 1) — TOTAL across all engines=5/4 (reason=GAPBREAK_STOP)
2026-09-09 07:05:22,245 [INFO] EXIT: NFO:NIFTY2691523500PE @ 77.10 reason=GAPBREAK_STOP pnl/sh=-30.00 is_flip=False losses=1/4
2026-09-09 07:05:23,113 [INFO] ENTRY: NFO:NIFTY2691523500CE @ 193.45  engine=GAPBREAK  detail=GAPBREAK flip-on-stop
2026-09-09 07:06:24,539 [INFO] [FUT5VWAP] Signal — 23650>23619 body=69% side=CE (fixed +12pt target)
2026-09-09 07:06:24,541 [INFO] [VETO] FUT5VWAP CE BLOCKED — CE into a DOWNtrend: spot 23556.8 is -62.5 below FUT VWAP 23619.3 (buffer 5)
2026-09-09 07:07:57,087 [INFO] [APEX] open=0 trades=5 realized=+9.3pt/Rs+605 unreal=+0.0pt/Rs+0
2026-09-09 07:07:57,087 [INFO] [T5] open=0 trades=0 realized=+0.0pt/Rs+0 unreal=+0.0pt/Rs+0
2026-09-09 07:07:57,087 [INFO] [INDICATORS] spot=23554.8 | 1h: close=23487.8 sma20=23716.4 sma50=23865.8 rsi=23.9 macd=-102.91/-84.02(bear) | 15m: K=83.0↓(prev 83.0) | regime=PE-eligible any_active=True
2026-09-09 07:07:57,087 [INFO] [SIGNAL] CE: reg=False K=False(K=83.0>=38,rising) Kextr=False RSI=False(23.9>53) MACD=False(gate off) => BLOCK | PE: reg=True K=False(K=83.0<=80,falling) Kextr=True RSI=True(23.9<47) MACD=True(gate off) => BLOCK
2026-09-09 07:07:57,089 [INFO] [STATE][GAPBREAK] CE NFO:NIFTY2691523500CE ltp=188.50 entry=193.45 pnl=-4.95(-2.6%) sl=0.00 peak=193.45 tr_armed=False elapsed=2min
2026-09-09 07:07:59,815 [INFO] [periodic] Logs pushed to GitHub: Nifty_FlightRecorder_V2_5_20_20260909_090204.log, Nifty_BarLevel_V2_5_20_20260909_090204.csv
2026-09-09 07:13:03,196 [INFO] [APEX] open=0 trades=5 realized=+9.3pt/Rs+605 unreal=+0.0pt/Rs+0
2026-09-09 07:13:03,197 [INFO] [T5] open=0 trades=0 realized=+0.0pt/Rs+0 unreal=+0.0pt/Rs+0
2026-09-09 07:13:03,197 [INFO] [INDICATORS] spot=23562.0 | 1h: close=23487.8 sma20=23716.4 sma50=23865.8 rsi=23.9 macd=-102.91/-84.02(bear) | 15m: K=83.0↓(prev 83.0) | regime=PE-eligible any_active=True
2026-09-09 07:13:03,197 [INFO] [SIGNAL] CE: reg=False K=False(K=83.0>=38,rising) Kextr=False RSI=False(23.9>53) MACD=False(gate off) => BLOCK | PE: reg=True K=False(K=83.0<=80,falling) Kextr=True RSI=True(23.9<47) MACD=True(gate off) => BLOCK
2026-09-09 07:13:03,198 [INFO] [STATE][GAPBREAK] CE NFO:NIFTY2691523500CE ltp=199.15 entry=193.45 pnl=+5.70(+2.9%) sl=0.00 peak=199.15 tr_armed=False elapsed=7min
2026-09-09 07:13:05,760 [INFO] [periodic] Logs pushed to GitHub: Nifty_FlightRecorder_V2_5_20_20260909_090204.log, Nifty_BarLevel_V2_5_20_20260909_090204.csv
2026-09-09 07:14:06,286 [INFO] [WCR] 23550CE — OI 6.5M @12:27 -> 4.4M (31% unwound in 17m), price 122.25 -> 160.85, spot 23567 through 23550
2026-09-09 07:14:06,286 [INFO] [WCR] resting limit BUY @ 134.48, valid 20m (no chase)
2026-09-09 07:16:37,571 [INFO] [VWAP] Signal — FUT 23669>23623 body=83% side=CE | persist_gate=dist=+47.1pt persist=True (last 2x5m vs FUTvwap=23621.9)
2026-09-09 07:16:37,573 [INFO] [VETO] VWAP CE BLOCKED — CE into a DOWNtrend: spot 23559.9 is -62.0 below FUT VWAP 23621.9 (buffer 5)
2026-09-09 07:18:09,229 [INFO] [APEX] open=0 trades=5 realized=+9.3pt/Rs+605 unreal=+0.0pt/Rs+0
2026-09-09 07:18:09,229 [INFO] [T5] open=0 trades=0 realized=+0.0pt/Rs+0 unreal=+0.0pt/Rs+0
2026-09-09 07:18:09,229 [INFO] [INDICATORS] spot=23563.5 | 1h: close=23487.8 sma20=23716.4 sma50=23865.8 rsi=23.9 macd=-102.91/-84.02(bear) | 15m: K=91.5↑(prev 83.0) | regime=PE-eligible any_active=True
2026-09-09 07:18:09,229 [INFO] [SIGNAL] CE: reg=False K=True(K=91.5>=38,rising) Kextr=False RSI=False(23.9>53) MACD=False(gate off) => BLOCK | PE: reg=True K=False(K=91.5<=80,falling) Kextr=True RSI=True(23.9<47) MACD=True(gate off) => BLOCK
2026-09-09 07:18:09,230 [INFO] [STATE][GAPBREAK] CE NFO:NIFTY2691523500CE ltp=194.50 entry=193.45 pnl=+1.05(+0.5%) sl=0.00 peak=199.15 tr_armed=False elapsed=12min
2026-09-09 07:18:11,800 [INFO] [periodic] Logs pushed to GitHub: Nifty_FlightRecorder_V2_5_20_20260909_090204.log, Nifty_BarLevel_V2_5_20_20260909_090204.csv
2026-09-09 07:23:15,227 [INFO] [APEX] open=0 trades=5 realized=+9.3pt/Rs+605 unreal=+0.0pt/Rs+0
2026-09-09 07:23:15,228 [INFO] [T5] open=0 trades=0 realized=+0.0pt/Rs+0 unreal=+0.0pt/Rs+0
2026-09-09 07:23:15,228 [INFO] [INDICATORS] spot=23560.7 | 1h: close=23487.8 sma20=23716.4 sma50=23865.8 rsi=23.9 macd=-102.91/-84.02(bear) | 15m: K=91.5↑(prev 83.0) | regime=PE-eligible any_active=True
2026-09-09 07:23:15,228 [INFO] [SIGNAL] CE: reg=False K=True(K=91.5>=38,rising) Kextr=False RSI=False(23.9>53) MACD=False(gate off) => BLOCK | PE: reg=True K=False(K=91.5<=80,falling) Kextr=True RSI=True(23.9<47) MACD=True(gate off) => BLOCK
2026-09-09 07:23:15,229 [INFO] [STATE][GAPBREAK] CE NFO:NIFTY2691523500CE ltp=189.30 entry=193.45 pnl=-4.15(-2.1%) sl=0.00 peak=200.00 tr_armed=False elapsed=17min
2026-09-09 07:23:17,727 [INFO] [periodic] Logs pushed to GitHub: Nifty_FlightRecorder_V2_5_20_20260909_090204.log, Nifty_BarLevel_V2_5_20_20260909_090204.csv
2026-09-09 07:28:20,333 [INFO] [APEX] open=0 trades=5 realized=+9.3pt/Rs+605 unreal=+0.0pt/Rs+0
2026-09-09 07:28:20,334 [INFO] [T5] open=0 trades=0 realized=+0.0pt/Rs+0 unreal=+0.0pt/Rs+0
2026-09-09 07:28:20,334 [INFO] [INDICATORS] spot=23562.2 | 1h: close=23487.8 sma20=23716.4 sma50=23865.8 rsi=23.9 macd=-102.91/-84.02(bear) | 15m: K=91.5↑(prev 83.0) | regime=PE-eligible any_active=True
2026-09-09 07:28:20,334 [INFO] [SIGNAL] CE: reg=False K=True(K=91.5>=38,rising) Kextr=False RSI=False(23.9>53) MACD=False(gate off) => BLOCK | PE: reg=True K=False(K=91.5<=80,falling) Kextr=True RSI=True(23.9<47) MACD=True(gate off) => BLOCK
2026-09-09 07:28:20,335 [INFO] [STATE][GAPBREAK] CE NFO:NIFTY2691523500CE ltp=194.60 entry=193.45 pnl=+1.15(+0.6%) sl=0.00 peak=200.00 tr_armed=False elapsed=22min
2026-09-09 07:28:22,795 [INFO] [periodic] Logs pushed to GitHub: Nifty_FlightRecorder_V2_5_20_20260909_090204.log, Nifty_BarLevel_V2_5_20_20260909_090204.csv
2026-09-09 07:30:23,753 [INFO] [ORB] CHOP-KILL @13:00 — range-so-far 0.44% < p33 0.58% and 4 TWAP flips >= 4. ORB entries+flips OFF for the day.
2026-09-09 07:33:26,251 [INFO] [APEX] open=0 trades=5 realized=+9.3pt/Rs+605 unreal=+0.0pt/Rs+0
2026-09-09 07:33:26,295 [INFO] [T5] open=0 trades=0 realized=+0.0pt/Rs+0 unreal=+0.0pt/Rs+0
2026-09-09 07:33:26,295 [INFO] [INDICATORS] spot=23545.4 | 1h: close=23487.8 sma20=23716.4 sma50=23865.8 rsi=23.9 macd=-102.91/-84.02(bear) | 15m: K=100.0↑(prev 91.5) | regime=PE-eligible any_active=True
2026-09-09 07:33:26,295 [INFO] [SIGNAL] CE: reg=False K=True(K=100.0>=38,rising) Kextr=False RSI=False(23.9>53) MACD=False(gate off) => BLOCK | PE: reg=True K=False(K=100.0<=80,falling) Kextr=True RSI=True(23.9<47) MACD=True(gate off) => BLOCK
2026-09-09 07:33:26,296 [INFO] [STATE][GAPBREAK] CE NFO:NIFTY2691523500CE ltp=183.75 entry=193.45 pnl=-9.70(-5.0%) sl=0.00 peak=200.00 tr_armed=False elapsed=28min
2026-09-09 07:33:28,927 [INFO] [periodic] Logs pushed to GitHub: Nifty_FlightRecorder_V2_5_20_20260909_090204.log, Nifty_BarLevel_V2_5_20_20260909_090204.csv
2026-09-09 07:35:30,108 [INFO] [WCR] resting limit 134.48 on 23550CE EXPIRED unfilled
2026-09-09 07:38:33,755 [INFO] [APEX] open=0 trades=5 realized=+9.3pt/Rs+605 unreal=+0.0pt/Rs+0
2026-09-09 07:38:33,755 [INFO] [T5] open=0 trades=0 realized=+0.0pt/Rs+0 unreal=+0.0pt/Rs+0
2026-09-09 07:38:33,756 [INFO] [INDICATORS] spot=23558.5 | 1h: close=23487.8 sma20=23716.4 sma50=23865.8 rsi=23.9 macd=-102.91/-84.02(bear) | 15m: K=100.0↑(prev 91.5) | regime=PE-eligible any_active=True
2026-09-09 07:38:33,756 [INFO] [SIGNAL] CE: reg=False K=True(K=100.0>=38,rising) Kextr=False RSI=False(23.9>53) MACD=False(gate off) => BLOCK | PE: reg=True K=False(K=100.0<=80,falling) Kextr=True RSI=True(23.9<47) MACD=True(gate off) => BLOCK
2026-09-09 07:38:33,756 [INFO] [STATE][GAPBREAK] CE NFO:NIFTY2691523500CE ltp=183.55 entry=193.45 pnl=-9.90(-5.1%) sl=0.00 peak=200.00 tr_armed=False elapsed=33min
2026-09-09 07:38:36,502 [INFO] [periodic] Logs pushed to GitHub: Nifty_FlightRecorder_V2_5_20_20260909_090204.log, Nifty_BarLevel_V2_5_20_20260909_090204.csv
2026-09-09 07:43:41,243 [INFO] [APEX] open=0 trades=5 realized=+9.3pt/Rs+605 unreal=+0.0pt/Rs+0
2026-09-09 07:43:41,301 [INFO] [T5] open=0 trades=0 realized=+0.0pt/Rs+0 unreal=+0.0pt/Rs+0
2026-09-09 07:43:41,302 [INFO] [INDICATORS] spot=23542.0 | 1h: close=23487.8 sma20=23716.4 sma50=23865.8 rsi=23.9 macd=-102.91/-84.02(bear) | 15m: K=100.0↑(prev 91.5) | regime=PE-eligible any_active=True
2026-09-09 07:43:41,302 [INFO] [SIGNAL] CE: reg=False K=True(K=100.0>=38,rising) Kextr=False RSI=False(23.9>53) MACD=False(gate off) => BLOCK | PE: reg=True K=False(K=100.0<=80,falling) Kextr=True RSI=True(23.9<47) MACD=True(gate off) => BLOCK
2026-09-09 07:43:41,302 [INFO] [STATE][GAPBREAK] CE NFO:NIFTY2691523500CE ltp=176.70 entry=193.45 pnl=-16.75(-8.7%) sl=0.00 peak=200.00 tr_armed=False elapsed=38min
2026-09-09 07:43:43,967 [INFO] [periodic] Logs pushed to GitHub: Nifty_FlightRecorder_V2_5_20_20260909_090204.log, Nifty_BarLevel_V2_5_20_20260909_090204.csv
2026-09-09 07:46:16,015 [INFO] [VWAP] Signal — FUT 23647>23625 body=77% side=CE | persist_gate=dist=+23.0pt persist=True (last 2x5m vs FUTvwap=23624.0)
2026-09-09 07:46:16,017 [INFO] [VETO] VWAP CE BLOCKED — CE into a DOWNtrend: spot 23541.6 is -82.4 below FUT VWAP 23624.0 (buffer 5)
2026-09-09 07:48:51,902 [INFO] [APEX] open=0 trades=5 realized=+9.3pt/Rs+605 unreal=+0.0pt/Rs+0
2026-09-09 07:48:51,959 [INFO] [T5] open=0 trades=0 realized=+0.0pt/Rs+0 unreal=+0.0pt/Rs+0
2026-09-09 07:48:51,959 [INFO] [INDICATORS] spot=23540.4 | 1h: close=23544.0 sma20=23696.2 sma50=23855.5 rsi=32.0 macd=-101.72/-87.56(bear) | 15m: K=95.8↓(prev 100.0) | regime=PE-eligible any_active=True
2026-09-09 07:48:51,960 [INFO] [SIGNAL] CE: reg=False K=False(K=95.8>=38,rising) Kextr=False RSI=False(32.0>53) MACD=False(gate off) => BLOCK | PE: reg=True K=False(K=95.8<=80,falling) Kextr=True RSI=True(32.0<47) MACD=True(gate off) => BLOCK
2026-09-09 07:48:51,960 [INFO] [STATE][GAPBREAK] CE NFO:NIFTY2691523500CE ltp=175.85 entry=193.45 pnl=-17.60(-9.1%) sl=0.00 peak=200.00 tr_armed=False elapsed=43min
2026-09-09 07:48:54,583 [INFO] [periodic] Logs pushed to GitHub: Nifty_FlightRecorder_V2_5_20_20260909_090204.log, Nifty_BarLevel_V2_5_20_20260909_090204.csv
2026-09-09 07:53:59,808 [INFO] [APEX] open=0 trades=5 realized=+9.3pt/Rs+605 unreal=+0.0pt/Rs+0
2026-09-09 07:53:59,858 [INFO] [T5] open=0 trades=0 realized=+0.0pt/Rs+0 unreal=+0.0pt/Rs+0
2026-09-09 07:53:59,859 [INFO] [INDICATORS] spot=23547.3 | 1h: close=23544.0 sma20=23696.2 sma50=23855.5 rsi=32.0 macd=-101.72/-87.56(bear) | 15m: K=95.8↓(prev 100.0) | regime=PE-eligible any_active=True
2026-09-09 07:53:59,859 [INFO] [SIGNAL] CE: reg=False K=False(K=95.8>=38,rising) Kextr=False RSI=False(32.0>53) MACD=False(gate off) => BLOCK | PE: reg=True K=False(K=95.8<=80,falling) Kextr=True RSI=True(32.0<47) MACD=True(gate off) => BLOCK
2026-09-09 07:53:59,859 [INFO] [STATE][GAPBREAK] CE NFO:NIFTY2691523500CE ltp=174.50 entry=193.45 pnl=-18.95(-9.8%) sl=0.00 peak=200.00 tr_armed=False elapsed=48min
2026-09-09 07:54:02,448 [INFO] [periodic] Logs pushed to GitHub: Nifty_FlightRecorder_V2_5_20_20260909_090204.log, Nifty_BarLevel_V2_5_20_20260909_090204.csv
2026-09-09 07:59:06,826 [INFO] [APEX] open=0 trades=5 realized=+9.3pt/Rs+605 unreal=+0.0pt/Rs+0
2026-09-09 07:59:06,826 [INFO] [T5] open=0 trades=0 realized=+0.0pt/Rs+0 unreal=+0.0pt/Rs+0
2026-09-09 07:59:06,827 [INFO] [INDICATORS] spot=23553.7 | 1h: close=23544.0 sma20=23696.2 sma50=23855.5 rsi=32.0 macd=-101.72/-87.56(bear) | 15m: K=95.8↓(prev 100.0) | regime=PE-eligible any_active=True
2026-09-09 07:59:06,827 [INFO] [SIGNAL] CE: reg=False K=False(K=95.8>=38,rising) Kextr=False RSI=False(32.0>53) MACD=False(gate off) => BLOCK | PE: reg=True K=False(K=95.8<=80,falling) Kextr=True RSI=True(32.0<47) MACD=True(gate off) => BLOCK
2026-09-09 07:59:06,827 [INFO] [STATE][GAPBREAK] CE NFO:NIFTY2691523500CE ltp=183.50 entry=193.45 pnl=-9.95(-5.1%) sl=0.00 peak=200.00 tr_armed=False elapsed=53min
