2026-09-08 03:36:04,878 [INFO] [STATE][BASE] State from 2026-09-07 — resetting trades_today for 2026-09-08
2026-09-08 03:36:04,878 [INFO] [STATE][BASE] Loaded prior state. active=False losses=0
2026-09-08 03:36:04,878 [INFO] [STATE][VWAP] State from 2026-09-07 — resetting trades_today for 2026-09-08
2026-09-08 03:36:04,878 [INFO] [STATE][VWAP] Loaded prior state. active=False losses=0
2026-09-08 03:36:04,878 [INFO] [STATE][FUT5VWAP] State from 2026-09-07 — resetting trades_today for 2026-09-08
2026-09-08 03:36:04,878 [INFO] [STATE][FUT5VWAP] Loaded prior state. active=False losses=0
2026-09-08 03:36:04,878 [INFO] [STATE][ORB] State from 2026-09-07 — resetting trades_today for 2026-09-08
2026-09-08 03:36:04,878 [INFO] [STATE][ORB] Loaded prior state. active=False losses=0
2026-09-08 03:36:04,878 [INFO] [STATE][GAPBREAK] State from 2026-09-07 — resetting trades_today for 2026-09-08
2026-09-08 03:36:04,878 [INFO] [STATE][GAPBREAK] Loaded prior state. active=False losses=0
2026-09-08 03:36:04,879 [INFO] [STATE][EXPIRY] State from 2026-09-07 — resetting trades_today for 2026-09-08
2026-09-08 03:36:04,879 [INFO] [STATE][EXPIRY] Loaded prior state. active=False losses=0
2026-09-08 03:36:05,405 [INFO] [BOOT] Nifty FUT token: BSE_FO|844615 expiry=2026-09-24 sym=SENSEX26SEPFUT
2026-09-08 03:36:05,405 [INFO] [BOOT] Expiry: 2026-09-10, 130 strikes, 260 option contracts
2026-09-08 03:36:05,405 [INFO] [BOOT] PAPER mode (kite_paper) — mStock init + self-test SKIPPED (bypassed).
2026-09-08 03:36:05,608 [INFO] [PIVOTS] P=76194 R1=76416 R2=76700 S1=75910 S2=75687
2026-09-08 03:36:05,608 [INFO] [OI Plan] No valid plan found — running without OI levels (normal mode)
2026-09-08 03:36:05,609 [INFO] [V2.5.20] 6 independent engines armed: BASE, VWAP, FUT5VWAP, ORB, GAPBREAK, EXPIRY (regime=BEAR, gap_suppress_until=n/a)
2026-09-08 03:36:05,609 [INFO] 
2026-09-08 03:36:05,609 [INFO] +========================================================================+
2026-09-08 03:36:05,609 [INFO] | ORION V2.5.15 — STRATEGY DESIGN                                        |
2026-09-08 03:36:05,609 [INFO] | Backtest: 363 trades | PnL Rs +6,88,158 | WR 64.5% | MaxDD -1,119     |
2026-09-08 03:36:05,609 [INFO] +========================================================================+
2026-09-08 03:36:05,609 [INFO] | ENGINE V2 (fires every 15m close — regime: BULL/BEAR/TRANSITION only)  |
2026-09-08 03:36:05,609 [INFO] |   CE: 1h close>SMA20>SMA50 | K>=38 rising | K<25 recently             |
2026-09-08 03:36:05,609 [INFO] |        RSI>53 | MACD bull | premium 30-180                             |
2026-09-08 03:36:05,609 [INFO] |   PE: 1h close<SMA20<SMA50 | K<=80 falling K>=25 | K>75 recently      |
2026-09-08 03:36:05,609 [INFO] |        RSI<47 | MACD bear | premium 30-300                             |
2026-09-08 03:36:05,609 [INFO] |                                                                         |
2026-09-08 03:36:05,609 [INFO] | ENGINE V3 (15m G/R cluster break/reject — fires in any regime)         |
2026-09-08 03:36:05,609 [INFO] |   Grade A (>=3 source kinds) / Grade B (>=2)                           |
2026-09-08 03:36:05,609 [INFO] |   PDC excluded from clusters; G/R need >=25pt buffer from PDC          |
2026-09-08 03:36:05,609 [INFO] |   premium 30-180 CE / 30-300 PE                                        |
2026-09-08 03:36:05,609 [INFO] |                                                                         |
2026-09-08 03:36:05,609 [INFO] | ENGINE VWAP (triple confirmation — fires in any regime)                 |
2026-09-08 03:36:05,609 [INFO] |   1. Nifty FUTURES 15m close crosses FUT VWAP, body>=65% (PRIMARY)     |
2026-09-08 03:36:05,609 [INFO] |   2. Nifty SPOT 15m close same direction above/below spot VWAP         |
2026-09-08 03:36:05,609 [INFO] |   3. ATM CE/PE LTP also above/below its daily VWAP simultaneously      |
2026-09-08 03:36:05,609 [INFO] |   premium 30-180 CE / 30-300 PE                                        |
2026-09-08 03:36:05,609 [INFO] |                                                                         |
2026-09-08 03:36:05,609 [INFO] | ENGINE FLIP (opposite-side only, max 3/day, excluded from CB)          |
2026-09-08 03:36:05,609 [INFO] |   Path A (in-trade): elapsed>=30 + peak>=entry+15 + LTP<=entry+10      |
2026-09-08 03:36:05,610 [INFO] |   Path B (post-exit): K reversal within 60min                          |
2026-09-08 03:36:05,610 [INFO] |                                                                         |
2026-09-08 03:36:05,610 [INFO] | UNIVERSAL EXIT (priority order):                                        |
2026-09-08 03:36:05,610 [INFO] |   1. HARDSL -18%                                                        |
2026-09-08 03:36:05,610 [INFO] |   2. Continuous trail: arms when peak>=entry+15, SL=peak-5             |
2026-09-08 03:36:05,610 [INFO] |      floor=entry+10, ratchets up with peak (never down)                |
2026-09-08 03:36:05,610 [INFO] |   3. VWAP trades: exit when opt 15m close < opt VWAP                  |
2026-09-08 03:36:05,610 [INFO] |   4. V2/V3/FLIP trades: SMA8(low) trail on 15m                        |
2026-09-08 03:36:05,610 [INFO] |   5. Force close 15:25  6. CB=3 non-flip losses                        |
2026-09-08 03:36:05,610 [INFO] |                                                                         |
2026-09-08 03:36:05,610 [INFO] | INFORMATIONAL (no trade gate): Straddle alerts | Options VWAP          |
2026-09-08 03:36:05,610 [INFO] +========================================================================+
2026-09-08 03:36:05,610 [INFO] 
2026-09-08 03:36:05,610 [INFO] V2.5.20 [2026-09-02] ORB ENTRY premium floor lowered — user instruction.
2026-09-08 03:36:05,610 [INFO]   WHAT: ORB_PREM_MIN NIFTY 60.0 -> 20.0, SENSEX 200.0 -> 66.7 (proportional carry
2026-09-08 03:36:05,610 [INFO]   at the 3.333x port scaling). This is the ENTRY strike-pick floor read by
2026-09-08 03:36:05,610 [INFO]   check_orb_signal() -> pick_strike_by_premium(). ORB_FLIP_PREM_MIN (added
2026-09-08 03:36:05,611 [INFO]   earlier today) is unchanged at 20.0 / 66.7.
2026-09-08 03:36:05,611 [INFO]   EFFECT: pick_strike_by_premium walks 50pt rings outward from ATM and takes the
2026-09-08 03:36:05,611 [INFO]   FIRST strike whose premium is in band, so a lower floor means ORB now buys a
2026-09-08 03:36:05,611 [INFO]   strike much CLOSER to ATM and much cheaper (10-expiry replay: entries move from
2026-09-08 03:36:05,611 [INFO]   ~Rs73-97 to ~Rs20-47).
2026-09-08 03:36:05,611 [INFO]   MEASURED, and deployed anyway on explicit user instruction: over the same 10
2026-09-08 03:36:05,611 [INFO]   NIFTY expiries on the bug-fixed engine this scores -Rs1,605 vs -Rs653 for the
2026-09-08 03:36:05,611 [INFO]   floor-60 config, i.e. Rs952 WORSE. Cause is that the fixed-POINT exits stop
2026-09-08 03:36:05,611 [INFO]   scaling: the -15pt stop is 19.5% of a Rs76.90 entry but 72.5% of a Rs20.70
2026-09-08 03:36:05,611 [INFO]   entry. Making the exits percentage-of-premium instead was tested at three
2026-09-08 03:36:05,611 [INFO]   calibrations and is worse still in both floors (-Rs1,430 / -Rs2,272 / -Rs1,780
2026-09-08 03:36:05,611 [INFO]   at floor 20). The floor-60 + fixed-point config was the best of all 8 tested
2026-09-08 03:36:05,611 [INFO]   combinations. n=10 expiry days only — thin sample, NIFTY-only, and ORB runs
2026-09-08 03:36:05,611 [INFO]   daily, so live forward evidence may differ from the replay.
2026-09-08 03:36:05,611 [INFO]   REVERT (one line, restores the best-measured config):
2026-09-08 03:36:05,611 [INFO]     ORION_PAPER_V2_5_20_BACKUP_20260902_035530_pre_entryfloor20.py /
2026-09-08 03:36:05,611 [INFO]     ORION_SENSEX_V2520_BACKUP_20260902_035530_pre_entryfloor20.py
2026-09-08 03:36:05,611 [INFO]   STATUS: applied 2026-09-02 ~09:20 IST, bots restarted same minute. NOT
2026-09-08 03:36:05,611 [INFO]           live-proven. WATCH the ORB entry premium in the next [ORB] Signal /
2026-09-08 03:36:05,611 [INFO]           ENTRY pair — expect a near-ATM strike at Rs20-50 rather than Rs60-100.
2026-09-08 03:36:05,611 [INFO] V2.5.20 [2026-09-02] (A) FORMING-BAR FIX — ORB/GAPBREAK could fire off an
2026-09-08 03:36:05,611 [INFO]   INCOMPLETE 5m bar.  (B) ORB flip-on-stop premium floor lowered.
2026-09-08 03:36:05,611 [INFO]   --- (A) FORMING-BAR ---
2026-09-08 03:36:05,611 [INFO]   WHAT: check_orb_signal() and check_gapbreak_signal() both scan
2026-09-08 03:36:05,611 [INFO]   `for _, b in df5.iterrows()` filtering only on minute-of-day, so df5's LAST
2026-09-08 03:36:05,611 [INFO]   row — the still-forming bucket — was a valid signal bar. With a 30s loop that
2026-09-08 03:36:05,611 [INFO]   bucket can hold as little as ONE 1m candle. For ORB this defeats the
2026-09-08 03:36:05,611 [INFO]   `body > 50% of range` filter entirely: that test exists to demand a decisive
2026-09-08 03:36:05,611 [INFO]   FIVE-minute bar, and a single 1m candle passes it trivially. For GAPBREAK the
2026-09-08 03:36:05,611 [INFO]   range-break was tested against an intra-bar tick, not a settled 5m close.
2026-09-08 03:36:05,611 [INFO]   FIX: both loops skip any bucket whose end time has not passed
2026-09-08 03:36:05,611 [INFO]   (`if b_min + 5 > _now_min: continue`). Mirrors the two sites that already did
2026-09-08 03:36:05,611 [INFO]   this correctly — check_fut5m_vwap_scalp_signal() reads iloc[-2] (last CLOSED
2026-09-08 03:36:05,612 [INFO]   bar) and is_orb_day_chop_killed() drops the forming bar via d15.iloc[:-1].
2026-09-08 03:36:05,612 [INFO]   FUT5VWAP was checked and is NOT affected.
2026-09-08 03:36:05,612 [INFO]   EVIDENCE (2026-09-01, reproduced from ~/orion_v2520_run.log): ORB logged
2026-09-08 03:36:05,612 [INFO]   "[ORB] Signal — close 24026.6 broke OR[24027.8,24082.6] side=PE" at 09:45 and
2026-09-08 03:36:05,612 [INFO]   entered 24100PE @83.00 at 09:46:34, stopping for -Rs975. 24026.6 is the
2026-09-08 03:36:05,612 [INFO]   1-MINUTE close at 09:45; the bucket held exactly one candle (body 0.664).
2026-09-08 03:36:05,612 [INFO]   NEITHER completed 5m bar qualified: 09:40-09:44 closed 24028.35, ABOVE the OR
2026-09-08 03:36:05,612 [INFO]   low, no break; 09:45-09:49 had body 0.433 < 0.5. That trade should never have
2026-09-08 03:36:05,612 [INFO]   existed. Loop simulation on 09-01 1m data: BEFORE fires 09:45 off 1 candle
2026-09-08 03:36:05,612 [INFO]   (PE); AFTER fires 10:55 off 5 candles (CE) — worth +Rs1,170 instead of -Rs975.
2026-09-08 03:36:05,612 [INFO]   SCALE: replay of the last 10 NIFTY expiries (harness G1-verified against the
2026-09-08 03:36:05,612 [INFO]   09-01 log) — the bug flips the traded SIDE on 3 of 10 days (07-14, 08-18,
2026-09-08 03:36:05,612 [INFO]   09-01). Net P&L similar (-Rs2,145 buggy vs -Rs2,018 clean) but only by luck.
2026-09-08 03:36:05,612 [INFO]   --- (B) FLIP FLOOR ---
2026-09-08 03:36:05,612 [INFO]   WHAT: new constant ORB_FLIP_PREM_MIN, read by _touch_flip_reentry() for ORB.
2026-09-08 03:36:05,612 [INFO]   NIFTY 20.0, SENSEX 66.7 (proportional carry at the 3.333x port scaling, same
2026-09-08 03:36:05,612 [INFO]   convention as the 08-31 GAP_THRESH and lock-arm entries).
2026-09-08 03:36:05,612 [INFO]   WHY A SEPARATE CONSTANT: ORB_PREM_MIN is read in TWO places — the ENTRY strike
2026-09-08 03:36:05,612 [INFO]   pick in check_orb_signal() and the FLIP in _touch_flip_reentry(). The replay
2026-09-08 03:36:05,612 [INFO]   held the ENTRY floor at 60 and varied ONLY the flip floor, so lowering
2026-09-08 03:36:05,612 [INFO]   ORB_PREM_MIN itself would have deployed an untested combination and changed
2026-09-08 03:36:05,612 [INFO]   which strike every ORB entry buys. Entry floor is UNCHANGED (60 / 200).
2026-09-08 03:36:05,612 [INFO]   EVIDENCE: 10 NIFTY expiries. Flip floor 60 -> 20 gains +Rs2,535 on the
2026-09-08 03:36:05,612 [INFO]   as-is engine and +Rs1,365 on the bug-fixed engine — the gain survives the fix,
2026-09-08 03:36:05,612 [INFO]   which was the check that mattered. Decomposition: ORB ENTRIES lose -Rs3,315
2026-09-08 03:36:05,612 [INFO]   (3/10 win); the FLIPS make +Rs3,705 (4/5). The flip carries the engine.
2026-09-08 03:36:05,612 [INFO]   CAVEATS, stated plainly: n=10 with only 5 flips — CIs include zero. Every
2026-09-08 03:36:05,612 [INFO]   winner exits at EXACTLY +18 (ORB_LOCK_PTS); the +40 ride trigger never engaged
2026-09-08 03:36:05,612 [INFO]   once in 10 expiries, so ORB is a +18/-15 coin flip. Left as-is per user
2026-09-08 03:36:05,612 [INFO]   2026-09-02. Floor 20 is still NET NEGATIVE on the bug-fixed engine (-Rs653):
2026-09-08 03:36:05,612 [INFO]   this makes ORB less bad, not profitable. Expiry days only; ORB runs daily.
2026-09-08 03:36:05,612 [INFO]   SENSEX has NO supporting replay — NIFTY-only evidence, carried on convention.
2026-09-08 03:36:05,612 [INFO]   REVERT: ORION_PAPER_V2_5_20_BACKUP_20260902_034429_pre_formingbar_flipfloor.py /
2026-09-08 03:36:05,613 [INFO]           ORION_SENSEX_V2520_BACKUP_20260902_034429_pre_formingbar_flipfloor.py
2026-09-08 03:36:05,613 [INFO]   STATUS: applied 2026-09-02 ~09:15 IST and bots RESTARTED the same minute on
2026-09-08 03:36:05,613 [INFO]           user instruction (both were flat, 0 trades, market had just opened;
2026-09-08 03:36:05,613 [INFO]           ORB entry window opens 09:25 so the restart preceded any signal).
2026-09-08 03:36:05,613 [INFO]           NOT live-proven. VERIFY today: grep "[ORB] Signal" in the run log —
2026-09-08 03:36:05,613 [INFO]           the quoted close must be a COMPLETED 5m bar close, never a bare 1m
2026-09-08 03:36:05,613 [INFO]           close mid-bucket; and any flip must show a premium >= the new floor.
2026-09-08 03:36:05,613 [INFO] V2.5.20 [2026-08-31] GAP_THRESH 75->50 + ORB REGIME GATE OPENED TO CHOP.
2026-09-08 03:36:05,613 [INFO]   (A) GAP_THRESH_PTS 250.0 -> 166.7 (proportional carry of the NIFTY
2026-09-08 03:36:05,613 [INFO]   75->50 at this port's 3.333x scaling). User: "it was 75 when nifty shares a lot=75,
2026-09-08 03:36:05,613 [INFO]   current is 65, so it should be 65, but considering nifty small but sharp
2026-09-08 03:36:05,613 [INFO]   movement, i am asking u to set it to 50." GAPBREAK stands down for the whole
2026-09-08 03:36:05,613 [INFO]   day when abs(today_open - prev_close) <= GAP_THRESH_PTS, so this is the gate
2026-09-08 03:36:05,613 [INFO]   that decides whether GAPBREAK exists at all on a given day. 08-31 gapped
2026-09-08 03:36:05,613 [INFO]   -58.10 and was skipped under 75; under 50 it would have traded.
2026-09-08 03:36:05,613 [INFO]   (B) ORB_ALLOWED_REGIMES ('BULL','BEAR','TRANSITION') -> + 'CHOP'. Only
2026-09-08 03:36:05,613 [INFO]   is_orb_day_sideways_live() reads this constant and only check_orb_signal()
2026-09-08 03:36:05,613 [INFO]   calls that, so the blast radius is ORB alone. ADX_CHOP_MAX was deliberately
2026-09-08 03:36:05,614 [INFO]   NOT touched: it feeds classify_regime() -> DAY.regime, which V2 also gates on
2026-09-08 03:36:05,614 [INFO]   via regime_allows_trade(), so moving it would silently loosen V2 too.
2026-09-08 03:36:05,614 [INFO]   MEASUREMENT (145 sessions, 2026-01-19..08-31, bot's own classify_regime on
2026-09-08 03:36:05,614 [INFO]   the same prior-1h bar the live boot uses): ORB stood down on 43/145 = 29.7%
2026-09-08 03:36:05,614 [INFO]   of sessions, rising to 35.0% over the last 40 and 62.5% since 08-20.
2026-09-08 03:36:05,614 [INFO]   Spot-excursion outcome of the ORB breakout (entry -> 15:15), by regime:
2026-09-08 03:36:05,614 [INFO]       regime        n   medMFE  medMAE  med-edge  MFE>=25  win%
2026-09-08 03:36:05,614 [INFO]       BULL         17     36.9    51.9      +0.5     76%    53%
2026-09-08 03:36:05,614 [INFO]       BEAR         23     70.2   157.8    -119.0     70%    22%
2026-09-08 03:36:05,614 [INFO]       TRANSITION   44     78.5    60.9     +39.9     82%    57%
2026-09-08 03:36:05,614 [INFO]       CHOP         39     71.5    78.6     -17.2     90%    46%
2026-09-08 03:36:05,614 [INFO]       ALLOWED-now  84     70.3    69.6      -9.9     77%    46%
2026-09-08 03:36:05,614 [INFO]   CHOP is NOT separable from the days already allowed: same win rate (46% vs
2026-09-08 03:36:05,614 [INFO]   46%), higher median MFE (71.5 vs 70.3), and it reaches +25 spot points MORE
2026-09-08 03:36:05,614 [INFO]   often than the allowed set (90% vs 77%). The gate was removing days that look
2026-09-08 03:36:05,614 [INFO]   like the ones it keeps. Note also that BEAR -- the regime the older notes call
2026-09-08 03:36:05,614 [INFO]   ORB's edge -- is by far the WORST bucket here (win 22%, edge -119).
2026-09-08 03:36:05,614 [INFO]   LIMITS: the metric is a SPOT-excursion proxy (max favourable/adverse move to
2026-09-08 03:36:05,614 [INFO]   15:15), NOT a premium-level ORB P&L replay -- it ignores stop/lock sequencing,
2026-09-08 03:36:05,614 [INFO]   so a day with large MFE can still have hit the stop first. It says the gate
2026-09-08 03:36:05,614 [INFO]   does not DISCRIMINATE; it does NOT prove ORB is profitable in CHOP. This
2026-09-08 03:36:05,614 [INFO]   loosens rather than tightens, so it will increase trade count and drawdown
2026-09-08 03:36:05,614 [INFO]   exposure. The in-day ORB_CHOP_KILL (>=4 VWAP crosses, ORB_CHOP_MIN_CROSSES=4)
2026-09-08 03:36:05,614 [INFO]   is UNCHANGED and remains the intraday chop protection.
2026-09-08 03:36:05,614 [INFO]   SENSEX-SPECIFIC LIMIT: the 145-session measurement above was run on NIFTY
2026-09-08 03:36:05,614 [INFO]   ONLY. There is NO SENSEX evidence for either change; both are proportional /
2026-09-08 03:36:05,614 [INFO]   mirrored carry-overs onto a port whose 3.3x scaling was never backtested.
2026-09-08 03:36:05,614 [INFO]   REVERT: ORION_SENSEX_V2520_BACKUP_20260831_pre_orbgate_gapthresh.py
2026-09-08 03:36:05,614 [INFO]   STATUS: code applied 2026-08-31 post-close, boot-verified, NOT trade-proven.
2026-09-08 03:36:05,614 [INFO] V2.5.20 [2026-08-31] ORB/GAPBREAK LOCK-ARM THRESHOLDS LOWERED (80->57.6, 50->26.7).
2026-09-08 03:36:05,614 [INFO]   WHAT: ORB_LOCK_PTS 80.0 -> 57.6; GAP_LOCK_PTS 50.0 -> 26.7. SENSEX mirror
2026-09-08 03:36:05,615 [INFO]   of the NIFTY change, scaled proportionally at this port's existing index
2026-09-08 03:36:05,615 [INFO]   ratios (18 * 80/25 = 57.6; 8 * 50/15 = 26.7). These are the
2026-09-08 03:36:05,615 [INFO]   lock-FLOOR ARM thresholds in _manage_touch_exit(), not targets: while
2026-09-08 03:36:05,615 [INFO]   DAY.floor is None the position is exposed to the full stop; once premium
2026-09-08 03:36:05,615 [INFO]   touches entry+lock the floor arms and the stop is bypassed entirely.
2026-09-08 03:36:05,615 [INFO]   WHY (user instruction 2026-08-31, after the 08-31 replay): both engines were
2026-09-08 03:36:05,615 [INFO]   replayed on 08-31 NIFTY using the live functions with a replay-clock ltp()
2026-09-08 03:36:05,615 [INFO]   override. ORB signalled 09:40 PE 24050 @64.40 (OR 09:15-09:20 =
2026-09-08 03:36:05,615 [INFO]   [24038.40,24128.70], break bar body 95%); GAPBREAK at a 50pt threshold
2026-09-08 03:36:05,615 [INFO]   signalled 09:55 PE 24050 @74.45. The 24050PE peaked at 83.30 -- i.e. +18.90
2026-09-08 03:36:05,615 [INFO]   over the ORB entry and +8.85 over the GAPBREAK entry. Both arms (89.40 /
2026-09-08 03:36:05,615 [INFO]   89.45) were missed by ~6 premium points, so NEITHER floor armed, both sat
2026-09-08 03:36:05,615 [INFO]   fully exposed, and both took the full stop at 11:54 on the reversal:
2026-09-08 03:36:05,615 [INFO]   ORB -15pt/-Rs975, GAPBREAK -30pt/-Rs1950. 18 and 8 sit just under those
2026-09-08 03:36:05,615 [INFO]   observed peaks and would have armed (82.40 / 82.45 vs peak 83.30).
2026-09-08 03:36:05,615 [INFO]   EVIDENCE / LIMITS: n=1. ONE day, one trade per engine, replayed not traded --
2026-09-08 03:36:05,615 [INFO]   neither signal could have been taken live on 08-31 because the bot was dead
2026-09-08 03:36:05,615 [INFO]   09:15-10:21 IST (see the SCRIPT_DIR hotfix entry above). The thresholds were
2026-09-08 03:36:05,615 [INFO]   chosen to clear a single observed peak, which is curve-fitting to one sample;
2026-09-08 03:36:05,615 [INFO]   a 30/60/90-day replay has NOT been run. Lowering the arm also banks smaller
2026-09-08 03:36:05,615 [INFO]   wins more often and cuts the number of trades that survive to the RIDE stage
2026-09-08 03:36:05,615 [INFO]   (ORB_RIDE_TRIGGER_PTS 40 / GAP 65 are unchanged), so mean win size should be
2026-09-08 03:36:05,615 [INFO]   expected to FALL even if win-rate rises. Watch giveback and win-rate over the
2026-09-08 03:36:05,615 [INFO]   next several ORB/GAPBREAK trades, not one.
2026-09-08 03:36:05,615 [INFO]   EXTRA LIMIT (SENSEX): the 08-31 replay was run on NIFTY ONLY. No SENSEX
2026-09-08 03:36:05,615 [INFO]   ORB/GAPBREAK replay supports these numbers; they are a pure proportional
2026-09-08 03:36:05,615 [INFO]   carry-over of a NIFTY-derived, n=1 result, on a port whose 3.3x scaling was
2026-09-08 03:36:05,615 [INFO]   itself never backtested.
2026-09-08 03:36:05,615 [INFO]   REVERT: ORION_SENSEX_V2520_BACKUP_20260831_pre_lock_change.py
2026-09-08 03:36:05,615 [INFO]   STATUS: code applied 2026-08-31 post-close. NOT live-proven -- bots exited
2026-09-08 03:36:05,615 [INFO]   cleanly at 15:30 IST and next boot is the 09:02 IST cron on 2026-09-01.
2026-09-08 03:36:05,615 [INFO] V2.5.20 [2026-08-31] STALE-DATA GUARD THRESHOLD 16 -> 20 MIN (15m + fut15).
2026-09-08 03:36:05,616 [INFO]   WHAT : in the V2.5.15 stale-data guard, _fresh_limit = now - 16min becomes
2026-09-08 03:36:05,616 [INFO]          now - _stale_max_min (20). The [STALE] log line now prints the
2026-09-08 03:36:05,616 [INFO]          constant instead of a hardcoded ">16min". NO entry/exit RULE, no
2026-09-08 03:36:05,616 [INFO]          engine, no indicator touched -- this only changes when the guard
2026-09-08 03:36:05,616 [INFO]          declares the frame unusable and blocks entries for one cycle.
2026-09-08 03:36:05,616 [INFO]   WHY  : a bar's LABEL is its bucket START, so a perfectly current 15m bar is
2026-09-08 03:36:05,616 [INFO]          already 15 min old by label the instant the next bucket opens. 16 min
2026-09-08 03:36:05,616 [INFO]          left only ~60s of headroom, and the tick samples the new bucket a few
2026-09-08 03:36:05,616 [INFO]          seconds BEFORE its first 1m candle exists, so the shim (correctly) has
2026-09-08 03:36:05,616 [INFO]          no bar to build yet and returns the previous bucket. The guard then
2026-09-08 03:36:05,616 [INFO]          fired once per bucket, always at :01/:16/:31/:46, always recovering on
2026-09-08 03:36:05,616 [INFO]          the very next tick. This is a threshold artefact, NOT stale data.
2026-09-08 03:36:05,616 [INFO]          Supersedes the 08-29 note "Deliberately NOT raising the 16-min stale
2026-09-08 03:36:05,616 [INFO]          guard": that reasoning assumed the shim would make the forming bar
2026-09-08 03:36:05,616 [INFO]          available immediately, which it cannot do inside the first ~60s of a
2026-09-08 03:36:05,616 [INFO]          bucket. 20 = 15 (bar width) + 5 (publish/tick tolerance).
2026-09-08 03:36:05,616 [INFO]   EVIDENCE: 2026-08-31 live logs, first full day on the resampling shim.
2026-09-08 03:36:05,616 [INFO]          Nifty 18 [STALE] events, Sensex 18 -- each one blocking entries for a
2026-09-08 03:36:05,616 [INFO]          cycle. Replayed every one of the 36 against the recorded tick time and
2026-09-08 03:36:05,616 [INFO]          bar label: bar-label age ranged 16.00-16.45 min, i.e. ALL 36 sat
2026-09-08 03:36:05,616 [INFO]          inside a 0.45-min band just past the old line. Under 20 min: 0 of 36
2026-09-08 03:36:05,616 [INFO]          trip. Margin to the new line is 3.55 min.
2026-09-08 03:36:05,616 [INFO]          The failure this guard exists for is untouched: the 2026-06-12
2026-09-08 03:36:05,616 [INFO]          incident served bars HOURS in the past (13:30 PE entry into a +68pt
2026-09-08 03:36:05,616 [INFO]          rally, HARDSL) and is still caught by a wide margin.
2026-09-08 03:36:05,616 [INFO]   DIAGNOSIS NOTE: the shim itself was verified NOT to be at fault -- a live
2026-09-08 03:36:05,616 [INFO]          probe at 14:02:04 IST on 08-31 returned the 14:00 15m bar (fresh) and
2026-09-08 03:36:05,616 [INFO]          1m candles through 14:01, resampling correctly. The bug was only ever
2026-09-08 03:36:05,616 [INFO]          the guard's threshold.
2026-09-08 03:36:05,616 [INFO]   SECOND, DEPENDENT CHANGE -- _completed_idx() (REQUIRED, not optional):
2026-09-08 03:36:05,616 [INFO]          raising the threshold ALONE would have been a net regression, and the
2026-09-08 03:36:05,616 [INFO]          08-29 note "raising the guard is the WRONG FIX" was right about why.
2026-09-08 03:36:05,616 [INFO]          The engines read df15['K'].iloc[-2] (and df1h iloc[-2]) assuming
2026-09-08 03:36:05,617 [INFO]          iloc[-1] is ALWAYS the forming bar. In the boundary window it is not,
2026-09-08 03:36:05,617 [INFO]          so simply unblocking those cycles would have had the engines evaluate
2026-09-08 03:36:05,617 [INFO]          a K one bar (15 min) STALE -- silently. Measured: the guard's instant
2026-09-08 03:36:05,617 [INFO]          refetch, 28ms later, recovered 0 of 18 trips, confirming the forming
2026-09-08 03:36:05,617 [INFO]          bar is genuinely absent, not merely slow.
2026-09-08 03:36:05,617 [INFO]          New module-level _completed_idx(df, now, minutes) returns the offset of
2026-09-08 03:36:05,617 [INFO]          the last COMPLETED bar: -2 when the forming bar is present, -1 in the
2026-09-08 03:36:05,617 [INFO]          boundary window. Wired into the 2 K/1h read sites (main tick + the
2026-09-08 03:36:05,617 [INFO]          guard's recovery branch). The boot-time read at the "Live state + first
2026-09-08 03:36:05,617 [INFO]          pulse" block is left on -2 deliberately (one-shot, pre-market-loop).
2026-09-08 03:36:05,617 [INFO]          SAFETY PROPERTY: it returns -2 on every tick that today reaches the
2026-09-08 03:36:05,617 [INFO]          engines, so it CANNOT change any tick that currently produces a trade;
2026-09-08 03:36:05,617 [INFO]          it only differs inside the window that today is unconditionally
2026-09-08 03:36:05,617 [INFO]          blocked. Unit-tested 8 cases + a 96-tick sweep: 0 normal ticks return
2026-09-08 03:36:05,617 [INFO]          anything but -2.
2026-09-08 03:36:05,617 [INFO]   REVERT: ORION_PAPER_V2_5_20_BACKUP_20260831_pre_stale_threshold.py /
2026-09-08 03:36:05,617 [INFO]           ORION_SENSEX_V2520_BACKUP_20260831_pre_stale_threshold.py
2026-09-08 03:36:05,617 [INFO]           (both changes are in these backups -- revert restores 16-min + iloc[-2])
2026-09-08 03:36:05,617 [INFO]   STATUS: applied 2026-08-31 14:2x IST during market hours. The RUNNING
2026-09-08 03:36:05,617 [INFO]           processes still hold the old 16-min value (Python loaded the file at
2026-09-08 03:36:05,617 [INFO]           the 10:21 IST restart) -- this takes effect at the next boot, Tue
2026-09-08 03:36:05,617 [INFO]           2026-09-01. NOT live-proven. Confirm on 09-01 by grepping the
2026-09-08 03:36:05,617 [INFO]           FlightRecorder for [STALE]: expect ZERO. If any remain, the cause is
2026-09-08 03:36:05,617 [INFO]           NOT this threshold and the shim/feed must be re-examined.
2026-09-08 03:36:05,617 [INFO] V2.5.20 [2026-08-31] HOTFIX: NameError SCRIPT_DIR crashed the bot on every boot.
2026-09-08 03:36:05,617 [INFO]   The 2026-08-29 trade-recorder addition referenced `SCRIPT_DIR`, but this file
2026-09-08 03:36:05,617 [INFO]   only ever defines `_SCRIPT_DIR` (underscore). Bot died in <2s on all 50 restart
2026-09-08 03:36:05,617 [INFO]   attempts this morning and gave up before EOD -- no trades taken 08-31 09:19-10:21
2026-09-08 03:36:05,617 [INFO]   IST. Fixed TRADES_CSV to use `_SCRIPT_DIR`. Evidence: ~/orion_sensex_run.log,
2026-09-08 03:36:05,617 [INFO]   attempts 1-50, all identical traceback at line 5855. Revert:
2026-09-08 03:36:05,617 [INFO]   ORION_SENSEX_V2520_BACKUP_20260831_pre_scriptdir_fix.py. Status: fixed,
2026-09-08 03:36:05,617 [INFO]   restarted manually intraday 10:21 IST -- pending confirmation of clean boot.
2026-09-08 03:36:05,617 [INFO] V2.5.20 [2026-08-30] ORB + EXPIRY EXEMPTED FROM THE CROSS-ENGINE CIRCUIT BREAKER.
2026-09-08 03:36:05,618 [INFO]   User, after the 08-29 changelog review: "no. of trades limit or sl hit
2026-09-08 03:36:05,618 [INFO]   halting should not be applied to orb and expiry engines. these are
2026-09-08 03:36:05,618 [INFO]   required." (Also confirmed the 08-29 stacking fix does NOT need to change:
2026-09-08 03:36:05,618 [INFO]   ORB/EXPIRY were never in _OVERLAP_ENGINES = [BASE, VWAP, FUT5VWAP], so they
2026-09-08 03:36:05,618 [INFO]   never stacked and nothing there needed touching. EXP12/EXP1/EXP2 shadow book
2026-09-08 03:36:05,618 [INFO]   already runs with no gates at all, unaffected either way.)
2026-09-08 03:36:05,618 [INFO]   WHAT: added _halt_exempt = (_base in ("ORB", "EXPIRY")) to the entry gate;
2026-09-08 03:36:05,618 [INFO]   _entry_allowed now ignores DAY.halted / GLOBAL_HALTED for these two engines
2026-09-08 03:36:05,618 [INFO]   unconditionally, in both PAPER and LIVE broker modes. Previously the global
2026-09-08 03:36:05,618 [INFO]   4-loss circuit breaker (any engine's losses, not just its own) set
2026-09-08 03:36:05,618 [INFO]   DAY.halted=True on every engine including these two, and in LIVE mode that
2026-09-08 03:36:05,618 [INFO]   fully blocked their new entries (paper mode already happened to be
2026-09-08 03:36:05,618 [INFO]   permissive via _cb_paper_mode, but only incidentally -- this makes it
2026-09-08 03:36:05,618 [INFO]   explicit and mode-independent). BASE/VWAP/FUT5VWAP/GAPBREAK are UNCHANGED
2026-09-08 03:36:05,618 [INFO]   and still halt normally.
2026-09-08 03:36:05,618 [INFO]   NO BACKTEST -- pure gating change per explicit user instruction, not a
2026-09-08 03:36:05,618 [INFO]   measured edge claim.
2026-09-08 03:36:05,618 [INFO]   REVERT: delete the _halt_exempt line and its `or _halt_exempt` use, or
2026-09-08 03:36:05,618 [INFO]           ORION_SENSEX_V2520_BACKUP_20260830_pre_halt_exempt.py
2026-09-08 03:36:05,618 [INFO]   STATUS: [USER] live on the next boot, Mon 2026-08-31.
2026-09-08 03:36:05,618 [INFO] 
2026-09-08 03:36:05,618 [INFO] V2.5.20 [2026-08-29] CE_BUY_ENABLED flag added (default True, NO behaviour change).
2026-09-08 03:36:05,618 [INFO]   Buying a CALL measured EV -1.067 pts over 91 sessions / 262,911 CE option-
2026-09-08 03:36:05,618 [INFO]   minutes, 95% CI [-2.179,-0.192] -- excludes zero, an ESTABLISHED loser. Puts
2026-09-08 03:36:05,618 [INFO]   are -0.088 (CI includes zero). Half-sizing was tried first and is a NO-OP:
2026-09-08 03:36:05,618 [INFO]   every engine is at 1 lot, so max(1, round(1*0.5)) == 1. At 1-lot sizing this
2026-09-08 03:36:05,618 [INFO]   is binary. Left ENABLED because disabling halves trade count and the user
2026-09-08 03:36:05,618 [INFO]   wants trades firing, and because the PE-minus-CE difference CI still includes
2026-09-08 03:36:05,618 [INFO]   zero -- only the CE loss is established, not the asymmetry.
2026-09-08 03:36:05,618 [INFO]   Set CE_BUY_ENABLED = False to act on it. Flag is declared and documented but
2026-09-08 03:36:05,618 [INFO]   NOT yet wired into the entry path -- wiring it is the next step if chosen.
2026-09-08 03:36:05,619 [INFO]   REVERT: *_BACKUP_20260829_pre_ce_halfsize.py
2026-09-08 03:36:05,619 [INFO]   STATUS: [BT] measured; flag inert by default.
2026-09-08 03:36:05,619 [INFO] 
2026-09-08 03:36:05,619 [INFO] V2.5.20 [2026-08-29] MAKE THE SILENT ENGINES FIRE — ORB regime gate + V3 probe fills.
2026-09-08 03:36:05,619 [INFO]   User: "i want all engines repaired and trades should be firing."
2026-09-08 03:36:05,619 [INFO]   Two engines were producing signals that never became trades.
2026-09-08 03:36:05,619 [INFO]   (1) ORB — was standing down on 27 of 40 live days (TRANSITION 14, CHOP 13) and
2026-09-08 03:36:05,619 [INFO]       there had been NO BULL/BEAR day since 08-17, so it fired zero times for six
2026-09-08 03:36:05,619 [INFO]       straight sessions, including 08-27 (NIFTY -187 closing on the low, SENSEX
2026-09-08 03:36:05,619 [INFO]       -643 on the low) which is the exact one-way trend an opening-range break is
2026-09-08 03:36:05,619 [INFO]       built for. The gate was also stricter than anything validated: only
2026-09-08 03:36:05,619 [INFO]       SIDEWAYS-skip was ever backtested; the live proxy collapsed TRANSITION AND
2026-09-08 03:36:05,619 [INFO]       CHOP into skip and its own comment admits it is "stricter (skip-more)".
2026-09-08 03:36:05,619 [INFO]       V2's regime_allows_trade() already permits TRANSITION.
2026-09-08 03:36:05,619 [INFO]       198-session check (spot pts, OR break, live ORB exit params):
2026-09-08 03:36:05,619 [INFO]         SENSEX BULL +8.71  BEAR +10.52  TRANSITION +3.34  CHOP +1.75
2026-09-08 03:36:05,619 [INFO]         NIFTY  BULL +1.30  BEAR  -0.88  TRANSITION +0.19  CHOP +2.62
2026-09-08 03:36:05,619 [INFO]       TRANSITION is positive on both, lower quality than BULL/BEAR but not
2026-09-08 03:36:05,619 [INFO]       harmful. => ORB_ALLOWED_REGIMES = (BULL, BEAR, TRANSITION); CHOP still out.
2026-09-08 03:36:05,619 [INFO]       Expected effect: ORB active on ~68% of days instead of ~32%.
2026-09-08 03:36:05,619 [INFO]   (2) V3 PROBE — the engine committed to a signal, placed a resting limit, then
2026-09-08 03:36:05,619 [INFO]       never got filled. NIFTY filled 13 of 30 (43%); SENSEX filled 0 of 8.
2026-09-08 03:36:05,619 [INFO]       Pullback NIFTY 8.0 -> 4.0, SENSEX 26.0 -> 13.0, window 15 -> 25 min.
2026-09-08 03:36:05,619 [INFO]       Trades a slightly worse entry price for actually being in the trade.
2026-09-08 03:36:05,619 [INFO]   NOT VALIDATED AS PROFIT. Both are frequency fixes measured in spot points;
2026-09-08 03:36:05,619 [INFO]   forward paper is the only referee. If ORB's win rate on TRANSITION days comes
2026-09-08 03:36:05,619 [INFO]   in worse than on BULL/BEAR over a real forward sample, revert first.
2026-09-08 03:36:05,619 [INFO]   REVERT: ORB_ALLOWED_REGIMES = ('BULL','BEAR'); probe pullback 8.0/26.0,
2026-09-08 03:36:05,619 [INFO]           window 15; or *_BACKUP_20260829_pre_firing.py
2026-09-08 03:36:05,619 [INFO]   STATUS: [USER][FWD] live on the next boot, Mon 2026-08-31.
2026-09-08 03:36:05,619 [INFO] 
2026-09-08 03:36:05,619 [INFO] V2.5.20 [2026-08-29] VWAP REPAIR — LEGACY_OVERLAP_SLOTS 4 -> 0 (both bots).
2026-09-08 03:36:05,620 [INFO]   User: "but also repair vwap".
2026-09-08 03:36:05,620 [INFO]   WHAT WAS ACTUALLY WRONG (measured, all 165 live trades 07-06..08-28):
2026-09-08 03:36:05,620 [INFO]   BASE/VWAP/FUT5VWAP each had 5 concurrent position slots and dedup ran per-BAR
2026-09-08 03:36:05,620 [INFO]   only -- nothing checked whether that strike was already open. Result:
2026-09-08 03:36:05,620 [INFO]       single positions  n=41  win 46%  mean +0.74pt
2026-09-08 03:36:05,620 [INFO]       stacked positions n=124 win 48%  mean +0.68pt
2026-09-08 03:36:05,620 [INFO]   Identical per-trade expectancy => the extra slots add NO EDGE, they only
2026-09-08 03:36:05,620 [INFO]   multiply size and variance. 24 of 40 stack events finished worse than the
2026-09-08 03:36:05,620 [INFO]   first slot alone; net cost Rs2,261; the damage is all in the tails (07-23
2026-09-08 03:36:05,620 [INFO]   stacked 4x into 24000CE -Rs7,248 vs -Rs1,398 for one slot; 08-13 stacked 7x
2026-09-08 03:36:05,620 [INFO]   -Rs7,213 vs -Rs959). 08-28 bought 24100PE twice 14 minutes apart and stopped
2026-09-08 03:36:05,620 [INFO]   both: -Rs1,739 instead of -Rs875. It also silently broke the standing 1-LOT
2026-09-08 03:36:05,620 [INFO]   rule -- VWAP could hold 5 lots at once. SLOT_LIST goes 18 -> 6.
2026-09-08 03:36:05,620 [INFO]   WHAT I DID **NOT** CHANGE, AND WHY:
2026-09-08 03:36:05,620 [INFO]    * CLIMAX FILTER (body>=87%) -- a 6-session n=14 sample suggested it was
2026-09-08 03:36:05,620 [INFO]      vetoing the best bars (79% continuation, +47pt/60m vs 52%/+13pt). RE-TESTED
2026-09-08 03:36:05,620 [INFO]      on 147 sessions (2025-12-24..2026-08-28, 3,381 15m bars/index): NIFTY shows
2026-09-08 03:36:05,620 [INFO]      NO difference (+60m +3.74 vetoed vs +4.37 kept, t=-0.14); SENSEX is
2026-09-08 03:36:05,620 [INFO]      suggestive but NOT significant (+14.27 vs +3.01, t=+0.77). The n=14 result
2026-09-08 03:36:05,620 [INFO]      was noise. Filter left exactly as is.
2026-09-08 03:36:05,620 [INFO]    * HARDSL_PCT -- the 08-29 study showed -18% sits inside the option's own
2026-09-08 03:36:05,620 [INFO]      noise (5 of 7 stops fired on index moves <0.1%), but the ATR-stop backtest
2026-09-08 03:36:05,620 [INFO]      could not clear G1 (34/53 entries locatable) and its baseline was Rs8,037
2026-09-08 03:36:05,620 [INFO]      from live, so NO stop change is justified yet. The trade recorder added the
2026-09-08 03:36:05,620 [INFO]      same day is what will settle it.
2026-09-08 03:36:05,620 [INFO]   REVERT: ORION_PAPER_V2_5_20_BACKUP_20260829_pre_overlapslots.py
2026-09-08 03:36:05,620 [INFO]           ORION_SENSEX_V2520_BACKUP_20260829_pre_overlapslots.py
2026-09-08 03:36:05,620 [INFO]   STATUS: [BT][USER] effective on the next boot, Mon 2026-08-31.
2026-09-08 03:36:05,620 [INFO] 
2026-09-08 03:36:05,620 [INFO] V2.5.20 [2026-08-29] TRADE RECORDER — per-trade CSV with DTE, MFE/MAE, option ATR.
2026-09-08 03:36:05,620 [INFO]   User: "write its expiry-1 days also, so will know the decay part also."
2026-09-08 03:36:05,620 [INFO]   WHY: the ENTRY: log line carries NO timestamp, so a closed trade cannot be
2026-09-08 03:36:05,621 [INFO]   located on the option's 1-minute tape afterwards. Reconstructing entries by
2026-09-08 03:36:05,621 [INFO]   price-matching failed for 19 of 53 VWAP trades (64%), which is exactly why the
2026-09-08 03:36:05,621 [INFO]   2026-08-29 ATR-stop backtest could not clear its G1 gate (and its baseline came
2026-09-08 03:36:05,621 [INFO]   out Rs8,037 away from the live result, because it had to discard the 19 TRAIL
2026-09-08 03:36:05,621 [INFO]   exits worth +Rs18,807 that it could not model). Bar-level CSVs cannot recover
2026-09-08 03:36:05,621 [INFO]   this either -- they sample ~5min and hold only ONE position, so with 5 overlap
2026-09-08 03:36:05,621 [INFO]   slots they produced 32 phantom entries for 3 real trades on 08-26.
2026-09-08 03:36:05,621 [INFO]   WHAT: Nifty_Trades_V2_5_20.csv / Sensex_Trades_V2_5_20.csv, one row per closed
2026-09-08 03:36:05,621 [INFO]   trade: entry_ts, exit_ts, held_min, engine+detail, symbol/side/strike,
2026-09-08 03:36:05,621 [INFO]   expiry, DTE, lots, entry/exit premium, reason, pts, rupees, MFE/MAE premium
2026-09-08 03:36:05,621 [INFO]   and points, the OPTION's own 14x1min ATR at entry and as % of premium,
2026-09-08 03:36:05,621 [INFO]   sl_level, entry/exit spot and spot_move.
2026-09-08 03:36:05,621 [INFO]   DTE answers the decay question: whether a stop was hit by direction or by
2026-09-08 03:36:05,621 [INFO]   theta as expiry approached. MFE/MAE answers whether a stop cut a real loser
2026-09-08 03:36:05,621 [INFO]   or ejected a trade that was working.
2026-09-08 03:36:05,621 [INFO]   EXPIRY IS TAKEN FROM TARGET_EXPIRY_DATE, NOT PARSED from the tradingsymbol:
2026-09-08 03:36:05,621 [INFO]   a monthly symbol does not encode the day, and "last Thursday" is wrong on both
2026-09-08 03:36:05,621 [INFO]   exchanges now (NSE weekly = Tuesday, BSE = Thursday) -- an end-to-end test
2026-09-08 03:36:05,621 [INFO]   decoded NIFTY26AUG as 2026-08-31 when the real expiry was 08-25.
2026-09-08 03:36:05,621 [INFO]   _expiry_from_symbol() is a weekly-only fallback and returns None for monthly
2026-09-08 03:36:05,621 [INFO]   rather than guessing.
2026-09-08 03:36:05,621 [INFO]   RECORDING ONLY -- no entry, exit or sizing behaviour changes. POS gains
2026-09-08 03:36:05,621 [INFO]   trough_premium (MAE), atr_entry, expiry_date; LAST_SPOT global refreshed each
2026-09-08 03:36:05,621 [INFO]   pulse in check_exits() so the recorder has a spot at every call site; the whole
2026-09-08 03:36:05,621 [INFO]   writer is wrapped in try/except so a logging fault can never break an exit.
2026-09-08 03:36:05,621 [INFO]   VERIFIED end-to-end against the real 2026-08-28 VWAP trade (74.80 -> 61.34,
2026-09-08 03:36:05,621 [INFO]   -Rs875): every field reproduced, DTE=2, atr_pct=4.36%.
2026-09-08 03:36:05,621 [INFO]   REVERT: ORION_PAPER_V2_5_20_BACKUP_20260829_pre_traderecorder.py
2026-09-08 03:36:05,621 [INFO]           ORION_SENSEX_V2520_BACKUP_20260829_pre_traderecorder.py
2026-09-08 03:36:05,621 [INFO]   STATUS: [USER][FWD] first rows land Mon 2026-08-31. Nothing recoverable for the
2026-09-08 03:36:05,621 [INFO]   37 days already logged.
2026-09-08 03:36:05,621 [INFO] 
2026-09-08 03:36:05,621 [INFO] V2.5.20 [2026-08-29] FUT5VWAP 3 lots -> 1 lot (BOTH bots), user-directed.
2026-09-08 03:36:05,621 [INFO]   User: "i want that one engine which takes 3 lots, is it working fine, if not
2026-09-08 03:36:05,622 [INFO]   reduce to 1 lot."  It is not working fine.
2026-09-08 03:36:05,622 [INFO]   EVIDENCE (live log 2026-07-06..08-28, orion_v2520_run.log, 155 exits parsed):
2026-09-08 03:36:05,622 [INFO]     FUT5VWAP  18 trades  14 wins (77.8%)  net -42.88pt  = -Rs8,362 at 3 lots
2026-09-08 03:36:05,622 [INFO]   The high win rate is an artifact of the exit shape, not edge: wins are capped
2026-09-08 03:36:05,622 [INFO]   at the +4.00pt LOCK_FLOOR (avg win +5.51pt) while the 4 losses each ran the
2026-09-08 03:36:05,622 [INFO]   full -30.00pt stop. Break-even win rate at that payoff = 84.5%; actual 77.8%.
2026-09-08 03:36:05,622 [INFO]   It was the single worst engine in the book by rupees, purely because of the 3x.
2026-09-08 03:36:05,622 [INFO]   NUANCE, stated so it is not lost: all 4 losses are BEFORE the 08-17 stop
2026-09-08 03:36:05,622 [INFO]   tightening (30->25pt). Since then only 2 trades have closed (08-25 +4.00,
2026-09-08 03:36:05,622 [INFO]   08-28 +4.00), both wins. So the 08-17 fix may well work -- but n=2 is not
2026-09-08 03:36:05,622 [INFO]   evidence, and an unproven engine should not carry triple size. Re-raise to 3
2026-09-08 03:36:05,622 [INFO]   only after a forward sample large enough to beat the 84.5% break-even bar.
2026-09-08 03:36:05,622 [INFO]   REVERT: ORION_PAPER_V2_5_20_BACKUP_20260829_pre_fut5_1lot.py
2026-09-08 03:36:05,622 [INFO]           ORION_SENSEX_V2520_BACKUP_20260829_pre_fut5_1lot.py
2026-09-08 03:36:05,622 [INFO]   STATUS: [USER][FWD] takes effect on the next boot (Mon 2026-08-31).
2026-09-08 03:36:05,622 [INFO] 
2026-09-08 03:36:05,622 [INFO] === ORION CHANGE HISTORY (V2.2.2 -> V2.5.9) ===
2026-09-08 03:36:05,622 [INFO] 
2026-09-08 03:36:05,622 [INFO] V2.2.2 [PRODUCTION BASELINE — T10]
2026-09-08 03:36:05,622 [INFO]   Entry : 1h SMA20/50 regime + 15m StochRSI K (CE>=38 rising, PE<=80 falling)
2026-09-08 03:36:05,622 [INFO]   Exit  : HARDSL -35%, TIME_SL 210min/-20%, BE +15% -> option SMA8(low) trail
2026-09-08 03:36:05,622 [INFO]   CB=2, 1 lot, no flip, no V3, no chop filter
2026-09-08 03:36:05,623 [INFO] 
2026-09-08 03:36:05,623 [INFO] V2.3  [+V3 CLUSTER LEVELS]
2026-09-08 03:36:05,623 [INFO]   + PDH/PDL/round_50/round_100/PDC/1h swing pivots clustered within 20pts
2026-09-08 03:36:05,623 [INFO]   + Grade A (>=3 source kinds) / Grade B (>=2)
2026-09-08 03:36:05,623 [INFO]   + ADX regime classifier (BULL/BEAR/CHOP/TRANSITION)
2026-09-08 03:36:05,623 [INFO] 
2026-09-08 03:36:05,623 [INFO] V2.4  [+EXIT UPGRADES]
2026-09-08 03:36:05,623 [INFO]   + 15m option SMA8(low) trail (KEPT in all future versions)
2026-09-08 03:36:05,623 [INFO]   + ATR-based exits (REMOVED — not robust enough)
2026-09-08 03:36:05,623 [INFO]   + BE armor at +15% (REMOVED later — net negative in backtest)
2026-09-08 03:36:05,623 [INFO] 
2026-09-08 03:36:05,623 [INFO] V2.5.0  [HYBRID V2+V3 + TIME-RATCHET]
2026-09-08 03:36:05,623 [INFO]   + Hybrid V2+V3 entry (V2 priority on same-bar tiebreak)
2026-09-08 03:36:05,623 [INFO]   + Time-ratchet exit: 90min / +20 step
2026-09-08 03:36:05,623 [INFO] 
2026-09-08 03:36:05,623 [INFO] V2.5.1  [ENTRY REFINEMENT]
2026-09-08 03:36:05,623 [INFO]   + V2 PE_floor=25 (K>=25 required for PE entry)
2026-09-08 03:36:05,623 [INFO]   + V2 CE: no upper K cap (cap tested and REJECTED — hurts WR)
2026-09-08 03:36:05,623 [INFO]   + V2 priority confirmed: +Rs 52k vs V3-priority
2026-09-08 03:36:05,623 [INFO] 
2026-09-08 03:36:05,623 [INFO] V2.5.2  [FLIP RULE +Rs 130k]
2026-09-08 03:36:05,623 [INFO]   + Path A flip (in-trade): elapsed>=30 + peak>=entry+15 + LTP<=entry+10 + K reversed
2026-09-08 03:36:05,623 [INFO]   + Path B flip (post-exit): K reversal within 60min
2026-09-08 03:36:05,623 [INFO]   + Opposite-side only (same-side continuation REJECTED: -Rs 191k CATASTROPHIC)
2026-09-08 03:36:05,623 [INFO]   + CE->PE: K falling, 25<=K<=80 | PE->CE: K rising, K>=38
2026-09-08 03:36:05,623 [INFO] 
2026-09-08 03:36:05,623 [INFO] V2.5.3  [V3 SINGLETONS + HARDSL LOCKED]
2026-09-08 03:36:05,623 [INFO]   + Promoted singletons: PDH/PDL/round_100(+-200 PDC)/swing pivots standalone Grade B
2026-09-08 03:36:05,623 [INFO]   + HARDSL locked at -25% (swept -35% to -15%; -25% optimal)
2026-09-08 03:36:05,623 [INFO]   + PnL Rs +3,14,418
2026-09-08 03:36:05,623 [INFO] 
2026-09-08 03:36:05,623 [INFO] V2.5.4  [FLIP CAP]
2026-09-08 03:36:05,623 [INFO]   + MAX_FLIPS_PER_DAY=3 (flips 1-3 win Rs 131k; flips 4+ lose Rs 21k)
2026-09-08 03:36:05,624 [INFO]   + PnL Rs +3,23,851
2026-09-08 03:36:05,624 [INFO] 
2026-09-08 03:36:05,624 [INFO] V2.5.5  [CHOP FILTER +Rs 49k]
2026-09-08 03:36:05,624 [INFO]   + RSI [47,53] indecision band blocks ALL entries
2026-09-08 03:36:05,624 [INFO]   + PnL Rs +3,72,598
2026-09-08 03:36:05,624 [INFO] 
2026-09-08 03:36:05,624 [INFO] V2.5.6  [V3 PDC CONTAMINATION FIX — LOCKED Rs 3,85,724 / WR 35.7%]
2026-09-08 03:36:05,624 [INFO]   + Exclude PDC from clustering (PDC is reference, not tradeable level)
2026-09-08 03:36:05,624 [INFO]   + G/R require >=25pt buffer from PDC (motivated by 2026-05-18 bad paper trade)
2026-09-08 03:36:05,624 [INFO]   + PnL Rs +3,85,724 / MaxDD -1,331 / Red 5/18
2026-09-08 03:36:05,624 [INFO] 
2026-09-08 03:36:05,624 [INFO] V2.5.7  [VELVET ROPE + RATCHET +Rs 1,14,324 / WR 35.7%->55.4%]
2026-09-08 03:36:05,624 [INFO]   + Velvet Rope: premium hits entry+15 -> SL immediately to entry+2
2026-09-08 03:36:05,624 [INFO]   + Ratchet Gate: 30min elapsed + entry+25 -> SL to entry+15
2026-09-08 03:36:05,624 [INFO]   + Runner Trail: +20 per +20pts peak (one-way)
2026-09-08 03:36:05,624 [INFO]   + Trade-off: Red months 5->10/18, MaxDD -1,331->-1,885
2026-09-08 03:36:05,624 [INFO] 
2026-09-08 03:36:05,624 [INFO] V2.5.8  [K EXTREME + FULL SMA ALIGNMENT]
2026-09-08 03:36:05,624 [INFO]   + K extreme filter: CE entry only if K<25 recently (3 bars); PE if K>75 recently
2026-09-08 03:36:05,624 [INFO]   + Full SMA alignment: CE needs close>SMA20>SMA50 (was just close>SMA20)
2026-09-08 03:36:05,624 [INFO] 
2026-09-08 03:36:05,624 [INFO] V2.5.9  [Rs 6,70,425 / WR 66.9% / 357 trades / MaxDD -1,485 / Red 8/18]
2026-09-08 03:36:05,624 [INFO]   + RSI DIRECTIONAL GATE replaces RSI [47,53] chop filter:
2026-09-08 03:36:05,624 [INFO]       CE: 1h RSI>53 required | PE: 1h RSI<47 required
2026-09-08 03:36:05,624 [INFO]   + MACD 1h alignment: CE needs MACD_line>signal; PE needs MACD_line<signal
2026-09-08 03:36:05,624 [INFO]   + Premium gate: 30<=entry_LTP<=180 (blocks deep OTM and IV-spike entries)
2026-09-08 03:36:05,624 [INFO]   + Tightened exit params: RI=12 (was 15), RT=20 (was 30), RS=25 (was 20)
2026-09-08 03:36:05,624 [INFO]   + CB=3 (was 4)
2026-09-08 03:36:05,624 [INFO]   + Straddle monitoring: informational Telegram at 9:45 and 11:30
2026-09-08 03:36:05,624 [INFO]   + Options VWAP: informational context at entry/pulse/exit
2026-09-08 03:36:05,624 [INFO] 
2026-09-08 03:36:05,624 [INFO] V2.5.12 [CURRENT LOCKED — Rs 6,88,158 / WR 64.5% / 363 trades / MaxDD -1,119 / Red 5/18]
2026-09-08 03:36:05,624 [INFO]   SOURCE: VRL (Vishal Rajput) code analysis — peak-based ratchet ladder
2026-09-08 03:36:05,624 [INFO]   + HARDSL tightened -25% → -18% (faster loss cut, less capital exposed)
2026-09-08 03:36:05,625 [INFO]   + 20-min time gate REMOVED — purely peak-based ladder (no waiting)
2026-09-08 03:36:05,625 [INFO]   + Ladder Tier2: peak >= entry+24 → SL = entry+12 (immediate)
2026-09-08 03:36:05,625 [INFO]   + Ladder Tier3: peak >= entry+36 → SL = entry+24 (immediate)
2026-09-08 03:36:05,625 [INFO]   + Entry logic UNCHANGED from V2.5.9
2026-09-08 03:36:05,625 [INFO]   + Validated: real option data (May 4-21 2026, 12 days)
2026-09-08 03:36:05,625 [INFO]   + Key improvement: MaxDD -1,485 → -1,119 (-25%), Red months 8 → 5
2026-09-08 03:36:05,625 [INFO] 
2026-09-08 03:36:05,625 [INFO] V2.5.12-LIVE [2026-05-29 — FIRST LIVE TRADING SESSION WITH mSTOCK EXECUTION]
2026-09-08 03:36:05,625 [INFO]   + EXECUTION_BROKER switched from kite_paper → mstock_live
2026-09-08 03:36:05,625 [INFO]   + mStock Type B API integrated: login → set_access_token → verify_totp (TOTP auto)
2026-09-08 03:36:05,625 [INFO]   + Instrument master: direct fetch from OpenAPIScripMaster (173k symbols, name field)
2026-09-08 03:36:05,625 [INFO]   + order_status: mStock returns 'Traded' status (not 'COMPLETE') — mapped correctly
2026-09-08 03:36:05,625 [INFO]   + place_order: disclosedquantity="0" required (blank causes IA400 rejection)
2026-09-08 03:36:05,625 [INFO]   + IP 18.212.243.203 (PythonAnywhere) whitelisted in mStock API settings
2026-09-08 03:36:05,625 [INFO]   + BUY: 15s timeout, cancel-and-check on timeout, abort if not filled
2026-09-08 03:36:05,625 [INFO]   + SELL: 3 retries × 5s, 🚨 CRITICAL Telegram alert if all fail, POS.active stays True
2026-09-08 03:36:05,625 [INFO]   + V3 REGIME GATE REMOVED: V3 now fires in CHOP/INSUFFICIENT regime
2026-09-08 03:36:05,625 [INFO]       Root cause of bug: regime gate wrapped ALL signals including V3;
2026-09-08 03:36:05,625 [INFO]       V3 uses cluster break/reject as its own confirmation — ADX not needed
2026-09-08 03:36:05,625 [INFO]       V2 and FLIP remain regime-gated (BULL/BEAR/TRANSITION only)
2026-09-08 03:36:05,625 [INFO]   + V3 engine: acts on ALL Grade A/B clusters simultaneously (not just nearest)
2026-09-08 03:36:05,625 [INFO]   + PREMIUM_MAX asymmetric: CE=180 (unchanged), PE=300 (was 180, captures panic moves)
2026-09-08 03:36:05,625 [INFO]   + VWAP double confirmation engine (new):
2026-09-08 03:36:05,625 [INFO]       Fires when Nifty 15m bar crosses daily VWAP with body>=50% range
2026-09-08 03:36:05,625 [INFO]       AND ATM CE/PE LTP is also above/below its daily VWAP simultaneously
2026-09-08 03:36:05,625 [INFO]       Self-confirming like V3 — no regime gate
2026-09-08 03:36:05,625 [INFO]   + LOTS_PER_TRADE = 2 (live)
2026-09-08 03:36:05,625 [INFO] 
2026-09-08 03:36:05,625 [INFO] V2.5.13 [VWAP TRAIL EXIT + BOOT SELF-TEST + STABILITY FIXES]
2026-09-08 03:36:05,625 [INFO]   + VWAP engine trades: trail exit uses option's own VWAP (15m close < option VWAP)
2026-09-08 03:36:05,625 [INFO]     instead of SMA8(low) trail — holds through pullbacks better on VWAP-confirmed moves
2026-09-08 03:36:05,625 [INFO]   + V2/V3/FLIP trades: keep original SMA8(low) trail (unchanged)
2026-09-08 03:36:05,625 [INFO]   + Boot self-test: BUY (LIMIT ₹0.05) + SELL (LIMIT ₹9999) on deep OTM option at startup
2026-09-08 03:36:05,625 [INFO]     Both must succeed and cancel cleanly or bot aborts — confirms mStock connectivity + IP
2026-09-08 03:36:05,626 [INFO]   + MStockBroker class inlined into single .py file (no separate mstock_broker.py)
2026-09-08 03:36:05,626 [INFO]   + IA403 recovery: rebuilds SDK client from scratch on IP mismatch, 3 consecutive → halt
2026-09-08 03:36:05,626 [INFO]   + Position sync cooldown: 180s → 300s (avoids false MANUAL_EXIT on slow fills)
2026-09-08 03:36:05,626 [INFO]   + MANUAL_EXIT fix: clears buy_order_id before close_trade to prevent duplicate SELL
2026-09-08 03:36:05,626 [INFO]   + State file: added date field, resets trades_today/losses on new day boundary
2026-09-08 03:36:05,626 [INFO]   + VWAP dedup log spam removed (silent return on same-bar re-fire)
2026-09-08 03:36:05,626 [INFO] 
2026-09-08 03:36:05,626 [INFO] V2.5.14 [TIERED PROFIT LOCK LADDER — inspired by VRL]
2026-09-08 03:36:05,626 [INFO]   + Replaced sparse 3-tier ratchet (Velvet Rope + T2 + T3 + Runner) with 7-tier ladder
2026-09-08 03:36:05,626 [INFO]   + Ladder: +12→+2, +18→+8, +24→+12, +30→+20, +36→+24, +40→+30, +50→+40
2026-09-08 03:36:05,626 [INFO]   + More tiers = less profit give-back on sharp reversals
2026-09-08 03:36:05,626 [INFO]   + Checked every tick (not candle-based) — same as before but tighter protection
2026-09-08 03:36:05,626 [INFO]   + Unified code: single loop replaces 3 separate sections (3a/3b/3c → 3)
2026-09-08 03:36:05,626 [INFO]   + VWAP engine upgraded to TRIPLE confirmation:
2026-09-08 03:36:05,626 [INFO]     Gate 1 (PRIMARY): Nifty FUTURES 15m close crosses futures VWAP, body >= 50%
2026-09-08 03:36:05,626 [INFO]     Gate 2: Nifty SPOT 15m close same direction above/below spot VWAP
2026-09-08 03:36:05,626 [INFO]     Gate 3: ATM option LTP above/below option's own VWAP
2026-09-08 03:36:05,626 [INFO]   + Futures VWAP is now the primary decision criterion — real margin-backed money
2026-09-08 03:36:05,626 [INFO]   + Nifty FUT token auto-resolved from Kite instruments at boot (no hardcoding)
2026-09-08 03:36:05,626 [INFO] 
2026-09-08 03:36:05,626 [INFO] V2.5.15 [STALE DATA GUARD — 2026-06-12]
2026-09-08 03:36:05,626 [INFO]   + ROOT CAUSE FOUND: Kite intermittently returned a 15m series ending ~2h in
2026-09-08 03:36:05,626 [INFO]     the past. Evidence: VWAP entry logged bar=198 at 11:30 but bar=197 at 13:30
2026-09-08 03:36:05,626 [INFO]     (bar index went BACKWARDS); the 13:30 entry cited a 67% bearish bar +
2026-09-08 03:36:05,626 [INFO]     FUT 23375 while the live tape was +68 pts off the low in 4 min → bought PE
2026-09-08 03:36:05,626 [INFO]     into a V-reversal → HARDSL -21.73. Fresh-data replay confirms the signal
2026-09-08 03:36:05,626 [INFO]     does NOT fire at 13:30 with up-to-date frames. Likely also suppressed valid
2026-09-08 03:36:05,626 [INFO]     signals (Jun-11 zero-trade day: fresh-data replay finds 4 trades / +35 pts).
2026-09-08 03:36:05,626 [INFO]   + Guard (active 09:32+): if last 15m bar (spot or futures) is older than
2026-09-08 03:36:05,626 [INFO]     16 min → instant refetch from Kite; if recovered, continue + Telegram info;
2026-09-08 03:36:05,626 [INFO]     if still stale → Telegram alert + ENTRIES blocked for that cycle only.
2026-09-08 03:36:05,627 [INFO]   + EXITS are never blocked on data quality.
2026-09-08 03:36:05,627 [INFO]   + Telegram alerts rate-limited to 1 per 10 min; log line every cycle.
2026-09-08 03:36:05,627 [INFO] 
2026-09-08 03:36:05,627 [INFO] V2.5.16 [MOMENTUM GATE ON SAME-SIDE STREAKS + SMA8 TODAY-ONLY FIX — 2026-06-17]
2026-09-08 03:36:05,627 [INFO]   + PROBLEM: in choppy markets the bot ran 3+ rapid same-direction trades —
2026-09-08 03:36:05,627 [INFO]     first 1-2 win small, the 3rd buys into the reversal and takes the full
2026-09-08 03:36:05,627 [INFO]     -18% HARDSL, then keeps buying the same side, wiping the day's gains.
2026-09-08 03:36:05,627 [INFO]     Diagnosis (May+June real-opt data): the persistence is the VWAP engine
2026-09-08 03:36:05,627 [INFO]     (no regime filter, re-fires same side each 15m bar). The 1st/2nd winners
2026-09-08 03:36:05,627 [INFO]     exit on the peak ladder (TRAIL_+N); the 3rd dies on HARDSL/VWAP_TRAIL.
2026-09-08 03:36:05,627 [INFO]   + MOMENTUM GATE: the 3rd+ CONSECUTIVE same-direction entry (any engine) is
2026-09-08 03:36:05,627 [INFO]     blocked unless spot has moved >= MOM_GATE_PTS (12) WITH the trade over the
2026-09-08 03:36:05,627 [INFO]     last MOM_GATE_BARS (5) closed 1m bars. 1st/2nd same-side entries untouched.
2026-09-08 03:36:05,627 [INFO]     Run counted from DAY.trades_today (closed trades). New fetch_nifty_1m() +
2026-09-08 03:36:05,627 [INFO]     momentum_gate_ok(); fails OPEN if 1m data unavailable; "🚧 Momentum-gate
2026-09-08 03:36:05,627 [INFO]     BLOCK" Telegram on a block. Backtest (May real-opt): baseline -7.3 pt →
2026-09-08 03:36:05,627 [INFO]     gate +104.0 pt, 0 winners blocked (blocks only flat-momentum |mv|<=8 chop).
2026-09-08 03:36:05,627 [INFO]   + SMA8 TODAY-ONLY FIX: sma8_low_of_option() now averages ONLY today's closed
2026-09-08 03:36:05,627 [INFO]     15m option lows (arms after SMA_TRAIL_MIN_BARS=4 today-bars). Previously it
2026-09-08 03:36:05,627 [INFO]     averaged 8 bars from a 10-day fetch, mixing yesterday's different-level /
2026-09-08 03:36:05,627 [INFO]     illiquid lows → false trail exits. NOT removed: backtest showed deleting
2026-09-08 03:36:05,627 [INFO]     SMA8 costs -66 pt (it is a tighter stop than the -18% HARDSL).
2026-09-08 03:36:05,627 [INFO]   + Ladder exit, HARDSL, flip logic, stale-data guard all UNCHANGED.
2026-09-08 03:36:05,627 [INFO]   + start_orion.sh now launches V2.5.16 (90s crash-fallback still → V2.5.14).
2026-09-08 03:36:05,627 [INFO] 
2026-09-08 03:36:05,627 [INFO] V2.5.17 [3 CHOP-BLEED GUARDS — 2026-06-18]
2026-09-08 03:36:05,627 [INFO]   + CONTEXT: 06-16 (-20.4pt/7trades) and 06-17 (-44.0pt/4trades) were both
2026-09-08 03:36:05,627 [INFO]     compressed chop days (full range 141pt & 107pt; 06-17 had 9 mean-crosses in
2026-09-08 03:36:05,627 [INFO]     a 107pt box). The regime classifier stayed BULL all 76 bars both days and
2026-09-08 03:36:05,627 [INFO]     chop_block fired 0 times, so the breakout engines kept firing into noise.
2026-09-08 03:36:05,627 [INFO]     See ~/orion_backtest_lab/results/RESULTS.md (2026-06-18 post-mortem).
2026-09-08 03:36:05,627 [INFO]   + #1 MORNING CHOP GATE (CHOP_GATE_ENABLED): decided ONCE after ~10:30 IST from
2026-09-08 03:36:05,627 [INFO]     the first-hour (09:15-10:15) FUT bars. Stand aside (block ALL new entries for
2026-09-08 03:36:05,628 [INFO]     the day) when early efficiency-ratio <= CHOP_ER_MAX (0.25) AND (first-hour
2026-09-08 03:36:05,628 [INFO]     FUT-VWAP cross-count >= CHOP_VWAP_CROSSES_MIN (3) OR first-hour range <
2026-09-08 03:36:05,628 [INFO]     CHOP_RANGE_PT_MAX (110pt)). Exits always allowed. Fails OPEN (not enough
2026-09-08 03:36:05,628 [INFO]     bars yet -> no decision -> trade normally). morning_chop_verdict().
2026-09-08 03:36:05,628 [INFO]   + #2 VWAP BODY BAND (VWAP_BODY_CLIMAX_PCT): VWAP entry now takes only the
2026-09-08 03:36:05,628 [INFO]     65-86% body band — existing >=65% min kept, NEW >=87% climax/exhaustion bars
2026-09-08 03:36:05,628 [INFO]     skipped (climax bars fade). One added guard line in check_vwap_signal().
2026-09-08 03:36:05,628 [INFO]   + #3 MOMENTUM-FADE GATE (FADE_GATE_ENABLED): for a 3rd+ consecutive same-side
2026-09-08 03:36:05,628 [INFO]     entry that follows >= FADE_MIN_PRIOR_WINS (2) consecutive same-side WINS,
2026-09-08 03:36:05,628 [INFO]     inspect 3-min option premiums of BOTH the trend-side and opposite-side ATM
2026-09-08 03:36:05,628 [INFO]     strikes over the last FADE_OPT_BARS (3) closed bars. Enter ONLY IF the
2026-09-08 03:36:05,628 [INFO]     trend-side option is NOT decaying AND the opposite-side option IS decaying;
2026-09-08 03:36:05,628 [INFO]     otherwise skip (momentum has faded / is rotating to the other side). Fails
2026-09-08 03:36:05,628 [INFO]     OPEN on missing data. fade_gate_ok() + fetch_option_3m(). Complements the
2026-09-08 03:36:05,628 [INFO]     V2.5.16 spot-move momentum gate (both must pass).
2026-09-08 03:36:05,628 [INFO]   + All three guards are ADDITIVE; ladder/HARDSL/flip/SMA8/stale-guard UNCHANGED.
2026-09-08 03:36:05,628 [INFO]   + NOT yet sim-A/B'd — shipped on user direction; 2026-06-18 is paper-only, so
2026-09-08 03:36:05,628 [INFO]     the live paper session is the first validation. WATCH first CHOP-GATE day +
2026-09-08 03:36:05,628 [INFO]     first FADE block + that #2 climax-skip doesn't starve VWAP.
2026-09-08 03:36:05,628 [INFO]   + start_orion.sh now launches V2.5.17 (pkill pattern V2_5_1[567];
2026-09-08 03:36:05,628 [INFO]     90s crash-fallback still → V2.5.14 archive).
2026-09-08 03:36:05,628 [INFO] 
2026-09-08 03:36:05,628 [INFO] V2.5.18 [SMA8 ENTRY-AWARE FIX + CHOP-GATE RE-ARM — 2026-06-19]
2026-09-08 03:36:05,628 [INFO]   + CONTEXT: 2026-06-19 (paper) — gap-down day. One V3 PE (24000PE @114) entered
2026-09-08 03:36:05,628 [INFO]     correctly at 10:15 on a Grade-A R-cluster break, but SMA8_LOW_TRAIL exited it
2026-09-08 03:36:05,628 [INFO]     31s later at +1.6 (the trail evaluated the 10:00 bar — which CLOSED BEFORE
2026-09-08 03:36:05,628 [INFO]     entry — against today's lows-avg). Spot then fell 24040->23926 without us;
2026-09-08 03:36:05,628 [INFO]     morning chop-gate (ER=0.01, range=70pt) then stood aside the rest of the day.
2026-09-08 03:36:05,628 [INFO]   + FIX A (SMA8 pre-entry bar): the SMA8(low) trail now NEVER acts on a 15m bar
2026-09-08 03:36:05,628 [INFO]     whose CLOSE time (bar-start + 15m) is <= POS.entry_time. A fresh entry can no
2026-09-08 03:36:05,628 [INFO]     longer be ejected on price action that happened before it was opened.
2026-09-08 03:36:05,628 [INFO]   + FIX C (SMA8 arm window): trail arms on bars-SINCE-ENTRY, not bars-of-day.
2026-09-08 03:36:05,628 [INFO]     sma8_low_of_option() now averages only TODAY's closed bars that closed AFTER
2026-09-08 03:36:05,628 [INFO]     entry and needs >= SMA_TRAIL_MIN_BARS_SINCE_ENTRY (1) of them. With 1 own bar
2026-09-08 03:36:05,629 [INFO]     SMA8L == that bar's own low, so close(>=low) can't trigger -> first real
2026-09-08 03:36:05,629 [INFO]     trigger needs >=2 own bars. SMA_TRAIL_MIN_BARS (4, bars-of-day) is now only
2026-09-08 03:36:05,629 [INFO]     the fallback when entry_time is unknown (state-load edge). NOT a BE-gate.
2026-09-08 03:36:05,629 [INFO]   + CHOP-GATE RE-ARM (CHOP_REARM_ENABLED): after a morning stand-aside, release
2026-09-08 03:36:05,629 [INFO]     the block when a CLOSED FUT 15m bar breaks the recorded first-hour range by
2026-09-08 03:36:05,629 [INFO]     >= CHOP_REARM_BUFFER_PT (15pt) with body >= CHOP_REARM_BODY_MIN (65%), in the
2026-09-08 03:36:05,629 [INFO]     regime direction (BULL=>up-break only, BEAR=>down-break only, else either).
2026-09-08 03:36:05,629 [INFO]     FUT leads spot, so this triggers earlier than a spot-range break. Re-arm is
2026-09-08 03:36:05,629 [INFO]     one-way for the day (stays live once released); per-trade momentum/fade/CB
2026-09-08 03:36:05,629 [INFO]     guards still apply. _morning_chop_verdict_impl() stashes FH hi/lo;
2026-09-08 03:36:05,629 [INFO]     chop_rearm_check() evaluated each cycle while blocked. Logs [CHOPGATE] RE-ARMED.
2026-09-08 03:36:05,629 [INFO]   + Ladder/HARDSL/flip/VWAP-trail/stale-guard UNCHANGED. SMA8 KEPT (deleting it
2026-09-08 03:36:05,629 [INFO]     cost -66pt, V2.5.16) — this only changes WHEN it may fire, not whether.
2026-09-08 03:36:05,629 [INFO]   + NOT yet sim-A/B'd — shipped on user direction 2026-06-19; backtest the
2026-09-08 03:36:05,629 [INFO]     re-arm thresholds on post-chop trend days before relying on it live.
2026-09-08 03:36:05,629 [INFO] 
2026-09-08 03:36:05,629 [INFO] V2.5.19 [THREE FUT-VWAP ENTRY PATHWAYS — 2026-06-21]
2026-09-08 03:36:05,629 [INFO]   + Built on user direction 2026-06-21. THREE new VWAP-cross entry pathways.
2026-09-08 03:36:05,629 [INFO]     NOT yet sim-A/B'd — BACKTEST before flipping start_orion.sh to V2.5.19.
2026-09-08 03:36:05,629 [INFO]     All three are flag-gated (default ON). Existing V2/V3/FLIP UNCHANGED.
2026-09-08 03:36:05,629 [INFO] 
2026-09-08 03:36:05,629 [INFO]   + FEATURE 1 — FUT 15m VWAP cross + CONFIRMATION CANDLE (all-day).
2026-09-08 03:36:05,629 [INFO]     VWAP15_CONFIRM_ENABLED. The existing VWAP engine no longer fires on the
2026-09-08 03:36:05,629 [INFO]     cross bar alone: it now requires the cross bar (iloc[-3], body 65-86% band)
2026-09-08 03:36:05,629 [INFO]     PLUS the next closed bar (iloc[-2]) to CONFIRM in the same direction —
2026-09-08 03:36:05,629 [INFO]     same-colour candle that still closes on the same side of FUT-VWAP. Fires in
2026-09-08 03:36:05,629 [INFO]     either direction, any time in the entry window. Re-entries are governed by
2026-09-08 03:36:05,629 [INFO]     the existing momentum gate (no extra cap). check_vwap_signal().
2026-09-08 03:36:05,629 [INFO]     INTERPRETATION: "confirmation candle in same direction" = next 15m candle
2026-09-08 03:36:05,629 [INFO]     closes same side of its open (same colour) AND same side of VWAP as the
2026-09-08 03:36:05,629 [INFO]     cross. Confirmation candle has NO body-size requirement (only the cross bar
2026-09-08 03:36:05,629 [INFO]     does). If wrong, adjust _vwap15_confirm_ok().
2026-09-08 03:36:05,629 [INFO] 
2026-09-08 03:36:05,629 [INFO]   + FEATURE 2 — FUT 5m VWAP cross + S/R distance, FIXED +12 TARGET scalp.
2026-09-08 03:36:05,630 [INFO]     FUT5_SCALP_ENABLED. New engine 'FUT5VWAP'. On each closed FUT 5m bar that
2026-09-08 03:36:05,630 [INFO]     CROSSES its session VWAP (bar opens one side, closes the other) with body
2026-09-08 03:36:05,630 [INFO]     65-86% AND whose close is > FUT5_SCALP_SR_MIN_DIST (20pt) from EVERY one of
2026-09-08 03:36:05,630 [INFO]     yesterday's classic pivots S1/R1/S2/R2 → buy in the cross direction. Exit is
2026-09-08 03:36:05,630 [INFO]     a FIXED +FUT5_SCALP_TARGET_PTS (12) option points (HARDSL + 15:25 force-close
2026-09-08 03:36:05,630 [INFO]     still apply; NO trail/SMA8). One trade per event: deduped on the 5m bar ts,
2026-09-08 03:36:05,630 [INFO]     so the next entry needs a fresh qualifying cross. check_fut5m_vwap_scalp_signal().
2026-09-08 03:36:05,630 [INFO]     INTERPRETATION: ">20 points away from s1/r1/s2/r2" = min distance to ALL four
2026-09-08 03:36:05,630 [INFO]     pivots > 20pt (price in clear space, not hugging a pivot). "cross" = bar
2026-09-08 03:36:05,630 [INFO]     open & close on opposite sides of VWAP. Pivots = classic floor-trader pivots
2026-09-08 03:36:05,630 [INFO]     from the prior trading day's H/L/C. If wrong, adjust compute_classic_pivots()
2026-09-08 03:36:05,630 [INFO]     / check_fut5m_vwap_scalp_signal().
2026-09-08 03:36:05,630 [INFO] 
2026-09-08 03:36:05,630 [INFO]   + FEATURE 3 — MORNING 09:15-10:15 exception (bypasses the 09:45 start gate).
2026-09-08 03:36:05,630 [INFO]     MORNING_VWAP_ENABLED. Before the normal 09:45 entry start, between
2026-09-08 03:36:05,630 [INFO]     MORNING_WIN_START (09:15) and MORNING_WIN_END (10:15): if a closed FUT 15m
2026-09-08 03:36:05,630 [INFO]     bar crosses its VWAP (body 65-86%) AND its close is > MORNING_VWAP_SR_MIN_DIST
2026-09-08 03:36:05,630 [INFO]     (20pt) from every pivot S1/R1/S2/R2 → buy in the cross direction. Re-entries
2026-09-08 03:36:05,630 [INFO]     per momentum gate. Uses engine 'VWAP' (so it inherits the VWAP option-VWAP
2026-09-08 03:36:05,630 [INFO]     trail exit). Runs even when in_entry_window() is False; still respects
2026-09-08 03:36:05,630 [INFO]     stale-guard, gap-suppress, CB/halt, manual cooldown. check_morning_vwap15_signal().
2026-09-08 03:36:05,630 [INFO]     INTERPRETATION: this only ADDS the pre-09:45 window; from 09:45 on, the
2026-09-08 03:36:05,630 [INFO]     normal engines (incl. Feature 1) already run. No confirmation candle is
2026-09-08 03:36:05,630 [INFO]     required here (spec did not ask for one).
2026-09-08 03:36:05,630 [INFO] 
2026-09-08 03:36:05,630 [INFO]   + Classic pivots computed at boot from prior-day H/L/C → DAY.pivots
2026-09-08 03:36:05,630 [INFO]     {P,S1,R1,S2,R2}; min_dist_to_pivots() helper. New fetch_nifty_fut_5m().
2026-09-08 03:36:05,630 [INFO] 
2026-09-08 03:36:05,630 [INFO] =========================================================================
2026-09-08 03:36:05,630 [INFO] BACKFILL 2026-08-29 — V2.5.19 (06-21) -> 2026-08-28
2026-09-08 03:36:05,630 [INFO] =========================================================================
2026-09-08 03:36:05,631 [INFO] Reconstructed 2026-08-29 from the dated inline comments at each code site and
2026-09-08 03:36:05,631 [INFO] the research notes. The banner below had not been updated since V2.5.19
2026-09-08 03:36:05,631 [INFO] (2026-06-21) while 24 changes went in; an audit on 2026-08-27 confirmed NO
2026-09-08 03:36:05,631 [INFO] engine was silently removed or disabled, but the history was unreadable from
2026-09-08 03:36:05,631 [INFO] the top of the file. Enforcement now exists (see CODE_FINGERPRINT / the boot
2026-09-08 03:36:05,631 [INFO] UNDOCUMENTED-CHANGE check) so this cannot silently recur.
2026-09-08 03:36:05,631 [INFO] 
2026-09-08 03:36:05,631 [INFO] KNOWN GAP, stated plainly: the *_BACKUP_*.py chain jumps from 2026-08-01 to
2026-09-08 03:36:05,631 [INFO] 2026-08-25. The nine changes dated 08-08 through 08-20 have NO pre-change
2026-09-08 03:36:05,631 [INFO] backup file. They are reconstructable from the inline comments below, but they
2026-09-08 03:36:05,631 [INFO] cannot be diffed back to their exact prior code. Every change from 08-25 on has
2026-09-08 03:36:05,631 [INFO] a backup.
2026-09-08 03:36:05,631 [INFO] 
2026-09-08 03:36:05,631 [INFO] STATUS legend: [BT] backtested   [FWD] forward-paper only, no backtest
2026-09-08 03:36:05,631 [INFO]                [USER] user-directed   [FIX] bug fix   [UNVAL] unvalidated
2026-09-08 03:36:05,631 [INFO] 
2026-09-08 03:36:05,631 [INFO] V2.5.20 [2026-06-23] Same-direction re-entry cooldown.
2026-09-08 03:36:05,631 [INFO]   WHY: 06-23 a PE won +42 and re-entered PE 33 s later straight into HARDSL.
2026-09-08 03:36:05,631 [INFO]   The momentum/fade gates only look at the signal, not at how the last trade in
2026-09-08 03:36:05,631 [INFO]   that direction ended.  [FIX]
2026-09-08 03:36:05,631 [INFO] 
2026-09-08 03:36:05,631 [INFO] V2.5.20 [2026-06-24] VWAP15_CONFIRM_ENABLED = False.
2026-09-08 03:36:05,631 [INFO]   WHY: user call. The V2.5.19 confirmation candle delayed entries into already-
2026-09-08 03:36:05,631 [INFO]   declining trends. VWAP now fires on the FUT 15m VWAP cross bar itself.
2026-09-08 03:36:05,631 [INFO]   RE-REVIEW TRIGGER: if a chop regime returns and VWAP false-starts rise, the
2026-09-08 03:36:05,631 [INFO]   confirm candle is the first thing to switch back on.  [USER]
2026-09-08 03:36:05,631 [INFO] 
2026-09-08 03:36:05,631 [INFO] V2.5.20 [2026-06-29] Paper-mode order bypass — kite_paper places no real orders.
2026-09-08 03:36:05,631 [INFO] 
2026-09-08 03:36:05,631 [INFO] V2.5.20 [2026-07-06] Rebuilt on the concurrent-backtest architecture; all
2026-09-08 03:36:05,631 [INFO]   engines run simultaneously with no suppression. Plus two CRITICAL fixes:
2026-09-08 03:36:05,631 [INFO]   (a) ORB/GAPBREAK stale-data — fetch_nifty_1m/5m returned frames whose last
2026-09-08 03:36:05,631 [INFO]       bar was days old; a 2-lot PE went in on a close from 07-03. (b) position-
2026-09-08 03:36:05,631 [INFO]       sync false MANUAL_EXIT.  [FIX]
2026-09-08 03:36:05,632 [INFO] 
2026-09-08 03:36:05,632 [INFO] V2.5.20 [2026-07-07] LOTS_PER_TRADE 2 -> 1 (user instruction). ATM strike
2026-09-08 03:36:05,632 [INFO]   resolution fix (old round_to_atm(24000)+2000 path).  [USER][FIX]
2026-09-08 03:36:05,632 [INFO] 
2026-09-08 03:36:05,632 [INFO] V2.5.20 [2026-07-08] V2.5.20 given its OWN Telegram bot (was sharing V2.5.19's).
2026-09-08 03:36:05,632 [INFO]   MANUAL_EXIT detected via the bot's own order-ids, never account-wide net_qty.
2026-09-08 03:36:05,632 [INFO]   [FIX]
2026-09-08 03:36:05,632 [INFO] 
2026-09-08 03:36:05,632 [INFO] V2.5.20 [2026-07-10 .. 07-14] Broker-integrity hardening after the 07-09
2026-09-08 03:36:05,632 [INFO]   NIFTY24000CE incident and the 07-14 stranded lots: order-book/RMS race fixes
2026-09-08 03:36:05,632 [INFO]   on both BUY and SELL, per-position is_paper flag, unconfirmed_fill flag,
2026-09-08 03:36:05,632 [INFO]   bot order-id registry, orphan-position resume, HALT_NEW_ENTRIES_ON_DATE
2026-09-08 03:36:05,632 [INFO]   replacing a bare NO_NEW_ENTRIES_TODAY that had been left True since 07-09.
2026-09-08 03:36:05,632 [INFO]   [FIX]
2026-09-08 03:36:05,632 [INFO] 
2026-09-08 03:36:05,632 [INFO] V2.5.20 [2026-07-12] V2 params from the real-30-day grid search (k_extreme=ON,
2026-09-08 03:36:05,632 [INFO]   rsi_gate=ON, macd_align=OFF) on 05-15..07-10 — 7 trades / 71.4% WR / +45.96pt.
2026-09-08 03:36:05,632 [INFO]   CAVEAT RECORDED AT THE TIME: 7-trade sample. MACD gate left in the code behind
2026-09-08 03:36:05,632 [INFO]   V2_MACD_GATE_ENABLED so it can be flipped back.
2026-09-08 03:36:05,632 [INFO]   Also: V3 probe entry (limit, replacing market entry, user instruction), V3
2026-09-08 03:36:05,632 [INFO]   early-entry + fast exit, ORB in-day CHOPPY kill, MOM_GATE_V3 re-enable.
2026-09-08 03:36:05,632 [INFO]   [BT-weak][USER]
2026-09-08 03:36:05,632 [INFO] 
2026-09-08 03:36:05,632 [INFO] V2.5.20 [2026-07-13] PUT-FLIP QUALITY GATE — V2.5.19 flipped a winning CE to PE
2026-09-08 03:36:05,632 [INFO]   on a 0.5pt K move (58.9 -> 58.4). Gate requires a real reversal.  [FIX]
2026-09-08 03:36:05,632 [INFO] V2.5.20 [2026-07-13] *** COUNTER-TREND VETO *** — single choke point for EVERY
2026-09-08 03:36:05,632 [INFO]   engine. The day's low printed 09:15 and Nifty ran one-way to 24259 while the
2026-09-08 03:36:05,632 [INFO]   bot kept buying PEs. BIGGEST VALIDATED EDGE TO DATE: +697.9 pts / +Rs45,362
2026-09-08 03:36:05,632 [INFO]   out-of-sample. Do not weaken without equivalent evidence.  [BT]
2026-09-08 03:36:05,632 [INFO] 
2026-09-08 03:36:05,632 [INFO] V2.5.20 [2026-07-20] EXECUTION_BROKER LIVE -> PAPER, explicit user instruction;
2026-09-08 03:36:05,632 [INFO]   no real orders since. T5 engine (levels + premium-divergence). APEX engine
2026-09-08 03:36:05,633 [INFO]   (the user's actual method) — shadow only. 1-minute capture added (Kite
2026-09-08 03:36:05,633 [INFO]   interval is 'minute', not '1minute'). Unlimited engine overlap in paper.
2026-09-08 03:36:05,633 [INFO]   [USER]
2026-09-08 03:36:05,633 [INFO] 
2026-09-08 03:36:05,633 [INFO] V2.5.20 [2026-07-24] VWAP/APEX frm>now precession fix.  [FIX]
2026-09-08 03:36:05,633 [INFO] 
2026-09-08 03:36:05,633 [INFO] V2.5.20 [2026-07-26] FUT5VWAP dedup fix (<= not ==; a stale/out-of-order refetch
2026-09-08 03:36:05,633 [INFO]   reopened a second real position on an already-seen signal, seen 07-24).
2026-09-08 03:36:05,633 [INFO]   EXPIRY engine — OTM premium-multiplication pop, expiry day only, one shot.
2026-09-08 03:36:05,633 [INFO]   Expiry-specific velvet-rope/ladder expressed as MULTIPLES not points (user
2026-09-08 03:36:05,633 [INFO]   instruction: a Rs8 option cannot use a +12pt ladder).  [FIX][USER]
2026-09-08 03:36:05,633 [INFO] 
2026-09-08 03:36:05,633 [INFO] V2.5.20 [2026-07-27] push_logs_to_github(): added `git rebase --autostash`.
2026-09-08 03:36:05,633 [INFO]   WHY: a dirty tree made plain `git rebase` abort silently, so every push had
2026-09-08 03:36:05,633 [INFO]   been rejected non-fast-forward since 07-20 (~365 rejects/day/bot).
2026-09-08 03:36:05,633 [INFO]   *** SIDE EFFECT DISCOVERED 2026-08-27: this is what orphaned the logging
2026-09-08 03:36:05,633 [INFO]   FileHandler's inode and blanked the FlightRecorder logs. Fixed 08-29 with
2026-09-08 03:36:05,633 [INFO]   WatchedFileHandler. DO NOT remove --autostash. ***  [FIX]
2026-09-08 03:36:05,633 [INFO] 
2026-09-08 03:36:05,633 [INFO] V2.5.20 [2026-07-29] Counter-trend-veto Telegram dedup (spam fix).  [FIX]
2026-09-08 03:36:05,633 [INFO] 
2026-09-08 03:36:05,633 [INFO] V2.5.20 [2026-08-01] APEX entry filter: APEX_RSI_MIN_DELTA = 5.0 — require a
2026-09-08 03:36:05,633 [INFO]   decisive RSI turn, not any turn. Re-sim -3,835 -> +234, IN-SAMPLE ONLY.
2026-09-08 03:36:05,633 [INFO]   [UNVAL]
2026-09-08 03:36:05,633 [INFO] 
2026-09-08 03:36:05,633 [INFO] V2.5.20 [2026-08-08] VWAP same-day loss cap, from the real 3-month simulated
2026-09-08 03:36:05,633 [INFO]   backtest on Upstox real premiums. Same pass disabled PIVOTBREAK.  [BT]
2026-09-08 03:36:05,633 [INFO] 
2026-09-08 03:36:05,633 [INFO] V2.5.20 [2026-08-09] PIVOTBREAK REMOVED ENTIRELY (code deleted, syntax-clean).
2026-09-08 03:36:05,633 [INFO]   WHY: kill-switch (08-08) then a full professional rebuild (08-09) both failed;
2026-09-08 03:36:05,633 [INFO]   losses were structural exit-logic, not day-type. Do not re-add without new
2026-09-08 03:36:05,633 [INFO]   evidence — see the rebuild trail before trying.  [BT]
2026-09-08 03:36:05,633 [INFO] 
2026-09-08 03:36:05,633 [INFO] V2.5.20 [2026-08-13] V2 per-bar dedup on the closed 15m bar, same convention as
2026-09-08 03:36:05,634 [INFO]   VWAP/FUT5VWAP. WHY: V2 had NO dedup, so a Kite rate-limit retry stacked 5 V2
2026-09-08 03:36:05,634 [INFO]   lots on one signal — this is what produced the phantom +Rs8,492 on 08-12 that
2026-09-08 03:36:05,634 [INFO]   looked like edge and was not. Also fixed a POS.engine comparison against the
2026-09-08 03:36:05,634 [INFO]   literal 'BASE'.  [FIX]
2026-09-08 03:36:05,634 [INFO] 
2026-09-08 03:36:05,634 [INFO] V2.5.20 [2026-08-16] V2_DAILY_LOSS_CAP = 1. From a real 3-month re-port of V2's
2026-09-08 03:36:05,634 [INFO]   own logic (05-04..08-06): capping V2 at one loss/day was the only no-trade-
2026-09-08 03:36:05,634 [INFO]   zone variant that survived; all the others failed.  [BT]
2026-09-08 03:36:05,634 [INFO] 
2026-09-08 03:36:05,634 [INFO] V2.5.20 [2026-08-17] FUT5VWAP min pivot distance 30 -> 25 pt, from a real
2026-09-08 03:36:05,634 [INFO]   re-port at native 1-min granularity. NOTE: the corrected FUT5VWAP baseline is
2026-09-08 03:36:05,634 [INFO]   88.9% WR / +Rs53,315 over 380 days — the earlier 94% / +Rs104k figure was a
2026-09-08 03:36:05,634 [INFO]   same-bar exit-ambiguity BUG and is void.  [BT]
2026-09-08 03:36:05,634 [INFO] 
2026-09-08 03:36:05,634 [INFO] V2.5.20 [2026-08-20] Four VWAP/V2/ORB changes from a real 40-trade backtest on
2026-09-08 03:36:05,634 [INFO]   the live 07-07..08-20 log:
2026-09-08 03:36:05,634 [INFO]    (1) VWAP 5m persistence + distance-from-VWAP gate;
2026-09-08 03:36:05,634 [INFO]    (2) VWAP post-loss same-side cooldown;
2026-09-08 03:36:05,634 [INFO]    (3) V2 trail scaled to entry premium (arm = entry x 1.15) instead of fixed
2026-09-08 03:36:05,634 [INFO]        points — V2 entries range from ~Rs73 upward, a fixed +15 is not
2026-09-08 03:36:05,634 [INFO]        comparable across them;  [USER]
2026-09-08 03:36:05,634 [INFO]    (4) V2 hard stop fixed at -15 pt, replacing the generic -18% HARDSL;  [USER]
2026-09-08 03:36:05,634 [INFO]    (5) ORB exit tightened: stop 15 / ride 40 / giveback 20.
2026-09-08 03:36:05,634 [INFO]   Neither VWAP gate alone made VWAP profitable — they reduce the loss. Expect a
2026-09-08 03:36:05,634 [INFO]   smaller drawdown, not profit.  [BT]
2026-09-08 03:36:05,634 [INFO] 
2026-09-08 03:36:05,634 [INFO] V2.5.20 [2026-08-22] *** EXPIRY ENGINES 1 & 2 (EXP12) — SHADOW PAPER BOOK ***
2026-09-08 03:36:05,634 [INFO]   E1 RSI-snap + OI/strike gates: recent 40 expiries 9 trades / 89% WR /
2026-09-08 03:36:05,634 [INFO]   +Rs18,944 (older 57 dormant, -Rs819).
2026-09-08 03:36:05,634 [INFO]   E2 cheap-ladder Rs8-16 + spot-through-strike + OI <= +5%, NO stop, trail 20%
2026-09-08 03:36:05,634 [INFO]   after 40: recent 40 +Rs12,760 (older 57 -Rs4,910).
2026-09-08 03:36:05,635 [INFO]   User instruction: NO restrictions — no trade-count or SL-count limits.
2026-09-08 03:36:05,635 [INFO]   SEPARATE BOOK: own lot size, own CSV, EXCLUDED from fmt_eod_summary by
2026-09-08 03:36:05,635 [INFO]   design. (Reporting confusion this caused was raised 08-27; being fixed in a
2026-09-08 03:36:05,635 [INFO]   later item.)  [BT][USER]
2026-09-08 03:36:05,635 [INFO] 
2026-09-08 03:36:05,635 [INFO] V2.5.20 [2026-08-25] EXP12 relaxed gates, user override after the 08-25 miss
2026-09-08 03:36:05,635 [INFO]   (premium out-ran spot, so E2's "Rs8-16 AND spot>=strike in the SAME minute"
2026-09-08 03:36:05,635 [INFO]   never overlapped): E1 no SL / trail after 2x; entries 14:30-15:25; dist >= -35
2026-09-08 03:36:05,635 [INFO]   (-115 Sensex) OR crossed within 30 min; E2 band hi 20 (66 Sensex); universe
2026-09-08 03:36:05,635 [INFO]   re-resolve every 5 min. Replay on 08-25 = +Rs3,416 vs actual 0.
2026-09-08 03:36:05,635 [INFO]   *** KNOWN REMAINING FLAW (08-27, 2nd confirmation): the universe re-resolves
2026-09-08 03:36:05,635 [INFO]   only when the MAX-OI strike M moves, and max-OI is sticky while spot is not.
2026-09-08 03:36:05,635 [INFO]   On 08-27 legs froze at 77500 while Sensex fell to 77182 — nothing near the
2026-09-08 03:36:05,635 [INFO]   money for two hours. Anchor to SPOT, but re-backtest evaluate_day_e2() first.
2026-09-08 03:36:05,635 [INFO]   ***  [USER][UNVAL]
2026-09-08 03:36:05,635 [INFO] 
2026-09-08 03:36:05,635 [INFO] V2.5.20 [2026-08-26] *** KITE RETIRED — UPSTOX MIGRATION ***
2026-09-08 03:36:05,635 [INFO]   All bots moved to Upstox behind a drop-in Kite-compatible shim
2026-09-08 03:36:05,635 [INFO]   (upstox_kite_shim.py). Long-lived read-only token, no daily login; launchers'
2026-09-08 03:36:05,635 [INFO]   auto_login removed. Candle/quote/OI parity verified live pre-deploy.
2026-09-08 03:36:05,635 [INFO]   *** REGRESSION FOUND 08-27: zero [STALE] events in ~37 Kite days, 50 on the
2026-09-08 03:36:05,635 [INFO]   FIRST Upstox day. CAUSE (corrected 08-29): the shim asks the intraday
2026-09-08 03:36:05,635 [INFO]   endpoint for 15-MINUTE candles, and that endpoint is built around COMPLETED
2026-09-08 03:36:05,635 [INFO]   intervals, so the forming bar appears 0-6 min late; Kite returned the partial
2026-09-08 03:36:05,635 [INFO]   bar from the first tick. Upstox is NOT slower — its 1m/tick data is as fast.
2026-09-08 03:36:05,635 [INFO]   Wrong endpoint granularity, not a vendor fault. Real fix = fetch 1m and
2026-09-08 03:36:05,635 [INFO]   resample to 15m in the shim (raising the 16-min guard is the WRONG fix: it
2026-09-08 03:36:05,635 [INFO]   would let the engines read a 30-45 min old iloc[-2] silently). ***  [FIX]
2026-09-08 03:36:05,635 [INFO] 
2026-09-08 03:36:05,635 [INFO] V2.5.20 [2026-08-26] EXP2W = EXP2 + the user's "was-expensive" SELECTION filter,
2026-09-08 03:36:05,635 [INFO]   run as a PARALLEL tag beside plain EXP2 — same legs, same data, same exits, so
2026-09-08 03:36:05,635 [INFO]   the two isolate the filter's effect. In-sample replay: NIFTY -3,308 -> +1,873,
2026-09-08 03:36:05,635 [INFO]   SENSEX +2,970 -> +2,552, ~60% fewer trades.
2026-09-08 03:36:05,635 [INFO]   *** LIVE A/B DATA POINT #1 (08-27): EXP2W DECLINED the day's only winner
2026-09-08 03:36:05,635 [INFO]   (77100PE, afternoon high 46.95 < the Rs130 floor) — cost Rs3,378. n=1, against
2026-09-08 03:36:05,636 [INFO]   the filter. Do not act on one day. ***  [USER][BT-insample]
2026-09-08 03:36:05,636 [INFO] 
2026-09-08 03:36:05,636 [INFO] V2.5.20 [2026-08-26] SENSEX bot given its own Telegram bot/chat; Nifty chat
2026-09-08 03:36:05,636 [INFO]   unchanged.  [USER]
2026-09-08 03:36:05,636 [INFO] 
2026-09-08 03:36:05,636 [INFO] V2.5.20-SENSEX [2026-08-23] *** SENSEX PORT CREATED ***
2026-09-08 03:36:05,636 [INFO]   Port of ORION_PAPER_V2_5_20.py to SENSEX/BFO. Lot size 20, BFO exchange,
2026-09-08 03:36:05,636 [INFO]   THURSDAY expiry, engine thresholds scaled x3.3 for Sensex's larger point
2026-09-08 03:36:05,636 [INFO]   scale — the x3.3 scaling is UNBACKTESTED, forward paper is its validation.
2026-09-08 03:36:05,636 [INFO]   Every entry ABOVE this line dated before 2026-08-23 was inherited from the
2026-09-08 03:36:05,636 [INFO]   Nifty bot at port time, not applied separately here.
2026-09-08 03:36:05,636 [INFO]   First live run 08-24 confirmed end-to-end: booted 09:06, traded, +Rs1,271.
2026-09-08 03:36:05,636 [INFO]   [USER][UNVAL]
2026-09-08 03:36:05,636 [INFO] 
2026-09-08 03:36:05,636 [INFO] V2.5.20 [EXP12 UNIVERSE ANCHORED TO SPOT — 2026-08-29]  (item 4)
2026-09-08 03:36:05,636 [INFO]   WHAT: EXP12_ANCHOR = 'spot'. _exp12_resolve_m() now returns the strike
2026-09-08 03:36:05,636 [INFO]   NEAREST SPOT instead of the max-OI strike among ATM+/-4. Max-OI is still
2026-09-08 03:36:05,636 [INFO]   computed and logged when it diverges, so the failure mode stays visible.
2026-09-08 03:36:05,636 [INFO]   Set EXP12_ANCHOR='maxoi' to revert the behaviour without touching code.
2026-09-08 03:36:05,636 [INFO] 
2026-09-08 03:36:05,636 [INFO]   WHY: max-OI is sticky, spot is not. 08-25 (Nifty) and 08-27 (Sensex: legs
2026-09-08 03:36:05,636 [INFO]   frozen at 77500 while spot fell to 77182, >200pt below the lowest leg) both
2026-09-08 03:36:05,636 [INFO]   left BOTH engines with no near-the-money contract for hours. The 5-minute
2026-09-08 03:36:05,636 [INFO]   re-resolve added 08-25 only swapped legs when M moved, so it never fired.
2026-09-08 03:36:05,636 [INFO] 
2026-09-08 03:36:05,636 [INFO]   BACKTEST (this gate was NOT skipped — the 08-27 note said re-backtest first):
2026-09-08 03:36:05,636 [INFO]   40 recent Nifty expiries, real Upstox 1-min premiums.
2026-09-08 03:36:05,636 [INFO]   *** The existing step12/step16 datasets could NOT answer this: they contain
2026-09-08 03:36:05,636 [INFO]   ONLY the 3 max-OI-anchored strikes per day, i.e. only the strikes the flawed
2026-09-08 03:36:05,636 [INFO]   rule already picks. A WIDE 11-strike band was pulled specially
2026-09-08 03:36:05,636 [INFO]   (exp_wide_universe_data.json) via the Expired Instruments API. ***
2026-09-08 03:36:05,636 [INFO]     GATE G1 baseline reproduced EXACTLY: max-OI n=26, +Rs12,760 (published)
2026-09-08 03:36:05,636 [INFO]     A max-OI x3          n=26  WR 46.2%  +Rs12,760  median day  -Rs29
2026-09-08 03:36:05,636 [INFO]     C spot x3 @14:30     n=29  WR 51.7%  +Rs13,959  median day +Rs111
2026-09-08 03:36:05,637 [INFO]                          -> 3 days better, 0 WORSE, 21 unchanged
2026-09-08 03:36:05,637 [INFO]     B spot re-anchored   n=32  WR 53.1%  +Rs18,242  5 better, 1 worse
2026-09-08 03:36:05,637 [INFO]   Live behaviour sits between C and B (legs re-resolve every 5 min).
2026-09-08 03:36:05,637 [INFO] 
2026-09-08 03:36:05,637 [INFO]   OUT-OF-WINDOW (older 57 expiries 2024-10..2025-11, the regime where E2 is
2026-09-08 03:36:05,637 [INFO]   known to LOSE). Question was not "does E2 work there" -- it does not -- but
2026-09-08 03:36:05,637 [INFO]   "does spot anchoring make it WORSE". It does not:
2026-09-08 03:36:05,637 [INFO]     A max-OI x3  n=40  WR 35.0%  -Rs3,958
2026-09-08 03:36:05,637 [INFO]     C spot x3    n=43  WR 37.2%  -Rs2,954   (2 days better, 1 worse)
2026-09-08 03:36:05,637 [INFO]     B re-anchor  n=44  WR 36.4%  -Rs3,162
2026-09-08 03:36:05,637 [INFO]   CAVEAT, stated rather than buried: this OOS baseline is -Rs3,958 against the
2026-09-08 03:36:05,637 [INFO]   published -Rs4,910. The Expired-Instruments API returned NO contracts for 1 of
2026-09-08 03:36:05,637 [INFO]   the 57 days and only 15 of 22 for another, so the OOS run covers 56 days with
2026-09-08 03:36:05,637 [INFO]   some gaps. Treat the OOS numbers as DIRECTIONAL. The recent-40 window, which
2026-09-08 03:36:05,637 [INFO]   is what this change is justified on, reproduced its baseline EXACTLY.
2026-09-08 03:36:05,637 [INFO] 
2026-09-08 03:36:05,637 [INFO]   HONEST READING: the in-sample gain is SMALL (+Rs1,199 at equal breadth)
2026-09-08 03:36:05,637 [INFO]   because max-OI and spot-ATM usually COINCIDE — they differed on only 3 of 24
2026-09-08 03:36:05,637 [INFO]   traded days. This change is not an edge improvement; it removes a blind spot
2026-09-08 03:36:05,637 [INFO]   in the tail. Its value is that at equal breadth it was never worse on any of
2026-09-08 03:36:05,637 [INFO]   the 40 expiries, and the two live misses are exactly the case it fixes.
2026-09-08 03:36:05,637 [INFO] 
2026-09-08 03:36:05,637 [INFO]   REVERT: *_BACKUP_20260829_pre_spot_anchor.py, or EXP12_ANCHOR='maxoi'
2026-09-08 03:36:05,637 [INFO]   STATUS: applied 2026-08-29. Confirm on the next expiry that the log shows
2026-09-08 03:36:05,637 [INFO]   "[EXP12] anchor=spot M=..." and that legs track spot.  [BT][USER]
2026-09-08 03:36:05,637 [INFO] 
2026-09-08 03:36:05,637 [INFO] V2.5.20 [EXPIRY REPORTING + INTRADAY BAR FIX — 2026-08-29]
2026-09-08 03:36:05,637 [INFO]   Four changes, all from the user's 2026-08-27 review. NO entry/exit RULE was
2026-09-08 03:36:05,637 [INFO]   changed — these are data-plumbing and reporting only.
2026-09-08 03:36:05,637 [INFO] 
2026-09-08 03:36:05,637 [INFO]   (1) SHIM 1-MINUTE RESAMPLING (item 3). upstox_kite_shim.historical_data() now
2026-09-08 03:36:05,637 [INFO]       builds TODAY's 5m/15m/1h bars from 1-MINUTE intraday instead of asking the
2026-09-08 03:36:05,637 [INFO]       intraday endpoint for them directly, because that endpoint only emits a
2026-09-08 03:36:05,637 [INFO]       forming bar 0-6 min late and the engines read iloc[-2] assuming iloc[-1]
2026-09-08 03:36:05,637 [INFO]       is the forming bar. Deliberately NOT raising the 16-min stale guard —
2026-09-08 03:36:05,638 [INFO]       that would hide stale indicators instead of surfacing them.
2026-09-08 03:36:05,638 [INFO]       52/52 instrument-day-interval combos reproduce Upstox's own O/H/L/C/vol/OI
2026-09-08 03:36:05,638 [INFO]       EXACTLY. See upstox_kite_shim.py CHANGE_HISTORY.  [FIX]
2026-09-08 03:36:05,638 [INFO] 
2026-09-08 03:36:05,638 [INFO]   (2) EXPIRY "WHY / WHY NOT" TELEGRAM at 15:29 (item 5). User: "no message about
2026-09-08 03:36:05,638 [INFO]       why a trade was not taken". Every EXP12 gate now increments a counter
2026-09-08 03:36:05,638 [INFO]       (_exp12_block) and records the closest miss (_exp12_near);
2026-09-08 03:36:05,638 [INFO]       _exp12_eod_report() sends one consolidated per-engine message. On the
2026-09-08 03:36:05,638 [INFO]       08-27 book this renders as "EXP2: no trade — blocked by spot too far from
2026-09-08 03:36:05,638 [INFO]       strike x148 ... closest: 77400CE prem 12.30 OK but dist -318", which is
2026-09-08 03:36:05,638 [INFO]       the universe flaw made visible.  [USER]
2026-09-08 03:36:05,638 [INFO] 
2026-09-08 03:36:05,638 [INFO]   (3) EXP12 TELEGRAM COLOUR + SHADOW TAG (item 7a). Entries/exits were plain
2026-09-08 03:36:05,638 [INFO]       🎯/⚫ with no green/red, so a +Rs3,378 day on 08-27 read like nothing had
2026-09-08 03:36:05,638 [INFO]       happened. Now 🟢/🔴 by CE/PE, 🟩/🟥 by result, and a persistent
2026-09-08 03:36:05,638 [INFO]       "⚫ SHADOW BOOK (not in main PnL)" tag.  [USER]
2026-09-08 03:36:05,638 [INFO] 
2026-09-08 03:36:05,638 [INFO]   (4) SHADOW TOTAL IN THE EOD SUMMARY (item 7b). EXP12 is a separate book (own
2026-09-08 03:36:05,638 [INFO]       lot size, own CSV) and stays EXCLUDED from Net PnL — but it is now printed
2026-09-08 03:36:05,638 [INFO]       as its own clearly-labelled block, so 08-27's "Rs0" on a +Rs3,378 day
2026-09-08 03:36:05,638 [INFO]       cannot recur. The two totals are visible without ever being mixed.  [USER]
2026-09-08 03:36:05,638 [INFO] 
2026-09-08 03:36:05,638 [INFO]   REVERT: *_BACKUP_20260829_pre_changelog_backfill.py (and, for the shim,
2026-09-08 03:36:05,638 [INFO]           upstox_kite_shim_BACKUP_20260829_pre_1m_resample.py)
2026-09-08 03:36:05,638 [INFO]   STATUS: applied 2026-08-29 (Sat, market closed). Item (1) is offline-verified
2026-09-08 03:36:05,638 [INFO]           only and MUST be confirmed against the live feed at the next open:
2026-09-08 03:36:05,638 [INFO]           [STALE] events should drop to zero. Items (2)-(4) are cosmetic/report
2026-09-08 03:36:05,638 [INFO]           paths and are proven by rendering tests, but (2) only fires on an
2026-09-08 03:36:05,638 [INFO]           expiry day — next Nifty expiry Tue 2026-09-01.
2026-09-08 03:36:05,638 [INFO] 
2026-09-08 03:36:05,638 [INFO] V2.5.20 [FLIGHT-RECORDER LOG FIX — 2026-08-29]
2026-09-08 03:36:05,638 [INFO]   WHAT : logging.basicConfig(filename=LOG_FN) -> logging.handlers.
2026-09-08 03:36:05,638 [INFO]          WatchedFileHandler(LOG_FN). One handler swap in the LOGGING block;
2026-09-08 03:36:05,639 [INFO]          added `import logging.handlers`. No engine/strategy code touched.
2026-09-08 03:36:05,639 [INFO]   WHY  : every Nifty & Sensex FlightRecorder *.log had been BOOT-BANNER-ONLY
2026-09-08 03:36:05,639 [INFO]          for ~a week (08-20 -> 08-28): 32,891 bytes, last line 8 seconds after
2026-09-08 03:36:05,639 [INFO]          boot, while the BarLevel CSV ran to 15:25. push_logs_to_github() runs
2026-09-08 03:36:05,639 [INFO]          `git rebase --autostash` every 5 min; with a dirty tree the autostash
2026-09-08 03:36:05,639 [INFO]          push/pop deletes and recreates every modified tracked file, including
2026-09-08 03:36:05,639 [INFO]          the log being written. The plain FileHandler held its fd on the old
2026-09-08 03:36:05,639 [INFO]          inode, so all later lines went to an orphaned inode. This is why the
2026-09-08 03:36:05,639 [INFO]          "check the Thursday log" instructions left for EXP2W / EXP12-relax /
2026-09-08 03:36:05,639 [INFO]          Upstox were all uncheckable. Real record was ~/orion_*_run.log (stdout).
2026-09-08 03:36:05,639 [INFO]   EVIDENCE : reproduced against a REAL two-bot `git rebase --autostash` cycle
2026-09-08 03:36:05,639 [INFO]          (scratchpad/wfhtest/repro3.py): FileHandler -> on-disk log holds ONLY
2026-09-08 03:36:05,639 [INFO]          the boot banner (inode swapped mid-run); WatchedFileHandler -> all
2026-09-08 03:36:05,639 [INFO]          lines through EOD survive the identical swap. Control that confirms
2026-09-08 03:36:05,639 [INFO]          the diagnosis in production: stocks_run.log is NOT git-tracked, is
2026-09-08 03:36:05,639 [INFO]          never touched by the push, and is complete through 15:30 IST on the
2026-09-08 03:36:05,639 [INFO]          same sessions. csv_append() and the Telegram fallback log open by
2026-09-08 03:36:05,639 [INFO]          name per write and were never affected.
2026-09-08 03:36:05,639 [INFO]   NOT DONE : dropping --autostash. It was added 2026-07-27 to fix a different
2026-09-08 03:36:05,639 [INFO]          failure (365+ push rejects/day since 07-20). Do not remove it.
2026-09-08 03:36:05,639 [INFO]   REVERT : ORION_PAPER_V2_5_20_BACKUP_20260829_pre_watchedfilehandler.py /
2026-09-08 03:36:05,639 [INFO]            ORION_SENSEX_V2520_BACKUP_20260829_pre_watchedfilehandler.py
2026-09-08 03:36:05,639 [INFO]   STATUS : code-applied 2026-08-29 (Sat, market closed). NOT yet proven live —
2026-09-08 03:36:05,639 [INFO]            confirm on the next session's boot that the FlightRecorder log keeps
2026-09-08 03:36:05,639 [INFO]            growing past 09:07 and its last line is ~15:25, not ~09:02.
2026-09-08 03:36:05,640 [INFO] 
2026-09-08 03:36:05,640 [INFO] === REJECTED DECISIONS (DO NOT RE-ADD WITHOUT NEW BACKTEST EVIDENCE) ===
2026-09-08 03:36:05,640 [INFO]   SKIP_HOUR_13         : -Rs 46k (kills profitable flips in that window)
2026-09-08 03:36:05,640 [INFO]   SKIP_TUESDAYS        : +Rs 56k but calendar-overfit; RSI gate replaces
2026-09-08 03:36:05,640 [INFO]   ADX<20 filter        : -Rs 16k
2026-09-08 03:36:05,640 [INFO]   ADX<25 filter        : -Rs 34k
2026-09-08 03:36:05,640 [INFO]   BE armor at +15%     : net negative
2026-09-08 03:36:05,640 [INFO]   Same-side flip       : -Rs 191k CATASTROPHIC
2026-09-08 03:36:05,640 [INFO]   REVERSAL_FLIP=True   : WR 12% vs 33%
2026-09-08 03:36:05,640 [INFO]   K cap on CE          : hurts WR (no cap is better)
2026-09-08 03:36:05,640 [INFO]   V2.5.10 macro SMA50  : -Rs 2.3L vs V2.5.9; lagging filter blocked PE in bear phases
2026-09-08 03:36:05,640 [INFO]   V2.5.11 straddle halt: straddle expansion days WR 69.8% > normal 66.9%;
2026-09-08 03:36:05,640 [INFO]                          halting on expansion removed profitable trades (+Rs 2,54,234 phantom)
2026-09-08 03:36:07,493 [INFO] [CHANGELOG] up to date (last entry 2026-09-02)
2026-09-08 03:36:10,849 [INFO] [boot] Logs pushed to GitHub: Sensex_FlightRecorder_V2_5_20-SENSEX_20260908_090604.log, Sensex_BarLevel_V2_5_20-SENSEX_20260908_090604.csv
2026-09-08 03:36:11,048 [INFO] [APEX] open=0 trades=0 realized=+0.0pt/Rs+0 unreal=+0.0pt/Rs+0
2026-09-08 03:36:11,048 [INFO] [T5] open=0 trades=0 realized=+0.0pt/Rs+0 unreal=+0.0pt/Rs+0
2026-09-08 03:36:11,049 [INFO] [INDICATORS] spot=76132.8 | 1h: close=76051.4 sma20=76469.3 sma50=76710.3 rsi=35.7 macd=-179.83/-135.03(bear) | 15m: K=69.5↓(prev 74.0) | regime=PE-eligible any_active=False
2026-09-08 03:36:11,049 [INFO] [SIGNAL] CE: reg=False K=False(K=69.5>=38,rising) Kextr=False RSI=False(35.7>53) MACD=False(gate off) => BLOCK | PE: reg=True K=True(K=69.5<=80,falling) Kextr=True RSI=True(35.7<47) MACD=True(gate off) => PASS
2026-09-08 03:41:13,718 [INFO] [APEX] open=0 trades=0 realized=+0.0pt/Rs+0 unreal=+0.0pt/Rs+0
2026-09-08 03:41:13,719 [INFO] [T5] open=0 trades=0 realized=+0.0pt/Rs+0 unreal=+0.0pt/Rs+0
2026-09-08 03:41:13,719 [INFO] [INDICATORS] spot=76132.8 | 1h: close=76051.4 sma20=76469.3 sma50=76710.3 rsi=35.7 macd=-179.83/-135.03(bear) | 15m: K=69.5↓(prev 74.0) | regime=PE-eligible any_active=False
2026-09-08 03:41:13,719 [INFO] [SIGNAL] CE: reg=False K=False(K=69.5>=38,rising) Kextr=False RSI=False(35.7>53) MACD=False(gate off) => BLOCK | PE: reg=True K=True(K=69.5<=80,falling) Kextr=True RSI=True(35.7<47) MACD=True(gate off) => PASS
2026-09-08 03:41:16,168 [INFO] [periodic] Logs pushed to GitHub: Sensex_FlightRecorder_V2_5_20-SENSEX_20260908_090604.log, Sensex_BarLevel_V2_5_20-SENSEX_20260908_090604.csv
2026-09-08 03:46:18,188 [INFO] [APEX] open=0 trades=0 realized=+0.0pt/Rs+0 unreal=+0.0pt/Rs+0
2026-09-08 03:46:18,233 [INFO] [T5] open=0 trades=0 realized=+0.0pt/Rs+0 unreal=+0.0pt/Rs+0
2026-09-08 03:46:18,233 [INFO] [INDICATORS] spot=75811.4 | 1h: close=76132.8 sma20=76435.7 sma50=76689.3 rsi=39.1 macd=-178.65/-143.75(bear) | 15m: K=79.6↑(prev 69.5) | regime=PE-eligible any_active=False
2026-09-08 03:46:18,233 [INFO] [SIGNAL] CE: reg=False K=True(K=79.6>=38,rising) Kextr=False RSI=False(39.1>53) MACD=False(gate off) => BLOCK | PE: reg=True K=False(K=79.6<=80,falling) Kextr=True RSI=True(39.1<47) MACD=True(gate off) => BLOCK
2026-09-08 03:46:21,042 [INFO] [periodic] Logs pushed to GitHub: Sensex_FlightRecorder_V2_5_20-SENSEX_20260908_090604.log, Sensex_BarLevel_V2_5_20-SENSEX_20260908_090604.csv
2026-09-08 03:50:23,162 [INFO] [STRADDLE] Reference: ₹628.0 at 09:20
2026-09-08 03:51:23,709 [INFO] [APEX] open=0 trades=0 realized=+0.0pt/Rs+0 unreal=+0.0pt/Rs+0
2026-09-08 03:51:23,793 [INFO] [T5] open=0 trades=0 realized=+0.0pt/Rs+0 unreal=+0.0pt/Rs+0
2026-09-08 03:51:23,793 [INFO] [INDICATORS] spot=75795.3 | 1h: close=76132.8 sma20=76435.7 sma50=76689.3 rsi=39.1 macd=-178.65/-143.75(bear) | 15m: K=79.6↑(prev 69.5) | regime=PE-eligible any_active=False
2026-09-08 03:51:23,793 [INFO] [SIGNAL] CE: reg=False K=True(K=79.6>=38,rising) Kextr=False RSI=False(39.1>53) MACD=False(gate off) => BLOCK | PE: reg=True K=False(K=79.6<=80,falling) Kextr=True RSI=True(39.1<47) MACD=True(gate off) => BLOCK
2026-09-08 03:51:27,106 [INFO] [periodic] Logs pushed to GitHub: Sensex_FlightRecorder_V2_5_20-SENSEX_20260908_090604.log, Sensex_BarLevel_V2_5_20-SENSEX_20260908_090604.csv
2026-09-08 03:56:29,555 [INFO] [APEX] open=0 trades=0 realized=+0.0pt/Rs+0 unreal=+0.0pt/Rs+0
2026-09-08 03:56:29,556 [INFO] [T5] open=0 trades=0 realized=+0.0pt/Rs+0 unreal=+0.0pt/Rs+0
2026-09-08 03:56:29,557 [INFO] [INDICATORS] spot=75762.7 | 1h: close=76132.8 sma20=76435.7 sma50=76689.3 rsi=39.1 macd=-178.65/-143.75(bear) | 15m: K=79.6↑(prev 69.5) | regime=PE-eligible any_active=False
2026-09-08 03:56:29,557 [INFO] [SIGNAL] CE: reg=False K=True(K=79.6>=38,rising) Kextr=False RSI=False(39.1>53) MACD=False(gate off) => BLOCK | PE: reg=True K=False(K=79.6<=80,falling) Kextr=True RSI=True(39.1<47) MACD=True(gate off) => BLOCK
2026-09-08 03:56:32,009 [INFO] [periodic] Logs pushed to GitHub: Sensex_FlightRecorder_V2_5_20-SENSEX_20260908_090604.log, Sensex_BarLevel_V2_5_20-SENSEX_20260908_090604.csv
2026-09-08 04:01:34,136 [INFO] [APEX] open=0 trades=0 realized=+0.0pt/Rs+0 unreal=+0.0pt/Rs+0
2026-09-08 04:01:34,136 [INFO] [T5] open=0 trades=0 realized=+0.0pt/Rs+0 unreal=+0.0pt/Rs+0
2026-09-08 04:01:34,138 [INFO] [INDICATORS] spot=75723.8 | 1h: close=76132.8 sma20=76435.7 sma50=76689.3 rsi=39.1 macd=-178.65/-143.75(bear) | 15m: K=68.8↓(prev 79.6) | regime=PE-eligible any_active=False
2026-09-08 04:01:34,138 [INFO] [SIGNAL] CE: reg=False K=False(K=68.8>=38,rising) Kextr=False RSI=False(39.1>53) MACD=False(gate off) => BLOCK | PE: reg=True K=True(K=68.8<=80,falling) Kextr=True RSI=True(39.1<47) MACD=True(gate off) => PASS
2026-09-08 04:01:36,688 [INFO] [periodic] Logs pushed to GitHub: Sensex_FlightRecorder_V2_5_20-SENSEX_20260908_090604.log, Sensex_BarLevel_V2_5_20-SENSEX_20260908_090604.csv
2026-09-08 04:06:38,841 [INFO] [APEX] open=0 trades=0 realized=+0.0pt/Rs+0 unreal=+0.0pt/Rs+0
2026-09-08 04:06:38,842 [INFO] [T5] open=0 trades=0 realized=+0.0pt/Rs+0 unreal=+0.0pt/Rs+0
2026-09-08 04:06:38,842 [INFO] [INDICATORS] spot=75755.3 | 1h: close=76132.8 sma20=76435.7 sma50=76689.3 rsi=39.1 macd=-178.65/-143.75(bear) | 15m: K=68.8↓(prev 79.6) | regime=PE-eligible any_active=False
2026-09-08 04:06:38,842 [INFO] [SIGNAL] CE: reg=False K=False(K=68.8>=38,rising) Kextr=False RSI=False(39.1>53) MACD=False(gate off) => BLOCK | PE: reg=True K=True(K=68.8<=80,falling) Kextr=True RSI=True(39.1<47) MACD=True(gate off) => PASS
2026-09-08 04:06:42,149 [INFO] [periodic] Logs pushed to GitHub: Sensex_FlightRecorder_V2_5_20-SENSEX_20260908_090604.log, Sensex_BarLevel_V2_5_20-SENSEX_20260908_090604.csv
2026-09-08 04:11:44,404 [INFO] [APEX] open=0 trades=0 realized=+0.0pt/Rs+0 unreal=+0.0pt/Rs+0
2026-09-08 04:11:44,404 [INFO] [T5] open=0 trades=0 realized=+0.0pt/Rs+0 unreal=+0.0pt/Rs+0
2026-09-08 04:11:44,405 [INFO] [INDICATORS] spot=75762.2 | 1h: close=76132.8 sma20=76435.7 sma50=76689.3 rsi=39.1 macd=-178.65/-143.75(bear) | 15m: K=68.8↓(prev 79.6) | regime=PE-eligible any_active=False
2026-09-08 04:11:44,405 [INFO] [SIGNAL] CE: reg=False K=False(K=68.8>=38,rising) Kextr=False RSI=False(39.1>53) MACD=False(gate off) => BLOCK | PE: reg=True K=True(K=68.8<=80,falling) Kextr=True RSI=True(39.1<47) MACD=True(gate off) => PASS
2026-09-08 04:11:47,238 [INFO] [periodic] Logs pushed to GitHub: Sensex_FlightRecorder_V2_5_20-SENSEX_20260908_090604.log, Sensex_BarLevel_V2_5_20-SENSEX_20260908_090604.csv
2026-09-08 04:15:19,711 [INFO] ENTRY: BFO:SENSEX2691075700PE @ 235.05  engine=V2  detail=K=68.8↓ RSI=39.1 MACD✓
2026-09-08 04:15:20,549 [INFO] [VWAP] Climax skip — body=100% >= 87%
2026-09-08 04:15:20,555 [INFO] [ORB] Signal — close 75739.7 broke OR[75770.5,76012.1] side=PE
2026-09-08 04:15:20,600 [INFO] ENTRY: BFO:SENSEX2691075700PE @ 235.40  engine=ORB  detail=ORB break 75740 vs OR[75770,76012]
2026-09-08 04:15:51,705 [INFO] [VWAP] Climax skip — body=100% >= 87%
2026-09-08 04:16:52,270 [INFO] [APEX] open=0 trades=0 realized=+0.0pt/Rs+0 unreal=+0.0pt/Rs+0
2026-09-08 04:16:52,271 [INFO] [T5] open=0 trades=0 realized=+0.0pt/Rs+0 unreal=+0.0pt/Rs+0
2026-09-08 04:16:52,271 [INFO] [INDICATORS] spot=75751.1 | 1h: close=76132.8 sma20=76435.7 sma50=76689.3 rsi=39.1 macd=-178.65/-143.75(bear) | 15m: K=48.2↓(prev 68.8) | regime=PE-eligible any_active=True
2026-09-08 04:16:52,271 [INFO] [SIGNAL] CE: reg=False K=False(K=48.2>=38,rising) Kextr=False RSI=False(39.1>53) MACD=False(gate off) => BLOCK | PE: reg=True K=True(K=48.2<=80,falling) Kextr=True RSI=True(39.1<47) MACD=True(gate off) => PASS
2026-09-08 04:16:52,271 [INFO] [STATE][BASE] PE BFO:SENSEX2691075700PE ltp=229.45 entry=235.05 pnl=-5.60(-2.4%) sl=185.05 peak=235.40 tr_armed=False elapsed=1min
2026-09-08 04:16:52,272 [INFO] [STATE][ORB] PE BFO:SENSEX2691075700PE ltp=229.45 entry=235.40 pnl=-5.95(-2.5%) sl=0.00 peak=235.40 tr_armed=False elapsed=1min
2026-09-08 04:16:54,838 [INFO] [periodic] Logs pushed to GitHub: Sensex_FlightRecorder_V2_5_20-SENSEX_20260908_090604.log, Sensex_BarLevel_V2_5_20-SENSEX_20260908_090604.csv
2026-09-08 04:21:57,701 [INFO] [APEX] open=0 trades=0 realized=+0.0pt/Rs+0 unreal=+0.0pt/Rs+0
2026-09-08 04:21:57,759 [INFO] [T5] open=0 trades=0 realized=+0.0pt/Rs+0 unreal=+0.0pt/Rs+0
2026-09-08 04:21:57,760 [INFO] [INDICATORS] spot=75795.7 | 1h: close=76132.8 sma20=76435.7 sma50=76689.3 rsi=39.1 macd=-178.65/-143.75(bear) | 15m: K=48.2↓(prev 68.8) | regime=PE-eligible any_active=True
2026-09-08 04:21:57,760 [INFO] [SIGNAL] CE: reg=False K=False(K=48.2>=38,rising) Kextr=False RSI=False(39.1>53) MACD=False(gate off) => BLOCK | PE: reg=True K=True(K=48.2<=80,falling) Kextr=True RSI=True(39.1<47) MACD=True(gate off) => PASS
2026-09-08 04:21:57,760 [INFO] [STATE][BASE] PE BFO:SENSEX2691075700PE ltp=223.95 entry=235.05 pnl=-11.10(-4.7%) sl=185.05 peak=235.40 tr_armed=False elapsed=6min
2026-09-08 04:21:57,761 [INFO] [STATE][ORB] PE BFO:SENSEX2691075700PE ltp=223.95 entry=235.40 pnl=-11.45(-4.9%) sl=0.00 peak=235.40 tr_armed=False elapsed=6min
2026-09-08 04:22:01,091 [INFO] [periodic] Logs pushed to GitHub: Sensex_FlightRecorder_V2_5_20-SENSEX_20260908_090604.log, Sensex_BarLevel_V2_5_20-SENSEX_20260908_090604.csv
2026-09-08 04:27:03,863 [INFO] [APEX] open=0 trades=0 realized=+0.0pt/Rs+0 unreal=+0.0pt/Rs+0
2026-09-08 04:27:03,863 [INFO] [T5] open=0 trades=0 realized=+0.0pt/Rs+0 unreal=+0.0pt/Rs+0
2026-09-08 04:27:03,864 [INFO] [INDICATORS] spot=75745.0 | 1h: close=76132.8 sma20=76435.7 sma50=76689.3 rsi=39.1 macd=-178.65/-143.75(bear) | 15m: K=48.2↓(prev 68.8) | regime=PE-eligible any_active=True
2026-09-08 04:27:03,864 [INFO] [SIGNAL] CE: reg=False K=False(K=48.2>=38,rising) Kextr=False RSI=False(39.1>53) MACD=False(gate off) => BLOCK | PE: reg=True K=True(K=48.2<=80,falling) Kextr=True RSI=True(39.1<47) MACD=True(gate off) => PASS
2026-09-08 04:27:03,864 [INFO] [STATE][BASE] PE BFO:SENSEX2691075700PE ltp=232.90 entry=235.05 pnl=-2.15(-0.9%) sl=185.05 peak=235.40 tr_armed=False elapsed=11min
2026-09-08 04:27:03,864 [INFO] [STATE][ORB] PE BFO:SENSEX2691075700PE ltp=233.45 entry=235.40 pnl=-1.95(-0.8%) sl=0.00 peak=235.40 tr_armed=False elapsed=11min
2026-09-08 04:27:06,302 [INFO] [periodic] Logs pushed to GitHub: Sensex_FlightRecorder_V2_5_20-SENSEX_20260908_090604.log, Sensex_BarLevel_V2_5_20-SENSEX_20260908_090604.csv
2026-09-08 04:32:09,034 [INFO] [APEX] open=0 trades=0 realized=+0.0pt/Rs+0 unreal=+0.0pt/Rs+0
2026-09-08 04:32:09,034 [INFO] [T5] open=0 trades=0 realized=+0.0pt/Rs+0 unreal=+0.0pt/Rs+0
2026-09-08 04:32:09,035 [INFO] [INDICATORS] spot=75736.3 | 1h: close=76132.8 sma20=76435.7 sma50=76689.3 rsi=39.1 macd=-178.65/-143.75(bear) | 15m: K=22.7↓(prev 48.2) | regime=PE-eligible any_active=True
2026-09-08 04:32:09,035 [INFO] [SIGNAL] CE: reg=False K=False(K=22.7>=38,rising) Kextr=True RSI=False(39.1>53) MACD=False(gate off) => BLOCK | PE: reg=True K=False(K=22.7<=80,falling) Kextr=True RSI=True(39.1<47) MACD=True(gate off) => BLOCK
2026-09-08 04:32:09,035 [INFO] [STATE][BASE] PE BFO:SENSEX2691075700PE ltp=239.75 entry=235.05 pnl=+4.70(+2.0%) sl=185.05 peak=243.25 tr_armed=False elapsed=16min
2026-09-08 04:32:09,036 [INFO] [STATE][ORB] PE BFO:SENSEX2691075700PE ltp=239.75 entry=235.40 pnl=+4.35(+1.8%) sl=0.00 peak=243.25 tr_armed=False elapsed=16min
2026-09-08 04:32:11,499 [INFO] [periodic] Logs pushed to GitHub: Sensex_FlightRecorder_V2_5_20-SENSEX_20260908_090604.log, Sensex_BarLevel_V2_5_20-SENSEX_20260908_090604.csv
2026-09-08 04:37:14,437 [INFO] [APEX] open=0 trades=0 realized=+0.0pt/Rs+0 unreal=+0.0pt/Rs+0
2026-09-08 04:37:14,487 [INFO] [T5] open=0 trades=0 realized=+0.0pt/Rs+0 unreal=+0.0pt/Rs+0
2026-09-08 04:37:14,488 [INFO] [INDICATORS] spot=75706.9 | 1h: close=76132.8 sma20=76435.7 sma50=76689.3 rsi=39.1 macd=-178.65/-143.75(bear) | 15m: K=22.7↓(prev 48.2) | regime=PE-eligible any_active=True
2026-09-08 04:37:14,488 [INFO] [SIGNAL] CE: reg=False K=False(K=22.7>=38,rising) Kextr=True RSI=False(39.1>53) MACD=False(gate off) => BLOCK | PE: reg=True K=False(K=22.7<=80,falling) Kextr=True RSI=True(39.1<47) MACD=True(gate off) => BLOCK
2026-09-08 04:37:14,488 [INFO] [STATE][BASE] PE BFO:SENSEX2691075700PE ltp=233.90 entry=235.05 pnl=-1.15(-0.5%) sl=185.05 peak=249.60 tr_armed=False elapsed=21min
2026-09-08 04:37:14,488 [INFO] [STATE][ORB] PE BFO:SENSEX2691075700PE ltp=233.90 entry=235.40 pnl=-1.50(-0.6%) sl=0.00 peak=249.45 tr_armed=False elapsed=21min
2026-09-08 04:37:17,921 [INFO] [periodic] Logs pushed to GitHub: Sensex_FlightRecorder_V2_5_20-SENSEX_20260908_090604.log, Sensex_BarLevel_V2_5_20-SENSEX_20260908_090604.csv
2026-09-08 04:41:20,071 [INFO] [FUT5VWAP] Signal — 76266>76257 body=70% side=CE (fixed +40pt target)
2026-09-08 04:41:20,073 [INFO] [VETO] FUT5VWAP CE BLOCKED — CE into a DOWNtrend: spot 75768.4 is -488.1 below FUT VWAP 76256.5 (buffer 16)
2026-09-08 04:42:21,471 [INFO] [APEX] open=0 trades=0 realized=+0.0pt/Rs+0 unreal=+0.0pt/Rs+0
2026-09-08 04:42:21,472 [INFO] [T5] open=0 trades=0 realized=+0.0pt/Rs+0 unreal=+0.0pt/Rs+0
2026-09-08 04:42:21,472 [INFO] [INDICATORS] spot=75770.5 | 1h: close=76132.8 sma20=76435.7 sma50=76689.3 rsi=39.1 macd=-178.65/-143.75(bear) | 15m: K=22.7↓(prev 48.2) | regime=PE-eligible any_active=True
2026-09-08 04:42:21,472 [INFO] [SIGNAL] CE: reg=False K=False(K=22.7>=38,rising) Kextr=True RSI=False(39.1>53) MACD=False(gate off) => BLOCK | PE: reg=True K=False(K=22.7<=80,falling) Kextr=True RSI=True(39.1<47) MACD=True(gate off) => BLOCK
2026-09-08 04:42:21,472 [INFO] [STATE][BASE] PE BFO:SENSEX2691075700PE ltp=222.60 entry=235.05 pnl=-12.45(-5.3%) sl=185.05 peak=249.60 tr_armed=False elapsed=27min
2026-09-08 04:42:21,473 [INFO] [STATE][ORB] PE BFO:SENSEX2691075700PE ltp=222.60 entry=235.40 pnl=-12.80(-5.4%) sl=0.00 peak=249.45 tr_armed=False elapsed=27min
2026-09-08 04:42:24,023 [INFO] [periodic] Logs pushed to GitHub: Sensex_FlightRecorder_V2_5_20-SENSEX_20260908_090604.log, Sensex_BarLevel_V2_5_20-SENSEX_20260908_090604.csv
2026-09-08 04:46:26,885 [INFO] [CB] V2 loss (own count 1) — TOTAL across all engines=1/4 (reason=SMA8_LOW_TRAIL)
2026-09-08 04:46:26,887 [INFO] EXIT: BFO:SENSEX2691075700PE @ 198.60 reason=SMA8_LOW_TRAIL pnl/sh=-36.45 is_flip=False losses=1/4
2026-09-08 04:46:27,710 [INFO] [VWAP] Signal — FUT 76296>76270 body=69% side=CE | persist_gate=dist=+37.1pt persist=True (last 2x5m vs FUTvwap=76259.2)
2026-09-08 04:46:27,712 [INFO] [VETO] VWAP CE BLOCKED — CE into a DOWNtrend: spot 75846.2 is -413.0 below FUT VWAP 76259.2 (buffer 16)
2026-09-08 04:47:29,225 [INFO] [APEX] open=0 trades=0 realized=+0.0pt/Rs+0 unreal=+0.0pt/Rs+0
2026-09-08 04:47:29,226 [INFO] [T5] open=0 trades=0 realized=+0.0pt/Rs+0 unreal=+0.0pt/Rs+0
2026-09-08 04:47:29,226 [INFO] [INDICATORS] spot=75842.6 | 1h: close=75850.1 sma20=76396.8 sma50=76667.6 rsi=32.7 macd=-198.24/-154.65(bear) | 15m: K=34.9↑(prev 22.7) | regime=PE-eligible any_active=True
2026-09-08 04:47:29,226 [INFO] [SIGNAL] CE: reg=False K=False(K=34.9>=38,rising) Kextr=True RSI=False(32.7>53) MACD=False(gate off) => BLOCK | PE: reg=True K=False(K=34.9<=80,falling) Kextr=False RSI=True(32.7<47) MACD=True(gate off) => BLOCK
2026-09-08 04:47:29,227 [INFO] [STATE][ORB] PE BFO:SENSEX2691075700PE ltp=197.90 entry=235.40 pnl=-37.50(-15.9%) sl=0.00 peak=249.45 tr_armed=False elapsed=32min
2026-09-08 04:47:31,692 [INFO] [periodic] Logs pushed to GitHub: Sensex_FlightRecorder_V2_5_20-SENSEX_20260908_090604.log, Sensex_BarLevel_V2_5_20-SENSEX_20260908_090604.csv
2026-09-08 04:52:34,784 [INFO] [APEX] open=0 trades=0 realized=+0.0pt/Rs+0 unreal=+0.0pt/Rs+0
2026-09-08 04:52:34,784 [INFO] [T5] open=0 trades=0 realized=+0.0pt/Rs+0 unreal=+0.0pt/Rs+0
2026-09-08 04:52:34,785 [INFO] [INDICATORS] spot=75829.9 | 1h: close=75850.1 sma20=76396.8 sma50=76667.6 rsi=32.7 macd=-198.24/-154.65(bear) | 15m: K=34.9↑(prev 22.7) | regime=PE-eligible any_active=True
2026-09-08 04:52:34,785 [INFO] [SIGNAL] CE: reg=False K=False(K=34.9>=38,rising) Kextr=True RSI=False(32.7>53) MACD=False(gate off) => BLOCK | PE: reg=True K=False(K=34.9<=80,falling) Kextr=False RSI=True(32.7<47) MACD=True(gate off) => BLOCK
2026-09-08 04:52:34,785 [INFO] [STATE][ORB] PE BFO:SENSEX2691075700PE ltp=202.00 entry=235.40 pnl=-33.40(-14.2%) sl=0.00 peak=249.45 tr_armed=False elapsed=37min
2026-09-08 04:52:38,305 [INFO] [periodic] Logs pushed to GitHub: Sensex_FlightRecorder_V2_5_20-SENSEX_20260908_090604.log, Sensex_BarLevel_V2_5_20-SENSEX_20260908_090604.csv
2026-09-08 04:56:40,625 [INFO] [V3PROBE] PLACED PE BFO:SENSEX2691075800PE limit=238.85 (LTP=251.85 - 13) window=25min — EARLY(10m) Grade B R-cluster BREAK-PE at 75840
2026-09-08 04:57:42,183 [INFO] [APEX] open=0 trades=0 realized=+0.0pt/Rs+0 unreal=+0.0pt/Rs+0
2026-09-08 04:57:42,247 [INFO] [T5] open=0 trades=0 realized=+0.0pt/Rs+0 unreal=+0.0pt/Rs+0
2026-09-08 04:57:42,248 [INFO] [INDICATORS] spot=75789.5 | 1h: close=75850.1 sma20=76396.8 sma50=76667.6 rsi=32.7 macd=-198.24/-154.65(bear) | 15m: K=34.9↑(prev 22.7) | regime=PE-eligible any_active=True
2026-09-08 04:57:42,248 [INFO] [SIGNAL] CE: reg=False K=False(K=34.9>=38,rising) Kextr=True RSI=False(32.7>53) MACD=False(gate off) => BLOCK | PE: reg=True K=False(K=34.9<=80,falling) Kextr=False RSI=True(32.7<47) MACD=True(gate off) => BLOCK
2026-09-08 04:57:42,248 [INFO] [STATE][ORB] PE BFO:SENSEX2691075700PE ltp=202.15 entry=235.40 pnl=-33.25(-14.1%) sl=0.00 peak=249.45 tr_armed=False elapsed=42min
2026-09-08 04:57:44,856 [INFO] [periodic] Logs pushed to GitHub: Sensex_FlightRecorder_V2_5_20-SENSEX_20260908_090604.log, Sensex_BarLevel_V2_5_20-SENSEX_20260908_090604.csv
2026-09-08 05:00:16,588 [INFO] [CHOPGATE] Clear to trade — ER=0.76 crosses=1 range=386pt
2026-09-08 05:01:17,444 [INFO] [VWAP] Signal — FUT 76290>76271 body=81% side=CE | persist_gate=dist=+29.4pt persist=True (last 2x5m vs FUTvwap=76260.9)
2026-09-08 05:01:17,446 [INFO] [VETO] VWAP CE BLOCKED — CE into a DOWNtrend: spot 75796.2 is -464.7 below FUT VWAP 76260.9 (buffer 16)
2026-09-08 05:02:48,700 [INFO] [APEX] open=0 trades=0 realized=+0.0pt/Rs+0 unreal=+0.0pt/Rs+0
2026-09-08 05:02:48,782 [INFO] [T5] open=0 trades=0 realized=+0.0pt/Rs+0 unreal=+0.0pt/Rs+0
2026-09-08 05:02:48,783 [INFO] [INDICATORS] spot=75795.8 | 1h: close=75850.1 sma20=76396.8 sma50=76667.6 rsi=32.7 macd=-198.24/-154.65(bear) | 15m: K=40.3↑(prev 34.9) | regime=PE-eligible any_active=True
2026-09-08 05:02:48,783 [INFO] [SIGNAL] CE: reg=False K=True(K=40.3>=38,rising) Kextr=True RSI=False(32.7>53) MACD=False(gate off) => BLOCK | PE: reg=True K=False(K=40.3<=80,falling) Kextr=False RSI=True(32.7<47) MACD=True(gate off) => BLOCK
2026-09-08 05:02:48,783 [INFO] [STATE][ORB] PE BFO:SENSEX2691075700PE ltp=214.90 entry=235.40 pnl=-20.50(-8.7%) sl=0.00 peak=249.45 tr_armed=False elapsed=47min
2026-09-08 05:02:51,356 [INFO] [periodic] Logs pushed to GitHub: Sensex_FlightRecorder_V2_5_20-SENSEX_20260908_090604.log, Sensex_BarLevel_V2_5_20-SENSEX_20260908_090604.csv
2026-09-08 05:07:54,846 [INFO] [APEX] open=0 trades=0 realized=+0.0pt/Rs+0 unreal=+0.0pt/Rs+0
2026-09-08 05:07:54,847 [INFO] [T5] open=0 trades=0 realized=+0.0pt/Rs+0 unreal=+0.0pt/Rs+0
2026-09-08 05:07:54,847 [INFO] [INDICATORS] spot=75733.9 | 1h: close=75850.1 sma20=76396.8 sma50=76667.6 rsi=32.7 macd=-198.24/-154.65(bear) | 15m: K=40.3↑(prev 34.9) | regime=PE-eligible any_active=True
2026-09-08 05:07:54,847 [INFO] [SIGNAL] CE: reg=False K=True(K=40.3>=38,rising) Kextr=True RSI=False(32.7>53) MACD=False(gate off) => BLOCK | PE: reg=True K=False(K=40.3<=80,falling) Kextr=False RSI=True(32.7<47) MACD=True(gate off) => BLOCK
2026-09-08 05:07:54,848 [INFO] [STATE][ORB] PE BFO:SENSEX2691075700PE ltp=232.00 entry=235.40 pnl=-3.40(-1.4%) sl=0.00 peak=249.45 tr_armed=False elapsed=52min
2026-09-08 05:08:00,043 [INFO] [periodic] Logs pushed to GitHub: Sensex_FlightRecorder_V2_5_20-SENSEX_20260908_090604.log, Sensex_BarLevel_V2_5_20-SENSEX_20260908_090604.csv
2026-09-08 05:13:03,374 [INFO] [APEX] open=0 trades=0 realized=+0.0pt/Rs+0 unreal=+0.0pt/Rs+0
2026-09-08 05:13:03,374 [INFO] [T5] open=0 trades=0 realized=+0.0pt/Rs+0 unreal=+0.0pt/Rs+0
2026-09-08 05:13:03,375 [INFO] [INDICATORS] spot=75727.6 | 1h: close=75850.1 sma20=76396.8 sma50=76667.6 rsi=32.7 macd=-198.24/-154.65(bear) | 15m: K=40.3↑(prev 34.9) | regime=PE-eligible any_active=True
2026-09-08 05:13:03,375 [INFO] [SIGNAL] CE: reg=False K=True(K=40.3>=38,rising) Kextr=True RSI=False(32.7>53) MACD=False(gate off) => BLOCK | PE: reg=True K=False(K=40.3<=80,falling) Kextr=False RSI=True(32.7<47) MACD=True(gate off) => BLOCK
2026-09-08 05:13:03,375 [INFO] [STATE][ORB] PE BFO:SENSEX2691075700PE ltp=232.85 entry=235.40 pnl=-2.55(-1.1%) sl=0.00 peak=249.45 tr_armed=False elapsed=57min
2026-09-08 05:13:05,875 [INFO] [periodic] Logs pushed to GitHub: Sensex_FlightRecorder_V2_5_20-SENSEX_20260908_090604.log, Sensex_BarLevel_V2_5_20-SENSEX_20260908_090604.csv
2026-09-08 05:16:08,032 [INFO] [VWAP] Signal — FUT 76219<76269 body=73% side=PE | persist_gate=dist=-40.3pt persist=True (last 2x5m vs FUTvwap=76259.3)
2026-09-08 05:16:08,103 [INFO] ENTRY: BFO:SENSEX2691075700PE @ 223.80  engine=VWAP  detail=FUT VWAP 76219<76269 body=73% | bar=161
2026-09-08 05:18:12,313 [INFO] [APEX] open=0 trades=0 realized=+0.0pt/Rs+0 unreal=+0.0pt/Rs+0
2026-09-08 05:18:12,313 [INFO] [T5] open=0 trades=0 realized=+0.0pt/Rs+0 unreal=+0.0pt/Rs+0
2026-09-08 05:18:12,314 [INFO] [INDICATORS] spot=75766.1 | 1h: close=75850.1 sma20=76396.8 sma50=76667.6 rsi=32.7 macd=-198.24/-154.65(bear) | 15m: K=41.4↑(prev 40.3) | regime=PE-eligible any_active=True
2026-09-08 05:18:12,314 [INFO] [SIGNAL] CE: reg=False K=True(K=41.4>=38,rising) Kextr=True RSI=False(32.7>53) MACD=False(gate off) => BLOCK | PE: reg=True K=False(K=41.4<=80,falling) Kextr=False RSI=True(32.7<47) MACD=True(gate off) => BLOCK
2026-09-08 05:18:12,315 [INFO] [STATE][VWAP] PE BFO:SENSEX2691075700PE ltp=219.35 entry=223.80 pnl=-4.45(-2.0%) sl=183.52 peak=229.25 tr_armed=False elapsed=2min
2026-09-08 05:18:12,315 [INFO] [STATE][ORB] PE BFO:SENSEX2691075700PE ltp=219.35 entry=235.40 pnl=-16.05(-6.8%) sl=0.00 peak=249.45 tr_armed=False elapsed=62min
2026-09-08 05:18:15,037 [INFO] [periodic] Logs pushed to GitHub: Sensex_FlightRecorder_V2_5_20-SENSEX_20260908_090604.log, Sensex_BarLevel_V2_5_20-SENSEX_20260908_090604.csv
2026-09-08 05:21:48,032 [INFO] [V3PROBE] EXPIRED unfilled PE BFO:SENSEX2691075800PE limit=238.85
2026-09-08 05:22:24,236 [INFO] [VETO] FLIP CE BLOCKED — CE into a DOWNtrend: spot 75800.1 is -457.8 below FUT VWAP 76257.8 (buffer 16)
2026-09-08 05:22:55,582 [INFO] [VETO] FLIP CE BLOCKED — CE into a DOWNtrend: spot 75800.1 is -457.8 below FUT VWAP 76257.8 (buffer 16)
2026-09-08 05:23:26,090 [INFO] [VETO] FLIP CE BLOCKED — CE into a DOWNtrend: spot 75790.9 is -466.6 below FUT VWAP 76257.6 (buffer 16)
2026-09-08 05:23:26,247 [INFO] [APEX] open=0 trades=0 realized=+0.0pt/Rs+0 unreal=+0.0pt/Rs+0
2026-09-08 05:23:26,336 [INFO] [T5] open=0 trades=0 realized=+0.0pt/Rs+0 unreal=+0.0pt/Rs+0
2026-09-08 05:23:26,336 [INFO] [INDICATORS] spot=75790.9 | 1h: close=75850.1 sma20=76396.8 sma50=76667.6 rsi=32.7 macd=-198.24/-154.65(bear) | 15m: K=41.4↑(prev 40.3) | regime=PE-eligible any_active=True
2026-09-08 05:23:26,336 [INFO] [SIGNAL] CE: reg=False K=True(K=41.4>=38,rising) Kextr=True RSI=False(32.7>53) MACD=False(gate off) => BLOCK | PE: reg=True K=False(K=41.4<=80,falling) Kextr=False RSI=True(32.7<47) MACD=True(gate off) => BLOCK
2026-09-08 05:23:26,337 [INFO] [STATE][VWAP] PE BFO:SENSEX2691075700PE ltp=216.35 entry=223.80 pnl=-7.45(-3.3%) sl=183.52 peak=229.25 tr_armed=False elapsed=7min
2026-09-08 05:23:26,337 [INFO] [STATE][ORB] PE BFO:SENSEX2691075700PE ltp=216.50 entry=235.40 pnl=-18.90(-8.0%) sl=0.00 peak=249.45 tr_armed=False elapsed=68min
2026-09-08 05:23:30,179 [INFO] [periodic] Logs pushed to GitHub: Sensex_FlightRecorder_V2_5_20-SENSEX_20260908_090604.log, Sensex_BarLevel_V2_5_20-SENSEX_20260908_090604.csv
2026-09-08 05:24:00,514 [INFO] [VETO] FLIP CE BLOCKED — CE into a DOWNtrend: spot 75790.9 is -467.3 below FUT VWAP 76258.2 (buffer 16)
2026-09-08 05:24:31,052 [INFO] [VETO] FLIP CE BLOCKED — CE into a DOWNtrend: spot 75779.5 is -478.8 below FUT VWAP 76258.2 (buffer 16)
2026-09-08 05:25:01,518 [INFO] [VETO] FLIP CE BLOCKED — CE into a DOWNtrend: spot 75779.5 is -474.6 below FUT VWAP 76254.0 (buffer 16)
2026-09-08 05:25:32,020 [INFO] [VETO] FLIP CE BLOCKED — CE into a DOWNtrend: spot 75754.0 is -500.0 below FUT VWAP 76254.0 (buffer 16)
2026-09-08 05:26:02,451 [INFO] [VETO] FLIP CE BLOCKED — CE into a DOWNtrend: spot 75754.0 is -500.0 below FUT VWAP 76254.0 (buffer 16)
2026-09-08 05:26:32,879 [INFO] [VETO] FLIP CE BLOCKED — CE into a DOWNtrend: spot 75748.5 is -505.6 below FUT VWAP 76254.0 (buffer 16)
2026-09-08 05:27:03,291 [INFO] [VETO] FLIP CE BLOCKED — CE into a DOWNtrend: spot 75726.0 is -528.0 below FUT VWAP 76254.0 (buffer 16)
2026-09-08 05:27:33,692 [INFO] [VETO] FLIP CE BLOCKED — CE into a DOWNtrend: spot 75726.0 is -528.0 below FUT VWAP 76254.0 (buffer 16)
2026-09-08 05:28:04,182 [INFO] [VETO] FLIP CE BLOCKED — CE into a DOWNtrend: spot 75721.2 is -532.8 below FUT VWAP 76254.0 (buffer 16)
2026-09-08 05:28:34,577 [INFO] [VETO] FLIP CE BLOCKED — CE into a DOWNtrend: spot 75721.2 is -532.8 below FUT VWAP 76254.0 (buffer 16)
2026-09-08 05:28:34,713 [INFO] [APEX] open=0 trades=0 realized=+0.0pt/Rs+0 unreal=+0.0pt/Rs+0
2026-09-08 05:28:34,713 [INFO] [T5] open=0 trades=0 realized=+0.0pt/Rs+0 unreal=+0.0pt/Rs+0
2026-09-08 05:28:34,714 [INFO] [INDICATORS] spot=75721.2 | 1h: close=75850.1 sma20=76396.8 sma50=76667.6 rsi=32.7 macd=-198.24/-154.65(bear) | 15m: K=41.4↑(prev 40.3) | regime=PE-eligible any_active=True
2026-09-08 05:28:34,714 [INFO] [SIGNAL] CE: reg=False K=True(K=41.4>=38,rising) Kextr=True RSI=False(32.7>53) MACD=False(gate off) => BLOCK | PE: reg=True K=False(K=41.4<=80,falling) Kextr=False RSI=True(32.7<47) MACD=True(gate off) => BLOCK
2026-09-08 05:28:34,714 [INFO] [STATE][VWAP] PE BFO:SENSEX2691075700PE ltp=229.45 entry=223.80 pnl=+5.65(+2.5%) sl=183.52 peak=229.45 tr_armed=False elapsed=12min
2026-09-08 05:28:34,714 [INFO] [STATE][ORB] PE BFO:SENSEX2691075700PE ltp=228.60 entry=235.40 pnl=-6.80(-2.9%) sl=0.00 peak=249.45 tr_armed=False elapsed=73min
2026-09-08 05:28:37,284 [INFO] [periodic] Logs pushed to GitHub: Sensex_FlightRecorder_V2_5_20-SENSEX_20260908_090604.log, Sensex_BarLevel_V2_5_20-SENSEX_20260908_090604.csv
2026-09-08 05:29:07,536 [INFO] [VETO] FLIP CE BLOCKED — CE into a DOWNtrend: spot 75712.3 is -541.7 below FUT VWAP 76254.0 (buffer 16)
2026-09-08 05:29:37,934 [INFO] [VETO] FLIP CE BLOCKED — CE into a DOWNtrend: spot 75712.3 is -541.7 below FUT VWAP 76254.0 (buffer 16)
2026-09-08 05:30:08,329 [INFO] [VETO] FLIP CE BLOCKED — CE into a DOWNtrend: spot 75710.4 is -543.6 below FUT VWAP 76254.0 (buffer 16)
2026-09-08 05:30:38,795 [INFO] [VETO] FLIP CE BLOCKED — CE into a DOWNtrend: spot 75710.4 is -543.6 below FUT VWAP 76254.0 (buffer 16)
2026-09-08 05:33:41,986 [INFO] [APEX] open=0 trades=0 realized=+0.0pt/Rs+0 unreal=+0.0pt/Rs+0
2026-09-08 05:33:42,061 [INFO] [T5] open=0 trades=0 realized=+0.0pt/Rs+0 unreal=+0.0pt/Rs+0
2026-09-08 05:33:42,062 [INFO] [INDICATORS] spot=75705.0 | 1h: close=75850.1 sma20=76396.8 sma50=76667.6 rsi=32.7 macd=-198.24/-154.65(bear) | 15m: K=31.2↓(prev 41.4) | regime=PE-eligible any_active=True
2026-09-08 05:33:42,062 [INFO] [SIGNAL] CE: reg=False K=False(K=31.2>=38,rising) Kextr=False RSI=False(32.7>53) MACD=False(gate off) => BLOCK | PE: reg=True K=True(K=31.2<=80,falling) Kextr=False RSI=True(32.7<47) MACD=True(gate off) => BLOCK
2026-09-08 05:33:42,062 [INFO] [STATE][VWAP] PE BFO:SENSEX2691075700PE ltp=234.45 entry=223.80 pnl=+10.65(+4.8%) sl=183.52 peak=237.90 tr_armed=False elapsed=17min
2026-09-08 05:33:42,062 [INFO] [STATE][ORB] PE BFO:SENSEX2691075700PE ltp=234.45 entry=235.40 pnl=-0.95(-0.4%) sl=0.00 peak=249.45 tr_armed=False elapsed=78min
2026-09-08 05:33:44,512 [INFO] [periodic] Logs pushed to GitHub: Sensex_FlightRecorder_V2_5_20-SENSEX_20260908_090604.log, Sensex_BarLevel_V2_5_20-SENSEX_20260908_090604.csv
2026-09-08 05:38:49,571 [INFO] [APEX] open=0 trades=0 realized=+0.0pt/Rs+0 unreal=+0.0pt/Rs+0
2026-09-08 05:38:49,627 [INFO] [T5] open=0 trades=0 realized=+0.0pt/Rs+0 unreal=+0.0pt/Rs+0
2026-09-08 05:38:49,628 [INFO] [INDICATORS] spot=75709.1 | 1h: close=75850.1 sma20=76396.8 sma50=76667.6 rsi=32.7 macd=-198.24/-154.65(bear) | 15m: K=31.2↓(prev 41.4) | regime=PE-eligible any_active=True
2026-09-08 05:38:49,628 [INFO] [SIGNAL] CE: reg=False K=False(K=31.2>=38,rising) Kextr=False RSI=False(32.7>53) MACD=False(gate off) => BLOCK | PE: reg=True K=True(K=31.2<=80,falling) Kextr=False RSI=True(32.7<47) MACD=True(gate off) => BLOCK
2026-09-08 05:38:49,628 [INFO] [STATE][VWAP] PE BFO:SENSEX2691075700PE ltp=223.85 entry=223.80 pnl=+0.05(+0.0%) sl=183.52 peak=237.90 tr_armed=False elapsed=22min
2026-09-08 05:38:49,628 [INFO] [STATE][ORB] PE BFO:SENSEX2691075700PE ltp=223.85 entry=235.40 pnl=-11.55(-4.9%) sl=0.00 peak=249.45 tr_armed=False elapsed=83min
2026-09-08 05:38:55,822 [INFO] [periodic] Logs pushed to GitHub: Sensex_FlightRecorder_V2_5_20-SENSEX_20260908_090604.log, Sensex_BarLevel_V2_5_20-SENSEX_20260908_090604.csv
2026-09-08 05:41:27,993 [INFO] [V3PROBE] PLACED CE BFO:SENSEX2691075700CE limit=384.10 (LTP=397.10 - 13) window=25min — EARLY(10m) Grade B R-cluster REJECT-CE at 75740
2026-09-08 05:44:03,335 [INFO] [APEX] open=0 trades=0 realized=+0.0pt/Rs+0 unreal=+0.0pt/Rs+0
2026-09-08 05:44:03,335 [INFO] [T5] open=0 trades=0 realized=+0.0pt/Rs+0 unreal=+0.0pt/Rs+0
2026-09-08 05:44:03,335 [INFO] [INDICATORS] spot=75713.9 | 1h: close=75850.1 sma20=76396.8 sma50=76667.6 rsi=32.7 macd=-198.24/-154.65(bear) | 15m: K=31.2↓(prev 41.4) | regime=PE-eligible any_active=True
2026-09-08 05:44:03,335 [INFO] [SIGNAL] CE: reg=False K=False(K=31.2>=38,rising) Kextr=False RSI=False(32.7>53) MACD=False(gate off) => BLOCK | PE: reg=True K=True(K=31.2<=80,falling) Kextr=False RSI=True(32.7<47) MACD=True(gate off) => BLOCK
2026-09-08 05:44:03,336 [INFO] [STATE][VWAP] PE BFO:SENSEX2691075700PE ltp=227.00 entry=223.80 pnl=+3.20(+1.4%) sl=183.52 peak=237.90 tr_armed=False elapsed=27min
2026-09-08 05:44:03,336 [INFO] [STATE][ORB] PE BFO:SENSEX2691075700PE ltp=227.00 entry=235.40 pnl=-8.40(-3.6%) sl=0.00 peak=249.45 tr_armed=False elapsed=88min
2026-09-08 05:44:06,023 [INFO] [periodic] Logs pushed to GitHub: Sensex_FlightRecorder_V2_5_20-SENSEX_20260908_090604.log, Sensex_BarLevel_V2_5_20-SENSEX_20260908_090604.csv
2026-09-08 05:49:09,375 [INFO] [APEX] open=0 trades=0 realized=+0.0pt/Rs+0 unreal=+0.0pt/Rs+0
2026-09-08 05:49:09,376 [INFO] [T5] open=0 trades=0 realized=+0.0pt/Rs+0 unreal=+0.0pt/Rs+0
2026-09-08 05:49:09,376 [INFO] [INDICATORS] spot=75741.1 | 1h: close=75725.0 sma20=76349.1 sma50=76636.4 rsi=30.4 macd=-221.32/-167.98(bear) | 15m: K=27.6↓(prev 31.2) | regime=PE-eligible any_active=True
2026-09-08 05:49:09,377 [INFO] [SIGNAL] CE: reg=False K=False(K=27.6>=38,rising) Kextr=False RSI=False(30.4>53) MACD=False(gate off) => BLOCK | PE: reg=True K=True(K=27.6<=80,falling) Kextr=False RSI=True(30.4<47) MACD=True(gate off) => BLOCK
2026-09-08 05:49:09,377 [INFO] [STATE][VWAP] PE BFO:SENSEX2691075700PE ltp=218.90 entry=223.80 pnl=-4.90(-2.2%) sl=183.52 peak=237.90 tr_armed=False elapsed=33min
2026-09-08 05:49:09,377 [INFO] [STATE][ORB] PE BFO:SENSEX2691075700PE ltp=218.90 entry=235.40 pnl=-16.50(-7.0%) sl=0.00 peak=249.45 tr_armed=False elapsed=93min
2026-09-08 05:49:12,032 [INFO] [periodic] Logs pushed to GitHub: Sensex_FlightRecorder_V2_5_20-SENSEX_20260908_090604.log, Sensex_BarLevel_V2_5_20-SENSEX_20260908_090604.csv
2026-09-08 05:54:15,086 [INFO] [APEX] open=0 trades=0 realized=+0.0pt/Rs+0 unreal=+0.0pt/Rs+0
2026-09-08 05:54:15,086 [INFO] [T5] open=0 trades=0 realized=+0.0pt/Rs+0 unreal=+0.0pt/Rs+0
2026-09-08 05:54:15,087 [INFO] [INDICATORS] spot=75727.9 | 1h: close=75725.0 sma20=76349.1 sma50=76636.4 rsi=30.4 macd=-221.32/-167.98(bear) | 15m: K=27.6↓(prev 31.2) | regime=PE-eligible any_active=True
2026-09-08 05:54:15,087 [INFO] [SIGNAL] CE: reg=False K=False(K=27.6>=38,rising) Kextr=False RSI=False(30.4>53) MACD=False(gate off) => BLOCK | PE: reg=True K=True(K=27.6<=80,falling) Kextr=False RSI=True(30.4<47) MACD=True(gate off) => BLOCK
2026-09-08 05:54:15,087 [INFO] [STATE][VWAP] PE BFO:SENSEX2691075700PE ltp=230.85 entry=223.80 pnl=+7.05(+3.2%) sl=183.52 peak=237.90 tr_armed=False elapsed=38min
2026-09-08 05:54:15,087 [INFO] [STATE][ORB] PE BFO:SENSEX2691075700PE ltp=230.85 entry=235.40 pnl=-4.55(-1.9%) sl=0.00 peak=249.45 tr_armed=False elapsed=98min
2026-09-08 05:54:15,950 [WARNING] Telegram send returned 429: {"ok":false,"error_code":429,"description":"Too Many Requests: retry after 587","parameters":{"retry_after":587}}
2026-09-08 05:54:17,729 [WARNING] Telegram send returned 429: {"ok":false,"error_code":429,"description":"Too Many Requests: retry after 311","parameters":{"retry_after":311}}
2026-09-08 05:54:20,520 [WARNING] Telegram send returned 429: {"ok":false,"error_code":429,"description":"Too Many Requests: retry after 493","parameters":{"retry_after":493}}
2026-09-08 05:54:24,521 [ERROR] Telegram unreachable; appended to telegram_fallback_V2_5_20-SENSEX_20260908_090604.log
2026-09-08 05:54:27,114 [INFO] [periodic] Logs pushed to GitHub: Sensex_FlightRecorder_V2_5_20-SENSEX_20260908_090604.log, Sensex_BarLevel_V2_5_20-SENSEX_20260908_090604.csv
2026-09-08 05:59:30,341 [INFO] [APEX] open=0 trades=0 realized=+0.0pt/Rs+0 unreal=+0.0pt/Rs+0
2026-09-08 05:59:30,341 [INFO] [T5] open=0 trades=0 realized=+0.0pt/Rs+0 unreal=+0.0pt/Rs+0
2026-09-08 05:59:30,342 [INFO] [INDICATORS] spot=75716.6 | 1h: close=75725.0 sma20=76349.1 sma50=76636.4 rsi=30.4 macd=-221.32/-167.98(bear) | 15m: K=27.6↓(prev 31.2) | regime=PE-eligible any_active=True
2026-09-08 05:59:30,342 [INFO] [SIGNAL] CE: reg=False K=False(K=27.6>=38,rising) Kextr=False RSI=False(30.4>53) MACD=False(gate off) => BLOCK | PE: reg=True K=True(K=27.6<=80,falling) Kextr=False RSI=True(30.4<47) MACD=True(gate off) => BLOCK
2026-09-08 05:59:30,342 [INFO] [STATE][VWAP] PE BFO:SENSEX2691075700PE ltp=226.70 entry=223.80 pnl=+2.90(+1.3%) sl=183.52 peak=237.90 tr_armed=False elapsed=43min
2026-09-08 05:59:30,342 [INFO] [STATE][ORB] PE BFO:SENSEX2691075700PE ltp=226.70 entry=235.40 pnl=-8.70(-3.7%) sl=0.00 peak=249.45 tr_armed=False elapsed=104min
2026-09-08 05:59:32,932 [INFO] [periodic] Logs pushed to GitHub: Sensex_FlightRecorder_V2_5_20-SENSEX_20260908_090604.log, Sensex_BarLevel_V2_5_20-SENSEX_20260908_090604.csv
2026-09-08 06:00:04,712 [WARNING] Telegram send returned 429: {"ok":false,"error_code":429,"description":"Too Many Requests: retry after 378","parameters":{"retry_after":378}}
2026-09-08 06:00:06,581 [WARNING] Telegram send returned 429: {"ok":false,"error_code":429,"description":"Too Many Requests: retry after 350","parameters":{"retry_after":350}}
2026-09-08 06:00:09,372 [WARNING] Telegram send returned 429: {"ok":false,"error_code":429,"description":"Too Many Requests: retry after 319","parameters":{"retry_after":319}}
2026-09-08 06:00:13,374 [ERROR] Telegram unreachable; appended to telegram_fallback_V2_5_20-SENSEX_20260908_090604.log
2026-09-08 06:04:47,043 [INFO] [APEX] open=0 trades=0 realized=+0.0pt/Rs+0 unreal=+0.0pt/Rs+0
2026-09-08 06:04:47,102 [INFO] [T5] open=0 trades=0 realized=+0.0pt/Rs+0 unreal=+0.0pt/Rs+0
2026-09-08 06:04:47,102 [INFO] [INDICATORS] spot=75686.6 | 1h: close=75725.0 sma20=76349.1 sma50=76636.4 rsi=30.4 macd=-221.32/-167.98(bear) | 15m: K=26.8↓(prev 27.6) | regime=PE-eligible any_active=True
2026-09-08 06:04:47,102 [INFO] [SIGNAL] CE: reg=False K=False(K=26.8>=38,rising) Kextr=False RSI=False(30.4>53) MACD=False(gate off) => BLOCK | PE: reg=True K=True(K=26.8<=80,falling) Kextr=False RSI=True(30.4<47) MACD=True(gate off) => BLOCK
2026-09-08 06:04:47,103 [INFO] [STATE][VWAP] PE BFO:SENSEX2691075700PE ltp=237.15 entry=223.80 pnl=+13.35(+6.0%) sl=183.52 peak=237.90 tr_armed=False elapsed=48min
2026-09-08 06:04:47,103 [INFO] [STATE][ORB] PE BFO:SENSEX2691075700PE ltp=237.15 entry=235.40 pnl=+1.75(+0.7%) sl=0.00 peak=249.45 tr_armed=False elapsed=109min
2026-09-08 06:04:49,785 [INFO] [periodic] Logs pushed to GitHub: Sensex_FlightRecorder_V2_5_20-SENSEX_20260908_090604.log, Sensex_BarLevel_V2_5_20-SENSEX_20260908_090604.csv
2026-09-08 06:06:51,044 [INFO] [V3PROBE] EXPIRED unfilled CE BFO:SENSEX2691075700CE limit=384.10
2026-09-08 06:06:51,834 [WARNING] Telegram send returned 429: {"ok":false,"error_code":429,"description":"Too Many Requests: retry after 300","parameters":{"retry_after":300}}
2026-09-08 06:06:53,608 [WARNING] Telegram send returned 429: {"ok":false,"error_code":429,"description":"Too Many Requests: retry after 413","parameters":{"retry_after":413}}
2026-09-08 06:06:56,387 [WARNING] Telegram send returned 429: {"ok":false,"error_code":429,"description":"Too Many Requests: retry after 421","parameters":{"retry_after":421}}
2026-09-08 06:07:00,388 [ERROR] Telegram unreachable; appended to telegram_fallback_V2_5_20-SENSEX_20260908_090604.log
2026-09-08 06:09:33,070 [WARNING] Telegram send returned 429: {"ok":false,"error_code":429,"description":"Too Many Requests: retry after 471","parameters":{"retry_after":471}}
2026-09-08 06:09:34,835 [WARNING] Telegram send returned 429: {"ok":false,"error_code":429,"description":"Too Many Requests: retry after 576","parameters":{"retry_after":576}}
2026-09-08 06:09:37,609 [WARNING] Telegram send returned 429: {"ok":false,"error_code":429,"description":"Too Many Requests: retry after 399","parameters":{"retry_after":399}}
2026-09-08 06:09:41,610 [ERROR] Telegram unreachable; appended to telegram_fallback_V2_5_20-SENSEX_20260908_090604.log
2026-09-08 06:10:11,935 [INFO] [APEX] open=0 trades=0 realized=+0.0pt/Rs+0 unreal=+0.0pt/Rs+0
2026-09-08 06:10:11,980 [INFO] [T5] open=0 trades=0 realized=+0.0pt/Rs+0 unreal=+0.0pt/Rs+0
2026-09-08 06:10:11,981 [INFO] [INDICATORS] spot=75698.6 | 1h: close=75725.0 sma20=76349.1 sma50=76636.4 rsi=30.4 macd=-221.32/-167.98(bear) | 15m: K=26.8↓(prev 27.6) | regime=PE-eligible any_active=True
2026-09-08 06:10:11,981 [INFO] [SIGNAL] CE: reg=False K=False(K=26.8>=38,rising) Kextr=False RSI=False(30.4>53) MACD=False(gate off) => BLOCK | PE: reg=True K=True(K=26.8<=80,falling) Kextr=False RSI=True(30.4<47) MACD=True(gate off) => BLOCK
2026-09-08 06:10:11,981 [INFO] [STATE][VWAP] PE BFO:SENSEX2691075700PE ltp=233.00 entry=223.80 pnl=+9.20(+4.1%) sl=183.52 peak=237.90 tr_armed=False elapsed=54min
2026-09-08 06:10:11,981 [INFO] [STATE][ORB] PE BFO:SENSEX2691075700PE ltp=233.00 entry=235.40 pnl=-2.40(-1.0%) sl=0.00 peak=249.45 tr_armed=False elapsed=114min
2026-09-08 06:10:14,879 [INFO] [periodic] Logs pushed to GitHub: Sensex_FlightRecorder_V2_5_20-SENSEX_20260908_090604.log, Sensex_BarLevel_V2_5_20-SENSEX_20260908_090604.csv
2026-09-08 06:15:19,585 [INFO] [APEX] open=0 trades=0 realized=+0.0pt/Rs+0 unreal=+0.0pt/Rs+0
2026-09-08 06:15:19,664 [INFO] [T5] open=0 trades=0 realized=+0.0pt/Rs+0 unreal=+0.0pt/Rs+0
2026-09-08 06:15:19,665 [INFO] [INDICATORS] spot=75701.4 | 1h: close=75725.0 sma20=76349.1 sma50=76636.4 rsi=30.4 macd=-221.32/-167.98(bear) | 15m: K=26.8↑(prev 26.8) | regime=PE-eligible any_active=True
2026-09-08 06:15:19,665 [INFO] [SIGNAL] CE: reg=False K=False(K=26.8>=38,rising) Kextr=False RSI=False(30.4>53) MACD=False(gate off) => BLOCK | PE: reg=True K=False(K=26.8<=80,falling) Kextr=False RSI=True(30.4<47) MACD=True(gate off) => BLOCK
2026-09-08 06:15:19,665 [INFO] [STATE][VWAP] PE BFO:SENSEX2691075700PE ltp=231.25 entry=223.80 pnl=+7.45(+3.3%) sl=183.52 peak=237.90 tr_armed=False elapsed=59min
2026-09-08 06:15:19,665 [INFO] [STATE][ORB] PE BFO:SENSEX2691075700PE ltp=231.25 entry=235.40 pnl=-4.15(-1.8%) sl=0.00 peak=249.45 tr_armed=False elapsed=119min
2026-09-08 06:15:22,407 [INFO] [periodic] Logs pushed to GitHub: Sensex_FlightRecorder_V2_5_20-SENSEX_20260908_090604.log, Sensex_BarLevel_V2_5_20-SENSEX_20260908_090604.csv
2026-09-08 06:20:27,740 [INFO] [APEX] open=0 trades=0 realized=+0.0pt/Rs+0 unreal=+0.0pt/Rs+0
2026-09-08 06:20:27,811 [INFO] [T5] open=0 trades=0 realized=+0.0pt/Rs+0 unreal=+0.0pt/Rs+0
2026-09-08 06:20:27,811 [INFO] [INDICATORS] spot=75680.5 | 1h: close=75725.0 sma20=76349.1 sma50=76636.4 rsi=30.4 macd=-221.32/-167.98(bear) | 15m: K=27.2↑(prev 26.8) | regime=PE-eligible any_active=True
2026-09-08 06:20:27,811 [INFO] [SIGNAL] CE: reg=False K=False(K=27.2>=38,rising) Kextr=False RSI=False(30.4>53) MACD=False(gate off) => BLOCK | PE: reg=True K=False(K=27.2<=80,falling) Kextr=False RSI=True(30.4<47) MACD=True(gate off) => BLOCK
2026-09-08 06:20:27,812 [INFO] [STATE][VWAP] PE BFO:SENSEX2691075700PE ltp=254.80 entry=223.80 pnl=+31.00(+13.9%) sl=183.52 peak=254.80 tr_armed=False elapsed=64min
2026-09-08 06:20:27,812 [INFO] [STATE][ORB] PE BFO:SENSEX2691075700PE ltp=254.80 entry=235.40 pnl=+19.40(+8.2%) sl=0.00 peak=254.80 tr_armed=False elapsed=125min
2026-09-08 06:20:30,533 [INFO] [periodic] Logs pushed to GitHub: Sensex_FlightRecorder_V2_5_20-SENSEX_20260908_090604.log, Sensex_BarLevel_V2_5_20-SENSEX_20260908_090604.csv
2026-09-08 06:25:37,409 [INFO] [APEX] open=0 trades=0 realized=+0.0pt/Rs+0 unreal=+0.0pt/Rs+0
2026-09-08 06:25:37,473 [INFO] [T5] open=0 trades=0 realized=+0.0pt/Rs+0 unreal=+0.0pt/Rs+0
2026-09-08 06:25:37,473 [INFO] [INDICATORS] spot=75689.9 | 1h: close=75725.0 sma20=76349.1 sma50=76636.4 rsi=30.4 macd=-221.32/-167.98(bear) | 15m: K=27.2↑(prev 26.8) | regime=PE-eligible any_active=True
2026-09-08 06:25:37,474 [INFO] [SIGNAL] CE: reg=False K=False(K=27.2>=38,rising) Kextr=False RSI=False(30.4>53) MACD=False(gate off) => BLOCK | PE: reg=True K=False(K=27.2<=80,falling) Kextr=False RSI=True(30.4<47) MACD=True(gate off) => BLOCK
2026-09-08 06:25:37,474 [INFO] [STATE][VWAP] PE BFO:SENSEX2691075700PE ltp=232.90 entry=223.80 pnl=+9.10(+4.1%) sl=183.52 peak=254.80 tr_armed=False elapsed=69min
2026-09-08 06:25:37,474 [INFO] [STATE][ORB] PE BFO:SENSEX2691075700PE ltp=232.90 entry=235.40 pnl=-2.50(-1.1%) sl=0.00 peak=254.80 tr_armed=False elapsed=130min
2026-09-08 06:25:40,067 [INFO] [periodic] Logs pushed to GitHub: Sensex_FlightRecorder_V2_5_20-SENSEX_20260908_090604.log, Sensex_BarLevel_V2_5_20-SENSEX_20260908_090604.csv
2026-09-08 06:30:45,317 [INFO] [APEX] open=0 trades=0 realized=+0.0pt/Rs+0 unreal=+0.0pt/Rs+0
2026-09-08 06:30:45,318 [INFO] [T5] open=0 trades=0 realized=+0.0pt/Rs+0 unreal=+0.0pt/Rs+0
2026-09-08 06:30:45,319 [INFO] [INDICATORS] spot=75651.3 | 1h: close=75725.0 sma20=76349.1 sma50=76636.4 rsi=30.4 macd=-221.32/-167.98(bear) | 15m: K=22.1↓(prev 27.2) | regime=PE-eligible any_active=True
2026-09-08 06:30:45,319 [INFO] [SIGNAL] CE: reg=False K=False(K=22.1>=38,rising) Kextr=False RSI=False(30.4>53) MACD=False(gate off) => BLOCK | PE: reg=True K=False(K=22.1<=80,falling) Kextr=False RSI=True(30.4<47) MACD=True(gate off) => BLOCK
2026-09-08 06:30:45,320 [INFO] [STATE][VWAP] PE BFO:SENSEX2691075700PE ltp=254.85 entry=223.80 pnl=+31.05(+13.9%) sl=183.52 peak=254.85 tr_armed=False elapsed=74min
2026-09-08 06:30:45,320 [INFO] [STATE][ORB] PE BFO:SENSEX2691075700PE ltp=254.00 entry=235.40 pnl=+18.60(+7.9%) sl=0.00 peak=254.80 tr_armed=False elapsed=135min
2026-09-08 06:30:47,949 [INFO] [periodic] Logs pushed to GitHub: Sensex_FlightRecorder_V2_5_20-SENSEX_20260908_090604.log, Sensex_BarLevel_V2_5_20-SENSEX_20260908_090604.csv
2026-09-08 06:31:48,825 [INFO] [V3PROBE] PLACED PE BFO:SENSEX2691075600PE limit=196.65 (LTP=209.65 - 13) window=25min — Grade B R-cluster BREAK-PE at 75985
2026-09-08 06:35:53,791 [INFO] [APEX] open=0 trades=0 realized=+0.0pt/Rs+0 unreal=+0.0pt/Rs+0
2026-09-08 06:35:53,792 [INFO] [T5] open=0 trades=0 realized=+0.0pt/Rs+0 unreal=+0.0pt/Rs+0
2026-09-08 06:35:53,792 [INFO] [INDICATORS] spot=75629.4 | 1h: close=75725.0 sma20=76349.1 sma50=76636.4 rsi=30.4 macd=-221.32/-167.98(bear) | 15m: K=22.1↓(prev 27.2) | regime=PE-eligible any_active=True
2026-09-08 06:35:53,792 [INFO] [SIGNAL] CE: reg=False K=False(K=22.1>=38,rising) Kextr=True RSI=False(30.4>53) MACD=False(gate off) => BLOCK | PE: reg=True K=False(K=22.1<=80,falling) Kextr=False RSI=True(30.4<47) MACD=True(gate off) => BLOCK
2026-09-08 06:35:53,792 [INFO] [STATE][VWAP] PE BFO:SENSEX2691075700PE ltp=258.15 entry=223.80 pnl=+34.35(+15.3%) sl=183.52 peak=260.85 tr_armed=False elapsed=79min
2026-09-08 06:35:53,793 [INFO] [STATE][ORB] PE BFO:SENSEX2691075700PE ltp=258.00 entry=235.40 pnl=+22.60(+9.6%) sl=0.00 peak=260.85 tr_armed=False elapsed=140min
2026-09-08 06:35:56,205 [INFO] [periodic] Logs pushed to GitHub: Sensex_FlightRecorder_V2_5_20-SENSEX_20260908_090604.log, Sensex_BarLevel_V2_5_20-SENSEX_20260908_090604.csv
2026-09-08 06:41:02,066 [INFO] [APEX] open=0 trades=0 realized=+0.0pt/Rs+0 unreal=+0.0pt/Rs+0
2026-09-08 06:41:02,128 [INFO] [T5] open=0 trades=0 realized=+0.0pt/Rs+0 unreal=+0.0pt/Rs+0
2026-09-08 06:41:02,129 [INFO] [INDICATORS] spot=75609.3 | 1h: close=75725.0 sma20=76349.1 sma50=76636.4 rsi=30.4 macd=-221.32/-167.98(bear) | 15m: K=22.1↓(prev 27.2) | regime=PE-eligible any_active=True
2026-09-08 06:41:02,129 [INFO] [SIGNAL] CE: reg=False K=False(K=22.1>=38,rising) Kextr=True RSI=False(30.4>53) MACD=False(gate off) => BLOCK | PE: reg=True K=False(K=22.1<=80,falling) Kextr=False RSI=True(30.4<47) MACD=True(gate off) => BLOCK
2026-09-08 06:41:02,129 [INFO] [STATE][VWAP] PE BFO:SENSEX2691075700PE ltp=252.00 entry=223.80 pnl=+28.20(+12.6%) sl=183.52 peak=266.85 tr_armed=False elapsed=84min
2026-09-08 06:41:02,129 [INFO] [STATE][ORB] PE BFO:SENSEX2691075700PE ltp=252.00 entry=235.40 pnl=+16.60(+7.1%) sl=0.00 peak=266.85 tr_armed=False elapsed=145min
2026-09-08 06:41:04,942 [INFO] [periodic] Logs pushed to GitHub: Sensex_FlightRecorder_V2_5_20-SENSEX_20260908_090604.log, Sensex_BarLevel_V2_5_20-SENSEX_20260908_090604.csv
2026-09-08 06:46:09,010 [INFO] [APEX] open=0 trades=0 realized=+0.0pt/Rs+0 unreal=+0.0pt/Rs+0
2026-09-08 06:46:09,011 [INFO] [T5] open=0 trades=0 realized=+0.0pt/Rs+0 unreal=+0.0pt/Rs+0
2026-09-08 06:46:09,011 [INFO] [INDICATORS] spot=75639.5 | 1h: close=75639.5 sma20=76298.1 sma50=76604.2 rsi=30.4 macd=-221.32/-167.98(bear) | 15m: K=18.3↓(prev 22.1) | regime=PE-eligible any_active=True
2026-09-08 06:46:09,011 [INFO] [SIGNAL] CE: reg=False K=False(K=18.3>=38,rising) Kextr=True RSI=False(30.4>53) MACD=False(gate off) => BLOCK | PE: reg=True K=False(K=18.3<=80,falling) Kextr=False RSI=True(30.4<47) MACD=True(gate off) => BLOCK
2026-09-08 06:46:09,012 [INFO] [STATE][VWAP] PE BFO:SENSEX2691075700PE ltp=256.90 entry=223.80 pnl=+33.10(+14.8%) sl=183.52 peak=266.85 tr_armed=False elapsed=90min
2026-09-08 06:46:09,012 [INFO] [STATE][ORB] PE BFO:SENSEX2691075700PE ltp=256.90 entry=235.40 pnl=+21.50(+9.1%) sl=0.00 peak=266.85 tr_armed=False elapsed=150min
2026-09-08 06:46:11,617 [INFO] [periodic] Logs pushed to GitHub: Sensex_FlightRecorder_V2_5_20-SENSEX_20260908_090604.log, Sensex_BarLevel_V2_5_20-SENSEX_20260908_090604.csv
2026-09-08 06:51:15,518 [INFO] [APEX] open=0 trades=0 realized=+0.0pt/Rs+0 unreal=+0.0pt/Rs+0
2026-09-08 06:51:15,518 [INFO] [T5] open=0 trades=0 realized=+0.0pt/Rs+0 unreal=+0.0pt/Rs+0
2026-09-08 06:51:15,519 [INFO] [INDICATORS] spot=75639.9 | 1h: close=75638.7 sma20=76298.0 sma50=76604.2 rsi=28.8 macd=-243.75/-183.14(bear) | 15m: K=18.2↓(prev 22.1) | regime=PE-eligible any_active=True
2026-09-08 06:51:15,519 [INFO] [SIGNAL] CE: reg=False K=False(K=18.2>=38,rising) Kextr=True RSI=False(28.8>53) MACD=False(gate off) => BLOCK | PE: reg=True K=False(K=18.2<=80,falling) Kextr=False RSI=True(28.8<47) MACD=True(gate off) => BLOCK
2026-09-08 06:51:15,519 [INFO] [STATE][VWAP] PE BFO:SENSEX2691075700PE ltp=249.65 entry=223.80 pnl=+25.85(+11.6%) sl=183.52 peak=266.85 tr_armed=False elapsed=95min
2026-09-08 06:51:15,519 [INFO] [STATE][ORB] PE BFO:SENSEX2691075700PE ltp=249.65 entry=235.40 pnl=+14.25(+6.1%) sl=0.00 peak=266.85 tr_armed=False elapsed=155min
2026-09-08 06:51:18,190 [INFO] [periodic] Logs pushed to GitHub: Sensex_FlightRecorder_V2_5_20-SENSEX_20260908_090604.log, Sensex_BarLevel_V2_5_20-SENSEX_20260908_090604.csv
2026-09-08 06:55:21,243 [INFO] [V3PROBE] FILLED PE BFO:SENSEX2691075600PE @ 196.65 (LTP touched 194.60)
2026-09-08 06:55:21,279 [INFO] ENTRY: BFO:SENSEX2691075600PE @ 196.65  engine=V3  detail=Grade B R-cluster BREAK-PE at 75985
2026-09-08 06:56:23,960 [INFO] [APEX] open=0 trades=0 realized=+0.0pt/Rs+0 unreal=+0.0pt/Rs+0
2026-09-08 06:56:23,960 [INFO] [T5] open=0 trades=0 realized=+0.0pt/Rs+0 unreal=+0.0pt/Rs+0
2026-09-08 06:56:23,961 [INFO] [INDICATORS] spot=75665.9 | 1h: close=75638.7 sma20=76298.0 sma50=76604.2 rsi=28.8 macd=-243.75/-183.14(bear) | 15m: K=18.2↓(prev 22.1) | regime=PE-eligible any_active=True
2026-09-08 06:56:23,961 [INFO] [SIGNAL] CE: reg=False K=False(K=18.2>=38,rising) Kextr=True RSI=False(28.8>53) MACD=False(gate off) => BLOCK | PE: reg=True K=False(K=18.2<=80,falling) Kextr=False RSI=True(28.8<47) MACD=True(gate off) => BLOCK
2026-09-08 06:56:23,961 [INFO] [STATE][BASE] PE BFO:SENSEX2691075600PE ltp=200.85 entry=196.65 pnl=+4.20(+2.1%) sl=161.25 peak=200.85 tr_armed=False elapsed=1min
2026-09-08 06:56:23,961 [INFO] [STATE][VWAP] PE BFO:SENSEX2691075700PE ltp=241.00 entry=223.80 pnl=+17.20(+7.7%) sl=183.52 peak=266.85 tr_armed=False elapsed=100min
2026-09-08 06:56:23,961 [INFO] [STATE][ORB] PE BFO:SENSEX2691075700PE ltp=241.00 entry=235.40 pnl=+5.60(+2.4%) sl=0.00 peak=266.85 tr_armed=False elapsed=161min
2026-09-08 06:56:26,570 [INFO] [periodic] Logs pushed to GitHub: Sensex_FlightRecorder_V2_5_20-SENSEX_20260908_090604.log, Sensex_BarLevel_V2_5_20-SENSEX_20260908_090604.csv
2026-09-08 07:01:31,065 [INFO] [APEX] open=0 trades=0 realized=+0.0pt/Rs+0 unreal=+0.0pt/Rs+0
2026-09-08 07:01:31,133 [INFO] [T5] open=0 trades=0 realized=+0.0pt/Rs+0 unreal=+0.0pt/Rs+0
2026-09-08 07:01:31,133 [INFO] [INDICATORS] spot=75678.7 | 1h: close=75638.7 sma20=76298.0 sma50=76604.2 rsi=28.8 macd=-243.75/-183.14(bear) | 15m: K=19.4↑(prev 18.2) | regime=PE-eligible any_active=True
2026-09-08 07:01:31,133 [INFO] [SIGNAL] CE: reg=False K=False(K=19.4>=38,rising) Kextr=True RSI=False(28.8>53) MACD=False(gate off) => BLOCK | PE: reg=True K=False(K=19.4<=80,falling) Kextr=False RSI=True(28.8<47) MACD=True(gate off) => BLOCK
2026-09-08 07:01:31,134 [INFO] [STATE][BASE] PE BFO:SENSEX2691075600PE ltp=191.55 entry=196.65 pnl=-5.10(-2.6%) sl=161.25 peak=205.90 tr_armed=False elapsed=6min
2026-09-08 07:01:31,134 [INFO] [STATE][VWAP] PE BFO:SENSEX2691075700PE ltp=230.15 entry=223.80 pnl=+6.35(+2.8%) sl=183.52 peak=266.85 tr_armed=False elapsed=105min
2026-09-08 07:01:31,134 [INFO] [STATE][ORB] PE BFO:SENSEX2691075700PE ltp=230.15 entry=235.40 pnl=-5.25(-2.2%) sl=0.00 peak=266.85 tr_armed=False elapsed=166min
