2026-09-14 03:36:04,103 [INFO] [STATE][BASE] State from 2026-09-11 — resetting trades_today for 2026-09-14
2026-09-14 03:36:04,103 [INFO] [STATE][BASE] Loaded prior state. active=False losses=0
2026-09-14 03:36:04,103 [INFO] [STATE][VWAP] State from 2026-09-11 — resetting trades_today for 2026-09-14
2026-09-14 03:36:04,103 [INFO] [STATE][VWAP] Loaded prior state. active=False losses=0
2026-09-14 03:36:04,103 [INFO] [STATE][FUT5VWAP] State from 2026-09-11 — resetting trades_today for 2026-09-14
2026-09-14 03:36:04,104 [INFO] [STATE][FUT5VWAP] Loaded prior state. active=False losses=0
2026-09-14 03:36:04,104 [INFO] [STATE][ORB] State from 2026-09-11 — resetting trades_today for 2026-09-14
2026-09-14 03:36:04,104 [INFO] [STATE][ORB] Loaded prior state. active=False losses=0
2026-09-14 03:36:04,104 [INFO] [STATE][GAPBREAK] State from 2026-09-11 — resetting trades_today for 2026-09-14
2026-09-14 03:36:04,104 [INFO] [STATE][GAPBREAK] Loaded prior state. active=False losses=0
2026-09-14 03:36:04,104 [INFO] [STATE][EXPIRY] State from 2026-09-11 — resetting trades_today for 2026-09-14
2026-09-14 03:36:04,104 [INFO] [STATE][EXPIRY] Loaded prior state. active=False losses=0
2026-09-14 03:36:04,587 [INFO] [BOOT] Nifty FUT token: BSE_FO|844615 expiry=2026-09-24 sym=SENSEX26SEPFUT
2026-09-14 03:36:04,588 [INFO] [BOOT] Expiry: 2026-09-17, 143 strikes, 286 option contracts
2026-09-14 03:36:04,588 [INFO] [BOOT] PAPER mode (kite_paper) — mStock init + self-test SKIPPED (bypassed).
2026-09-14 03:36:04,791 [INFO] [PIVOTS] P=74620 R1=75079 R2=75377 S1=74322 S2=73863
2026-09-14 03:36:04,791 [INFO] [OI Plan] No valid plan found — running without OI levels (normal mode)
2026-09-14 03:36:04,791 [INFO] [V2.5.20] 6 independent engines armed: BASE, VWAP, FUT5VWAP, ORB, GAPBREAK, EXPIRY (regime=BEAR, gap_suppress_until=n/a)
2026-09-14 03:36:04,791 [INFO] 
2026-09-14 03:36:04,792 [INFO] +========================================================================+
2026-09-14 03:36:04,792 [INFO] | ORION V2.5.15 — STRATEGY DESIGN                                        |
2026-09-14 03:36:04,792 [INFO] | Backtest: 363 trades | PnL Rs +6,88,158 | WR 64.5% | MaxDD -1,119     |
2026-09-14 03:36:04,792 [INFO] +========================================================================+
2026-09-14 03:36:04,792 [INFO] | ENGINE V2 (fires every 15m close — regime: BULL/BEAR/TRANSITION only)  |
2026-09-14 03:36:04,792 [INFO] |   CE: 1h close>SMA20>SMA50 | K>=38 rising | K<25 recently             |
2026-09-14 03:36:04,792 [INFO] |        RSI>53 | MACD bull | premium 30-180                             |
2026-09-14 03:36:04,792 [INFO] |   PE: 1h close<SMA20<SMA50 | K<=80 falling K>=25 | K>75 recently      |
2026-09-14 03:36:04,792 [INFO] |        RSI<47 | MACD bear | premium 30-300                             |
2026-09-14 03:36:04,792 [INFO] |                                                                         |
2026-09-14 03:36:04,792 [INFO] | ENGINE V3 (15m G/R cluster break/reject — fires in any regime)         |
2026-09-14 03:36:04,792 [INFO] |   Grade A (>=3 source kinds) / Grade B (>=2)                           |
2026-09-14 03:36:04,792 [INFO] |   PDC excluded from clusters; G/R need >=25pt buffer from PDC          |
2026-09-14 03:36:04,792 [INFO] |   premium 30-180 CE / 30-300 PE                                        |
2026-09-14 03:36:04,792 [INFO] |                                                                         |
2026-09-14 03:36:04,792 [INFO] | ENGINE VWAP (triple confirmation — fires in any regime)                 |
2026-09-14 03:36:04,792 [INFO] |   1. Nifty FUTURES 15m close crosses FUT VWAP, body>=65% (PRIMARY)     |
2026-09-14 03:36:04,792 [INFO] |   2. Nifty SPOT 15m close same direction above/below spot VWAP         |
2026-09-14 03:36:04,793 [INFO] |   3. ATM CE/PE LTP also above/below its daily VWAP simultaneously      |
2026-09-14 03:36:04,793 [INFO] |   premium 30-180 CE / 30-300 PE                                        |
2026-09-14 03:36:04,793 [INFO] |                                                                         |
2026-09-14 03:36:04,793 [INFO] | ENGINE FLIP (opposite-side only, max 3/day, excluded from CB)          |
2026-09-14 03:36:04,793 [INFO] |   Path A (in-trade): elapsed>=30 + peak>=entry+15 + LTP<=entry+10      |
2026-09-14 03:36:04,793 [INFO] |   Path B (post-exit): K reversal within 60min                          |
2026-09-14 03:36:04,793 [INFO] |                                                                         |
2026-09-14 03:36:04,793 [INFO] | UNIVERSAL EXIT (priority order):                                        |
2026-09-14 03:36:04,793 [INFO] |   1. HARDSL -18%                                                        |
2026-09-14 03:36:04,793 [INFO] |   2. Continuous trail: arms when peak>=entry+15, SL=peak-5             |
2026-09-14 03:36:04,793 [INFO] |      floor=entry+10, ratchets up with peak (never down)                |
2026-09-14 03:36:04,793 [INFO] |   3. VWAP trades: exit when opt 15m close < opt VWAP                  |
2026-09-14 03:36:04,793 [INFO] |   4. V2/V3/FLIP trades: SMA8(low) trail on 15m                        |
2026-09-14 03:36:04,793 [INFO] |   5. Force close 15:25  6. CB=3 non-flip losses                        |
2026-09-14 03:36:04,793 [INFO] |                                                                         |
2026-09-14 03:36:04,793 [INFO] | INFORMATIONAL (no trade gate): Straddle alerts | Options VWAP          |
2026-09-14 03:36:04,793 [INFO] +========================================================================+
2026-09-14 03:36:04,794 [INFO] 
2026-09-14 03:36:04,794 [INFO] V2.5.20 [2026-09-11] *** EXPIRY EXITS — NO PRE-15:28 EXIT ON A WINNER ***
2026-09-14 03:36:04,794 [INFO]   WHY: user instruction "ok now deploy both, restart bots, now", after a two-
2026-09-14 03:36:04,794 [INFO]   session forensic on the 6 expiry sessions 2026-08-25 .. 2026-09-10 (NIFTY
2026-09-14 03:36:04,794 [INFO]   08-25/09-01/09-08, SENSEX 08-27/09-03/09-10), every trade re-priced against
2026-09-14 03:36:04,794 [INFO]   real Upstox expired-instrument 1-min option candles and real index closes.
2026-09-14 03:36:04,794 [INFO]   Finding: every repairable loss on the expiry books came from a PROFIT-LOCK or
2026-09-14 03:36:04,794 [INFO]   TRAIL closing a WINNER before the 15:28 force close. Three mechanisms did it:
2026-09-14 03:36:04,794 [INFO]     * EXP12 EXP2 LADDER_TRAIL_20pct — SENSEX 09-03 76400PE entry 62.70 trailed
2026-09-14 03:36:04,794 [INFO]       out 104.05 (+Rs827) while 15:28 was 246.50 (+Rs3,676): +Rs2,849 left.
2026-09-14 03:36:04,794 [INFO]       SENSEX 09-10 74700CE entry 296.50 trailed out 212.70 (-Rs1,676) while
2026-09-14 03:36:04,795 [INFO]       15:28 was 303.95 (+Rs149): +Rs1,825 left.
2026-09-14 03:36:04,795 [INFO]     * EXP12 EXP1 trail — NIFTY 08-25 24150CE entry 38.55 trailed out 30.00
2026-09-14 03:36:04,795 [INFO]       (-Rs556) while 15:28 was 184.60 (+Rs9,493): +Rs10,049 left. (That day the
2026-09-14 03:36:04,795 [INFO]       trail was TRAIL_10pct; it is now TRAIL_20pct_after_2x — removed as well.)
2026-09-14 03:36:04,795 [INFO]     * EXPIRY EXPIRY_VELVET_1.7x — SENSEX 09-03 76800PE entry 144.70, peak
2026-09-14 03:36:04,795 [INFO]       243.15: velvet armed at the 1.5x tier, which sets SL = ENTRY (breakeven),
2026-09-14 03:36:04,795 [INFO]       and closed the trade at 144.70 for Rs0 at 11:23 IST. A lock that arms
2026-09-14 03:36:04,795 [INFO]       after a 1.5x run and then protects ZERO profit is never right.
2026-09-14 03:36:04,795 [INFO] 
2026-09-14 03:36:04,795 [INFO]   WHAT (both bots, identical edits):
2026-09-14 03:36:04,795 [INFO]   (1) EXP12_HOLD_TO_1528 = True — EXP12 positions (EXP1/EXP2/EXP2W) no longer
2026-09-14 03:36:04,795 [INFO]       take ANY trail exit; the only exit is the existing 15:28 force close
2026-09-14 03:36:04,795 [INFO]       (EOD_1528). EXP12 legs already carry no stop-loss by design, so that is
2026-09-14 03:36:04,795 [INFO]       now the whole exit path. Revert = set False.
2026-09-14 03:36:04,795 [INFO]   (2) EXPIRY_VELVET_ARM_LOCK = False — the 1.5x tier that locked SL at breakeven
2026-09-14 03:36:04,795 [INFO]       no longer arms. UNCHANGED: T2 (peak>=2.0x -> SL=entry*1.5), T3 (peak>=3.0x
2026-09-14 03:36:04,795 [INFO]       -> SL=entry*2.0), the beyond-T3 30%-giveback ride trail, and HARDSL_-18pct.
2026-09-14 03:36:04,795 [INFO]       Revert = set True.
2026-09-14 03:36:04,795 [INFO] 
2026-09-14 03:36:04,796 [INFO]   NOT DEPLOYED, AND WHY — moving EXPIRY_SQOFF 15:15 -> 15:28. The Rs10,050 first
2026-09-14 03:36:04,796 [INFO]   quoted for the 09-03 velvet trade required a 15:28 square-off. The NIFTY
2026-09-14 03:36:04,796 [INFO]   live-EXPIRY history REFUTES that: across the 6 NIFTY EXPIRY legs in
2026-09-14 03:36:04,796 [INFO]   ~/orion_v2520_run.log, squaring off at 15:15 totals -Rs270 vs -Rs9,217 at
2026-09-14 03:36:04,796 [INFO]   15:28, driven by 08-04 24600PE (+Rs5,353 at 15:15, -Rs2,252 at 15:28 — it
2026-09-14 03:36:04,796 [INFO]   expired worthless). EXPIRY_SQOFF STAYS 15:15. With sqoff at 15:15 the velvet
2026-09-14 03:36:04,796 [INFO]   fix is worth +Rs1,549 on the 09-03 trade (222.15 at 15:15), not +Rs10,050.
2026-09-14 03:36:04,796 [INFO] 
2026-09-14 03:36:04,796 [INFO]   ALSO NOT IN THIS CHANGE: the NIFTY 09-08 EXP2 stale entry fill (filled 36.10
2026-09-14 03:36:04,796 [INFO]   while the 15:15 bar it cited was o30.35 h32.20 c14.60 — Rs36.10 only exists in
2026-09-14 03:36:04,796 [INFO]   the 15:14 bar). Separate fix, not yet applied.
2026-09-14 03:36:04,796 [INFO] 
2026-09-14 03:36:04,796 [INFO]   EVIDENCE / SIZE over the 6 expiry sessions: (1) touches 3 trades and improves
2026-09-14 03:36:04,796 [INFO]   all 3 (+Rs2,849 +Rs1,825 +Rs10,049 = +Rs14,723). (2) touches 1 trade
2026-09-14 03:36:04,796 [INFO]   (+Rs1,549). Total +Rs16,272. Verified: the -18% hard stop on the 09-03
2026-09-14 03:36:04,796 [INFO]   76800PE was never breached after the velvet exit (low 126.60 vs SL 118.65), so
2026-09-14 03:36:04,796 [INFO]   the trade really does survive to the square-off; all booked fills sit inside
2026-09-14 03:36:04,796 [INFO]   the real 1-min bar.
2026-09-14 03:36:04,796 [INFO] 
2026-09-14 03:36:04,796 [INFO]   STATUS / RISK: n = 4 repaired trades on 6 expiry sessions and Rs10,049 of the
2026-09-14 03:36:04,797 [INFO]   Rs16,272 is ONE NIFTY trade. EXP12 now has NO exit of any kind before 15:28 —
2026-09-14 03:36:04,797 [INFO]   a winner that round-trips gives it all back. This is NOT a validated edge; it
2026-09-14 03:36:04,797 [INFO]   is deployed on explicit user instruction. Next step: full-expiry-history replay.
2026-09-14 03:36:04,797 [INFO]   REVERT: ORION_PAPER_V2_5_20_BACKUP_20260911_pre_expiry_exit_repair.py /
2026-09-14 03:36:04,797 [INFO]           ORION_SENSEX_V2520_BACKUP_20260911_pre_expiry_exit_repair.py
2026-09-14 03:36:04,797 [INFO] 
2026-09-14 03:36:04,797 [INFO] V2.5.20 [2026-09-02] ORB ENTRY premium floor lowered — user instruction.
2026-09-14 03:36:04,797 [INFO]   WHAT: ORB_PREM_MIN NIFTY 60.0 -> 20.0, SENSEX 200.0 -> 66.7 (proportional carry
2026-09-14 03:36:04,797 [INFO]   at the 3.333x port scaling). This is the ENTRY strike-pick floor read by
2026-09-14 03:36:04,797 [INFO]   check_orb_signal() -> pick_strike_by_premium(). ORB_FLIP_PREM_MIN (added
2026-09-14 03:36:04,797 [INFO]   earlier today) is unchanged at 20.0 / 66.7.
2026-09-14 03:36:04,797 [INFO]   EFFECT: pick_strike_by_premium walks 50pt rings outward from ATM and takes the
2026-09-14 03:36:04,797 [INFO]   FIRST strike whose premium is in band, so a lower floor means ORB now buys a
2026-09-14 03:36:04,797 [INFO]   strike much CLOSER to ATM and much cheaper (10-expiry replay: entries move from
2026-09-14 03:36:04,797 [INFO]   ~Rs73-97 to ~Rs20-47).
2026-09-14 03:36:04,797 [INFO]   MEASURED, and deployed anyway on explicit user instruction: over the same 10
2026-09-14 03:36:04,797 [INFO]   NIFTY expiries on the bug-fixed engine this scores -Rs1,605 vs -Rs653 for the
2026-09-14 03:36:04,797 [INFO]   floor-60 config, i.e. Rs952 WORSE. Cause is that the fixed-POINT exits stop
2026-09-14 03:36:04,798 [INFO]   scaling: the -15pt stop is 19.5% of a Rs76.90 entry but 72.5% of a Rs20.70
2026-09-14 03:36:04,798 [INFO]   entry. Making the exits percentage-of-premium instead was tested at three
2026-09-14 03:36:04,798 [INFO]   calibrations and is worse still in both floors (-Rs1,430 / -Rs2,272 / -Rs1,780
2026-09-14 03:36:04,798 [INFO]   at floor 20). The floor-60 + fixed-point config was the best of all 8 tested
2026-09-14 03:36:04,798 [INFO]   combinations. n=10 expiry days only — thin sample, NIFTY-only, and ORB runs
2026-09-14 03:36:04,798 [INFO]   daily, so live forward evidence may differ from the replay.
2026-09-14 03:36:04,798 [INFO]   REVERT (one line, restores the best-measured config):
2026-09-14 03:36:04,798 [INFO]     ORION_PAPER_V2_5_20_BACKUP_20260902_035530_pre_entryfloor20.py /
2026-09-14 03:36:04,798 [INFO]     ORION_SENSEX_V2520_BACKUP_20260902_035530_pre_entryfloor20.py
2026-09-14 03:36:04,798 [INFO]   STATUS: applied 2026-09-02 ~09:20 IST, bots restarted same minute. NOT
2026-09-14 03:36:04,798 [INFO]           live-proven. WATCH the ORB entry premium in the next [ORB] Signal /
2026-09-14 03:36:04,798 [INFO]           ENTRY pair — expect a near-ATM strike at Rs20-50 rather than Rs60-100.
2026-09-14 03:36:04,798 [INFO] V2.5.20 [2026-09-02] (A) FORMING-BAR FIX — ORB/GAPBREAK could fire off an
2026-09-14 03:36:04,798 [INFO]   INCOMPLETE 5m bar.  (B) ORB flip-on-stop premium floor lowered.
2026-09-14 03:36:04,798 [INFO]   --- (A) FORMING-BAR ---
2026-09-14 03:36:04,798 [INFO]   WHAT: check_orb_signal() and check_gapbreak_signal() both scan
2026-09-14 03:36:04,798 [INFO]   `for _, b in df5.iterrows()` filtering only on minute-of-day, so df5's LAST
2026-09-14 03:36:04,798 [INFO]   row — the still-forming bucket — was a valid signal bar. With a 30s loop that
2026-09-14 03:36:04,798 [INFO]   bucket can hold as little as ONE 1m candle. For ORB this defeats the
2026-09-14 03:36:04,799 [INFO]   `body > 50% of range` filter entirely: that test exists to demand a decisive
2026-09-14 03:36:04,799 [INFO]   FIVE-minute bar, and a single 1m candle passes it trivially. For GAPBREAK the
2026-09-14 03:36:04,799 [INFO]   range-break was tested against an intra-bar tick, not a settled 5m close.
2026-09-14 03:36:04,799 [INFO]   FIX: both loops skip any bucket whose end time has not passed
2026-09-14 03:36:04,799 [INFO]   (`if b_min + 5 > _now_min: continue`). Mirrors the two sites that already did
2026-09-14 03:36:04,799 [INFO]   this correctly — check_fut5m_vwap_scalp_signal() reads iloc[-2] (last CLOSED
2026-09-14 03:36:04,799 [INFO]   bar) and is_orb_day_chop_killed() drops the forming bar via d15.iloc[:-1].
2026-09-14 03:36:04,799 [INFO]   FUT5VWAP was checked and is NOT affected.
2026-09-14 03:36:04,799 [INFO]   EVIDENCE (2026-09-01, reproduced from ~/orion_v2520_run.log): ORB logged
2026-09-14 03:36:04,799 [INFO]   "[ORB] Signal — close 24026.6 broke OR[24027.8,24082.6] side=PE" at 09:45 and
2026-09-14 03:36:04,799 [INFO]   entered 24100PE @83.00 at 09:46:34, stopping for -Rs975. 24026.6 is the
2026-09-14 03:36:04,799 [INFO]   1-MINUTE close at 09:45; the bucket held exactly one candle (body 0.664).
2026-09-14 03:36:04,799 [INFO]   NEITHER completed 5m bar qualified: 09:40-09:44 closed 24028.35, ABOVE the OR
2026-09-14 03:36:04,799 [INFO]   low, no break; 09:45-09:49 had body 0.433 < 0.5. That trade should never have
2026-09-14 03:36:04,799 [INFO]   existed. Loop simulation on 09-01 1m data: BEFORE fires 09:45 off 1 candle
2026-09-14 03:36:04,799 [INFO]   (PE); AFTER fires 10:55 off 5 candles (CE) — worth +Rs1,170 instead of -Rs975.
2026-09-14 03:36:04,799 [INFO]   SCALE: replay of the last 10 NIFTY expiries (harness G1-verified against the
2026-09-14 03:36:04,799 [INFO]   09-01 log) — the bug flips the traded SIDE on 3 of 10 days (07-14, 08-18,
2026-09-14 03:36:04,799 [INFO]   09-01). Net P&L similar (-Rs2,145 buggy vs -Rs2,018 clean) but only by luck.
2026-09-14 03:36:04,800 [INFO]   --- (B) FLIP FLOOR ---
2026-09-14 03:36:04,800 [INFO]   WHAT: new constant ORB_FLIP_PREM_MIN, read by _touch_flip_reentry() for ORB.
2026-09-14 03:36:04,800 [INFO]   NIFTY 20.0, SENSEX 66.7 (proportional carry at the 3.333x port scaling, same
2026-09-14 03:36:04,800 [INFO]   convention as the 08-31 GAP_THRESH and lock-arm entries).
2026-09-14 03:36:04,800 [INFO]   WHY A SEPARATE CONSTANT: ORB_PREM_MIN is read in TWO places — the ENTRY strike
2026-09-14 03:36:04,800 [INFO]   pick in check_orb_signal() and the FLIP in _touch_flip_reentry(). The replay
2026-09-14 03:36:04,800 [INFO]   held the ENTRY floor at 60 and varied ONLY the flip floor, so lowering
2026-09-14 03:36:04,800 [INFO]   ORB_PREM_MIN itself would have deployed an untested combination and changed
2026-09-14 03:36:04,800 [INFO]   which strike every ORB entry buys. Entry floor is UNCHANGED (60 / 200).
2026-09-14 03:36:04,800 [INFO]   EVIDENCE: 10 NIFTY expiries. Flip floor 60 -> 20 gains +Rs2,535 on the
2026-09-14 03:36:04,800 [INFO]   as-is engine and +Rs1,365 on the bug-fixed engine — the gain survives the fix,
2026-09-14 03:36:04,800 [INFO]   which was the check that mattered. Decomposition: ORB ENTRIES lose -Rs3,315
2026-09-14 03:36:04,800 [INFO]   (3/10 win); the FLIPS make +Rs3,705 (4/5). The flip carries the engine.
2026-09-14 03:36:04,800 [INFO]   CAVEATS, stated plainly: n=10 with only 5 flips — CIs include zero. Every
2026-09-14 03:36:04,800 [INFO]   winner exits at EXACTLY +18 (ORB_LOCK_PTS); the +40 ride trigger never engaged
2026-09-14 03:36:04,800 [INFO]   once in 10 expiries, so ORB is a +18/-15 coin flip. Left as-is per user
2026-09-14 03:36:04,800 [INFO]   2026-09-02. Floor 20 is still NET NEGATIVE on the bug-fixed engine (-Rs653):
2026-09-14 03:36:04,800 [INFO]   this makes ORB less bad, not profitable. Expiry days only; ORB runs daily.
2026-09-14 03:36:04,800 [INFO]   SENSEX has NO supporting replay — NIFTY-only evidence, carried on convention.
2026-09-14 03:36:04,801 [INFO]   REVERT: ORION_PAPER_V2_5_20_BACKUP_20260902_034429_pre_formingbar_flipfloor.py /
2026-09-14 03:36:04,801 [INFO]           ORION_SENSEX_V2520_BACKUP_20260902_034429_pre_formingbar_flipfloor.py
2026-09-14 03:36:04,801 [INFO]   STATUS: applied 2026-09-02 ~09:15 IST and bots RESTARTED the same minute on
2026-09-14 03:36:04,801 [INFO]           user instruction (both were flat, 0 trades, market had just opened;
2026-09-14 03:36:04,801 [INFO]           ORB entry window opens 09:25 so the restart preceded any signal).
2026-09-14 03:36:04,801 [INFO]           NOT live-proven. VERIFY today: grep "[ORB] Signal" in the run log —
2026-09-14 03:36:04,801 [INFO]           the quoted close must be a COMPLETED 5m bar close, never a bare 1m
2026-09-14 03:36:04,801 [INFO]           close mid-bucket; and any flip must show a premium >= the new floor.
2026-09-14 03:36:04,801 [INFO] V2.5.20 [2026-08-31] GAP_THRESH 75->50 + ORB REGIME GATE OPENED TO CHOP.
2026-09-14 03:36:04,801 [INFO]   (A) GAP_THRESH_PTS 250.0 -> 166.7 (proportional carry of the NIFTY
2026-09-14 03:36:04,801 [INFO]   75->50 at this port's 3.333x scaling). User: "it was 75 when nifty shares a lot=75,
2026-09-14 03:36:04,801 [INFO]   current is 65, so it should be 65, but considering nifty small but sharp
2026-09-14 03:36:04,801 [INFO]   movement, i am asking u to set it to 50." GAPBREAK stands down for the whole
2026-09-14 03:36:04,801 [INFO]   day when abs(today_open - prev_close) <= GAP_THRESH_PTS, so this is the gate
2026-09-14 03:36:04,801 [INFO]   that decides whether GAPBREAK exists at all on a given day. 08-31 gapped
2026-09-14 03:36:04,801 [INFO]   -58.10 and was skipped under 75; under 50 it would have traded.
2026-09-14 03:36:04,801 [INFO]   (B) ORB_ALLOWED_REGIMES ('BULL','BEAR','TRANSITION') -> + 'CHOP'. Only
2026-09-14 03:36:04,801 [INFO]   is_orb_day_sideways_live() reads this constant and only check_orb_signal()
2026-09-14 03:36:04,801 [INFO]   calls that, so the blast radius is ORB alone. ADX_CHOP_MAX was deliberately
2026-09-14 03:36:04,802 [INFO]   NOT touched: it feeds classify_regime() -> DAY.regime, which V2 also gates on
2026-09-14 03:36:04,802 [INFO]   via regime_allows_trade(), so moving it would silently loosen V2 too.
2026-09-14 03:36:04,802 [INFO]   MEASUREMENT (145 sessions, 2026-01-19..08-31, bot's own classify_regime on
2026-09-14 03:36:04,802 [INFO]   the same prior-1h bar the live boot uses): ORB stood down on 43/145 = 29.7%
2026-09-14 03:36:04,802 [INFO]   of sessions, rising to 35.0% over the last 40 and 62.5% since 08-20.
2026-09-14 03:36:04,802 [INFO]   Spot-excursion outcome of the ORB breakout (entry -> 15:15), by regime:
2026-09-14 03:36:04,802 [INFO]       regime        n   medMFE  medMAE  med-edge  MFE>=25  win%
2026-09-14 03:36:04,802 [INFO]       BULL         17     36.9    51.9      +0.5     76%    53%
2026-09-14 03:36:04,802 [INFO]       BEAR         23     70.2   157.8    -119.0     70%    22%
2026-09-14 03:36:04,802 [INFO]       TRANSITION   44     78.5    60.9     +39.9     82%    57%
2026-09-14 03:36:04,802 [INFO]       CHOP         39     71.5    78.6     -17.2     90%    46%
2026-09-14 03:36:04,802 [INFO]       ALLOWED-now  84     70.3    69.6      -9.9     77%    46%
2026-09-14 03:36:04,802 [INFO]   CHOP is NOT separable from the days already allowed: same win rate (46% vs
2026-09-14 03:36:04,802 [INFO]   46%), higher median MFE (71.5 vs 70.3), and it reaches +25 spot points MORE
2026-09-14 03:36:04,802 [INFO]   often than the allowed set (90% vs 77%). The gate was removing days that look
2026-09-14 03:36:04,802 [INFO]   like the ones it keeps. Note also that BEAR -- the regime the older notes call
2026-09-14 03:36:04,802 [INFO]   ORB's edge -- is by far the WORST bucket here (win 22%, edge -119).
2026-09-14 03:36:04,802 [INFO]   LIMITS: the metric is a SPOT-excursion proxy (max favourable/adverse move to
2026-09-14 03:36:04,802 [INFO]   15:15), NOT a premium-level ORB P&L replay -- it ignores stop/lock sequencing,
2026-09-14 03:36:04,803 [INFO]   so a day with large MFE can still have hit the stop first. It says the gate
2026-09-14 03:36:04,803 [INFO]   does not DISCRIMINATE; it does NOT prove ORB is profitable in CHOP. This
2026-09-14 03:36:04,803 [INFO]   loosens rather than tightens, so it will increase trade count and drawdown
2026-09-14 03:36:04,803 [INFO]   exposure. The in-day ORB_CHOP_KILL (>=4 VWAP crosses, ORB_CHOP_MIN_CROSSES=4)
2026-09-14 03:36:04,803 [INFO]   is UNCHANGED and remains the intraday chop protection.
2026-09-14 03:36:04,803 [INFO]   SENSEX-SPECIFIC LIMIT: the 145-session measurement above was run on NIFTY
2026-09-14 03:36:04,803 [INFO]   ONLY. There is NO SENSEX evidence for either change; both are proportional /
2026-09-14 03:36:04,803 [INFO]   mirrored carry-overs onto a port whose 3.3x scaling was never backtested.
2026-09-14 03:36:04,803 [INFO]   REVERT: ORION_SENSEX_V2520_BACKUP_20260831_pre_orbgate_gapthresh.py
2026-09-14 03:36:04,803 [INFO]   STATUS: code applied 2026-08-31 post-close, boot-verified, NOT trade-proven.
2026-09-14 03:36:04,803 [INFO] V2.5.20 [2026-08-31] ORB/GAPBREAK LOCK-ARM THRESHOLDS LOWERED (80->57.6, 50->26.7).
2026-09-14 03:36:04,803 [INFO]   WHAT: ORB_LOCK_PTS 80.0 -> 57.6; GAP_LOCK_PTS 50.0 -> 26.7. SENSEX mirror
2026-09-14 03:36:04,803 [INFO]   of the NIFTY change, scaled proportionally at this port's existing index
2026-09-14 03:36:04,803 [INFO]   ratios (18 * 80/25 = 57.6; 8 * 50/15 = 26.7). These are the
2026-09-14 03:36:04,803 [INFO]   lock-FLOOR ARM thresholds in _manage_touch_exit(), not targets: while
2026-09-14 03:36:04,803 [INFO]   DAY.floor is None the position is exposed to the full stop; once premium
2026-09-14 03:36:04,803 [INFO]   touches entry+lock the floor arms and the stop is bypassed entirely.
2026-09-14 03:36:04,803 [INFO]   WHY (user instruction 2026-08-31, after the 08-31 replay): both engines were
2026-09-14 03:36:04,803 [INFO]   replayed on 08-31 NIFTY using the live functions with a replay-clock ltp()
2026-09-14 03:36:04,804 [INFO]   override. ORB signalled 09:40 PE 24050 @64.40 (OR 09:15-09:20 =
2026-09-14 03:36:04,804 [INFO]   [24038.40,24128.70], break bar body 95%); GAPBREAK at a 50pt threshold
2026-09-14 03:36:04,804 [INFO]   signalled 09:55 PE 24050 @74.45. The 24050PE peaked at 83.30 -- i.e. +18.90
2026-09-14 03:36:04,804 [INFO]   over the ORB entry and +8.85 over the GAPBREAK entry. Both arms (89.40 /
2026-09-14 03:36:04,804 [INFO]   89.45) were missed by ~6 premium points, so NEITHER floor armed, both sat
2026-09-14 03:36:04,804 [INFO]   fully exposed, and both took the full stop at 11:54 on the reversal:
2026-09-14 03:36:04,804 [INFO]   ORB -15pt/-Rs975, GAPBREAK -30pt/-Rs1950. 18 and 8 sit just under those
2026-09-14 03:36:04,804 [INFO]   observed peaks and would have armed (82.40 / 82.45 vs peak 83.30).
2026-09-14 03:36:04,804 [INFO]   EVIDENCE / LIMITS: n=1. ONE day, one trade per engine, replayed not traded --
2026-09-14 03:36:04,804 [INFO]   neither signal could have been taken live on 08-31 because the bot was dead
2026-09-14 03:36:04,804 [INFO]   09:15-10:21 IST (see the SCRIPT_DIR hotfix entry above). The thresholds were
2026-09-14 03:36:04,804 [INFO]   chosen to clear a single observed peak, which is curve-fitting to one sample;
2026-09-14 03:36:04,804 [INFO]   a 30/60/90-day replay has NOT been run. Lowering the arm also banks smaller
2026-09-14 03:36:04,804 [INFO]   wins more often and cuts the number of trades that survive to the RIDE stage
2026-09-14 03:36:04,804 [INFO]   (ORB_RIDE_TRIGGER_PTS 40 / GAP 65 are unchanged), so mean win size should be
2026-09-14 03:36:04,804 [INFO]   expected to FALL even if win-rate rises. Watch giveback and win-rate over the
2026-09-14 03:36:04,804 [INFO]   next several ORB/GAPBREAK trades, not one.
2026-09-14 03:36:04,804 [INFO]   EXTRA LIMIT (SENSEX): the 08-31 replay was run on NIFTY ONLY. No SENSEX
2026-09-14 03:36:04,804 [INFO]   ORB/GAPBREAK replay supports these numbers; they are a pure proportional
2026-09-14 03:36:04,805 [INFO]   carry-over of a NIFTY-derived, n=1 result, on a port whose 3.3x scaling was
2026-09-14 03:36:04,805 [INFO]   itself never backtested.
2026-09-14 03:36:04,805 [INFO]   REVERT: ORION_SENSEX_V2520_BACKUP_20260831_pre_lock_change.py
2026-09-14 03:36:04,805 [INFO]   STATUS: code applied 2026-08-31 post-close. NOT live-proven -- bots exited
2026-09-14 03:36:04,805 [INFO]   cleanly at 15:30 IST and next boot is the 09:02 IST cron on 2026-09-01.
2026-09-14 03:36:04,805 [INFO] V2.5.20 [2026-08-31] STALE-DATA GUARD THRESHOLD 16 -> 20 MIN (15m + fut15).
2026-09-14 03:36:04,805 [INFO]   WHAT : in the V2.5.15 stale-data guard, _fresh_limit = now - 16min becomes
2026-09-14 03:36:04,805 [INFO]          now - _stale_max_min (20). The [STALE] log line now prints the
2026-09-14 03:36:04,805 [INFO]          constant instead of a hardcoded ">16min". NO entry/exit RULE, no
2026-09-14 03:36:04,805 [INFO]          engine, no indicator touched -- this only changes when the guard
2026-09-14 03:36:04,805 [INFO]          declares the frame unusable and blocks entries for one cycle.
2026-09-14 03:36:04,805 [INFO]   WHY  : a bar's LABEL is its bucket START, so a perfectly current 15m bar is
2026-09-14 03:36:04,805 [INFO]          already 15 min old by label the instant the next bucket opens. 16 min
2026-09-14 03:36:04,805 [INFO]          left only ~60s of headroom, and the tick samples the new bucket a few
2026-09-14 03:36:04,805 [INFO]          seconds BEFORE its first 1m candle exists, so the shim (correctly) has
2026-09-14 03:36:04,805 [INFO]          no bar to build yet and returns the previous bucket. The guard then
2026-09-14 03:36:04,805 [INFO]          fired once per bucket, always at :01/:16/:31/:46, always recovering on
2026-09-14 03:36:04,805 [INFO]          the very next tick. This is a threshold artefact, NOT stale data.
2026-09-14 03:36:04,805 [INFO]          Supersedes the 08-29 note "Deliberately NOT raising the 16-min stale
2026-09-14 03:36:04,805 [INFO]          guard": that reasoning assumed the shim would make the forming bar
2026-09-14 03:36:04,806 [INFO]          available immediately, which it cannot do inside the first ~60s of a
2026-09-14 03:36:04,806 [INFO]          bucket. 20 = 15 (bar width) + 5 (publish/tick tolerance).
2026-09-14 03:36:04,806 [INFO]   EVIDENCE: 2026-08-31 live logs, first full day on the resampling shim.
2026-09-14 03:36:04,806 [INFO]          Nifty 18 [STALE] events, Sensex 18 -- each one blocking entries for a
2026-09-14 03:36:04,806 [INFO]          cycle. Replayed every one of the 36 against the recorded tick time and
2026-09-14 03:36:04,806 [INFO]          bar label: bar-label age ranged 16.00-16.45 min, i.e. ALL 36 sat
2026-09-14 03:36:04,806 [INFO]          inside a 0.45-min band just past the old line. Under 20 min: 0 of 36
2026-09-14 03:36:04,806 [INFO]          trip. Margin to the new line is 3.55 min.
2026-09-14 03:36:04,806 [INFO]          The failure this guard exists for is untouched: the 2026-06-12
2026-09-14 03:36:04,806 [INFO]          incident served bars HOURS in the past (13:30 PE entry into a +68pt
2026-09-14 03:36:04,806 [INFO]          rally, HARDSL) and is still caught by a wide margin.
2026-09-14 03:36:04,806 [INFO]   DIAGNOSIS NOTE: the shim itself was verified NOT to be at fault -- a live
2026-09-14 03:36:04,806 [INFO]          probe at 14:02:04 IST on 08-31 returned the 14:00 15m bar (fresh) and
2026-09-14 03:36:04,806 [INFO]          1m candles through 14:01, resampling correctly. The bug was only ever
2026-09-14 03:36:04,806 [INFO]          the guard's threshold.
2026-09-14 03:36:04,806 [INFO]   SECOND, DEPENDENT CHANGE -- _completed_idx() (REQUIRED, not optional):
2026-09-14 03:36:04,806 [INFO]          raising the threshold ALONE would have been a net regression, and the
2026-09-14 03:36:04,806 [INFO]          08-29 note "raising the guard is the WRONG FIX" was right about why.
2026-09-14 03:36:04,807 [INFO]          The engines read df15['K'].iloc[-2] (and df1h iloc[-2]) assuming
2026-09-14 03:36:04,807 [INFO]          iloc[-1] is ALWAYS the forming bar. In the boundary window it is not,
2026-09-14 03:36:04,807 [INFO]          so simply unblocking those cycles would have had the engines evaluate
2026-09-14 03:36:04,807 [INFO]          a K one bar (15 min) STALE -- silently. Measured: the guard's instant
2026-09-14 03:36:04,807 [INFO]          refetch, 28ms later, recovered 0 of 18 trips, confirming the forming
2026-09-14 03:36:04,807 [INFO]          bar is genuinely absent, not merely slow.
2026-09-14 03:36:04,807 [INFO]          New module-level _completed_idx(df, now, minutes) returns the offset of
2026-09-14 03:36:04,807 [INFO]          the last COMPLETED bar: -2 when the forming bar is present, -1 in the
2026-09-14 03:36:04,807 [INFO]          boundary window. Wired into the 2 K/1h read sites (main tick + the
2026-09-14 03:36:04,807 [INFO]          guard's recovery branch). The boot-time read at the "Live state + first
2026-09-14 03:36:04,807 [INFO]          pulse" block is left on -2 deliberately (one-shot, pre-market-loop).
2026-09-14 03:36:04,807 [INFO]          SAFETY PROPERTY: it returns -2 on every tick that today reaches the
2026-09-14 03:36:04,807 [INFO]          engines, so it CANNOT change any tick that currently produces a trade;
2026-09-14 03:36:04,807 [INFO]          it only differs inside the window that today is unconditionally
2026-09-14 03:36:04,807 [INFO]          blocked. Unit-tested 8 cases + a 96-tick sweep: 0 normal ticks return
2026-09-14 03:36:04,807 [INFO]          anything but -2.
2026-09-14 03:36:04,807 [INFO]   REVERT: ORION_PAPER_V2_5_20_BACKUP_20260831_pre_stale_threshold.py /
2026-09-14 03:36:04,807 [INFO]           ORION_SENSEX_V2520_BACKUP_20260831_pre_stale_threshold.py
2026-09-14 03:36:04,807 [INFO]           (both changes are in these backups -- revert restores 16-min + iloc[-2])
2026-09-14 03:36:04,807 [INFO]   STATUS: applied 2026-08-31 14:2x IST during market hours. The RUNNING
2026-09-14 03:36:04,808 [INFO]           processes still hold the old 16-min value (Python loaded the file at
2026-09-14 03:36:04,808 [INFO]           the 10:21 IST restart) -- this takes effect at the next boot, Tue
2026-09-14 03:36:04,808 [INFO]           2026-09-01. NOT live-proven. Confirm on 09-01 by grepping the
2026-09-14 03:36:04,808 [INFO]           FlightRecorder for [STALE]: expect ZERO. If any remain, the cause is
2026-09-14 03:36:04,808 [INFO]           NOT this threshold and the shim/feed must be re-examined.
2026-09-14 03:36:04,808 [INFO] V2.5.20 [2026-08-31] HOTFIX: NameError SCRIPT_DIR crashed the bot on every boot.
2026-09-14 03:36:04,808 [INFO]   The 2026-08-29 trade-recorder addition referenced `SCRIPT_DIR`, but this file
2026-09-14 03:36:04,808 [INFO]   only ever defines `_SCRIPT_DIR` (underscore). Bot died in <2s on all 50 restart
2026-09-14 03:36:04,808 [INFO]   attempts this morning and gave up before EOD -- no trades taken 08-31 09:19-10:21
2026-09-14 03:36:04,808 [INFO]   IST. Fixed TRADES_CSV to use `_SCRIPT_DIR`. Evidence: ~/orion_sensex_run.log,
2026-09-14 03:36:04,808 [INFO]   attempts 1-50, all identical traceback at line 5855. Revert:
2026-09-14 03:36:04,808 [INFO]   ORION_SENSEX_V2520_BACKUP_20260831_pre_scriptdir_fix.py. Status: fixed,
2026-09-14 03:36:04,808 [INFO]   restarted manually intraday 10:21 IST -- pending confirmation of clean boot.
2026-09-14 03:36:04,808 [INFO] V2.5.20 [2026-08-30] ORB + EXPIRY EXEMPTED FROM THE CROSS-ENGINE CIRCUIT BREAKER.
2026-09-14 03:36:04,808 [INFO]   User, after the 08-29 changelog review: "no. of trades limit or sl hit
2026-09-14 03:36:04,808 [INFO]   halting should not be applied to orb and expiry engines. these are
2026-09-14 03:36:04,808 [INFO]   required." (Also confirmed the 08-29 stacking fix does NOT need to change:
2026-09-14 03:36:04,808 [INFO]   ORB/EXPIRY were never in _OVERLAP_ENGINES = [BASE, VWAP, FUT5VWAP], so they
2026-09-14 03:36:04,808 [INFO]   never stacked and nothing there needed touching. EXP12/EXP1/EXP2 shadow book
2026-09-14 03:36:04,809 [INFO]   already runs with no gates at all, unaffected either way.)
2026-09-14 03:36:04,809 [INFO]   WHAT: added _halt_exempt = (_base in ("ORB", "EXPIRY")) to the entry gate;
2026-09-14 03:36:04,809 [INFO]   _entry_allowed now ignores DAY.halted / GLOBAL_HALTED for these two engines
2026-09-14 03:36:04,809 [INFO]   unconditionally, in both PAPER and LIVE broker modes. Previously the global
2026-09-14 03:36:04,809 [INFO]   4-loss circuit breaker (any engine's losses, not just its own) set
2026-09-14 03:36:04,809 [INFO]   DAY.halted=True on every engine including these two, and in LIVE mode that
2026-09-14 03:36:04,809 [INFO]   fully blocked their new entries (paper mode already happened to be
2026-09-14 03:36:04,809 [INFO]   permissive via _cb_paper_mode, but only incidentally -- this makes it
2026-09-14 03:36:04,809 [INFO]   explicit and mode-independent). BASE/VWAP/FUT5VWAP/GAPBREAK are UNCHANGED
2026-09-14 03:36:04,809 [INFO]   and still halt normally.
2026-09-14 03:36:04,809 [INFO]   NO BACKTEST -- pure gating change per explicit user instruction, not a
2026-09-14 03:36:04,809 [INFO]   measured edge claim.
2026-09-14 03:36:04,809 [INFO]   REVERT: delete the _halt_exempt line and its `or _halt_exempt` use, or
2026-09-14 03:36:04,809 [INFO]           ORION_SENSEX_V2520_BACKUP_20260830_pre_halt_exempt.py
2026-09-14 03:36:04,809 [INFO]   STATUS: [USER] live on the next boot, Mon 2026-08-31.
2026-09-14 03:36:04,809 [INFO] 
2026-09-14 03:36:04,809 [INFO] V2.5.20 [2026-08-29] CE_BUY_ENABLED flag added (default True, NO behaviour change).
2026-09-14 03:36:04,809 [INFO]   Buying a CALL measured EV -1.067 pts over 91 sessions / 262,911 CE option-
2026-09-14 03:36:04,809 [INFO]   minutes, 95% CI [-2.179,-0.192] -- excludes zero, an ESTABLISHED loser. Puts
2026-09-14 03:36:04,810 [INFO]   are -0.088 (CI includes zero). Half-sizing was tried first and is a NO-OP:
2026-09-14 03:36:04,810 [INFO]   every engine is at 1 lot, so max(1, round(1*0.5)) == 1. At 1-lot sizing this
2026-09-14 03:36:04,810 [INFO]   is binary. Left ENABLED because disabling halves trade count and the user
2026-09-14 03:36:04,810 [INFO]   wants trades firing, and because the PE-minus-CE difference CI still includes
2026-09-14 03:36:04,810 [INFO]   zero -- only the CE loss is established, not the asymmetry.
2026-09-14 03:36:04,810 [INFO]   Set CE_BUY_ENABLED = False to act on it. Flag is declared and documented but
2026-09-14 03:36:04,810 [INFO]   NOT yet wired into the entry path -- wiring it is the next step if chosen.
2026-09-14 03:36:04,810 [INFO]   REVERT: *_BACKUP_20260829_pre_ce_halfsize.py
2026-09-14 03:36:04,810 [INFO]   STATUS: [BT] measured; flag inert by default.
2026-09-14 03:36:04,810 [INFO] 
2026-09-14 03:36:04,810 [INFO] V2.5.20 [2026-08-29] MAKE THE SILENT ENGINES FIRE — ORB regime gate + V3 probe fills.
2026-09-14 03:36:04,810 [INFO]   User: "i want all engines repaired and trades should be firing."
2026-09-14 03:36:04,810 [INFO]   Two engines were producing signals that never became trades.
2026-09-14 03:36:04,810 [INFO]   (1) ORB — was standing down on 27 of 40 live days (TRANSITION 14, CHOP 13) and
2026-09-14 03:36:04,810 [INFO]       there had been NO BULL/BEAR day since 08-17, so it fired zero times for six
2026-09-14 03:36:04,810 [INFO]       straight sessions, including 08-27 (NIFTY -187 closing on the low, SENSEX
2026-09-14 03:36:04,810 [INFO]       -643 on the low) which is the exact one-way trend an opening-range break is
2026-09-14 03:36:04,810 [INFO]       built for. The gate was also stricter than anything validated: only
2026-09-14 03:36:04,810 [INFO]       SIDEWAYS-skip was ever backtested; the live proxy collapsed TRANSITION AND
2026-09-14 03:36:04,811 [INFO]       CHOP into skip and its own comment admits it is "stricter (skip-more)".
2026-09-14 03:36:04,811 [INFO]       V2's regime_allows_trade() already permits TRANSITION.
2026-09-14 03:36:04,811 [INFO]       198-session check (spot pts, OR break, live ORB exit params):
2026-09-14 03:36:04,811 [INFO]         SENSEX BULL +8.71  BEAR +10.52  TRANSITION +3.34  CHOP +1.75
2026-09-14 03:36:04,811 [INFO]         NIFTY  BULL +1.30  BEAR  -0.88  TRANSITION +0.19  CHOP +2.62
2026-09-14 03:36:04,811 [INFO]       TRANSITION is positive on both, lower quality than BULL/BEAR but not
2026-09-14 03:36:04,811 [INFO]       harmful. => ORB_ALLOWED_REGIMES = (BULL, BEAR, TRANSITION); CHOP still out.
2026-09-14 03:36:04,811 [INFO]       Expected effect: ORB active on ~68% of days instead of ~32%.
2026-09-14 03:36:04,811 [INFO]   (2) V3 PROBE — the engine committed to a signal, placed a resting limit, then
2026-09-14 03:36:04,811 [INFO]       never got filled. NIFTY filled 13 of 30 (43%); SENSEX filled 0 of 8.
2026-09-14 03:36:04,811 [INFO]       Pullback NIFTY 8.0 -> 4.0, SENSEX 26.0 -> 13.0, window 15 -> 25 min.
2026-09-14 03:36:04,811 [INFO]       Trades a slightly worse entry price for actually being in the trade.
2026-09-14 03:36:04,811 [INFO]   NOT VALIDATED AS PROFIT. Both are frequency fixes measured in spot points;
2026-09-14 03:36:04,811 [INFO]   forward paper is the only referee. If ORB's win rate on TRANSITION days comes
2026-09-14 03:36:04,811 [INFO]   in worse than on BULL/BEAR over a real forward sample, revert first.
2026-09-14 03:36:04,811 [INFO]   REVERT: ORB_ALLOWED_REGIMES = ('BULL','BEAR'); probe pullback 8.0/26.0,
2026-09-14 03:36:04,811 [INFO]           window 15; or *_BACKUP_20260829_pre_firing.py
2026-09-14 03:36:04,811 [INFO]   STATUS: [USER][FWD] live on the next boot, Mon 2026-08-31.
2026-09-14 03:36:04,812 [INFO] 
2026-09-14 03:36:04,812 [INFO] V2.5.20 [2026-08-29] VWAP REPAIR — LEGACY_OVERLAP_SLOTS 4 -> 0 (both bots).
2026-09-14 03:36:04,812 [INFO]   User: "but also repair vwap".
2026-09-14 03:36:04,812 [INFO]   WHAT WAS ACTUALLY WRONG (measured, all 165 live trades 07-06..08-28):
2026-09-14 03:36:04,812 [INFO]   BASE/VWAP/FUT5VWAP each had 5 concurrent position slots and dedup ran per-BAR
2026-09-14 03:36:04,812 [INFO]   only -- nothing checked whether that strike was already open. Result:
2026-09-14 03:36:04,812 [INFO]       single positions  n=41  win 46%  mean +0.74pt
2026-09-14 03:36:04,812 [INFO]       stacked positions n=124 win 48%  mean +0.68pt
2026-09-14 03:36:04,812 [INFO]   Identical per-trade expectancy => the extra slots add NO EDGE, they only
2026-09-14 03:36:04,812 [INFO]   multiply size and variance. 24 of 40 stack events finished worse than the
2026-09-14 03:36:04,812 [INFO]   first slot alone; net cost Rs2,261; the damage is all in the tails (07-23
2026-09-14 03:36:04,812 [INFO]   stacked 4x into 24000CE -Rs7,248 vs -Rs1,398 for one slot; 08-13 stacked 7x
2026-09-14 03:36:04,812 [INFO]   -Rs7,213 vs -Rs959). 08-28 bought 24100PE twice 14 minutes apart and stopped
2026-09-14 03:36:04,812 [INFO]   both: -Rs1,739 instead of -Rs875. It also silently broke the standing 1-LOT
2026-09-14 03:36:04,812 [INFO]   rule -- VWAP could hold 5 lots at once. SLOT_LIST goes 18 -> 6.
2026-09-14 03:36:04,812 [INFO]   WHAT I DID **NOT** CHANGE, AND WHY:
2026-09-14 03:36:04,812 [INFO]    * CLIMAX FILTER (body>=87%) -- a 6-session n=14 sample suggested it was
2026-09-14 03:36:04,812 [INFO]      vetoing the best bars (79% continuation, +47pt/60m vs 52%/+13pt). RE-TESTED
2026-09-14 03:36:04,812 [INFO]      on 147 sessions (2025-12-24..2026-08-28, 3,381 15m bars/index): NIFTY shows
2026-09-14 03:36:04,813 [INFO]      NO difference (+60m +3.74 vetoed vs +4.37 kept, t=-0.14); SENSEX is
2026-09-14 03:36:04,813 [INFO]      suggestive but NOT significant (+14.27 vs +3.01, t=+0.77). The n=14 result
2026-09-14 03:36:04,813 [INFO]      was noise. Filter left exactly as is.
2026-09-14 03:36:04,813 [INFO]    * HARDSL_PCT -- the 08-29 study showed -18% sits inside the option's own
2026-09-14 03:36:04,813 [INFO]      noise (5 of 7 stops fired on index moves <0.1%), but the ATR-stop backtest
2026-09-14 03:36:04,813 [INFO]      could not clear G1 (34/53 entries locatable) and its baseline was Rs8,037
2026-09-14 03:36:04,813 [INFO]      from live, so NO stop change is justified yet. The trade recorder added the
2026-09-14 03:36:04,813 [INFO]      same day is what will settle it.
2026-09-14 03:36:04,813 [INFO]   REVERT: ORION_PAPER_V2_5_20_BACKUP_20260829_pre_overlapslots.py
2026-09-14 03:36:04,813 [INFO]           ORION_SENSEX_V2520_BACKUP_20260829_pre_overlapslots.py
2026-09-14 03:36:04,813 [INFO]   STATUS: [BT][USER] effective on the next boot, Mon 2026-08-31.
2026-09-14 03:36:04,813 [INFO] 
2026-09-14 03:36:04,813 [INFO] V2.5.20 [2026-08-29] TRADE RECORDER — per-trade CSV with DTE, MFE/MAE, option ATR.
2026-09-14 03:36:04,813 [INFO]   User: "write its expiry-1 days also, so will know the decay part also."
2026-09-14 03:36:04,813 [INFO]   WHY: the ENTRY: log line carries NO timestamp, so a closed trade cannot be
2026-09-14 03:36:04,813 [INFO]   located on the option's 1-minute tape afterwards. Reconstructing entries by
2026-09-14 03:36:04,813 [INFO]   price-matching failed for 19 of 53 VWAP trades (64%), which is exactly why the
2026-09-14 03:36:04,813 [INFO]   2026-08-29 ATR-stop backtest could not clear its G1 gate (and its baseline came
2026-09-14 03:36:04,813 [INFO]   out Rs8,037 away from the live result, because it had to discard the 19 TRAIL
2026-09-14 03:36:04,813 [INFO]   exits worth +Rs18,807 that it could not model). Bar-level CSVs cannot recover
2026-09-14 03:36:04,814 [INFO]   this either -- they sample ~5min and hold only ONE position, so with 5 overlap
2026-09-14 03:36:04,814 [INFO]   slots they produced 32 phantom entries for 3 real trades on 08-26.
2026-09-14 03:36:04,814 [INFO]   WHAT: Nifty_Trades_V2_5_20.csv / Sensex_Trades_V2_5_20.csv, one row per closed
2026-09-14 03:36:04,814 [INFO]   trade: entry_ts, exit_ts, held_min, engine+detail, symbol/side/strike,
2026-09-14 03:36:04,814 [INFO]   expiry, DTE, lots, entry/exit premium, reason, pts, rupees, MFE/MAE premium
2026-09-14 03:36:04,814 [INFO]   and points, the OPTION's own 14x1min ATR at entry and as % of premium,
2026-09-14 03:36:04,814 [INFO]   sl_level, entry/exit spot and spot_move.
2026-09-14 03:36:04,814 [INFO]   DTE answers the decay question: whether a stop was hit by direction or by
2026-09-14 03:36:04,814 [INFO]   theta as expiry approached. MFE/MAE answers whether a stop cut a real loser
2026-09-14 03:36:04,814 [INFO]   or ejected a trade that was working.
2026-09-14 03:36:04,814 [INFO]   EXPIRY IS TAKEN FROM TARGET_EXPIRY_DATE, NOT PARSED from the tradingsymbol:
2026-09-14 03:36:04,814 [INFO]   a monthly symbol does not encode the day, and "last Thursday" is wrong on both
2026-09-14 03:36:04,814 [INFO]   exchanges now (NSE weekly = Tuesday, BSE = Thursday) -- an end-to-end test
2026-09-14 03:36:04,814 [INFO]   decoded NIFTY26AUG as 2026-08-31 when the real expiry was 08-25.
2026-09-14 03:36:04,814 [INFO]   _expiry_from_symbol() is a weekly-only fallback and returns None for monthly
2026-09-14 03:36:04,814 [INFO]   rather than guessing.
2026-09-14 03:36:04,814 [INFO]   RECORDING ONLY -- no entry, exit or sizing behaviour changes. POS gains
2026-09-14 03:36:04,814 [INFO]   trough_premium (MAE), atr_entry, expiry_date; LAST_SPOT global refreshed each
2026-09-14 03:36:04,814 [INFO]   pulse in check_exits() so the recorder has a spot at every call site; the whole
2026-09-14 03:36:04,815 [INFO]   writer is wrapped in try/except so a logging fault can never break an exit.
2026-09-14 03:36:04,815 [INFO]   VERIFIED end-to-end against the real 2026-08-28 VWAP trade (74.80 -> 61.34,
2026-09-14 03:36:04,815 [INFO]   -Rs875): every field reproduced, DTE=2, atr_pct=4.36%.
2026-09-14 03:36:04,815 [INFO]   REVERT: ORION_PAPER_V2_5_20_BACKUP_20260829_pre_traderecorder.py
2026-09-14 03:36:04,815 [INFO]           ORION_SENSEX_V2520_BACKUP_20260829_pre_traderecorder.py
2026-09-14 03:36:04,815 [INFO]   STATUS: [USER][FWD] first rows land Mon 2026-08-31. Nothing recoverable for the
2026-09-14 03:36:04,815 [INFO]   37 days already logged.
2026-09-14 03:36:04,815 [INFO] 
2026-09-14 03:36:04,815 [INFO] V2.5.20 [2026-08-29] FUT5VWAP 3 lots -> 1 lot (BOTH bots), user-directed.
2026-09-14 03:36:04,815 [INFO]   User: "i want that one engine which takes 3 lots, is it working fine, if not
2026-09-14 03:36:04,815 [INFO]   reduce to 1 lot."  It is not working fine.
2026-09-14 03:36:04,815 [INFO]   EVIDENCE (live log 2026-07-06..08-28, orion_v2520_run.log, 155 exits parsed):
2026-09-14 03:36:04,815 [INFO]     FUT5VWAP  18 trades  14 wins (77.8%)  net -42.88pt  = -Rs8,362 at 3 lots
2026-09-14 03:36:04,815 [INFO]   The high win rate is an artifact of the exit shape, not edge: wins are capped
2026-09-14 03:36:04,815 [INFO]   at the +4.00pt LOCK_FLOOR (avg win +5.51pt) while the 4 losses each ran the
2026-09-14 03:36:04,815 [INFO]   full -30.00pt stop. Break-even win rate at that payoff = 84.5%; actual 77.8%.
2026-09-14 03:36:04,815 [INFO]   It was the single worst engine in the book by rupees, purely because of the 3x.
2026-09-14 03:36:04,815 [INFO]   NUANCE, stated so it is not lost: all 4 losses are BEFORE the 08-17 stop
2026-09-14 03:36:04,815 [INFO]   tightening (30->25pt). Since then only 2 trades have closed (08-25 +4.00,
2026-09-14 03:36:04,816 [INFO]   08-28 +4.00), both wins. So the 08-17 fix may well work -- but n=2 is not
2026-09-14 03:36:04,816 [INFO]   evidence, and an unproven engine should not carry triple size. Re-raise to 3
2026-09-14 03:36:04,816 [INFO]   only after a forward sample large enough to beat the 84.5% break-even bar.
2026-09-14 03:36:04,816 [INFO]   REVERT: ORION_PAPER_V2_5_20_BACKUP_20260829_pre_fut5_1lot.py
2026-09-14 03:36:04,816 [INFO]           ORION_SENSEX_V2520_BACKUP_20260829_pre_fut5_1lot.py
2026-09-14 03:36:04,816 [INFO]   STATUS: [USER][FWD] takes effect on the next boot (Mon 2026-08-31).
2026-09-14 03:36:04,816 [INFO] 
2026-09-14 03:36:04,816 [INFO] === ORION CHANGE HISTORY (V2.2.2 -> V2.5.9) ===
2026-09-14 03:36:04,816 [INFO] 
2026-09-14 03:36:04,816 [INFO] V2.2.2 [PRODUCTION BASELINE — T10]
2026-09-14 03:36:04,816 [INFO]   Entry : 1h SMA20/50 regime + 15m StochRSI K (CE>=38 rising, PE<=80 falling)
2026-09-14 03:36:04,816 [INFO]   Exit  : HARDSL -35%, TIME_SL 210min/-20%, BE +15% -> option SMA8(low) trail
2026-09-14 03:36:04,816 [INFO]   CB=2, 1 lot, no flip, no V3, no chop filter
2026-09-14 03:36:04,816 [INFO] 
2026-09-14 03:36:04,816 [INFO] V2.3  [+V3 CLUSTER LEVELS]
2026-09-14 03:36:04,816 [INFO]   + PDH/PDL/round_50/round_100/PDC/1h swing pivots clustered within 20pts
2026-09-14 03:36:04,816 [INFO]   + Grade A (>=3 source kinds) / Grade B (>=2)
2026-09-14 03:36:04,816 [INFO]   + ADX regime classifier (BULL/BEAR/CHOP/TRANSITION)
2026-09-14 03:36:04,816 [INFO] 
2026-09-14 03:36:04,816 [INFO] V2.4  [+EXIT UPGRADES]
2026-09-14 03:36:04,817 [INFO]   + 15m option SMA8(low) trail (KEPT in all future versions)
2026-09-14 03:36:04,817 [INFO]   + ATR-based exits (REMOVED — not robust enough)
2026-09-14 03:36:04,817 [INFO]   + BE armor at +15% (REMOVED later — net negative in backtest)
2026-09-14 03:36:04,817 [INFO] 
2026-09-14 03:36:04,817 [INFO] V2.5.0  [HYBRID V2+V3 + TIME-RATCHET]
2026-09-14 03:36:04,817 [INFO]   + Hybrid V2+V3 entry (V2 priority on same-bar tiebreak)
2026-09-14 03:36:04,817 [INFO]   + Time-ratchet exit: 90min / +20 step
2026-09-14 03:36:04,817 [INFO] 
2026-09-14 03:36:04,817 [INFO] V2.5.1  [ENTRY REFINEMENT]
2026-09-14 03:36:04,817 [INFO]   + V2 PE_floor=25 (K>=25 required for PE entry)
2026-09-14 03:36:04,817 [INFO]   + V2 CE: no upper K cap (cap tested and REJECTED — hurts WR)
2026-09-14 03:36:04,817 [INFO]   + V2 priority confirmed: +Rs 52k vs V3-priority
2026-09-14 03:36:04,817 [INFO] 
2026-09-14 03:36:04,817 [INFO] V2.5.2  [FLIP RULE +Rs 130k]
2026-09-14 03:36:04,817 [INFO]   + Path A flip (in-trade): elapsed>=30 + peak>=entry+15 + LTP<=entry+10 + K reversed
2026-09-14 03:36:04,817 [INFO]   + Path B flip (post-exit): K reversal within 60min
2026-09-14 03:36:04,817 [INFO]   + Opposite-side only (same-side continuation REJECTED: -Rs 191k CATASTROPHIC)
2026-09-14 03:36:04,817 [INFO]   + CE->PE: K falling, 25<=K<=80 | PE->CE: K rising, K>=38
2026-09-14 03:36:04,817 [INFO] 
2026-09-14 03:36:04,818 [INFO] V2.5.3  [V3 SINGLETONS + HARDSL LOCKED]
2026-09-14 03:36:04,818 [INFO]   + Promoted singletons: PDH/PDL/round_100(+-200 PDC)/swing pivots standalone Grade B
2026-09-14 03:36:04,818 [INFO]   + HARDSL locked at -25% (swept -35% to -15%; -25% optimal)
2026-09-14 03:36:04,818 [INFO]   + PnL Rs +3,14,418
2026-09-14 03:36:04,818 [INFO] 
2026-09-14 03:36:04,818 [INFO] V2.5.4  [FLIP CAP]
2026-09-14 03:36:04,818 [INFO]   + MAX_FLIPS_PER_DAY=3 (flips 1-3 win Rs 131k; flips 4+ lose Rs 21k)
2026-09-14 03:36:04,818 [INFO]   + PnL Rs +3,23,851
2026-09-14 03:36:04,818 [INFO] 
2026-09-14 03:36:04,818 [INFO] V2.5.5  [CHOP FILTER +Rs 49k]
2026-09-14 03:36:04,818 [INFO]   + RSI [47,53] indecision band blocks ALL entries
2026-09-14 03:36:04,818 [INFO]   + PnL Rs +3,72,598
2026-09-14 03:36:04,818 [INFO] 
2026-09-14 03:36:04,818 [INFO] V2.5.6  [V3 PDC CONTAMINATION FIX — LOCKED Rs 3,85,724 / WR 35.7%]
2026-09-14 03:36:04,818 [INFO]   + Exclude PDC from clustering (PDC is reference, not tradeable level)
2026-09-14 03:36:04,818 [INFO]   + G/R require >=25pt buffer from PDC (motivated by 2026-05-18 bad paper trade)
2026-09-14 03:36:04,818 [INFO]   + PnL Rs +3,85,724 / MaxDD -1,331 / Red 5/18
2026-09-14 03:36:04,818 [INFO] 
2026-09-14 03:36:04,818 [INFO] V2.5.7  [VELVET ROPE + RATCHET +Rs 1,14,324 / WR 35.7%->55.4%]
2026-09-14 03:36:04,819 [INFO]   + Velvet Rope: premium hits entry+15 -> SL immediately to entry+2
2026-09-14 03:36:04,819 [INFO]   + Ratchet Gate: 30min elapsed + entry+25 -> SL to entry+15
2026-09-14 03:36:04,819 [INFO]   + Runner Trail: +20 per +20pts peak (one-way)
2026-09-14 03:36:04,819 [INFO]   + Trade-off: Red months 5->10/18, MaxDD -1,331->-1,885
2026-09-14 03:36:04,819 [INFO] 
2026-09-14 03:36:04,819 [INFO] V2.5.8  [K EXTREME + FULL SMA ALIGNMENT]
2026-09-14 03:36:04,819 [INFO]   + K extreme filter: CE entry only if K<25 recently (3 bars); PE if K>75 recently
2026-09-14 03:36:04,819 [INFO]   + Full SMA alignment: CE needs close>SMA20>SMA50 (was just close>SMA20)
2026-09-14 03:36:04,819 [INFO] 
2026-09-14 03:36:04,819 [INFO] V2.5.9  [Rs 6,70,425 / WR 66.9% / 357 trades / MaxDD -1,485 / Red 8/18]
2026-09-14 03:36:04,819 [INFO]   + RSI DIRECTIONAL GATE replaces RSI [47,53] chop filter:
2026-09-14 03:36:04,819 [INFO]       CE: 1h RSI>53 required | PE: 1h RSI<47 required
2026-09-14 03:36:04,819 [INFO]   + MACD 1h alignment: CE needs MACD_line>signal; PE needs MACD_line<signal
2026-09-14 03:36:04,819 [INFO]   + Premium gate: 30<=entry_LTP<=180 (blocks deep OTM and IV-spike entries)
2026-09-14 03:36:04,819 [INFO]   + Tightened exit params: RI=12 (was 15), RT=20 (was 30), RS=25 (was 20)
2026-09-14 03:36:04,819 [INFO]   + CB=3 (was 4)
2026-09-14 03:36:04,819 [INFO]   + Straddle monitoring: informational Telegram at 9:45 and 11:30
2026-09-14 03:36:04,819 [INFO]   + Options VWAP: informational context at entry/pulse/exit
2026-09-14 03:36:04,819 [INFO] 
2026-09-14 03:36:04,820 [INFO] V2.5.12 [CURRENT LOCKED — Rs 6,88,158 / WR 64.5% / 363 trades / MaxDD -1,119 / Red 5/18]
2026-09-14 03:36:04,820 [INFO]   SOURCE: VRL (Vishal Rajput) code analysis — peak-based ratchet ladder
2026-09-14 03:36:04,820 [INFO]   + HARDSL tightened -25% → -18% (faster loss cut, less capital exposed)
2026-09-14 03:36:04,820 [INFO]   + 20-min time gate REMOVED — purely peak-based ladder (no waiting)
2026-09-14 03:36:04,820 [INFO]   + Ladder Tier2: peak >= entry+24 → SL = entry+12 (immediate)
2026-09-14 03:36:04,820 [INFO]   + Ladder Tier3: peak >= entry+36 → SL = entry+24 (immediate)
2026-09-14 03:36:04,820 [INFO]   + Entry logic UNCHANGED from V2.5.9
2026-09-14 03:36:04,820 [INFO]   + Validated: real option data (May 4-21 2026, 12 days)
2026-09-14 03:36:04,820 [INFO]   + Key improvement: MaxDD -1,485 → -1,119 (-25%), Red months 8 → 5
2026-09-14 03:36:04,820 [INFO] 
2026-09-14 03:36:04,820 [INFO] V2.5.12-LIVE [2026-05-29 — FIRST LIVE TRADING SESSION WITH mSTOCK EXECUTION]
2026-09-14 03:36:04,820 [INFO]   + EXECUTION_BROKER switched from kite_paper → mstock_live
2026-09-14 03:36:04,820 [INFO]   + mStock Type B API integrated: login → set_access_token → verify_totp (TOTP auto)
2026-09-14 03:36:04,820 [INFO]   + Instrument master: direct fetch from OpenAPIScripMaster (173k symbols, name field)
2026-09-14 03:36:04,820 [INFO]   + order_status: mStock returns 'Traded' status (not 'COMPLETE') — mapped correctly
2026-09-14 03:36:04,820 [INFO]   + place_order: disclosedquantity="0" required (blank causes IA400 rejection)
2026-09-14 03:36:04,820 [INFO]   + IP 18.212.243.203 (PythonAnywhere) whitelisted in mStock API settings
2026-09-14 03:36:04,820 [INFO]   + BUY: 15s timeout, cancel-and-check on timeout, abort if not filled
2026-09-14 03:36:04,820 [INFO]   + SELL: 3 retries × 5s, 🚨 CRITICAL Telegram alert if all fail, POS.active stays True
2026-09-14 03:36:04,821 [INFO]   + V3 REGIME GATE REMOVED: V3 now fires in CHOP/INSUFFICIENT regime
2026-09-14 03:36:04,821 [INFO]       Root cause of bug: regime gate wrapped ALL signals including V3;
2026-09-14 03:36:04,821 [INFO]       V3 uses cluster break/reject as its own confirmation — ADX not needed
2026-09-14 03:36:04,821 [INFO]       V2 and FLIP remain regime-gated (BULL/BEAR/TRANSITION only)
2026-09-14 03:36:04,821 [INFO]   + V3 engine: acts on ALL Grade A/B clusters simultaneously (not just nearest)
2026-09-14 03:36:04,821 [INFO]   + PREMIUM_MAX asymmetric: CE=180 (unchanged), PE=300 (was 180, captures panic moves)
2026-09-14 03:36:04,821 [INFO]   + VWAP double confirmation engine (new):
2026-09-14 03:36:04,821 [INFO]       Fires when Nifty 15m bar crosses daily VWAP with body>=50% range
2026-09-14 03:36:04,821 [INFO]       AND ATM CE/PE LTP is also above/below its daily VWAP simultaneously
2026-09-14 03:36:04,821 [INFO]       Self-confirming like V3 — no regime gate
2026-09-14 03:36:04,821 [INFO]   + LOTS_PER_TRADE = 2 (live)
2026-09-14 03:36:04,821 [INFO] 
2026-09-14 03:36:04,821 [INFO] V2.5.13 [VWAP TRAIL EXIT + BOOT SELF-TEST + STABILITY FIXES]
2026-09-14 03:36:04,821 [INFO]   + VWAP engine trades: trail exit uses option's own VWAP (15m close < option VWAP)
2026-09-14 03:36:04,821 [INFO]     instead of SMA8(low) trail — holds through pullbacks better on VWAP-confirmed moves
2026-09-14 03:36:04,821 [INFO]   + V2/V3/FLIP trades: keep original SMA8(low) trail (unchanged)
2026-09-14 03:36:04,821 [INFO]   + Boot self-test: BUY (LIMIT ₹0.05) + SELL (LIMIT ₹9999) on deep OTM option at startup
2026-09-14 03:36:04,821 [INFO]     Both must succeed and cancel cleanly or bot aborts — confirms mStock connectivity + IP
2026-09-14 03:36:04,821 [INFO]   + MStockBroker class inlined into single .py file (no separate mstock_broker.py)
2026-09-14 03:36:04,822 [INFO]   + IA403 recovery: rebuilds SDK client from scratch on IP mismatch, 3 consecutive → halt
2026-09-14 03:36:04,822 [INFO]   + Position sync cooldown: 180s → 300s (avoids false MANUAL_EXIT on slow fills)
2026-09-14 03:36:04,822 [INFO]   + MANUAL_EXIT fix: clears buy_order_id before close_trade to prevent duplicate SELL
2026-09-14 03:36:04,822 [INFO]   + State file: added date field, resets trades_today/losses on new day boundary
2026-09-14 03:36:04,822 [INFO]   + VWAP dedup log spam removed (silent return on same-bar re-fire)
2026-09-14 03:36:04,822 [INFO] 
2026-09-14 03:36:04,822 [INFO] V2.5.14 [TIERED PROFIT LOCK LADDER — inspired by VRL]
2026-09-14 03:36:04,822 [INFO]   + Replaced sparse 3-tier ratchet (Velvet Rope + T2 + T3 + Runner) with 7-tier ladder
2026-09-14 03:36:04,822 [INFO]   + Ladder: +12→+2, +18→+8, +24→+12, +30→+20, +36→+24, +40→+30, +50→+40
2026-09-14 03:36:04,822 [INFO]   + More tiers = less profit give-back on sharp reversals
2026-09-14 03:36:04,822 [INFO]   + Checked every tick (not candle-based) — same as before but tighter protection
2026-09-14 03:36:04,822 [INFO]   + Unified code: single loop replaces 3 separate sections (3a/3b/3c → 3)
2026-09-14 03:36:04,822 [INFO]   + VWAP engine upgraded to TRIPLE confirmation:
2026-09-14 03:36:04,822 [INFO]     Gate 1 (PRIMARY): Nifty FUTURES 15m close crosses futures VWAP, body >= 50%
2026-09-14 03:36:04,822 [INFO]     Gate 2: Nifty SPOT 15m close same direction above/below spot VWAP
2026-09-14 03:36:04,822 [INFO]     Gate 3: ATM option LTP above/below option's own VWAP
2026-09-14 03:36:04,822 [INFO]   + Futures VWAP is now the primary decision criterion — real margin-backed money
2026-09-14 03:36:04,822 [INFO]   + Nifty FUT token auto-resolved from Kite instruments at boot (no hardcoding)
2026-09-14 03:36:04,823 [INFO] 
2026-09-14 03:36:04,823 [INFO] V2.5.15 [STALE DATA GUARD — 2026-06-12]
2026-09-14 03:36:04,823 [INFO]   + ROOT CAUSE FOUND: Kite intermittently returned a 15m series ending ~2h in
2026-09-14 03:36:04,823 [INFO]     the past. Evidence: VWAP entry logged bar=198 at 11:30 but bar=197 at 13:30
2026-09-14 03:36:04,823 [INFO]     (bar index went BACKWARDS); the 13:30 entry cited a 67% bearish bar +
2026-09-14 03:36:04,823 [INFO]     FUT 23375 while the live tape was +68 pts off the low in 4 min → bought PE
2026-09-14 03:36:04,823 [INFO]     into a V-reversal → HARDSL -21.73. Fresh-data replay confirms the signal
2026-09-14 03:36:04,823 [INFO]     does NOT fire at 13:30 with up-to-date frames. Likely also suppressed valid
2026-09-14 03:36:04,823 [INFO]     signals (Jun-11 zero-trade day: fresh-data replay finds 4 trades / +35 pts).
2026-09-14 03:36:04,823 [INFO]   + Guard (active 09:32+): if last 15m bar (spot or futures) is older than
2026-09-14 03:36:04,823 [INFO]     16 min → instant refetch from Kite; if recovered, continue + Telegram info;
2026-09-14 03:36:04,823 [INFO]     if still stale → Telegram alert + ENTRIES blocked for that cycle only.
2026-09-14 03:36:04,823 [INFO]   + EXITS are never blocked on data quality.
2026-09-14 03:36:04,823 [INFO]   + Telegram alerts rate-limited to 1 per 10 min; log line every cycle.
2026-09-14 03:36:04,823 [INFO] 
2026-09-14 03:36:04,823 [INFO] V2.5.16 [MOMENTUM GATE ON SAME-SIDE STREAKS + SMA8 TODAY-ONLY FIX — 2026-06-17]
2026-09-14 03:36:04,823 [INFO]   + PROBLEM: in choppy markets the bot ran 3+ rapid same-direction trades —
2026-09-14 03:36:04,824 [INFO]     first 1-2 win small, the 3rd buys into the reversal and takes the full
2026-09-14 03:36:04,824 [INFO]     -18% HARDSL, then keeps buying the same side, wiping the day's gains.
2026-09-14 03:36:04,824 [INFO]     Diagnosis (May+June real-opt data): the persistence is the VWAP engine
2026-09-14 03:36:04,824 [INFO]     (no regime filter, re-fires same side each 15m bar). The 1st/2nd winners
2026-09-14 03:36:04,824 [INFO]     exit on the peak ladder (TRAIL_+N); the 3rd dies on HARDSL/VWAP_TRAIL.
2026-09-14 03:36:04,824 [INFO]   + MOMENTUM GATE: the 3rd+ CONSECUTIVE same-direction entry (any engine) is
2026-09-14 03:36:04,824 [INFO]     blocked unless spot has moved >= MOM_GATE_PTS (12) WITH the trade over the
2026-09-14 03:36:04,824 [INFO]     last MOM_GATE_BARS (5) closed 1m bars. 1st/2nd same-side entries untouched.
2026-09-14 03:36:04,824 [INFO]     Run counted from DAY.trades_today (closed trades). New fetch_nifty_1m() +
2026-09-14 03:36:04,824 [INFO]     momentum_gate_ok(); fails OPEN if 1m data unavailable; "🚧 Momentum-gate
2026-09-14 03:36:04,824 [INFO]     BLOCK" Telegram on a block. Backtest (May real-opt): baseline -7.3 pt →
2026-09-14 03:36:04,824 [INFO]     gate +104.0 pt, 0 winners blocked (blocks only flat-momentum |mv|<=8 chop).
2026-09-14 03:36:04,824 [INFO]   + SMA8 TODAY-ONLY FIX: sma8_low_of_option() now averages ONLY today's closed
2026-09-14 03:36:04,824 [INFO]     15m option lows (arms after SMA_TRAIL_MIN_BARS=4 today-bars). Previously it
2026-09-14 03:36:04,824 [INFO]     averaged 8 bars from a 10-day fetch, mixing yesterday's different-level /
2026-09-14 03:36:04,824 [INFO]     illiquid lows → false trail exits. NOT removed: backtest showed deleting
2026-09-14 03:36:04,824 [INFO]     SMA8 costs -66 pt (it is a tighter stop than the -18% HARDSL).
2026-09-14 03:36:04,824 [INFO]   + Ladder exit, HARDSL, flip logic, stale-data guard all UNCHANGED.
2026-09-14 03:36:04,824 [INFO]   + start_orion.sh now launches V2.5.16 (90s crash-fallback still → V2.5.14).
2026-09-14 03:36:04,824 [INFO] 
2026-09-14 03:36:04,825 [INFO] V2.5.17 [3 CHOP-BLEED GUARDS — 2026-06-18]
2026-09-14 03:36:04,825 [INFO]   + CONTEXT: 06-16 (-20.4pt/7trades) and 06-17 (-44.0pt/4trades) were both
2026-09-14 03:36:04,825 [INFO]     compressed chop days (full range 141pt & 107pt; 06-17 had 9 mean-crosses in
2026-09-14 03:36:04,825 [INFO]     a 107pt box). The regime classifier stayed BULL all 76 bars both days and
2026-09-14 03:36:04,825 [INFO]     chop_block fired 0 times, so the breakout engines kept firing into noise.
2026-09-14 03:36:04,825 [INFO]     See ~/orion_backtest_lab/results/RESULTS.md (2026-06-18 post-mortem).
2026-09-14 03:36:04,825 [INFO]   + #1 MORNING CHOP GATE (CHOP_GATE_ENABLED): decided ONCE after ~10:30 IST from
2026-09-14 03:36:04,825 [INFO]     the first-hour (09:15-10:15) FUT bars. Stand aside (block ALL new entries for
2026-09-14 03:36:04,825 [INFO]     the day) when early efficiency-ratio <= CHOP_ER_MAX (0.25) AND (first-hour
2026-09-14 03:36:04,825 [INFO]     FUT-VWAP cross-count >= CHOP_VWAP_CROSSES_MIN (3) OR first-hour range <
2026-09-14 03:36:04,825 [INFO]     CHOP_RANGE_PT_MAX (110pt)). Exits always allowed. Fails OPEN (not enough
2026-09-14 03:36:04,825 [INFO]     bars yet -> no decision -> trade normally). morning_chop_verdict().
2026-09-14 03:36:04,825 [INFO]   + #2 VWAP BODY BAND (VWAP_BODY_CLIMAX_PCT): VWAP entry now takes only the
2026-09-14 03:36:04,825 [INFO]     65-86% body band — existing >=65% min kept, NEW >=87% climax/exhaustion bars
2026-09-14 03:36:04,825 [INFO]     skipped (climax bars fade). One added guard line in check_vwap_signal().
2026-09-14 03:36:04,825 [INFO]   + #3 MOMENTUM-FADE GATE (FADE_GATE_ENABLED): for a 3rd+ consecutive same-side
2026-09-14 03:36:04,825 [INFO]     entry that follows >= FADE_MIN_PRIOR_WINS (2) consecutive same-side WINS,
2026-09-14 03:36:04,825 [INFO]     inspect 3-min option premiums of BOTH the trend-side and opposite-side ATM
2026-09-14 03:36:04,825 [INFO]     strikes over the last FADE_OPT_BARS (3) closed bars. Enter ONLY IF the
2026-09-14 03:36:04,826 [INFO]     trend-side option is NOT decaying AND the opposite-side option IS decaying;
2026-09-14 03:36:04,826 [INFO]     otherwise skip (momentum has faded / is rotating to the other side). Fails
2026-09-14 03:36:04,826 [INFO]     OPEN on missing data. fade_gate_ok() + fetch_option_3m(). Complements the
2026-09-14 03:36:04,826 [INFO]     V2.5.16 spot-move momentum gate (both must pass).
2026-09-14 03:36:04,826 [INFO]   + All three guards are ADDITIVE; ladder/HARDSL/flip/SMA8/stale-guard UNCHANGED.
2026-09-14 03:36:04,826 [INFO]   + NOT yet sim-A/B'd — shipped on user direction; 2026-06-18 is paper-only, so
2026-09-14 03:36:04,826 [INFO]     the live paper session is the first validation. WATCH first CHOP-GATE day +
2026-09-14 03:36:04,826 [INFO]     first FADE block + that #2 climax-skip doesn't starve VWAP.
2026-09-14 03:36:04,826 [INFO]   + start_orion.sh now launches V2.5.17 (pkill pattern V2_5_1[567];
2026-09-14 03:36:04,826 [INFO]     90s crash-fallback still → V2.5.14 archive).
2026-09-14 03:36:04,826 [INFO] 
2026-09-14 03:36:04,826 [INFO] V2.5.18 [SMA8 ENTRY-AWARE FIX + CHOP-GATE RE-ARM — 2026-06-19]
2026-09-14 03:36:04,826 [INFO]   + CONTEXT: 2026-06-19 (paper) — gap-down day. One V3 PE (24000PE @114) entered
2026-09-14 03:36:04,826 [INFO]     correctly at 10:15 on a Grade-A R-cluster break, but SMA8_LOW_TRAIL exited it
2026-09-14 03:36:04,826 [INFO]     31s later at +1.6 (the trail evaluated the 10:00 bar — which CLOSED BEFORE
2026-09-14 03:36:04,826 [INFO]     entry — against today's lows-avg). Spot then fell 24040->23926 without us;
2026-09-14 03:36:04,826 [INFO]     morning chop-gate (ER=0.01, range=70pt) then stood aside the rest of the day.
2026-09-14 03:36:04,826 [INFO]   + FIX A (SMA8 pre-entry bar): the SMA8(low) trail now NEVER acts on a 15m bar
2026-09-14 03:36:04,826 [INFO]     whose CLOSE time (bar-start + 15m) is <= POS.entry_time. A fresh entry can no
2026-09-14 03:36:04,827 [INFO]     longer be ejected on price action that happened before it was opened.
2026-09-14 03:36:04,827 [INFO]   + FIX C (SMA8 arm window): trail arms on bars-SINCE-ENTRY, not bars-of-day.
2026-09-14 03:36:04,827 [INFO]     sma8_low_of_option() now averages only TODAY's closed bars that closed AFTER
2026-09-14 03:36:04,827 [INFO]     entry and needs >= SMA_TRAIL_MIN_BARS_SINCE_ENTRY (1) of them. With 1 own bar
2026-09-14 03:36:04,827 [INFO]     SMA8L == that bar's own low, so close(>=low) can't trigger -> first real
2026-09-14 03:36:04,827 [INFO]     trigger needs >=2 own bars. SMA_TRAIL_MIN_BARS (4, bars-of-day) is now only
2026-09-14 03:36:04,827 [INFO]     the fallback when entry_time is unknown (state-load edge). NOT a BE-gate.
2026-09-14 03:36:04,827 [INFO]   + CHOP-GATE RE-ARM (CHOP_REARM_ENABLED): after a morning stand-aside, release
2026-09-14 03:36:04,827 [INFO]     the block when a CLOSED FUT 15m bar breaks the recorded first-hour range by
2026-09-14 03:36:04,827 [INFO]     >= CHOP_REARM_BUFFER_PT (15pt) with body >= CHOP_REARM_BODY_MIN (65%), in the
2026-09-14 03:36:04,827 [INFO]     regime direction (BULL=>up-break only, BEAR=>down-break only, else either).
2026-09-14 03:36:04,827 [INFO]     FUT leads spot, so this triggers earlier than a spot-range break. Re-arm is
2026-09-14 03:36:04,827 [INFO]     one-way for the day (stays live once released); per-trade momentum/fade/CB
2026-09-14 03:36:04,827 [INFO]     guards still apply. _morning_chop_verdict_impl() stashes FH hi/lo;
2026-09-14 03:36:04,827 [INFO]     chop_rearm_check() evaluated each cycle while blocked. Logs [CHOPGATE] RE-ARMED.
2026-09-14 03:36:04,827 [INFO]   + Ladder/HARDSL/flip/VWAP-trail/stale-guard UNCHANGED. SMA8 KEPT (deleting it
2026-09-14 03:36:04,827 [INFO]     cost -66pt, V2.5.16) — this only changes WHEN it may fire, not whether.
2026-09-14 03:36:04,827 [INFO]   + NOT yet sim-A/B'd — shipped on user direction 2026-06-19; backtest the
2026-09-14 03:36:04,827 [INFO]     re-arm thresholds on post-chop trend days before relying on it live.
2026-09-14 03:36:04,828 [INFO] 
2026-09-14 03:36:04,828 [INFO] V2.5.19 [THREE FUT-VWAP ENTRY PATHWAYS — 2026-06-21]
2026-09-14 03:36:04,828 [INFO]   + Built on user direction 2026-06-21. THREE new VWAP-cross entry pathways.
2026-09-14 03:36:04,828 [INFO]     NOT yet sim-A/B'd — BACKTEST before flipping start_orion.sh to V2.5.19.
2026-09-14 03:36:04,828 [INFO]     All three are flag-gated (default ON). Existing V2/V3/FLIP UNCHANGED.
2026-09-14 03:36:04,828 [INFO] 
2026-09-14 03:36:04,828 [INFO]   + FEATURE 1 — FUT 15m VWAP cross + CONFIRMATION CANDLE (all-day).
2026-09-14 03:36:04,828 [INFO]     VWAP15_CONFIRM_ENABLED. The existing VWAP engine no longer fires on the
2026-09-14 03:36:04,828 [INFO]     cross bar alone: it now requires the cross bar (iloc[-3], body 65-86% band)
2026-09-14 03:36:04,828 [INFO]     PLUS the next closed bar (iloc[-2]) to CONFIRM in the same direction —
2026-09-14 03:36:04,828 [INFO]     same-colour candle that still closes on the same side of FUT-VWAP. Fires in
2026-09-14 03:36:04,828 [INFO]     either direction, any time in the entry window. Re-entries are governed by
2026-09-14 03:36:04,828 [INFO]     the existing momentum gate (no extra cap). check_vwap_signal().
2026-09-14 03:36:04,828 [INFO]     INTERPRETATION: "confirmation candle in same direction" = next 15m candle
2026-09-14 03:36:04,828 [INFO]     closes same side of its open (same colour) AND same side of VWAP as the
2026-09-14 03:36:04,828 [INFO]     cross. Confirmation candle has NO body-size requirement (only the cross bar
2026-09-14 03:36:04,828 [INFO]     does). If wrong, adjust _vwap15_confirm_ok().
2026-09-14 03:36:04,828 [INFO] 
2026-09-14 03:36:04,828 [INFO]   + FEATURE 2 — FUT 5m VWAP cross + S/R distance, FIXED +12 TARGET scalp.
2026-09-14 03:36:04,829 [INFO]     FUT5_SCALP_ENABLED. New engine 'FUT5VWAP'. On each closed FUT 5m bar that
2026-09-14 03:36:04,829 [INFO]     CROSSES its session VWAP (bar opens one side, closes the other) with body
2026-09-14 03:36:04,829 [INFO]     65-86% AND whose close is > FUT5_SCALP_SR_MIN_DIST (20pt) from EVERY one of
2026-09-14 03:36:04,829 [INFO]     yesterday's classic pivots S1/R1/S2/R2 → buy in the cross direction. Exit is
2026-09-14 03:36:04,829 [INFO]     a FIXED +FUT5_SCALP_TARGET_PTS (12) option points (HARDSL + 15:25 force-close
2026-09-14 03:36:04,829 [INFO]     still apply; NO trail/SMA8). One trade per event: deduped on the 5m bar ts,
2026-09-14 03:36:04,829 [INFO]     so the next entry needs a fresh qualifying cross. check_fut5m_vwap_scalp_signal().
2026-09-14 03:36:04,829 [INFO]     INTERPRETATION: ">20 points away from s1/r1/s2/r2" = min distance to ALL four
2026-09-14 03:36:04,829 [INFO]     pivots > 20pt (price in clear space, not hugging a pivot). "cross" = bar
2026-09-14 03:36:04,829 [INFO]     open & close on opposite sides of VWAP. Pivots = classic floor-trader pivots
2026-09-14 03:36:04,829 [INFO]     from the prior trading day's H/L/C. If wrong, adjust compute_classic_pivots()
2026-09-14 03:36:04,829 [INFO]     / check_fut5m_vwap_scalp_signal().
2026-09-14 03:36:04,829 [INFO] 
2026-09-14 03:36:04,829 [INFO]   + FEATURE 3 — MORNING 09:15-10:15 exception (bypasses the 09:45 start gate).
2026-09-14 03:36:04,829 [INFO]     MORNING_VWAP_ENABLED. Before the normal 09:45 entry start, between
2026-09-14 03:36:04,829 [INFO]     MORNING_WIN_START (09:15) and MORNING_WIN_END (10:15): if a closed FUT 15m
2026-09-14 03:36:04,829 [INFO]     bar crosses its VWAP (body 65-86%) AND its close is > MORNING_VWAP_SR_MIN_DIST
2026-09-14 03:36:04,829 [INFO]     (20pt) from every pivot S1/R1/S2/R2 → buy in the cross direction. Re-entries
2026-09-14 03:36:04,829 [INFO]     per momentum gate. Uses engine 'VWAP' (so it inherits the VWAP option-VWAP
2026-09-14 03:36:04,830 [INFO]     trail exit). Runs even when in_entry_window() is False; still respects
2026-09-14 03:36:04,830 [INFO]     stale-guard, gap-suppress, CB/halt, manual cooldown. check_morning_vwap15_signal().
2026-09-14 03:36:04,830 [INFO]     INTERPRETATION: this only ADDS the pre-09:45 window; from 09:45 on, the
2026-09-14 03:36:04,830 [INFO]     normal engines (incl. Feature 1) already run. No confirmation candle is
2026-09-14 03:36:04,830 [INFO]     required here (spec did not ask for one).
2026-09-14 03:36:04,830 [INFO] 
2026-09-14 03:36:04,830 [INFO]   + Classic pivots computed at boot from prior-day H/L/C → DAY.pivots
2026-09-14 03:36:04,830 [INFO]     {P,S1,R1,S2,R2}; min_dist_to_pivots() helper. New fetch_nifty_fut_5m().
2026-09-14 03:36:04,830 [INFO] 
2026-09-14 03:36:04,830 [INFO] =========================================================================
2026-09-14 03:36:04,830 [INFO] BACKFILL 2026-08-29 — V2.5.19 (06-21) -> 2026-08-28
2026-09-14 03:36:04,830 [INFO] =========================================================================
2026-09-14 03:36:04,830 [INFO] Reconstructed 2026-08-29 from the dated inline comments at each code site and
2026-09-14 03:36:04,830 [INFO] the research notes. The banner below had not been updated since V2.5.19
2026-09-14 03:36:04,830 [INFO] (2026-06-21) while 24 changes went in; an audit on 2026-08-27 confirmed NO
2026-09-14 03:36:04,830 [INFO] engine was silently removed or disabled, but the history was unreadable from
2026-09-14 03:36:04,830 [INFO] the top of the file. Enforcement now exists (see CODE_FINGERPRINT / the boot
2026-09-14 03:36:04,830 [INFO] UNDOCUMENTED-CHANGE check) so this cannot silently recur.
2026-09-14 03:36:04,831 [INFO] 
2026-09-14 03:36:04,831 [INFO] KNOWN GAP, stated plainly: the *_BACKUP_*.py chain jumps from 2026-08-01 to
2026-09-14 03:36:04,831 [INFO] 2026-08-25. The nine changes dated 08-08 through 08-20 have NO pre-change
2026-09-14 03:36:04,831 [INFO] backup file. They are reconstructable from the inline comments below, but they
2026-09-14 03:36:04,831 [INFO] cannot be diffed back to their exact prior code. Every change from 08-25 on has
2026-09-14 03:36:04,831 [INFO] a backup.
2026-09-14 03:36:04,831 [INFO] 
2026-09-14 03:36:04,831 [INFO] STATUS legend: [BT] backtested   [FWD] forward-paper only, no backtest
2026-09-14 03:36:04,831 [INFO]                [USER] user-directed   [FIX] bug fix   [UNVAL] unvalidated
2026-09-14 03:36:04,831 [INFO] 
2026-09-14 03:36:04,831 [INFO] V2.5.20 [2026-06-23] Same-direction re-entry cooldown.
2026-09-14 03:36:04,831 [INFO]   WHY: 06-23 a PE won +42 and re-entered PE 33 s later straight into HARDSL.
2026-09-14 03:36:04,831 [INFO]   The momentum/fade gates only look at the signal, not at how the last trade in
2026-09-14 03:36:04,831 [INFO]   that direction ended.  [FIX]
2026-09-14 03:36:04,831 [INFO] 
2026-09-14 03:36:04,831 [INFO] V2.5.20 [2026-06-24] VWAP15_CONFIRM_ENABLED = False.
2026-09-14 03:36:04,831 [INFO]   WHY: user call. The V2.5.19 confirmation candle delayed entries into already-
2026-09-14 03:36:04,831 [INFO]   declining trends. VWAP now fires on the FUT 15m VWAP cross bar itself.
2026-09-14 03:36:04,831 [INFO]   RE-REVIEW TRIGGER: if a chop regime returns and VWAP false-starts rise, the
2026-09-14 03:36:04,831 [INFO]   confirm candle is the first thing to switch back on.  [USER]
2026-09-14 03:36:04,832 [INFO] 
2026-09-14 03:36:04,832 [INFO] V2.5.20 [2026-06-29] Paper-mode order bypass — kite_paper places no real orders.
2026-09-14 03:36:04,832 [INFO] 
2026-09-14 03:36:04,832 [INFO] V2.5.20 [2026-07-06] Rebuilt on the concurrent-backtest architecture; all
2026-09-14 03:36:04,832 [INFO]   engines run simultaneously with no suppression. Plus two CRITICAL fixes:
2026-09-14 03:36:04,832 [INFO]   (a) ORB/GAPBREAK stale-data — fetch_nifty_1m/5m returned frames whose last
2026-09-14 03:36:04,832 [INFO]       bar was days old; a 2-lot PE went in on a close from 07-03. (b) position-
2026-09-14 03:36:04,832 [INFO]       sync false MANUAL_EXIT.  [FIX]
2026-09-14 03:36:04,832 [INFO] 
2026-09-14 03:36:04,832 [INFO] V2.5.20 [2026-07-07] LOTS_PER_TRADE 2 -> 1 (user instruction). ATM strike
2026-09-14 03:36:04,832 [INFO]   resolution fix (old round_to_atm(24000)+2000 path).  [USER][FIX]
2026-09-14 03:36:04,832 [INFO] 
2026-09-14 03:36:04,832 [INFO] V2.5.20 [2026-07-08] V2.5.20 given its OWN Telegram bot (was sharing V2.5.19's).
2026-09-14 03:36:04,832 [INFO]   MANUAL_EXIT detected via the bot's own order-ids, never account-wide net_qty.
2026-09-14 03:36:04,832 [INFO]   [FIX]
2026-09-14 03:36:04,832 [INFO] 
2026-09-14 03:36:04,832 [INFO] V2.5.20 [2026-07-10 .. 07-14] Broker-integrity hardening after the 07-09
2026-09-14 03:36:04,832 [INFO]   NIFTY24000CE incident and the 07-14 stranded lots: order-book/RMS race fixes
2026-09-14 03:36:04,832 [INFO]   on both BUY and SELL, per-position is_paper flag, unconfirmed_fill flag,
2026-09-14 03:36:04,832 [INFO]   bot order-id registry, orphan-position resume, HALT_NEW_ENTRIES_ON_DATE
2026-09-14 03:36:04,833 [INFO]   replacing a bare NO_NEW_ENTRIES_TODAY that had been left True since 07-09.
2026-09-14 03:36:04,833 [INFO]   [FIX]
2026-09-14 03:36:04,833 [INFO] 
2026-09-14 03:36:04,833 [INFO] V2.5.20 [2026-07-12] V2 params from the real-30-day grid search (k_extreme=ON,
2026-09-14 03:36:04,833 [INFO]   rsi_gate=ON, macd_align=OFF) on 05-15..07-10 — 7 trades / 71.4% WR / +45.96pt.
2026-09-14 03:36:04,833 [INFO]   CAVEAT RECORDED AT THE TIME: 7-trade sample. MACD gate left in the code behind
2026-09-14 03:36:04,833 [INFO]   V2_MACD_GATE_ENABLED so it can be flipped back.
2026-09-14 03:36:04,833 [INFO]   Also: V3 probe entry (limit, replacing market entry, user instruction), V3
2026-09-14 03:36:04,833 [INFO]   early-entry + fast exit, ORB in-day CHOPPY kill, MOM_GATE_V3 re-enable.
2026-09-14 03:36:04,833 [INFO]   [BT-weak][USER]
2026-09-14 03:36:04,833 [INFO] 
2026-09-14 03:36:04,833 [INFO] V2.5.20 [2026-07-13] PUT-FLIP QUALITY GATE — V2.5.19 flipped a winning CE to PE
2026-09-14 03:36:04,833 [INFO]   on a 0.5pt K move (58.9 -> 58.4). Gate requires a real reversal.  [FIX]
2026-09-14 03:36:04,833 [INFO] V2.5.20 [2026-07-13] *** COUNTER-TREND VETO *** — single choke point for EVERY
2026-09-14 03:36:04,833 [INFO]   engine. The day's low printed 09:15 and Nifty ran one-way to 24259 while the
2026-09-14 03:36:04,833 [INFO]   bot kept buying PEs. BIGGEST VALIDATED EDGE TO DATE: +697.9 pts / +Rs45,362
2026-09-14 03:36:04,833 [INFO]   out-of-sample. Do not weaken without equivalent evidence.  [BT]
2026-09-14 03:36:04,833 [INFO] 
2026-09-14 03:36:04,833 [INFO] V2.5.20 [2026-07-20] EXECUTION_BROKER LIVE -> PAPER, explicit user instruction;
2026-09-14 03:36:04,834 [INFO]   no real orders since. T5 engine (levels + premium-divergence). APEX engine
2026-09-14 03:36:04,834 [INFO]   (the user's actual method) — shadow only. 1-minute capture added (Kite
2026-09-14 03:36:04,834 [INFO]   interval is 'minute', not '1minute'). Unlimited engine overlap in paper.
2026-09-14 03:36:04,834 [INFO]   [USER]
2026-09-14 03:36:04,834 [INFO] 
2026-09-14 03:36:04,834 [INFO] V2.5.20 [2026-07-24] VWAP/APEX frm>now precession fix.  [FIX]
2026-09-14 03:36:04,834 [INFO] 
2026-09-14 03:36:04,834 [INFO] V2.5.20 [2026-07-26] FUT5VWAP dedup fix (<= not ==; a stale/out-of-order refetch
2026-09-14 03:36:04,834 [INFO]   reopened a second real position on an already-seen signal, seen 07-24).
2026-09-14 03:36:04,834 [INFO]   EXPIRY engine — OTM premium-multiplication pop, expiry day only, one shot.
2026-09-14 03:36:04,834 [INFO]   Expiry-specific velvet-rope/ladder expressed as MULTIPLES not points (user
2026-09-14 03:36:04,834 [INFO]   instruction: a Rs8 option cannot use a +12pt ladder).  [FIX][USER]
2026-09-14 03:36:04,834 [INFO] 
2026-09-14 03:36:04,834 [INFO] V2.5.20 [2026-07-27] push_logs_to_github(): added `git rebase --autostash`.
2026-09-14 03:36:04,834 [INFO]   WHY: a dirty tree made plain `git rebase` abort silently, so every push had
2026-09-14 03:36:04,834 [INFO]   been rejected non-fast-forward since 07-20 (~365 rejects/day/bot).
2026-09-14 03:36:04,834 [INFO]   *** SIDE EFFECT DISCOVERED 2026-08-27: this is what orphaned the logging
2026-09-14 03:36:04,834 [INFO]   FileHandler's inode and blanked the FlightRecorder logs. Fixed 08-29 with
2026-09-14 03:36:04,834 [INFO]   WatchedFileHandler. DO NOT remove --autostash. ***  [FIX]
2026-09-14 03:36:04,834 [INFO] 
2026-09-14 03:36:04,835 [INFO] V2.5.20 [2026-07-29] Counter-trend-veto Telegram dedup (spam fix).  [FIX]
2026-09-14 03:36:04,835 [INFO] 
2026-09-14 03:36:04,835 [INFO] V2.5.20 [2026-08-01] APEX entry filter: APEX_RSI_MIN_DELTA = 5.0 — require a
2026-09-14 03:36:04,835 [INFO]   decisive RSI turn, not any turn. Re-sim -3,835 -> +234, IN-SAMPLE ONLY.
2026-09-14 03:36:04,835 [INFO]   [UNVAL]
2026-09-14 03:36:04,835 [INFO] 
2026-09-14 03:36:04,835 [INFO] V2.5.20 [2026-08-08] VWAP same-day loss cap, from the real 3-month simulated
2026-09-14 03:36:04,835 [INFO]   backtest on Upstox real premiums. Same pass disabled PIVOTBREAK.  [BT]
2026-09-14 03:36:04,835 [INFO] 
2026-09-14 03:36:04,835 [INFO] V2.5.20 [2026-08-09] PIVOTBREAK REMOVED ENTIRELY (code deleted, syntax-clean).
2026-09-14 03:36:04,835 [INFO]   WHY: kill-switch (08-08) then a full professional rebuild (08-09) both failed;
2026-09-14 03:36:04,835 [INFO]   losses were structural exit-logic, not day-type. Do not re-add without new
2026-09-14 03:36:04,835 [INFO]   evidence — see the rebuild trail before trying.  [BT]
2026-09-14 03:36:04,835 [INFO] 
2026-09-14 03:36:04,835 [INFO] V2.5.20 [2026-08-13] V2 per-bar dedup on the closed 15m bar, same convention as
2026-09-14 03:36:04,835 [INFO]   VWAP/FUT5VWAP. WHY: V2 had NO dedup, so a Kite rate-limit retry stacked 5 V2
2026-09-14 03:36:04,835 [INFO]   lots on one signal — this is what produced the phantom +Rs8,492 on 08-12 that
2026-09-14 03:36:04,835 [INFO]   looked like edge and was not. Also fixed a POS.engine comparison against the
2026-09-14 03:36:04,835 [INFO]   literal 'BASE'.  [FIX]
2026-09-14 03:36:04,836 [INFO] 
2026-09-14 03:36:04,836 [INFO] V2.5.20 [2026-08-16] V2_DAILY_LOSS_CAP = 1. From a real 3-month re-port of V2's
2026-09-14 03:36:04,836 [INFO]   own logic (05-04..08-06): capping V2 at one loss/day was the only no-trade-
2026-09-14 03:36:04,836 [INFO]   zone variant that survived; all the others failed.  [BT]
2026-09-14 03:36:04,836 [INFO] 
2026-09-14 03:36:04,836 [INFO] V2.5.20 [2026-08-17] FUT5VWAP min pivot distance 30 -> 25 pt, from a real
2026-09-14 03:36:04,836 [INFO]   re-port at native 1-min granularity. NOTE: the corrected FUT5VWAP baseline is
2026-09-14 03:36:04,836 [INFO]   88.9% WR / +Rs53,315 over 380 days — the earlier 94% / +Rs104k figure was a
2026-09-14 03:36:04,836 [INFO]   same-bar exit-ambiguity BUG and is void.  [BT]
2026-09-14 03:36:04,836 [INFO] 
2026-09-14 03:36:04,836 [INFO] V2.5.20 [2026-08-20] Four VWAP/V2/ORB changes from a real 40-trade backtest on
2026-09-14 03:36:04,836 [INFO]   the live 07-07..08-20 log:
2026-09-14 03:36:04,836 [INFO]    (1) VWAP 5m persistence + distance-from-VWAP gate;
2026-09-14 03:36:04,836 [INFO]    (2) VWAP post-loss same-side cooldown;
2026-09-14 03:36:04,836 [INFO]    (3) V2 trail scaled to entry premium (arm = entry x 1.15) instead of fixed
2026-09-14 03:36:04,836 [INFO]        points — V2 entries range from ~Rs73 upward, a fixed +15 is not
2026-09-14 03:36:04,836 [INFO]        comparable across them;  [USER]
2026-09-14 03:36:04,836 [INFO]    (4) V2 hard stop fixed at -15 pt, replacing the generic -18% HARDSL;  [USER]
2026-09-14 03:36:04,836 [INFO]    (5) ORB exit tightened: stop 15 / ride 40 / giveback 20.
2026-09-14 03:36:04,837 [INFO]   Neither VWAP gate alone made VWAP profitable — they reduce the loss. Expect a
2026-09-14 03:36:04,837 [INFO]   smaller drawdown, not profit.  [BT]
2026-09-14 03:36:04,837 [INFO] 
2026-09-14 03:36:04,837 [INFO] V2.5.20 [2026-08-22] *** EXPIRY ENGINES 1 & 2 (EXP12) — SHADOW PAPER BOOK ***
2026-09-14 03:36:04,837 [INFO]   E1 RSI-snap + OI/strike gates: recent 40 expiries 9 trades / 89% WR /
2026-09-14 03:36:04,837 [INFO]   +Rs18,944 (older 57 dormant, -Rs819).
2026-09-14 03:36:04,837 [INFO]   E2 cheap-ladder Rs8-16 + spot-through-strike + OI <= +5%, NO stop, trail 20%
2026-09-14 03:36:04,837 [INFO]   after 40: recent 40 +Rs12,760 (older 57 -Rs4,910).
2026-09-14 03:36:04,837 [INFO]   User instruction: NO restrictions — no trade-count or SL-count limits.
2026-09-14 03:36:04,837 [INFO]   SEPARATE BOOK: own lot size, own CSV, EXCLUDED from fmt_eod_summary by
2026-09-14 03:36:04,837 [INFO]   design. (Reporting confusion this caused was raised 08-27; being fixed in a
2026-09-14 03:36:04,837 [INFO]   later item.)  [BT][USER]
2026-09-14 03:36:04,837 [INFO] 
2026-09-14 03:36:04,837 [INFO] V2.5.20 [2026-08-25] EXP12 relaxed gates, user override after the 08-25 miss
2026-09-14 03:36:04,837 [INFO]   (premium out-ran spot, so E2's "Rs8-16 AND spot>=strike in the SAME minute"
2026-09-14 03:36:04,837 [INFO]   never overlapped): E1 no SL / trail after 2x; entries 14:30-15:25; dist >= -35
2026-09-14 03:36:04,837 [INFO]   (-115 Sensex) OR crossed within 30 min; E2 band hi 20 (66 Sensex); universe
2026-09-14 03:36:04,837 [INFO]   re-resolve every 5 min. Replay on 08-25 = +Rs3,416 vs actual 0.
2026-09-14 03:36:04,837 [INFO]   *** KNOWN REMAINING FLAW (08-27, 2nd confirmation): the universe re-resolves
2026-09-14 03:36:04,837 [INFO]   only when the MAX-OI strike M moves, and max-OI is sticky while spot is not.
2026-09-14 03:36:04,838 [INFO]   On 08-27 legs froze at 77500 while Sensex fell to 77182 — nothing near the
2026-09-14 03:36:04,838 [INFO]   money for two hours. Anchor to SPOT, but re-backtest evaluate_day_e2() first.
2026-09-14 03:36:04,838 [INFO]   ***  [USER][UNVAL]
2026-09-14 03:36:04,838 [INFO] 
2026-09-14 03:36:04,838 [INFO] V2.5.20 [2026-08-26] *** KITE RETIRED — UPSTOX MIGRATION ***
2026-09-14 03:36:04,838 [INFO]   All bots moved to Upstox behind a drop-in Kite-compatible shim
2026-09-14 03:36:04,838 [INFO]   (upstox_kite_shim.py). Long-lived read-only token, no daily login; launchers'
2026-09-14 03:36:04,838 [INFO]   auto_login removed. Candle/quote/OI parity verified live pre-deploy.
2026-09-14 03:36:04,838 [INFO]   *** REGRESSION FOUND 08-27: zero [STALE] events in ~37 Kite days, 50 on the
2026-09-14 03:36:04,838 [INFO]   FIRST Upstox day. CAUSE (corrected 08-29): the shim asks the intraday
2026-09-14 03:36:04,838 [INFO]   endpoint for 15-MINUTE candles, and that endpoint is built around COMPLETED
2026-09-14 03:36:04,838 [INFO]   intervals, so the forming bar appears 0-6 min late; Kite returned the partial
2026-09-14 03:36:04,838 [INFO]   bar from the first tick. Upstox is NOT slower — its 1m/tick data is as fast.
2026-09-14 03:36:04,838 [INFO]   Wrong endpoint granularity, not a vendor fault. Real fix = fetch 1m and
2026-09-14 03:36:04,838 [INFO]   resample to 15m in the shim (raising the 16-min guard is the WRONG fix: it
2026-09-14 03:36:04,838 [INFO]   would let the engines read a 30-45 min old iloc[-2] silently). ***  [FIX]
2026-09-14 03:36:04,838 [INFO] 
2026-09-14 03:36:04,838 [INFO] V2.5.20 [2026-08-26] EXP2W = EXP2 + the user's "was-expensive" SELECTION filter,
2026-09-14 03:36:04,838 [INFO]   run as a PARALLEL tag beside plain EXP2 — same legs, same data, same exits, so
2026-09-14 03:36:04,839 [INFO]   the two isolate the filter's effect. In-sample replay: NIFTY -3,308 -> +1,873,
2026-09-14 03:36:04,839 [INFO]   SENSEX +2,970 -> +2,552, ~60% fewer trades.
2026-09-14 03:36:04,839 [INFO]   *** LIVE A/B DATA POINT #1 (08-27): EXP2W DECLINED the day's only winner
2026-09-14 03:36:04,839 [INFO]   (77100PE, afternoon high 46.95 < the Rs130 floor) — cost Rs3,378. n=1, against
2026-09-14 03:36:04,839 [INFO]   the filter. Do not act on one day. ***  [USER][BT-insample]
2026-09-14 03:36:04,839 [INFO] 
2026-09-14 03:36:04,839 [INFO] V2.5.20 [2026-08-26] SENSEX bot given its own Telegram bot/chat; Nifty chat
2026-09-14 03:36:04,839 [INFO]   unchanged.  [USER]
2026-09-14 03:36:04,839 [INFO] 
2026-09-14 03:36:04,839 [INFO] V2.5.20-SENSEX [2026-08-23] *** SENSEX PORT CREATED ***
2026-09-14 03:36:04,839 [INFO]   Port of ORION_PAPER_V2_5_20.py to SENSEX/BFO. Lot size 20, BFO exchange,
2026-09-14 03:36:04,839 [INFO]   THURSDAY expiry, engine thresholds scaled x3.3 for Sensex's larger point
2026-09-14 03:36:04,839 [INFO]   scale — the x3.3 scaling is UNBACKTESTED, forward paper is its validation.
2026-09-14 03:36:04,839 [INFO]   Every entry ABOVE this line dated before 2026-08-23 was inherited from the
2026-09-14 03:36:04,839 [INFO]   Nifty bot at port time, not applied separately here.
2026-09-14 03:36:04,839 [INFO]   First live run 08-24 confirmed end-to-end: booted 09:06, traded, +Rs1,271.
2026-09-14 03:36:04,839 [INFO]   [USER][UNVAL]
2026-09-14 03:36:04,839 [INFO] 
2026-09-14 03:36:04,839 [INFO] V2.5.20 [EXP12 UNIVERSE ANCHORED TO SPOT — 2026-08-29]  (item 4)
2026-09-14 03:36:04,840 [INFO]   WHAT: EXP12_ANCHOR = 'spot'. _exp12_resolve_m() now returns the strike
2026-09-14 03:36:04,840 [INFO]   NEAREST SPOT instead of the max-OI strike among ATM+/-4. Max-OI is still
2026-09-14 03:36:04,840 [INFO]   computed and logged when it diverges, so the failure mode stays visible.
2026-09-14 03:36:04,840 [INFO]   Set EXP12_ANCHOR='maxoi' to revert the behaviour without touching code.
2026-09-14 03:36:04,840 [INFO] 
2026-09-14 03:36:04,840 [INFO]   WHY: max-OI is sticky, spot is not. 08-25 (Nifty) and 08-27 (Sensex: legs
2026-09-14 03:36:04,840 [INFO]   frozen at 77500 while spot fell to 77182, >200pt below the lowest leg) both
2026-09-14 03:36:04,840 [INFO]   left BOTH engines with no near-the-money contract for hours. The 5-minute
2026-09-14 03:36:04,840 [INFO]   re-resolve added 08-25 only swapped legs when M moved, so it never fired.
2026-09-14 03:36:04,840 [INFO] 
2026-09-14 03:36:04,840 [INFO]   BACKTEST (this gate was NOT skipped — the 08-27 note said re-backtest first):
2026-09-14 03:36:04,840 [INFO]   40 recent Nifty expiries, real Upstox 1-min premiums.
2026-09-14 03:36:04,840 [INFO]   *** The existing step12/step16 datasets could NOT answer this: they contain
2026-09-14 03:36:04,840 [INFO]   ONLY the 3 max-OI-anchored strikes per day, i.e. only the strikes the flawed
2026-09-14 03:36:04,840 [INFO]   rule already picks. A WIDE 11-strike band was pulled specially
2026-09-14 03:36:04,840 [INFO]   (exp_wide_universe_data.json) via the Expired Instruments API. ***
2026-09-14 03:36:04,840 [INFO]     GATE G1 baseline reproduced EXACTLY: max-OI n=26, +Rs12,760 (published)
2026-09-14 03:36:04,840 [INFO]     A max-OI x3          n=26  WR 46.2%  +Rs12,760  median day  -Rs29
2026-09-14 03:36:04,840 [INFO]     C spot x3 @14:30     n=29  WR 51.7%  +Rs13,959  median day +Rs111
2026-09-14 03:36:04,841 [INFO]                          -> 3 days better, 0 WORSE, 21 unchanged
2026-09-14 03:36:04,841 [INFO]     B spot re-anchored   n=32  WR 53.1%  +Rs18,242  5 better, 1 worse
2026-09-14 03:36:04,841 [INFO]   Live behaviour sits between C and B (legs re-resolve every 5 min).
2026-09-14 03:36:04,841 [INFO] 
2026-09-14 03:36:04,841 [INFO]   OUT-OF-WINDOW (older 57 expiries 2024-10..2025-11, the regime where E2 is
2026-09-14 03:36:04,841 [INFO]   known to LOSE). Question was not "does E2 work there" -- it does not -- but
2026-09-14 03:36:04,841 [INFO]   "does spot anchoring make it WORSE". It does not:
2026-09-14 03:36:04,841 [INFO]     A max-OI x3  n=40  WR 35.0%  -Rs3,958
2026-09-14 03:36:04,841 [INFO]     C spot x3    n=43  WR 37.2%  -Rs2,954   (2 days better, 1 worse)
2026-09-14 03:36:04,841 [INFO]     B re-anchor  n=44  WR 36.4%  -Rs3,162
2026-09-14 03:36:04,841 [INFO]   CAVEAT, stated rather than buried: this OOS baseline is -Rs3,958 against the
2026-09-14 03:36:04,841 [INFO]   published -Rs4,910. The Expired-Instruments API returned NO contracts for 1 of
2026-09-14 03:36:04,841 [INFO]   the 57 days and only 15 of 22 for another, so the OOS run covers 56 days with
2026-09-14 03:36:04,841 [INFO]   some gaps. Treat the OOS numbers as DIRECTIONAL. The recent-40 window, which
2026-09-14 03:36:04,841 [INFO]   is what this change is justified on, reproduced its baseline EXACTLY.
2026-09-14 03:36:04,841 [INFO] 
2026-09-14 03:36:04,841 [INFO]   HONEST READING: the in-sample gain is SMALL (+Rs1,199 at equal breadth)
2026-09-14 03:36:04,841 [INFO]   because max-OI and spot-ATM usually COINCIDE — they differed on only 3 of 24
2026-09-14 03:36:04,841 [INFO]   traded days. This change is not an edge improvement; it removes a blind spot
2026-09-14 03:36:04,841 [INFO]   in the tail. Its value is that at equal breadth it was never worse on any of
2026-09-14 03:36:04,842 [INFO]   the 40 expiries, and the two live misses are exactly the case it fixes.
2026-09-14 03:36:04,842 [INFO] 
2026-09-14 03:36:04,842 [INFO]   REVERT: *_BACKUP_20260829_pre_spot_anchor.py, or EXP12_ANCHOR='maxoi'
2026-09-14 03:36:04,842 [INFO]   STATUS: applied 2026-08-29. Confirm on the next expiry that the log shows
2026-09-14 03:36:04,842 [INFO]   "[EXP12] anchor=spot M=..." and that legs track spot.  [BT][USER]
2026-09-14 03:36:04,842 [INFO] 
2026-09-14 03:36:04,842 [INFO] V2.5.20 [EXPIRY REPORTING + INTRADAY BAR FIX — 2026-08-29]
2026-09-14 03:36:04,842 [INFO]   Four changes, all from the user's 2026-08-27 review. NO entry/exit RULE was
2026-09-14 03:36:04,842 [INFO]   changed — these are data-plumbing and reporting only.
2026-09-14 03:36:04,842 [INFO] 
2026-09-14 03:36:04,842 [INFO]   (1) SHIM 1-MINUTE RESAMPLING (item 3). upstox_kite_shim.historical_data() now
2026-09-14 03:36:04,842 [INFO]       builds TODAY's 5m/15m/1h bars from 1-MINUTE intraday instead of asking the
2026-09-14 03:36:04,842 [INFO]       intraday endpoint for them directly, because that endpoint only emits a
2026-09-14 03:36:04,842 [INFO]       forming bar 0-6 min late and the engines read iloc[-2] assuming iloc[-1]
2026-09-14 03:36:04,842 [INFO]       is the forming bar. Deliberately NOT raising the 16-min stale guard —
2026-09-14 03:36:04,842 [INFO]       that would hide stale indicators instead of surfacing them.
2026-09-14 03:36:04,842 [INFO]       52/52 instrument-day-interval combos reproduce Upstox's own O/H/L/C/vol/OI
2026-09-14 03:36:04,842 [INFO]       EXACTLY. See upstox_kite_shim.py CHANGE_HISTORY.  [FIX]
2026-09-14 03:36:04,843 [INFO] 
2026-09-14 03:36:04,843 [INFO]   (2) EXPIRY "WHY / WHY NOT" TELEGRAM at 15:29 (item 5). User: "no message about
2026-09-14 03:36:04,843 [INFO]       why a trade was not taken". Every EXP12 gate now increments a counter
2026-09-14 03:36:04,843 [INFO]       (_exp12_block) and records the closest miss (_exp12_near);
2026-09-14 03:36:04,843 [INFO]       _exp12_eod_report() sends one consolidated per-engine message. On the
2026-09-14 03:36:04,843 [INFO]       08-27 book this renders as "EXP2: no trade — blocked by spot too far from
2026-09-14 03:36:04,843 [INFO]       strike x148 ... closest: 77400CE prem 12.30 OK but dist -318", which is
2026-09-14 03:36:04,843 [INFO]       the universe flaw made visible.  [USER]
2026-09-14 03:36:04,843 [INFO] 
2026-09-14 03:36:04,843 [INFO]   (3) EXP12 TELEGRAM COLOUR + SHADOW TAG (item 7a). Entries/exits were plain
2026-09-14 03:36:04,843 [INFO]       🎯/⚫ with no green/red, so a +Rs3,378 day on 08-27 read like nothing had
2026-09-14 03:36:04,843 [INFO]       happened. Now 🟢/🔴 by CE/PE, 🟩/🟥 by result, and a persistent
2026-09-14 03:36:04,843 [INFO]       "⚫ SHADOW BOOK (not in main PnL)" tag.  [USER]
2026-09-14 03:36:04,843 [INFO] 
2026-09-14 03:36:04,843 [INFO]   (4) SHADOW TOTAL IN THE EOD SUMMARY (item 7b). EXP12 is a separate book (own
2026-09-14 03:36:04,843 [INFO]       lot size, own CSV) and stays EXCLUDED from Net PnL — but it is now printed
2026-09-14 03:36:04,843 [INFO]       as its own clearly-labelled block, so 08-27's "Rs0" on a +Rs3,378 day
2026-09-14 03:36:04,843 [INFO]       cannot recur. The two totals are visible without ever being mixed.  [USER]
2026-09-14 03:36:04,844 [INFO] 
2026-09-14 03:36:04,844 [INFO]   REVERT: *_BACKUP_20260829_pre_changelog_backfill.py (and, for the shim,
2026-09-14 03:36:04,844 [INFO]           upstox_kite_shim_BACKUP_20260829_pre_1m_resample.py)
2026-09-14 03:36:04,844 [INFO]   STATUS: applied 2026-08-29 (Sat, market closed). Item (1) is offline-verified
2026-09-14 03:36:04,844 [INFO]           only and MUST be confirmed against the live feed at the next open:
2026-09-14 03:36:04,844 [INFO]           [STALE] events should drop to zero. Items (2)-(4) are cosmetic/report
2026-09-14 03:36:04,844 [INFO]           paths and are proven by rendering tests, but (2) only fires on an
2026-09-14 03:36:04,844 [INFO]           expiry day — next Nifty expiry Tue 2026-09-01.
2026-09-14 03:36:04,844 [INFO] 
2026-09-14 03:36:04,844 [INFO] V2.5.20 [FLIGHT-RECORDER LOG FIX — 2026-08-29]
2026-09-14 03:36:04,844 [INFO]   WHAT : logging.basicConfig(filename=LOG_FN) -> logging.handlers.
2026-09-14 03:36:04,844 [INFO]          WatchedFileHandler(LOG_FN). One handler swap in the LOGGING block;
2026-09-14 03:36:04,844 [INFO]          added `import logging.handlers`. No engine/strategy code touched.
2026-09-14 03:36:04,844 [INFO]   WHY  : every Nifty & Sensex FlightRecorder *.log had been BOOT-BANNER-ONLY
2026-09-14 03:36:04,844 [INFO]          for ~a week (08-20 -> 08-28): 32,891 bytes, last line 8 seconds after
2026-09-14 03:36:04,844 [INFO]          boot, while the BarLevel CSV ran to 15:25. push_logs_to_github() runs
2026-09-14 03:36:04,844 [INFO]          `git rebase --autostash` every 5 min; with a dirty tree the autostash
2026-09-14 03:36:04,844 [INFO]          push/pop deletes and recreates every modified tracked file, including
2026-09-14 03:36:04,844 [INFO]          the log being written. The plain FileHandler held its fd on the old
2026-09-14 03:36:04,844 [INFO]          inode, so all later lines went to an orphaned inode. This is why the
2026-09-14 03:36:04,845 [INFO]          "check the Thursday log" instructions left for EXP2W / EXP12-relax /
2026-09-14 03:36:04,845 [INFO]          Upstox were all uncheckable. Real record was ~/orion_*_run.log (stdout).
2026-09-14 03:36:04,845 [INFO]   EVIDENCE : reproduced against a REAL two-bot `git rebase --autostash` cycle
2026-09-14 03:36:04,845 [INFO]          (scratchpad/wfhtest/repro3.py): FileHandler -> on-disk log holds ONLY
2026-09-14 03:36:04,845 [INFO]          the boot banner (inode swapped mid-run); WatchedFileHandler -> all
2026-09-14 03:36:04,845 [INFO]          lines through EOD survive the identical swap. Control that confirms
2026-09-14 03:36:04,845 [INFO]          the diagnosis in production: stocks_run.log is NOT git-tracked, is
2026-09-14 03:36:04,845 [INFO]          never touched by the push, and is complete through 15:30 IST on the
2026-09-14 03:36:04,845 [INFO]          same sessions. csv_append() and the Telegram fallback log open by
2026-09-14 03:36:04,845 [INFO]          name per write and were never affected.
2026-09-14 03:36:04,845 [INFO]   NOT DONE : dropping --autostash. It was added 2026-07-27 to fix a different
2026-09-14 03:36:04,845 [INFO]          failure (365+ push rejects/day since 07-20). Do not remove it.
2026-09-14 03:36:04,845 [INFO]   REVERT : ORION_PAPER_V2_5_20_BACKUP_20260829_pre_watchedfilehandler.py /
2026-09-14 03:36:04,845 [INFO]            ORION_SENSEX_V2520_BACKUP_20260829_pre_watchedfilehandler.py
2026-09-14 03:36:04,845 [INFO]   STATUS : code-applied 2026-08-29 (Sat, market closed). NOT yet proven live —
2026-09-14 03:36:04,845 [INFO]            confirm on the next session's boot that the FlightRecorder log keeps
2026-09-14 03:36:04,845 [INFO]            growing past 09:07 and its last line is ~15:25, not ~09:02.
2026-09-14 03:36:04,845 [INFO] 
2026-09-14 03:36:04,845 [INFO] === REJECTED DECISIONS (DO NOT RE-ADD WITHOUT NEW BACKTEST EVIDENCE) ===
2026-09-14 03:36:04,846 [INFO]   SKIP_HOUR_13         : -Rs 46k (kills profitable flips in that window)
2026-09-14 03:36:04,846 [INFO]   SKIP_TUESDAYS        : +Rs 56k but calendar-overfit; RSI gate replaces
2026-09-14 03:36:04,846 [INFO]   ADX<20 filter        : -Rs 16k
2026-09-14 03:36:04,846 [INFO]   ADX<25 filter        : -Rs 34k
2026-09-14 03:36:04,846 [INFO]   BE armor at +15%     : net negative
2026-09-14 03:36:04,846 [INFO]   Same-side flip       : -Rs 191k CATASTROPHIC
2026-09-14 03:36:04,846 [INFO]   REVERSAL_FLIP=True   : WR 12% vs 33%
2026-09-14 03:36:04,846 [INFO]   K cap on CE          : hurts WR (no cap is better)
2026-09-14 03:36:04,846 [INFO]   V2.5.10 macro SMA50  : -Rs 2.3L vs V2.5.9; lagging filter blocked PE in bear phases
2026-09-14 03:36:04,846 [INFO]   V2.5.11 straddle halt: straddle expansion days WR 69.8% > normal 66.9%;
2026-09-14 03:36:04,846 [INFO]                          halting on expansion removed profitable trades (+Rs 2,54,234 phantom)
2026-09-14 03:36:06,537 [INFO] [CHANGELOG] up to date (last entry 2026-09-11)
2026-09-14 03:36:09,710 [INFO] [boot] Logs pushed to GitHub: Sensex_FlightRecorder_V2_5_20-SENSEX_20260914_090604.log, Sensex_BarLevel_V2_5_20-SENSEX_20260914_090604.csv
2026-09-14 03:36:09,954 [INFO] [APEX] open=0 trades=0 realized=+0.0pt/Rs+0 unreal=+0.0pt/Rs+0
2026-09-14 03:36:09,954 [INFO] [T5] open=0 trades=0 realized=+0.0pt/Rs+0 unreal=+0.0pt/Rs+0
2026-09-14 03:36:09,955 [INFO] [INDICATORS] spot=74781.8 | 1h: close=74914.1 sma20=74797.8 sma50=75684.2 rsi=46.1 macd=-289.03/-349.83(bull) | 15m: K=95.4↓(prev 95.4) | regime=NEUTRAL any_active=False
2026-09-14 03:36:09,955 [INFO] [SIGNAL] CE: reg=False K=False(K=95.4>=38,rising) Kextr=False RSI=False(46.1>53) MACD=True(gate off) => BLOCK | PE: reg=False K=False(K=95.4<=80,falling) Kextr=True RSI=True(46.1<47) MACD=False(gate off) => BLOCK
2026-09-14 03:41:12,955 [INFO] [APEX] open=0 trades=0 realized=+0.0pt/Rs+0 unreal=+0.0pt/Rs+0
2026-09-14 03:41:12,955 [INFO] [T5] open=0 trades=0 realized=+0.0pt/Rs+0 unreal=+0.0pt/Rs+0
2026-09-14 03:41:12,956 [INFO] [INDICATORS] spot=74781.8 | 1h: close=74914.1 sma20=74797.8 sma50=75684.2 rsi=46.1 macd=-289.03/-349.83(bull) | 15m: K=95.4↓(prev 95.4) | regime=NEUTRAL any_active=False
2026-09-14 03:41:12,956 [INFO] [SIGNAL] CE: reg=False K=False(K=95.4>=38,rising) Kextr=False RSI=False(46.1>53) MACD=True(gate off) => BLOCK | PE: reg=False K=False(K=95.4<=80,falling) Kextr=True RSI=True(46.1<47) MACD=False(gate off) => BLOCK
2026-09-14 03:41:15,295 [INFO] [periodic] Logs pushed to GitHub: Sensex_FlightRecorder_V2_5_20-SENSEX_20260914_090604.log, Sensex_BarLevel_V2_5_20-SENSEX_20260914_090604.csv
2026-09-14 03:46:17,631 [INFO] [APEX] open=0 trades=0 realized=+0.0pt/Rs+0 unreal=+0.0pt/Rs+0
2026-09-14 03:46:17,631 [INFO] [T5] open=0 trades=0 realized=+0.0pt/Rs+0 unreal=+0.0pt/Rs+0
2026-09-14 03:46:17,632 [INFO] [INDICATORS] spot=74781.8 | 1h: close=74781.8 sma20=74788.5 sma50=75650.4 rsi=46.1 macd=-289.03/-349.83(bull) | 15m: K=81.1↓(prev 95.4) | regime=PE-eligible any_active=False
2026-09-14 03:46:17,632 [INFO] [SIGNAL] CE: reg=False K=False(K=81.1>=38,rising) Kextr=False RSI=False(46.1>53) MACD=True(gate off) => BLOCK | PE: reg=True K=False(K=81.1<=80,falling) Kextr=True RSI=True(46.1<47) MACD=False(gate off) => BLOCK
2026-09-14 03:46:20,046 [INFO] [periodic] Logs pushed to GitHub: Sensex_FlightRecorder_V2_5_20-SENSEX_20260914_090604.log, Sensex_BarLevel_V2_5_20-SENSEX_20260914_090604.csv
2026-09-14 03:50:21,996 [INFO] [STRADDLE] Reference: ₹939.8 at 09:20
2026-09-14 03:51:22,470 [INFO] [APEX] open=0 trades=0 realized=+0.0pt/Rs+0 unreal=+0.0pt/Rs+0
2026-09-14 03:51:22,470 [INFO] [T5] open=0 trades=0 realized=+0.0pt/Rs+0 unreal=+0.0pt/Rs+0
2026-09-14 03:51:22,471 [INFO] [INDICATORS] spot=74781.8 | 1h: close=74781.8 sma20=74788.5 sma50=75650.4 rsi=46.1 macd=-289.03/-349.83(bull) | 15m: K=81.1↓(prev 95.4) | regime=PE-eligible any_active=False
2026-09-14 03:51:22,471 [INFO] [SIGNAL] CE: reg=False K=False(K=81.1>=38,rising) Kextr=False RSI=False(46.1>53) MACD=True(gate off) => BLOCK | PE: reg=True K=False(K=81.1<=80,falling) Kextr=True RSI=True(46.1<47) MACD=False(gate off) => BLOCK
2026-09-14 03:51:25,779 [INFO] [periodic] Logs pushed to GitHub: Sensex_FlightRecorder_V2_5_20-SENSEX_20260914_090604.log, Sensex_BarLevel_V2_5_20-SENSEX_20260914_090604.csv
2026-09-14 03:56:28,126 [INFO] [APEX] open=0 trades=0 realized=+0.0pt/Rs+0 unreal=+0.0pt/Rs+0
2026-09-14 03:56:28,127 [INFO] [T5] open=0 trades=0 realized=+0.0pt/Rs+0 unreal=+0.0pt/Rs+0
2026-09-14 03:56:28,127 [INFO] [INDICATORS] spot=74781.8 | 1h: close=74781.8 sma20=74788.5 sma50=75650.4 rsi=46.1 macd=-289.03/-349.83(bull) | 15m: K=81.1↓(prev 95.4) | regime=PE-eligible any_active=False
2026-09-14 03:56:28,127 [INFO] [SIGNAL] CE: reg=False K=False(K=81.1>=38,rising) Kextr=False RSI=False(46.1>53) MACD=True(gate off) => BLOCK | PE: reg=True K=False(K=81.1<=80,falling) Kextr=True RSI=True(46.1<47) MACD=False(gate off) => BLOCK
2026-09-14 03:56:30,729 [INFO] [periodic] Logs pushed to GitHub: Sensex_FlightRecorder_V2_5_20-SENSEX_20260914_090604.log, Sensex_BarLevel_V2_5_20-SENSEX_20260914_090604.csv
2026-09-14 04:01:33,052 [INFO] [APEX] open=0 trades=0 realized=+0.0pt/Rs+0 unreal=+0.0pt/Rs+0
2026-09-14 04:01:33,052 [INFO] [T5] open=0 trades=0 realized=+0.0pt/Rs+0 unreal=+0.0pt/Rs+0
2026-09-14 04:01:33,053 [INFO] [INDICATORS] spot=74781.8 | 1h: close=74781.8 sma20=74788.5 sma50=75650.4 rsi=46.1 macd=-289.03/-349.83(bull) | 15m: K=81.1↓(prev 95.4) | regime=PE-eligible any_active=False
2026-09-14 04:01:33,053 [INFO] [SIGNAL] CE: reg=False K=False(K=81.1>=38,rising) Kextr=False RSI=False(46.1>53) MACD=True(gate off) => BLOCK | PE: reg=True K=False(K=81.1<=80,falling) Kextr=True RSI=True(46.1<47) MACD=False(gate off) => BLOCK
2026-09-14 04:01:35,368 [INFO] [periodic] Logs pushed to GitHub: Sensex_FlightRecorder_V2_5_20-SENSEX_20260914_090604.log, Sensex_BarLevel_V2_5_20-SENSEX_20260914_090604.csv
2026-09-14 04:02:05,616 [WARNING] [STALE] 15m last bar 15:15 (>20min old) — instant refetch
2026-09-14 04:02:05,654 [WARNING] [STALE] 15m STILL stale after refetch — entries blocked this cycle
2026-09-14 04:02:06,460 [WARNING] [STALE] fut15 last bar 15:30 (>20min old) — instant refetch
2026-09-14 04:02:06,491 [WARNING] [STALE] fut15 STILL stale after refetch — entries blocked this cycle
2026-09-14 04:02:36,701 [WARNING] [STALE] 15m last bar 15:15 (>20min old) — instant refetch
2026-09-14 04:02:36,738 [WARNING] [STALE] 15m STILL stale after refetch — entries blocked this cycle
2026-09-14 04:02:36,738 [WARNING] [STALE] fut15 last bar 15:30 (>20min old) — instant refetch
2026-09-14 04:02:36,769 [WARNING] [STALE] fut15 STILL stale after refetch — entries blocked this cycle
2026-09-14 04:03:07,011 [WARNING] [STALE] 15m last bar 15:15 (>20min old) — instant refetch
2026-09-14 04:03:07,045 [WARNING] [STALE] 15m STILL stale after refetch — entries blocked this cycle
2026-09-14 04:03:07,045 [WARNING] [STALE] fut15 last bar 15:30 (>20min old) — instant refetch
2026-09-14 04:03:07,078 [WARNING] [STALE] fut15 STILL stale after refetch — entries blocked this cycle
2026-09-14 04:03:37,317 [WARNING] [STALE] 15m last bar 15:15 (>20min old) — instant refetch
2026-09-14 04:03:37,350 [WARNING] [STALE] 15m STILL stale after refetch — entries blocked this cycle
2026-09-14 04:03:37,351 [WARNING] [STALE] fut15 last bar 15:30 (>20min old) — instant refetch
2026-09-14 04:03:37,380 [WARNING] [STALE] fut15 STILL stale after refetch — entries blocked this cycle
2026-09-14 04:04:07,610 [WARNING] [STALE] 15m last bar 15:15 (>20min old) — instant refetch
2026-09-14 04:04:07,645 [WARNING] [STALE] 15m STILL stale after refetch — entries blocked this cycle
2026-09-14 04:04:07,645 [WARNING] [STALE] fut15 last bar 15:30 (>20min old) — instant refetch
2026-09-14 04:04:07,677 [WARNING] [STALE] fut15 STILL stale after refetch — entries blocked this cycle
2026-09-14 04:04:37,922 [WARNING] [STALE] 15m last bar 15:15 (>20min old) — instant refetch
2026-09-14 04:04:37,957 [WARNING] [STALE] 15m STILL stale after refetch — entries blocked this cycle
2026-09-14 04:04:37,957 [WARNING] [STALE] fut15 last bar 15:30 (>20min old) — instant refetch
2026-09-14 04:04:37,988 [WARNING] [STALE] fut15 STILL stale after refetch — entries blocked this cycle
2026-09-14 04:05:08,232 [WARNING] [STALE] 15m last bar 15:15 (>20min old) — instant refetch
2026-09-14 04:05:08,268 [WARNING] [STALE] 15m STILL stale after refetch — entries blocked this cycle
2026-09-14 04:05:08,269 [WARNING] [STALE] fut15 last bar 15:30 (>20min old) — instant refetch
2026-09-14 04:05:08,301 [WARNING] [STALE] fut15 STILL stale after refetch — entries blocked this cycle
2026-09-14 04:05:38,525 [WARNING] [STALE] 15m last bar 15:15 (>20min old) — instant refetch
2026-09-14 04:05:38,563 [WARNING] [STALE] 15m STILL stale after refetch — entries blocked this cycle
2026-09-14 04:05:38,563 [WARNING] [STALE] fut15 last bar 15:30 (>20min old) — instant refetch
2026-09-14 04:05:38,593 [WARNING] [STALE] fut15 STILL stale after refetch — entries blocked this cycle
2026-09-14 04:06:08,828 [WARNING] [STALE] 15m last bar 15:15 (>20min old) — instant refetch
2026-09-14 04:06:08,859 [WARNING] [STALE] 15m STILL stale after refetch — entries blocked this cycle
2026-09-14 04:06:08,860 [WARNING] [STALE] fut15 last bar 15:30 (>20min old) — instant refetch
2026-09-14 04:06:08,892 [WARNING] [STALE] fut15 STILL stale after refetch — entries blocked this cycle
2026-09-14 04:06:39,125 [WARNING] [STALE] 15m last bar 15:15 (>20min old) — instant refetch
2026-09-14 04:06:39,162 [WARNING] [STALE] 15m STILL stale after refetch — entries blocked this cycle
2026-09-14 04:06:39,163 [WARNING] [STALE] fut15 last bar 15:30 (>20min old) — instant refetch
2026-09-14 04:06:39,193 [WARNING] [STALE] fut15 STILL stale after refetch — entries blocked this cycle
2026-09-14 04:06:39,209 [INFO] [APEX] open=0 trades=0 realized=+0.0pt/Rs+0 unreal=+0.0pt/Rs+0
2026-09-14 04:06:39,209 [INFO] [T5] open=0 trades=0 realized=+0.0pt/Rs+0 unreal=+0.0pt/Rs+0
2026-09-14 04:06:39,210 [INFO] [INDICATORS] spot=74781.8 | 1h: close=74781.8 sma20=74788.5 sma50=75650.4 rsi=46.1 macd=-289.03/-349.83(bull) | 15m: K=81.1↓(prev 95.4) | regime=PE-eligible any_active=False
2026-09-14 04:06:39,210 [INFO] [SIGNAL] CE: reg=False K=False(K=81.1>=38,rising) Kextr=False RSI=False(46.1>53) MACD=True(gate off) => BLOCK | PE: reg=True K=False(K=81.1<=80,falling) Kextr=True RSI=True(46.1<47) MACD=False(gate off) => BLOCK
2026-09-14 04:06:42,542 [INFO] [periodic] Logs pushed to GitHub: Sensex_FlightRecorder_V2_5_20-SENSEX_20260914_090604.log, Sensex_BarLevel_V2_5_20-SENSEX_20260914_090604.csv
2026-09-14 04:07:12,752 [WARNING] [STALE] 15m last bar 15:15 (>20min old) — instant refetch
2026-09-14 04:07:12,792 [WARNING] [STALE] 15m STILL stale after refetch — entries blocked this cycle
2026-09-14 04:07:12,793 [WARNING] [STALE] fut15 last bar 15:30 (>20min old) — instant refetch
2026-09-14 04:07:12,825 [WARNING] [STALE] fut15 STILL stale after refetch — entries blocked this cycle
2026-09-14 04:07:43,079 [WARNING] [STALE] 15m last bar 15:15 (>20min old) — instant refetch
2026-09-14 04:07:43,112 [WARNING] [STALE] 15m STILL stale after refetch — entries blocked this cycle
2026-09-14 04:07:43,112 [WARNING] [STALE] fut15 last bar 15:30 (>20min old) — instant refetch
2026-09-14 04:07:43,143 [WARNING] [STALE] fut15 STILL stale after refetch — entries blocked this cycle
2026-09-14 04:08:13,377 [WARNING] [STALE] 15m last bar 15:15 (>20min old) — instant refetch
2026-09-14 04:08:13,413 [WARNING] [STALE] 15m STILL stale after refetch — entries blocked this cycle
2026-09-14 04:08:13,413 [WARNING] [STALE] fut15 last bar 15:30 (>20min old) — instant refetch
2026-09-14 04:08:13,445 [WARNING] [STALE] fut15 STILL stale after refetch — entries blocked this cycle
2026-09-14 04:08:43,680 [WARNING] [STALE] 15m last bar 15:15 (>20min old) — instant refetch
2026-09-14 04:08:43,712 [WARNING] [STALE] 15m STILL stale after refetch — entries blocked this cycle
2026-09-14 04:08:43,712 [WARNING] [STALE] fut15 last bar 15:30 (>20min old) — instant refetch
2026-09-14 04:08:43,745 [WARNING] [STALE] fut15 STILL stale after refetch — entries blocked this cycle
2026-09-14 04:09:14,028 [WARNING] [STALE] 15m last bar 15:15 (>20min old) — instant refetch
2026-09-14 04:09:14,067 [WARNING] [STALE] 15m STILL stale after refetch — entries blocked this cycle
2026-09-14 04:09:14,068 [WARNING] [STALE] fut15 last bar 15:30 (>20min old) — instant refetch
2026-09-14 04:09:14,102 [WARNING] [STALE] fut15 STILL stale after refetch — entries blocked this cycle
2026-09-14 04:09:44,330 [WARNING] [STALE] 15m last bar 15:15 (>20min old) — instant refetch
2026-09-14 04:09:44,363 [WARNING] [STALE] 15m STILL stale after refetch — entries blocked this cycle
2026-09-14 04:09:44,363 [WARNING] [STALE] fut15 last bar 15:30 (>20min old) — instant refetch
2026-09-14 04:09:44,395 [WARNING] [STALE] fut15 STILL stale after refetch — entries blocked this cycle
2026-09-14 04:10:14,648 [WARNING] [STALE] 15m last bar 15:15 (>20min old) — instant refetch
2026-09-14 04:10:14,691 [WARNING] [STALE] 15m STILL stale after refetch — entries blocked this cycle
2026-09-14 04:10:14,692 [WARNING] [STALE] fut15 last bar 15:30 (>20min old) — instant refetch
2026-09-14 04:10:14,729 [WARNING] [STALE] fut15 STILL stale after refetch — entries blocked this cycle
2026-09-14 04:10:45,000 [WARNING] [STALE] 15m last bar 15:15 (>20min old) — instant refetch
2026-09-14 04:10:45,043 [WARNING] [STALE] 15m STILL stale after refetch — entries blocked this cycle
2026-09-14 04:10:45,044 [WARNING] [STALE] fut15 last bar 15:30 (>20min old) — instant refetch
2026-09-14 04:10:45,084 [WARNING] [STALE] fut15 STILL stale after refetch — entries blocked this cycle
2026-09-14 04:11:15,314 [WARNING] [STALE] 15m last bar 15:15 (>20min old) — instant refetch
2026-09-14 04:11:15,348 [WARNING] [STALE] 15m STILL stale after refetch — entries blocked this cycle
2026-09-14 04:11:15,348 [WARNING] [STALE] fut15 last bar 15:30 (>20min old) — instant refetch
2026-09-14 04:11:15,380 [WARNING] [STALE] fut15 STILL stale after refetch — entries blocked this cycle
2026-09-14 04:11:45,632 [WARNING] [STALE] 15m last bar 15:15 (>20min old) — instant refetch
2026-09-14 04:11:45,665 [WARNING] [STALE] 15m STILL stale after refetch — entries blocked this cycle
2026-09-14 04:11:45,666 [WARNING] [STALE] fut15 last bar 15:30 (>20min old) — instant refetch
2026-09-14 04:11:45,698 [WARNING] [STALE] fut15 STILL stale after refetch — entries blocked this cycle
2026-09-14 04:11:45,712 [INFO] [APEX] open=0 trades=0 realized=+0.0pt/Rs+0 unreal=+0.0pt/Rs+0
2026-09-14 04:11:45,713 [INFO] [T5] open=0 trades=0 realized=+0.0pt/Rs+0 unreal=+0.0pt/Rs+0
2026-09-14 04:11:45,713 [INFO] [INDICATORS] spot=74781.8 | 1h: close=74781.8 sma20=74788.5 sma50=75650.4 rsi=46.1 macd=-289.03/-349.83(bull) | 15m: K=81.1↓(prev 95.4) | regime=PE-eligible any_active=False
2026-09-14 04:11:45,713 [INFO] [SIGNAL] CE: reg=False K=False(K=81.1>=38,rising) Kextr=False RSI=False(46.1>53) MACD=True(gate off) => BLOCK | PE: reg=True K=False(K=81.1<=80,falling) Kextr=True RSI=True(46.1<47) MACD=False(gate off) => BLOCK
2026-09-14 04:11:48,175 [INFO] [periodic] Logs pushed to GitHub: Sensex_FlightRecorder_V2_5_20-SENSEX_20260914_090604.log, Sensex_BarLevel_V2_5_20-SENSEX_20260914_090604.csv
2026-09-14 04:12:18,446 [WARNING] [STALE] 15m last bar 15:15 (>20min old) — instant refetch
2026-09-14 04:12:18,481 [WARNING] [STALE] 15m STILL stale after refetch — entries blocked this cycle
2026-09-14 04:12:19,277 [WARNING] [STALE] fut15 last bar 15:30 (>20min old) — instant refetch
2026-09-14 04:12:19,308 [WARNING] [STALE] fut15 STILL stale after refetch — entries blocked this cycle
2026-09-14 04:12:49,539 [WARNING] [STALE] 15m last bar 15:15 (>20min old) — instant refetch
2026-09-14 04:12:49,575 [WARNING] [STALE] 15m STILL stale after refetch — entries blocked this cycle
2026-09-14 04:12:49,576 [WARNING] [STALE] fut15 last bar 15:30 (>20min old) — instant refetch
2026-09-14 04:12:49,608 [WARNING] [STALE] fut15 STILL stale after refetch — entries blocked this cycle
2026-09-14 04:13:19,855 [WARNING] [STALE] 15m last bar 15:15 (>20min old) — instant refetch
2026-09-14 04:13:19,894 [WARNING] [STALE] 15m STILL stale after refetch — entries blocked this cycle
2026-09-14 04:13:19,894 [WARNING] [STALE] fut15 last bar 15:30 (>20min old) — instant refetch
2026-09-14 04:13:19,928 [WARNING] [STALE] fut15 STILL stale after refetch — entries blocked this cycle
2026-09-14 04:13:50,162 [WARNING] [STALE] 15m last bar 15:15 (>20min old) — instant refetch
2026-09-14 04:13:50,195 [WARNING] [STALE] 15m STILL stale after refetch — entries blocked this cycle
2026-09-14 04:13:50,195 [WARNING] [STALE] fut15 last bar 15:30 (>20min old) — instant refetch
2026-09-14 04:13:50,226 [WARNING] [STALE] fut15 STILL stale after refetch — entries blocked this cycle
2026-09-14 04:14:20,463 [WARNING] [STALE] 15m last bar 15:15 (>20min old) — instant refetch
2026-09-14 04:14:20,497 [WARNING] [STALE] 15m STILL stale after refetch — entries blocked this cycle
2026-09-14 04:14:20,498 [WARNING] [STALE] fut15 last bar 15:30 (>20min old) — instant refetch
2026-09-14 04:14:20,530 [WARNING] [STALE] fut15 STILL stale after refetch — entries blocked this cycle
2026-09-14 04:14:50,751 [WARNING] [STALE] 15m last bar 15:15 (>20min old) — instant refetch
2026-09-14 04:14:50,784 [WARNING] [STALE] 15m STILL stale after refetch — entries blocked this cycle
2026-09-14 04:14:50,785 [WARNING] [STALE] fut15 last bar 15:30 (>20min old) — instant refetch
2026-09-14 04:14:50,815 [WARNING] [STALE] fut15 STILL stale after refetch — entries blocked this cycle
2026-09-14 04:15:21,044 [WARNING] [STALE] 15m last bar 15:15 (>20min old) — instant refetch
2026-09-14 04:15:21,080 [WARNING] [STALE] 15m STILL stale after refetch — entries blocked this cycle
2026-09-14 04:15:21,080 [WARNING] [STALE] fut15 last bar 15:30 (>20min old) — instant refetch
2026-09-14 04:15:21,112 [WARNING] [STALE] fut15 STILL stale after refetch — entries blocked this cycle
2026-09-14 04:15:52,178 [WARNING] [STALE] 15m last bar 15:15 (>20min old) — instant refetch
2026-09-14 04:15:52,213 [WARNING] [STALE] 15m STILL stale after refetch — entries blocked this cycle
2026-09-14 04:15:52,213 [WARNING] [STALE] fut15 last bar 15:30 (>20min old) — instant refetch
2026-09-14 04:15:52,248 [WARNING] [STALE] fut15 STILL stale after refetch — entries blocked this cycle
2026-09-14 04:16:22,474 [WARNING] [STALE] 15m last bar 15:15 (>20min old) — instant refetch
2026-09-14 04:16:22,512 [WARNING] [STALE] 15m STILL stale after refetch — entries blocked this cycle
2026-09-14 04:16:22,512 [WARNING] [STALE] fut15 last bar 15:30 (>20min old) — instant refetch
2026-09-14 04:16:22,542 [WARNING] [STALE] fut15 STILL stale after refetch — entries blocked this cycle
2026-09-14 04:16:52,773 [WARNING] [STALE] 15m last bar 15:15 (>20min old) — instant refetch
2026-09-14 04:16:52,807 [WARNING] [STALE] 15m STILL stale after refetch — entries blocked this cycle
2026-09-14 04:16:52,808 [WARNING] [STALE] fut15 last bar 15:30 (>20min old) — instant refetch
2026-09-14 04:16:52,836 [WARNING] [STALE] fut15 STILL stale after refetch — entries blocked this cycle
2026-09-14 04:16:52,850 [INFO] [APEX] open=0 trades=0 realized=+0.0pt/Rs+0 unreal=+0.0pt/Rs+0
2026-09-14 04:16:52,850 [INFO] [T5] open=0 trades=0 realized=+0.0pt/Rs+0 unreal=+0.0pt/Rs+0
2026-09-14 04:16:52,851 [INFO] [INDICATORS] spot=74781.8 | 1h: close=74781.8 sma20=74788.5 sma50=75650.4 rsi=46.1 macd=-289.03/-349.83(bull) | 15m: K=81.1↓(prev 95.4) | regime=PE-eligible any_active=False
2026-09-14 04:16:52,851 [INFO] [SIGNAL] CE: reg=False K=False(K=81.1>=38,rising) Kextr=False RSI=False(46.1>53) MACD=True(gate off) => BLOCK | PE: reg=True K=False(K=81.1<=80,falling) Kextr=True RSI=True(46.1<47) MACD=False(gate off) => BLOCK
2026-09-14 04:16:55,336 [INFO] [periodic] Logs pushed to GitHub: Sensex_FlightRecorder_V2_5_20-SENSEX_20260914_090604.log, Sensex_BarLevel_V2_5_20-SENSEX_20260914_090604.csv
2026-09-14 04:17:25,547 [WARNING] [STALE] 15m last bar 15:15 (>20min old) — instant refetch
2026-09-14 04:17:25,582 [WARNING] [STALE] 15m STILL stale after refetch — entries blocked this cycle
2026-09-14 04:17:25,582 [WARNING] [STALE] fut15 last bar 15:30 (>20min old) — instant refetch
2026-09-14 04:17:25,614 [WARNING] [STALE] fut15 STILL stale after refetch — entries blocked this cycle
2026-09-14 04:17:55,853 [WARNING] [STALE] 15m last bar 15:15 (>20min old) — instant refetch
2026-09-14 04:17:55,891 [WARNING] [STALE] 15m STILL stale after refetch — entries blocked this cycle
2026-09-14 04:17:55,891 [WARNING] [STALE] fut15 last bar 15:30 (>20min old) — instant refetch
2026-09-14 04:18:26,152 [WARNING] [STALE] 15m last bar 15:15 (>20min old) — instant refetch
2026-09-14 04:18:26,189 [WARNING] [STALE] 15m STILL stale after refetch — entries blocked this cycle
2026-09-14 04:18:26,189 [WARNING] [STALE] fut15 last bar 15:30 (>20min old) — instant refetch
2026-09-14 04:18:26,219 [WARNING] [STALE] fut15 STILL stale after refetch — entries blocked this cycle
2026-09-14 04:18:56,455 [WARNING] [STALE] 15m last bar 15:15 (>20min old) — instant refetch
2026-09-14 04:18:56,489 [WARNING] [STALE] 15m STILL stale after refetch — entries blocked this cycle
2026-09-14 04:18:56,489 [WARNING] [STALE] fut15 last bar 15:30 (>20min old) — instant refetch
2026-09-14 04:18:56,522 [WARNING] [STALE] fut15 STILL stale after refetch — entries blocked this cycle
2026-09-14 04:19:26,757 [WARNING] [STALE] 15m last bar 15:15 (>20min old) — instant refetch
2026-09-14 04:19:26,793 [WARNING] [STALE] 15m STILL stale after refetch — entries blocked this cycle
2026-09-14 04:19:26,793 [WARNING] [STALE] fut15 last bar 15:30 (>20min old) — instant refetch
2026-09-14 04:19:26,827 [WARNING] [STALE] fut15 STILL stale after refetch — entries blocked this cycle
2026-09-14 04:19:57,057 [WARNING] [STALE] 15m last bar 15:15 (>20min old) — instant refetch
2026-09-14 04:19:57,091 [WARNING] [STALE] 15m STILL stale after refetch — entries blocked this cycle
2026-09-14 04:19:57,091 [WARNING] [STALE] fut15 last bar 15:30 (>20min old) — instant refetch
2026-09-14 04:19:57,123 [WARNING] [STALE] fut15 STILL stale after refetch — entries blocked this cycle
2026-09-14 04:20:27,345 [WARNING] [STALE] 15m last bar 15:15 (>20min old) — instant refetch
2026-09-14 04:20:27,381 [WARNING] [STALE] 15m STILL stale after refetch — entries blocked this cycle
2026-09-14 04:20:27,381 [WARNING] [STALE] fut15 last bar 15:30 (>20min old) — instant refetch
2026-09-14 04:20:27,411 [WARNING] [STALE] fut15 STILL stale after refetch — entries blocked this cycle
2026-09-14 04:20:57,673 [WARNING] [STALE] 15m last bar 15:15 (>20min old) — instant refetch
2026-09-14 04:20:57,708 [WARNING] [STALE] 15m STILL stale after refetch — entries blocked this cycle
2026-09-14 04:20:57,709 [WARNING] [STALE] fut15 last bar 15:30 (>20min old) — instant refetch
2026-09-14 04:20:57,738 [WARNING] [STALE] fut15 STILL stale after refetch — entries blocked this cycle
2026-09-14 04:21:27,968 [WARNING] [STALE] 15m last bar 15:15 (>20min old) — instant refetch
2026-09-14 04:21:28,005 [WARNING] [STALE] 15m STILL stale after refetch — entries blocked this cycle
2026-09-14 04:21:28,006 [WARNING] [STALE] fut15 last bar 15:30 (>20min old) — instant refetch
2026-09-14 04:21:28,038 [WARNING] [STALE] fut15 STILL stale after refetch — entries blocked this cycle
2026-09-14 04:21:58,280 [WARNING] [STALE] 15m last bar 15:15 (>20min old) — instant refetch
2026-09-14 04:21:58,317 [WARNING] [STALE] 15m STILL stale after refetch — entries blocked this cycle
2026-09-14 04:21:58,317 [WARNING] [STALE] fut15 last bar 15:30 (>20min old) — instant refetch
2026-09-14 04:21:58,352 [WARNING] [STALE] fut15 STILL stale after refetch — entries blocked this cycle
2026-09-14 04:21:58,370 [INFO] [APEX] open=0 trades=0 realized=+0.0pt/Rs+0 unreal=+0.0pt/Rs+0
2026-09-14 04:21:58,370 [INFO] [T5] open=0 trades=0 realized=+0.0pt/Rs+0 unreal=+0.0pt/Rs+0
2026-09-14 04:21:58,371 [INFO] [INDICATORS] spot=74781.8 | 1h: close=74781.8 sma20=74788.5 sma50=75650.4 rsi=46.1 macd=-289.03/-349.83(bull) | 15m: K=81.1↓(prev 95.4) | regime=PE-eligible any_active=False
2026-09-14 04:21:58,371 [INFO] [SIGNAL] CE: reg=False K=False(K=81.1>=38,rising) Kextr=False RSI=False(46.1>53) MACD=True(gate off) => BLOCK | PE: reg=True K=False(K=81.1<=80,falling) Kextr=True RSI=True(46.1<47) MACD=False(gate off) => BLOCK
2026-09-14 04:22:01,541 [INFO] [periodic] Logs pushed to GitHub: Sensex_FlightRecorder_V2_5_20-SENSEX_20260914_090604.log, Sensex_BarLevel_V2_5_20-SENSEX_20260914_090604.csv
2026-09-14 04:22:31,772 [WARNING] [STALE] 15m last bar 15:15 (>20min old) — instant refetch
2026-09-14 04:22:31,806 [WARNING] [STALE] 15m STILL stale after refetch — entries blocked this cycle
2026-09-14 04:22:32,607 [WARNING] [STALE] fut15 last bar 15:30 (>20min old) — instant refetch
2026-09-14 04:22:32,642 [WARNING] [STALE] fut15 STILL stale after refetch — entries blocked this cycle
2026-09-14 04:23:02,895 [WARNING] [STALE] 15m last bar 15:15 (>20min old) — instant refetch
2026-09-14 04:23:02,934 [WARNING] [STALE] 15m STILL stale after refetch — entries blocked this cycle
2026-09-14 04:23:02,935 [WARNING] [STALE] fut15 last bar 15:30 (>20min old) — instant refetch
2026-09-14 04:23:02,963 [WARNING] [STALE] fut15 STILL stale after refetch — entries blocked this cycle
2026-09-14 04:23:33,190 [WARNING] [STALE] 15m last bar 15:15 (>20min old) — instant refetch
2026-09-14 04:23:33,226 [WARNING] [STALE] 15m STILL stale after refetch — entries blocked this cycle
2026-09-14 04:23:33,226 [WARNING] [STALE] fut15 last bar 15:30 (>20min old) — instant refetch
2026-09-14 04:23:33,258 [WARNING] [STALE] fut15 STILL stale after refetch — entries blocked this cycle
2026-09-14 04:24:03,495 [WARNING] [STALE] 15m last bar 15:15 (>20min old) — instant refetch
2026-09-14 04:24:03,531 [WARNING] [STALE] 15m STILL stale after refetch — entries blocked this cycle
2026-09-14 04:24:03,532 [WARNING] [STALE] fut15 last bar 15:30 (>20min old) — instant refetch
2026-09-14 04:24:03,565 [WARNING] [STALE] fut15 STILL stale after refetch — entries blocked this cycle
2026-09-14 04:24:33,797 [WARNING] [STALE] 15m last bar 15:15 (>20min old) — instant refetch
2026-09-14 04:24:33,837 [WARNING] [STALE] 15m STILL stale after refetch — entries blocked this cycle
2026-09-14 04:24:33,838 [WARNING] [STALE] fut15 last bar 15:30 (>20min old) — instant refetch
2026-09-14 04:24:33,869 [WARNING] [STALE] fut15 STILL stale after refetch — entries blocked this cycle
2026-09-14 04:25:04,105 [WARNING] [STALE] 15m last bar 15:15 (>20min old) — instant refetch
2026-09-14 04:25:04,144 [WARNING] [STALE] 15m STILL stale after refetch — entries blocked this cycle
2026-09-14 04:25:04,145 [WARNING] [STALE] fut15 last bar 15:30 (>20min old) — instant refetch
2026-09-14 04:25:04,182 [WARNING] [STALE] fut15 STILL stale after refetch — entries blocked this cycle
2026-09-14 04:25:34,431 [WARNING] [STALE] 15m last bar 15:15 (>20min old) — instant refetch
2026-09-14 04:25:34,470 [WARNING] [STALE] 15m STILL stale after refetch — entries blocked this cycle
2026-09-14 04:25:34,470 [WARNING] [STALE] fut15 last bar 15:30 (>20min old) — instant refetch
2026-09-14 04:25:34,504 [WARNING] [STALE] fut15 STILL stale after refetch — entries blocked this cycle
2026-09-14 04:26:04,873 [WARNING] [STALE] 15m last bar 15:15 (>20min old) — instant refetch
2026-09-14 04:26:04,968 [WARNING] [STALE] 15m STILL stale after refetch — entries blocked this cycle
2026-09-14 04:26:04,969 [WARNING] [STALE] fut15 last bar 15:30 (>20min old) — instant refetch
2026-09-14 04:26:05,065 [WARNING] [STALE] fut15 STILL stale after refetch — entries blocked this cycle
2026-09-14 04:26:35,321 [WARNING] [STALE] 15m last bar 15:15 (>20min old) — instant refetch
2026-09-14 04:26:35,356 [WARNING] [STALE] 15m STILL stale after refetch — entries blocked this cycle
2026-09-14 04:26:35,357 [WARNING] [STALE] fut15 last bar 15:30 (>20min old) — instant refetch
2026-09-14 04:26:35,389 [WARNING] [STALE] fut15 STILL stale after refetch — entries blocked this cycle
2026-09-14 04:27:05,628 [WARNING] [STALE] 15m last bar 15:15 (>20min old) — instant refetch
2026-09-14 04:27:05,664 [WARNING] [STALE] 15m STILL stale after refetch — entries blocked this cycle
2026-09-14 04:27:05,664 [WARNING] [STALE] fut15 last bar 15:30 (>20min old) — instant refetch
2026-09-14 04:27:05,696 [WARNING] [STALE] fut15 STILL stale after refetch — entries blocked this cycle
2026-09-14 04:27:05,711 [INFO] [APEX] open=0 trades=0 realized=+0.0pt/Rs+0 unreal=+0.0pt/Rs+0
2026-09-14 04:27:05,711 [INFO] [T5] open=0 trades=0 realized=+0.0pt/Rs+0 unreal=+0.0pt/Rs+0
2026-09-14 04:27:05,712 [INFO] [INDICATORS] spot=74781.8 | 1h: close=74781.8 sma20=74788.5 sma50=75650.4 rsi=46.1 macd=-289.03/-349.83(bull) | 15m: K=81.1↓(prev 95.4) | regime=PE-eligible any_active=False
2026-09-14 04:27:05,712 [INFO] [SIGNAL] CE: reg=False K=False(K=81.1>=38,rising) Kextr=False RSI=False(46.1>53) MACD=True(gate off) => BLOCK | PE: reg=True K=False(K=81.1<=80,falling) Kextr=True RSI=True(46.1<47) MACD=False(gate off) => BLOCK
2026-09-14 04:27:08,115 [INFO] [periodic] Logs pushed to GitHub: Sensex_FlightRecorder_V2_5_20-SENSEX_20260914_090604.log, Sensex_BarLevel_V2_5_20-SENSEX_20260914_090604.csv
2026-09-14 04:27:38,333 [WARNING] [STALE] 15m last bar 15:15 (>20min old) — instant refetch
2026-09-14 04:27:38,368 [WARNING] [STALE] 15m STILL stale after refetch — entries blocked this cycle
2026-09-14 04:27:38,368 [WARNING] [STALE] fut15 last bar 15:30 (>20min old) — instant refetch
2026-09-14 04:27:38,402 [WARNING] [STALE] fut15 STILL stale after refetch — entries blocked this cycle
2026-09-14 04:28:08,628 [WARNING] [STALE] 15m last bar 15:15 (>20min old) — instant refetch
2026-09-14 04:28:08,667 [WARNING] [STALE] 15m STILL stale after refetch — entries blocked this cycle
2026-09-14 04:28:08,668 [WARNING] [STALE] fut15 last bar 15:30 (>20min old) — instant refetch
2026-09-14 04:28:08,700 [WARNING] [STALE] fut15 STILL stale after refetch — entries blocked this cycle
2026-09-14 04:28:38,910 [WARNING] [STALE] 15m last bar 15:15 (>20min old) — instant refetch
2026-09-14 04:28:38,942 [WARNING] [STALE] 15m STILL stale after refetch — entries blocked this cycle
2026-09-14 04:28:38,942 [WARNING] [STALE] fut15 last bar 15:30 (>20min old) — instant refetch
2026-09-14 04:28:38,975 [WARNING] [STALE] fut15 STILL stale after refetch — entries blocked this cycle
2026-09-14 04:29:09,211 [WARNING] [STALE] 15m last bar 15:15 (>20min old) — instant refetch
2026-09-14 04:29:09,246 [WARNING] [STALE] 15m STILL stale after refetch — entries blocked this cycle
2026-09-14 04:29:09,247 [WARNING] [STALE] fut15 last bar 15:30 (>20min old) — instant refetch
2026-09-14 04:29:09,280 [WARNING] [STALE] fut15 STILL stale after refetch — entries blocked this cycle
2026-09-14 04:29:39,508 [WARNING] [STALE] 15m last bar 15:15 (>20min old) — instant refetch
2026-09-14 04:29:39,543 [WARNING] [STALE] 15m STILL stale after refetch — entries blocked this cycle
2026-09-14 04:29:39,544 [WARNING] [STALE] fut15 last bar 15:30 (>20min old) — instant refetch
2026-09-14 04:29:39,581 [WARNING] [STALE] fut15 STILL stale after refetch — entries blocked this cycle
2026-09-14 04:30:09,823 [WARNING] [STALE] 15m last bar 15:15 (>20min old) — instant refetch
2026-09-14 04:30:09,860 [WARNING] [STALE] 15m STILL stale after refetch — entries blocked this cycle
2026-09-14 04:30:09,860 [WARNING] [STALE] fut15 last bar 15:30 (>20min old) — instant refetch
2026-09-14 04:30:09,894 [WARNING] [STALE] fut15 STILL stale after refetch — entries blocked this cycle
2026-09-14 04:30:40,144 [WARNING] [STALE] 15m last bar 15:15 (>20min old) — instant refetch
2026-09-14 04:30:40,191 [WARNING] [STALE] 15m STILL stale after refetch — entries blocked this cycle
2026-09-14 04:30:40,192 [WARNING] [STALE] fut15 last bar 15:30 (>20min old) — instant refetch
2026-09-14 04:30:40,228 [WARNING] [STALE] fut15 STILL stale after refetch — entries blocked this cycle
2026-09-14 04:31:10,476 [WARNING] [STALE] 15m last bar 15:15 (>20min old) — instant refetch
2026-09-14 04:31:10,511 [WARNING] [STALE] 15m STILL stale after refetch — entries blocked this cycle
2026-09-14 04:31:10,512 [WARNING] [STALE] fut15 last bar 15:30 (>20min old) — instant refetch
2026-09-14 04:31:10,545 [WARNING] [STALE] fut15 STILL stale after refetch — entries blocked this cycle
2026-09-14 04:31:40,793 [WARNING] [STALE] 15m last bar 15:15 (>20min old) — instant refetch
2026-09-14 04:31:40,830 [WARNING] [STALE] 15m STILL stale after refetch — entries blocked this cycle
2026-09-14 04:31:40,831 [WARNING] [STALE] fut15 last bar 15:30 (>20min old) — instant refetch
2026-09-14 04:31:40,863 [WARNING] [STALE] fut15 STILL stale after refetch — entries blocked this cycle
2026-09-14 04:32:11,101 [WARNING] [STALE] 15m last bar 15:15 (>20min old) — instant refetch
2026-09-14 04:32:11,139 [WARNING] [STALE] 15m STILL stale after refetch — entries blocked this cycle
2026-09-14 04:32:11,139 [WARNING] [STALE] fut15 last bar 15:30 (>20min old) — instant refetch
2026-09-14 04:32:11,173 [WARNING] [STALE] fut15 STILL stale after refetch — entries blocked this cycle
2026-09-14 04:32:11,188 [INFO] [APEX] open=0 trades=0 realized=+0.0pt/Rs+0 unreal=+0.0pt/Rs+0
2026-09-14 04:32:11,188 [INFO] [T5] open=0 trades=0 realized=+0.0pt/Rs+0 unreal=+0.0pt/Rs+0
2026-09-14 04:32:11,189 [INFO] [INDICATORS] spot=74781.8 | 1h: close=74781.8 sma20=74788.5 sma50=75650.4 rsi=46.1 macd=-289.03/-349.83(bull) | 15m: K=81.1↓(prev 95.4) | regime=PE-eligible any_active=False
2026-09-14 04:32:11,189 [INFO] [SIGNAL] CE: reg=False K=False(K=81.1>=38,rising) Kextr=False RSI=False(46.1>53) MACD=True(gate off) => BLOCK | PE: reg=True K=False(K=81.1<=80,falling) Kextr=True RSI=True(46.1<47) MACD=False(gate off) => BLOCK
2026-09-14 04:32:13,738 [INFO] [periodic] Logs pushed to GitHub: Sensex_FlightRecorder_V2_5_20-SENSEX_20260914_090604.log, Sensex_BarLevel_V2_5_20-SENSEX_20260914_090604.csv
2026-09-14 04:32:43,958 [WARNING] [STALE] 15m last bar 15:15 (>20min old) — instant refetch
2026-09-14 04:32:43,996 [WARNING] [STALE] 15m STILL stale after refetch — entries blocked this cycle
2026-09-14 04:32:44,790 [WARNING] [STALE] fut15 last bar 15:30 (>20min old) — instant refetch
2026-09-14 04:32:44,827 [WARNING] [STALE] fut15 STILL stale after refetch — entries blocked this cycle
2026-09-14 04:33:15,064 [WARNING] [STALE] 15m last bar 15:15 (>20min old) — instant refetch
2026-09-14 04:33:15,103 [WARNING] [STALE] 15m STILL stale after refetch — entries blocked this cycle
2026-09-14 04:33:15,103 [WARNING] [STALE] fut15 last bar 15:30 (>20min old) — instant refetch
2026-09-14 04:33:15,140 [WARNING] [STALE] fut15 STILL stale after refetch — entries blocked this cycle
2026-09-14 04:33:45,375 [WARNING] [STALE] 15m last bar 15:15 (>20min old) — instant refetch
2026-09-14 04:33:45,412 [WARNING] [STALE] 15m STILL stale after refetch — entries blocked this cycle
2026-09-14 04:33:45,413 [WARNING] [STALE] fut15 last bar 15:30 (>20min old) — instant refetch
2026-09-14 04:33:45,444 [WARNING] [STALE] fut15 STILL stale after refetch — entries blocked this cycle
2026-09-14 04:34:15,679 [WARNING] [STALE] 15m last bar 15:15 (>20min old) — instant refetch
2026-09-14 04:34:15,716 [WARNING] [STALE] 15m STILL stale after refetch — entries blocked this cycle
2026-09-14 04:34:15,716 [WARNING] [STALE] fut15 last bar 15:30 (>20min old) — instant refetch
2026-09-14 04:34:15,750 [WARNING] [STALE] fut15 STILL stale after refetch — entries blocked this cycle
2026-09-14 04:34:45,988 [WARNING] [STALE] 15m last bar 15:15 (>20min old) — instant refetch
2026-09-14 04:34:46,021 [WARNING] [STALE] 15m STILL stale after refetch — entries blocked this cycle
2026-09-14 04:34:46,021 [WARNING] [STALE] fut15 last bar 15:30 (>20min old) — instant refetch
2026-09-14 04:34:46,058 [WARNING] [STALE] fut15 STILL stale after refetch — entries blocked this cycle
2026-09-14 04:35:16,288 [WARNING] [STALE] 15m last bar 15:15 (>20min old) — instant refetch
2026-09-14 04:35:16,324 [WARNING] [STALE] 15m STILL stale after refetch — entries blocked this cycle
2026-09-14 04:35:16,325 [WARNING] [STALE] fut15 last bar 15:30 (>20min old) — instant refetch
2026-09-14 04:35:16,357 [WARNING] [STALE] fut15 STILL stale after refetch — entries blocked this cycle
2026-09-14 04:35:46,607 [WARNING] [STALE] 15m last bar 15:15 (>20min old) — instant refetch
2026-09-14 04:35:46,649 [WARNING] [STALE] 15m STILL stale after refetch — entries blocked this cycle
2026-09-14 04:35:46,649 [WARNING] [STALE] fut15 last bar 15:30 (>20min old) — instant refetch
2026-09-14 04:35:46,686 [WARNING] [STALE] fut15 STILL stale after refetch — entries blocked this cycle
2026-09-14 04:36:16,917 [WARNING] [STALE] 15m last bar 15:15 (>20min old) — instant refetch
2026-09-14 04:36:16,955 [WARNING] [STALE] 15m STILL stale after refetch — entries blocked this cycle
2026-09-14 04:36:16,955 [WARNING] [STALE] fut15 last bar 15:30 (>20min old) — instant refetch
2026-09-14 04:36:16,990 [WARNING] [STALE] fut15 STILL stale after refetch — entries blocked this cycle
2026-09-14 04:36:47,224 [WARNING] [STALE] 15m last bar 15:15 (>20min old) — instant refetch
2026-09-14 04:36:47,260 [WARNING] [STALE] 15m STILL stale after refetch — entries blocked this cycle
2026-09-14 04:36:47,260 [WARNING] [STALE] fut15 last bar 15:30 (>20min old) — instant refetch
2026-09-14 04:36:47,294 [WARNING] [STALE] fut15 STILL stale after refetch — entries blocked this cycle
2026-09-14 04:37:17,525 [WARNING] [STALE] 15m last bar 15:15 (>20min old) — instant refetch
2026-09-14 04:37:17,558 [WARNING] [STALE] 15m STILL stale after refetch — entries blocked this cycle
2026-09-14 04:37:17,559 [WARNING] [STALE] fut15 last bar 15:30 (>20min old) — instant refetch
2026-09-14 04:37:17,591 [WARNING] [STALE] fut15 STILL stale after refetch — entries blocked this cycle
2026-09-14 04:37:17,606 [INFO] [APEX] open=0 trades=0 realized=+0.0pt/Rs+0 unreal=+0.0pt/Rs+0
2026-09-14 04:37:17,606 [INFO] [T5] open=0 trades=0 realized=+0.0pt/Rs+0 unreal=+0.0pt/Rs+0
2026-09-14 04:37:17,607 [INFO] [INDICATORS] spot=74781.8 | 1h: close=74781.8 sma20=74788.5 sma50=75650.4 rsi=46.1 macd=-289.03/-349.83(bull) | 15m: K=81.1↓(prev 95.4) | regime=PE-eligible any_active=False
2026-09-14 04:37:17,607 [INFO] [SIGNAL] CE: reg=False K=False(K=81.1>=38,rising) Kextr=False RSI=False(46.1>53) MACD=True(gate off) => BLOCK | PE: reg=True K=False(K=81.1<=80,falling) Kextr=True RSI=True(46.1<47) MACD=False(gate off) => BLOCK
2026-09-14 04:37:21,063 [INFO] [periodic] Logs pushed to GitHub: Sensex_FlightRecorder_V2_5_20-SENSEX_20260914_090604.log, Sensex_BarLevel_V2_5_20-SENSEX_20260914_090604.csv
2026-09-14 04:37:51,283 [WARNING] [STALE] 15m last bar 15:15 (>20min old) — instant refetch
2026-09-14 04:37:51,319 [WARNING] [STALE] 15m STILL stale after refetch — entries blocked this cycle
2026-09-14 04:37:51,320 [WARNING] [STALE] fut15 last bar 15:30 (>20min old) — instant refetch
2026-09-14 04:37:51,353 [WARNING] [STALE] fut15 STILL stale after refetch — entries blocked this cycle
2026-09-14 04:38:21,587 [WARNING] [STALE] 15m last bar 15:15 (>20min old) — instant refetch
2026-09-14 04:38:21,626 [WARNING] [STALE] 15m STILL stale after refetch — entries blocked this cycle
2026-09-14 04:38:21,626 [WARNING] [STALE] fut15 last bar 15:30 (>20min old) — instant refetch
2026-09-14 04:38:21,657 [WARNING] [STALE] fut15 STILL stale after refetch — entries blocked this cycle
2026-09-14 04:38:51,895 [WARNING] [STALE] 15m last bar 15:15 (>20min old) — instant refetch
2026-09-14 04:38:51,930 [WARNING] [STALE] 15m STILL stale after refetch — entries blocked this cycle
2026-09-14 04:38:51,931 [WARNING] [STALE] fut15 last bar 15:30 (>20min old) — instant refetch
2026-09-14 04:38:51,967 [WARNING] [STALE] fut15 STILL stale after refetch — entries blocked this cycle
2026-09-14 04:39:22,203 [WARNING] [STALE] 15m last bar 15:15 (>20min old) — instant refetch
2026-09-14 04:39:22,241 [WARNING] [STALE] 15m STILL stale after refetch — entries blocked this cycle
2026-09-14 04:39:22,241 [WARNING] [STALE] fut15 last bar 15:30 (>20min old) — instant refetch
2026-09-14 04:39:22,276 [WARNING] [STALE] fut15 STILL stale after refetch — entries blocked this cycle
2026-09-14 04:39:52,500 [WARNING] [STALE] 15m last bar 15:15 (>20min old) — instant refetch
2026-09-14 04:39:52,535 [WARNING] [STALE] 15m STILL stale after refetch — entries blocked this cycle
2026-09-14 04:39:52,535 [WARNING] [STALE] fut15 last bar 15:30 (>20min old) — instant refetch
2026-09-14 04:39:52,568 [WARNING] [STALE] fut15 STILL stale after refetch — entries blocked this cycle
2026-09-14 04:40:22,797 [WARNING] [STALE] 15m last bar 15:15 (>20min old) — instant refetch
2026-09-14 04:40:22,833 [WARNING] [STALE] 15m STILL stale after refetch — entries blocked this cycle
2026-09-14 04:40:22,834 [WARNING] [STALE] fut15 last bar 15:30 (>20min old) — instant refetch
2026-09-14 04:40:22,873 [WARNING] [STALE] fut15 STILL stale after refetch — entries blocked this cycle
2026-09-14 04:40:53,133 [WARNING] [STALE] 15m last bar 15:15 (>20min old) — instant refetch
2026-09-14 04:40:53,170 [WARNING] [STALE] 15m STILL stale after refetch — entries blocked this cycle
2026-09-14 04:40:53,171 [WARNING] [STALE] fut15 last bar 15:30 (>20min old) — instant refetch
2026-09-14 04:40:53,204 [WARNING] [STALE] fut15 STILL stale after refetch — entries blocked this cycle
2026-09-14 04:41:23,431 [WARNING] [STALE] 15m last bar 15:15 (>20min old) — instant refetch
2026-09-14 04:41:23,466 [WARNING] [STALE] 15m STILL stale after refetch — entries blocked this cycle
2026-09-14 04:41:23,466 [WARNING] [STALE] fut15 last bar 15:30 (>20min old) — instant refetch
2026-09-14 04:41:23,499 [WARNING] [STALE] fut15 STILL stale after refetch — entries blocked this cycle
2026-09-14 04:41:53,731 [WARNING] [STALE] 15m last bar 15:15 (>20min old) — instant refetch
2026-09-14 04:41:53,765 [WARNING] [STALE] 15m STILL stale after refetch — entries blocked this cycle
2026-09-14 04:41:53,765 [WARNING] [STALE] fut15 last bar 15:30 (>20min old) — instant refetch
2026-09-14 04:41:53,796 [WARNING] [STALE] fut15 STILL stale after refetch — entries blocked this cycle
2026-09-14 04:42:24,056 [WARNING] [STALE] 15m last bar 15:15 (>20min old) — instant refetch
2026-09-14 04:42:24,084 [WARNING] [STALE] 15m STILL stale after refetch — entries blocked this cycle
2026-09-14 04:42:24,084 [WARNING] [STALE] fut15 last bar 15:30 (>20min old) — instant refetch
2026-09-14 04:42:24,109 [WARNING] [STALE] fut15 STILL stale after refetch — entries blocked this cycle
2026-09-14 04:42:24,119 [INFO] [APEX] open=0 trades=0 realized=+0.0pt/Rs+0 unreal=+0.0pt/Rs+0
2026-09-14 04:42:24,119 [INFO] [T5] open=0 trades=0 realized=+0.0pt/Rs+0 unreal=+0.0pt/Rs+0
2026-09-14 04:42:24,120 [INFO] [INDICATORS] spot=74781.8 | 1h: close=74781.8 sma20=74788.5 sma50=75650.4 rsi=46.1 macd=-289.03/-349.83(bull) | 15m: K=81.1↓(prev 95.4) | regime=PE-eligible any_active=False
2026-09-14 04:42:24,120 [INFO] [SIGNAL] CE: reg=False K=False(K=81.1>=38,rising) Kextr=False RSI=False(46.1>53) MACD=True(gate off) => BLOCK | PE: reg=True K=False(K=81.1<=80,falling) Kextr=True RSI=True(46.1<47) MACD=False(gate off) => BLOCK
2026-09-14 04:42:26,695 [INFO] [periodic] Logs pushed to GitHub: Sensex_FlightRecorder_V2_5_20-SENSEX_20260914_090604.log, Sensex_BarLevel_V2_5_20-SENSEX_20260914_090604.csv
2026-09-14 04:42:56,873 [WARNING] [STALE] 15m last bar 15:15 (>20min old) — instant refetch
2026-09-14 04:42:56,899 [WARNING] [STALE] 15m STILL stale after refetch — entries blocked this cycle
2026-09-14 04:42:57,703 [WARNING] [STALE] fut15 last bar 15:30 (>20min old) — instant refetch
2026-09-14 04:42:57,730 [WARNING] [STALE] fut15 STILL stale after refetch — entries blocked this cycle
2026-09-14 04:43:27,897 [WARNING] [STALE] 15m last bar 15:15 (>20min old) — instant refetch
2026-09-14 04:43:27,923 [WARNING] [STALE] 15m STILL stale after refetch — entries blocked this cycle
2026-09-14 04:43:27,924 [WARNING] [STALE] fut15 last bar 15:30 (>20min old) — instant refetch
2026-09-14 04:43:27,949 [WARNING] [STALE] fut15 STILL stale after refetch — entries blocked this cycle
2026-09-14 04:43:58,119 [WARNING] [STALE] 15m last bar 15:15 (>20min old) — instant refetch
2026-09-14 04:43:58,145 [WARNING] [STALE] 15m STILL stale after refetch — entries blocked this cycle
2026-09-14 04:43:58,145 [WARNING] [STALE] fut15 last bar 15:30 (>20min old) — instant refetch
2026-09-14 04:43:58,171 [WARNING] [STALE] fut15 STILL stale after refetch — entries blocked this cycle
2026-09-14 04:44:28,349 [WARNING] [STALE] 15m last bar 15:15 (>20min old) — instant refetch
2026-09-14 04:44:28,377 [WARNING] [STALE] 15m STILL stale after refetch — entries blocked this cycle
2026-09-14 04:44:28,378 [WARNING] [STALE] fut15 last bar 15:30 (>20min old) — instant refetch
2026-09-14 04:44:28,401 [WARNING] [STALE] fut15 STILL stale after refetch — entries blocked this cycle
2026-09-14 04:44:58,573 [WARNING] [STALE] 15m last bar 15:15 (>20min old) — instant refetch
2026-09-14 04:44:58,601 [WARNING] [STALE] 15m STILL stale after refetch — entries blocked this cycle
2026-09-14 04:44:58,602 [WARNING] [STALE] fut15 last bar 15:30 (>20min old) — instant refetch
2026-09-14 04:44:58,625 [WARNING] [STALE] fut15 STILL stale after refetch — entries blocked this cycle
2026-09-14 04:45:28,816 [WARNING] [STALE] 15m last bar 15:15 (>20min old) — instant refetch
2026-09-14 04:45:28,847 [WARNING] [STALE] 15m STILL stale after refetch — entries blocked this cycle
2026-09-14 04:45:28,848 [WARNING] [STALE] fut15 last bar 15:30 (>20min old) — instant refetch
2026-09-14 04:45:28,874 [WARNING] [STALE] fut15 STILL stale after refetch — entries blocked this cycle
2026-09-14 04:45:59,043 [WARNING] [STALE] 15m last bar 15:15 (>20min old) — instant refetch
2026-09-14 04:45:59,070 [WARNING] [STALE] 15m STILL stale after refetch — entries blocked this cycle
2026-09-14 04:45:59,071 [WARNING] [STALE] fut15 last bar 15:30 (>20min old) — instant refetch
2026-09-14 04:45:59,096 [WARNING] [STALE] fut15 STILL stale after refetch — entries blocked this cycle
2026-09-14 04:46:29,291 [WARNING] [STALE] 15m last bar 15:15 (>20min old) — instant refetch
2026-09-14 04:46:29,321 [WARNING] [STALE] 15m STILL stale after refetch — entries blocked this cycle
2026-09-14 04:46:29,322 [WARNING] [STALE] fut15 last bar 15:30 (>20min old) — instant refetch
2026-09-14 04:46:29,348 [WARNING] [STALE] fut15 STILL stale after refetch — entries blocked this cycle
2026-09-14 04:46:59,530 [WARNING] [STALE] 15m last bar 15:15 (>20min old) — instant refetch
2026-09-14 04:46:59,560 [WARNING] [STALE] 15m STILL stale after refetch — entries blocked this cycle
2026-09-14 04:46:59,561 [WARNING] [STALE] fut15 last bar 15:30 (>20min old) — instant refetch
2026-09-14 04:46:59,586 [WARNING] [STALE] fut15 STILL stale after refetch — entries blocked this cycle
2026-09-14 04:47:29,768 [WARNING] [STALE] 15m last bar 15:15 (>20min old) — instant refetch
2026-09-14 04:47:29,797 [WARNING] [STALE] 15m STILL stale after refetch — entries blocked this cycle
2026-09-14 04:47:29,797 [WARNING] [STALE] fut15 last bar 15:30 (>20min old) — instant refetch
2026-09-14 04:47:29,820 [WARNING] [STALE] fut15 STILL stale after refetch — entries blocked this cycle
2026-09-14 04:47:29,833 [INFO] [APEX] open=0 trades=0 realized=+0.0pt/Rs+0 unreal=+0.0pt/Rs+0
2026-09-14 04:47:29,833 [INFO] [T5] open=0 trades=0 realized=+0.0pt/Rs+0 unreal=+0.0pt/Rs+0
2026-09-14 04:47:29,833 [INFO] [INDICATORS] spot=74781.8 | 1h: close=74781.8 sma20=74788.5 sma50=75650.4 rsi=46.1 macd=-289.03/-349.83(bull) | 15m: K=81.1↓(prev 95.4) | regime=PE-eligible any_active=False
2026-09-14 04:47:29,834 [INFO] [SIGNAL] CE: reg=False K=False(K=81.1>=38,rising) Kextr=False RSI=False(46.1>53) MACD=True(gate off) => BLOCK | PE: reg=True K=False(K=81.1<=80,falling) Kextr=True RSI=True(46.1<47) MACD=False(gate off) => BLOCK
2026-09-14 04:47:32,251 [INFO] [periodic] Logs pushed to GitHub: Sensex_FlightRecorder_V2_5_20-SENSEX_20260914_090604.log, Sensex_BarLevel_V2_5_20-SENSEX_20260914_090604.csv
2026-09-14 04:48:02,473 [WARNING] [STALE] 15m last bar 15:15 (>20min old) — instant refetch
2026-09-14 04:48:02,509 [WARNING] [STALE] 15m STILL stale after refetch — entries blocked this cycle
2026-09-14 04:48:02,510 [WARNING] [STALE] fut15 last bar 15:30 (>20min old) — instant refetch
2026-09-14 04:48:02,540 [WARNING] [STALE] fut15 STILL stale after refetch — entries blocked this cycle
2026-09-14 04:48:32,746 [WARNING] [STALE] 15m last bar 15:15 (>20min old) — instant refetch
2026-09-14 04:48:32,801 [WARNING] [STALE] 15m STILL stale after refetch — entries blocked this cycle
2026-09-14 04:48:32,802 [WARNING] [STALE] fut15 last bar 15:30 (>20min old) — instant refetch
2026-09-14 04:48:32,835 [WARNING] [STALE] fut15 STILL stale after refetch — entries blocked this cycle
2026-09-14 04:49:03,013 [WARNING] [STALE] 15m last bar 15:15 (>20min old) — instant refetch
2026-09-14 04:49:03,040 [WARNING] [STALE] 15m STILL stale after refetch — entries blocked this cycle
2026-09-14 04:49:03,040 [WARNING] [STALE] fut15 last bar 15:30 (>20min old) — instant refetch
2026-09-14 04:49:03,063 [WARNING] [STALE] fut15 STILL stale after refetch — entries blocked this cycle
2026-09-14 04:49:33,245 [WARNING] [STALE] 15m last bar 15:15 (>20min old) — instant refetch
2026-09-14 04:49:33,274 [WARNING] [STALE] 15m STILL stale after refetch — entries blocked this cycle
2026-09-14 04:49:33,274 [WARNING] [STALE] fut15 last bar 15:30 (>20min old) — instant refetch
2026-09-14 04:49:33,299 [WARNING] [STALE] fut15 STILL stale after refetch — entries blocked this cycle
2026-09-14 04:50:03,481 [WARNING] [STALE] 15m last bar 15:15 (>20min old) — instant refetch
2026-09-14 04:50:03,509 [WARNING] [STALE] 15m STILL stale after refetch — entries blocked this cycle
2026-09-14 04:50:03,509 [WARNING] [STALE] fut15 last bar 15:30 (>20min old) — instant refetch
2026-09-14 04:50:03,534 [WARNING] [STALE] fut15 STILL stale after refetch — entries blocked this cycle
2026-09-14 04:50:33,709 [WARNING] [STALE] 15m last bar 15:15 (>20min old) — instant refetch
2026-09-14 04:50:33,737 [WARNING] [STALE] 15m STILL stale after refetch — entries blocked this cycle
2026-09-14 04:50:33,738 [WARNING] [STALE] fut15 last bar 15:30 (>20min old) — instant refetch
2026-09-14 04:50:33,761 [WARNING] [STALE] fut15 STILL stale after refetch — entries blocked this cycle
2026-09-14 04:51:03,930 [WARNING] [STALE] 15m last bar 15:15 (>20min old) — instant refetch
2026-09-14 04:51:03,957 [WARNING] [STALE] 15m STILL stale after refetch — entries blocked this cycle
2026-09-14 04:51:03,958 [WARNING] [STALE] fut15 last bar 15:30 (>20min old) — instant refetch
2026-09-14 04:51:03,981 [WARNING] [STALE] fut15 STILL stale after refetch — entries blocked this cycle
2026-09-14 04:51:34,153 [WARNING] [STALE] 15m last bar 15:15 (>20min old) — instant refetch
2026-09-14 04:51:34,180 [WARNING] [STALE] 15m STILL stale after refetch — entries blocked this cycle
2026-09-14 04:51:34,180 [WARNING] [STALE] fut15 last bar 15:30 (>20min old) — instant refetch
2026-09-14 04:51:34,202 [WARNING] [STALE] fut15 STILL stale after refetch — entries blocked this cycle
2026-09-14 04:52:04,375 [WARNING] [STALE] 15m last bar 15:15 (>20min old) — instant refetch
2026-09-14 04:52:04,401 [WARNING] [STALE] 15m STILL stale after refetch — entries blocked this cycle
2026-09-14 04:52:04,402 [WARNING] [STALE] fut15 last bar 15:30 (>20min old) — instant refetch
2026-09-14 04:52:04,425 [WARNING] [STALE] fut15 STILL stale after refetch — entries blocked this cycle
2026-09-14 04:52:34,607 [WARNING] [STALE] 15m last bar 15:15 (>20min old) — instant refetch
2026-09-14 04:52:34,635 [WARNING] [STALE] 15m STILL stale after refetch — entries blocked this cycle
2026-09-14 04:52:34,636 [WARNING] [STALE] fut15 last bar 15:30 (>20min old) — instant refetch
2026-09-14 04:52:34,662 [WARNING] [STALE] fut15 STILL stale after refetch — entries blocked this cycle
2026-09-14 04:52:34,673 [INFO] [APEX] open=0 trades=0 realized=+0.0pt/Rs+0 unreal=+0.0pt/Rs+0
2026-09-14 04:52:34,674 [INFO] [T5] open=0 trades=0 realized=+0.0pt/Rs+0 unreal=+0.0pt/Rs+0
2026-09-14 04:52:34,674 [INFO] [INDICATORS] spot=74781.8 | 1h: close=74781.8 sma20=74788.5 sma50=75650.4 rsi=46.1 macd=-289.03/-349.83(bull) | 15m: K=81.1↓(prev 95.4) | regime=PE-eligible any_active=False
2026-09-14 04:52:34,675 [INFO] [SIGNAL] CE: reg=False K=False(K=81.1>=38,rising) Kextr=False RSI=False(46.1>53) MACD=True(gate off) => BLOCK | PE: reg=True K=False(K=81.1<=80,falling) Kextr=True RSI=True(46.1<47) MACD=False(gate off) => BLOCK
2026-09-14 04:52:38,099 [INFO] [periodic] Logs pushed to GitHub: Sensex_FlightRecorder_V2_5_20-SENSEX_20260914_090604.log, Sensex_BarLevel_V2_5_20-SENSEX_20260914_090604.csv
2026-09-14 04:53:08,253 [WARNING] [STALE] 15m last bar 15:15 (>20min old) — instant refetch
2026-09-14 04:53:08,280 [WARNING] [STALE] 15m STILL stale after refetch — entries blocked this cycle
2026-09-14 04:53:09,077 [WARNING] [STALE] fut15 last bar 15:30 (>20min old) — instant refetch
2026-09-14 04:53:09,104 [WARNING] [STALE] fut15 STILL stale after refetch — entries blocked this cycle
2026-09-14 04:53:39,287 [WARNING] [STALE] 15m last bar 15:15 (>20min old) — instant refetch
2026-09-14 04:53:39,315 [WARNING] [STALE] 15m STILL stale after refetch — entries blocked this cycle
2026-09-14 04:53:39,315 [WARNING] [STALE] fut15 last bar 15:30 (>20min old) — instant refetch
2026-09-14 04:53:39,340 [WARNING] [STALE] fut15 STILL stale after refetch — entries blocked this cycle
2026-09-14 04:54:09,530 [WARNING] [STALE] 15m last bar 15:15 (>20min old) — instant refetch
2026-09-14 04:54:09,559 [WARNING] [STALE] 15m STILL stale after refetch — entries blocked this cycle
2026-09-14 04:54:09,560 [WARNING] [STALE] fut15 last bar 15:30 (>20min old) — instant refetch
2026-09-14 04:54:09,585 [WARNING] [STALE] fut15 STILL stale after refetch — entries blocked this cycle
2026-09-14 04:54:39,773 [WARNING] [STALE] 15m last bar 15:15 (>20min old) — instant refetch
2026-09-14 04:54:39,800 [WARNING] [STALE] 15m STILL stale after refetch — entries blocked this cycle
2026-09-14 04:54:39,801 [WARNING] [STALE] fut15 last bar 15:30 (>20min old) — instant refetch
2026-09-14 04:54:39,826 [WARNING] [STALE] fut15 STILL stale after refetch — entries blocked this cycle
2026-09-14 04:55:10,008 [WARNING] [STALE] 15m last bar 15:15 (>20min old) — instant refetch
2026-09-14 04:55:10,036 [WARNING] [STALE] 15m STILL stale after refetch — entries blocked this cycle
2026-09-14 04:55:10,037 [WARNING] [STALE] fut15 last bar 15:30 (>20min old) — instant refetch
2026-09-14 04:55:10,062 [WARNING] [STALE] fut15 STILL stale after refetch — entries blocked this cycle
2026-09-14 04:55:40,239 [WARNING] [STALE] 15m last bar 15:15 (>20min old) — instant refetch
2026-09-14 04:55:40,267 [WARNING] [STALE] 15m STILL stale after refetch — entries blocked this cycle
2026-09-14 04:55:40,268 [WARNING] [STALE] fut15 last bar 15:30 (>20min old) — instant refetch
2026-09-14 04:55:40,291 [WARNING] [STALE] fut15 STILL stale after refetch — entries blocked this cycle
2026-09-14 04:56:10,476 [WARNING] [STALE] 15m last bar 15:15 (>20min old) — instant refetch
2026-09-14 04:56:10,522 [WARNING] [STALE] 15m STILL stale after refetch — entries blocked this cycle
2026-09-14 04:56:10,524 [WARNING] [STALE] fut15 last bar 15:30 (>20min old) — instant refetch
2026-09-14 04:56:10,555 [WARNING] [STALE] fut15 STILL stale after refetch — entries blocked this cycle
2026-09-14 04:56:40,746 [WARNING] [STALE] 15m last bar 15:15 (>20min old) — instant refetch
2026-09-14 04:56:40,775 [WARNING] [STALE] 15m STILL stale after refetch — entries blocked this cycle
2026-09-14 04:56:40,776 [WARNING] [STALE] fut15 last bar 15:30 (>20min old) — instant refetch
2026-09-14 04:56:40,804 [WARNING] [STALE] fut15 STILL stale after refetch — entries blocked this cycle
2026-09-14 04:57:10,988 [WARNING] [STALE] 15m last bar 15:15 (>20min old) — instant refetch
2026-09-14 04:57:11,018 [WARNING] [STALE] 15m STILL stale after refetch — entries blocked this cycle
2026-09-14 04:57:11,018 [WARNING] [STALE] fut15 last bar 15:30 (>20min old) — instant refetch
2026-09-14 04:57:11,045 [WARNING] [STALE] fut15 STILL stale after refetch — entries blocked this cycle
2026-09-14 04:57:41,223 [WARNING] [STALE] 15m last bar 15:15 (>20min old) — instant refetch
2026-09-14 04:57:41,253 [WARNING] [STALE] 15m STILL stale after refetch — entries blocked this cycle
2026-09-14 04:57:41,254 [WARNING] [STALE] fut15 last bar 15:30 (>20min old) — instant refetch
2026-09-14 04:57:41,278 [WARNING] [STALE] fut15 STILL stale after refetch — entries blocked this cycle
2026-09-14 04:57:41,290 [INFO] [APEX] open=0 trades=0 realized=+0.0pt/Rs+0 unreal=+0.0pt/Rs+0
2026-09-14 04:57:41,290 [INFO] [T5] open=0 trades=0 realized=+0.0pt/Rs+0 unreal=+0.0pt/Rs+0
2026-09-14 04:57:41,291 [INFO] [INDICATORS] spot=74781.8 | 1h: close=74781.8 sma20=74788.5 sma50=75650.4 rsi=46.1 macd=-289.03/-349.83(bull) | 15m: K=81.1↓(prev 95.4) | regime=PE-eligible any_active=False
2026-09-14 04:57:41,291 [INFO] [SIGNAL] CE: reg=False K=False(K=81.1>=38,rising) Kextr=False RSI=False(46.1>53) MACD=True(gate off) => BLOCK | PE: reg=True K=False(K=81.1<=80,falling) Kextr=True RSI=True(46.1<47) MACD=False(gate off) => BLOCK
2026-09-14 04:57:43,797 [INFO] [periodic] Logs pushed to GitHub: Sensex_FlightRecorder_V2_5_20-SENSEX_20260914_090604.log, Sensex_BarLevel_V2_5_20-SENSEX_20260914_090604.csv
2026-09-14 04:58:13,972 [WARNING] [STALE] 15m last bar 15:15 (>20min old) — instant refetch
2026-09-14 04:58:14,000 [WARNING] [STALE] 15m STILL stale after refetch — entries blocked this cycle
2026-09-14 04:58:14,000 [WARNING] [STALE] fut15 last bar 15:30 (>20min old) — instant refetch
2026-09-14 04:58:14,025 [WARNING] [STALE] fut15 STILL stale after refetch — entries blocked this cycle
2026-09-14 04:58:44,213 [WARNING] [STALE] 15m last bar 15:15 (>20min old) — instant refetch
2026-09-14 04:58:44,240 [WARNING] [STALE] 15m STILL stale after refetch — entries blocked this cycle
2026-09-14 04:58:44,240 [WARNING] [STALE] fut15 last bar 15:30 (>20min old) — instant refetch
2026-09-14 04:58:44,264 [WARNING] [STALE] fut15 STILL stale after refetch — entries blocked this cycle
2026-09-14 04:59:14,443 [WARNING] [STALE] 15m last bar 15:15 (>20min old) — instant refetch
2026-09-14 04:59:14,470 [WARNING] [STALE] 15m STILL stale after refetch — entries blocked this cycle
2026-09-14 04:59:14,471 [WARNING] [STALE] fut15 last bar 15:30 (>20min old) — instant refetch
2026-09-14 04:59:14,496 [WARNING] [STALE] fut15 STILL stale after refetch — entries blocked this cycle
2026-09-14 04:59:44,677 [WARNING] [STALE] 15m last bar 15:15 (>20min old) — instant refetch
2026-09-14 04:59:44,706 [WARNING] [STALE] 15m STILL stale after refetch — entries blocked this cycle
2026-09-14 04:59:44,707 [WARNING] [STALE] fut15 last bar 15:30 (>20min old) — instant refetch
2026-09-14 04:59:44,733 [WARNING] [STALE] fut15 STILL stale after refetch — entries blocked this cycle
2026-09-14 05:00:14,912 [WARNING] [STALE] 15m last bar 15:15 (>20min old) — instant refetch
2026-09-14 05:00:14,939 [WARNING] [STALE] 15m STILL stale after refetch — entries blocked this cycle
2026-09-14 05:00:14,940 [WARNING] [STALE] fut15 last bar 15:30 (>20min old) — instant refetch
2026-09-14 05:00:14,963 [WARNING] [STALE] fut15 STILL stale after refetch — entries blocked this cycle
2026-09-14 05:00:45,144 [WARNING] [STALE] 15m last bar 15:15 (>20min old) — instant refetch
2026-09-14 05:00:45,171 [WARNING] [STALE] 15m STILL stale after refetch — entries blocked this cycle
2026-09-14 05:00:45,171 [WARNING] [STALE] fut15 last bar 15:30 (>20min old) — instant refetch
2026-09-14 05:00:45,196 [WARNING] [STALE] fut15 STILL stale after refetch — entries blocked this cycle
2026-09-14 05:01:15,376 [WARNING] [STALE] 15m last bar 15:15 (>20min old) — instant refetch
2026-09-14 05:01:15,404 [WARNING] [STALE] 15m STILL stale after refetch — entries blocked this cycle
2026-09-14 05:01:15,405 [WARNING] [STALE] fut15 last bar 15:30 (>20min old) — instant refetch
2026-09-14 05:01:15,430 [WARNING] [STALE] fut15 STILL stale after refetch — entries blocked this cycle
2026-09-14 05:01:45,611 [WARNING] [STALE] 15m last bar 15:15 (>20min old) — instant refetch
2026-09-14 05:01:45,638 [WARNING] [STALE] 15m STILL stale after refetch — entries blocked this cycle
2026-09-14 05:01:45,638 [WARNING] [STALE] fut15 last bar 15:30 (>20min old) — instant refetch
2026-09-14 05:01:45,664 [WARNING] [STALE] fut15 STILL stale after refetch — entries blocked this cycle
2026-09-14 05:02:15,847 [WARNING] [STALE] 15m last bar 15:15 (>20min old) — instant refetch
2026-09-14 05:02:15,876 [WARNING] [STALE] 15m STILL stale after refetch — entries blocked this cycle
2026-09-14 05:02:15,876 [WARNING] [STALE] fut15 last bar 15:30 (>20min old) — instant refetch
2026-09-14 05:02:15,901 [WARNING] [STALE] fut15 STILL stale after refetch — entries blocked this cycle
2026-09-14 05:02:46,078 [WARNING] [STALE] 15m last bar 15:15 (>20min old) — instant refetch
2026-09-14 05:02:46,105 [WARNING] [STALE] 15m STILL stale after refetch — entries blocked this cycle
2026-09-14 05:02:46,106 [WARNING] [STALE] fut15 last bar 15:30 (>20min old) — instant refetch
2026-09-14 05:02:46,130 [WARNING] [STALE] fut15 STILL stale after refetch — entries blocked this cycle
2026-09-14 05:02:46,141 [INFO] [APEX] open=0 trades=0 realized=+0.0pt/Rs+0 unreal=+0.0pt/Rs+0
2026-09-14 05:02:46,141 [INFO] [T5] open=0 trades=0 realized=+0.0pt/Rs+0 unreal=+0.0pt/Rs+0
2026-09-14 05:02:46,142 [INFO] [INDICATORS] spot=74781.8 | 1h: close=74781.8 sma20=74788.5 sma50=75650.4 rsi=46.1 macd=-289.03/-349.83(bull) | 15m: K=81.1↓(prev 95.4) | regime=PE-eligible any_active=False
2026-09-14 05:02:46,142 [INFO] [SIGNAL] CE: reg=False K=False(K=81.1>=38,rising) Kextr=False RSI=False(46.1>53) MACD=True(gate off) => BLOCK | PE: reg=True K=False(K=81.1<=80,falling) Kextr=True RSI=True(46.1<47) MACD=False(gate off) => BLOCK
2026-09-14 05:02:48,613 [INFO] [periodic] Logs pushed to GitHub: Sensex_FlightRecorder_V2_5_20-SENSEX_20260914_090604.log, Sensex_BarLevel_V2_5_20-SENSEX_20260914_090604.csv
2026-09-14 05:03:18,782 [WARNING] [STALE] 15m last bar 15:15 (>20min old) — instant refetch
2026-09-14 05:03:18,808 [WARNING] [STALE] 15m STILL stale after refetch — entries blocked this cycle
2026-09-14 05:03:20,218 [WARNING] [STALE] fut15 last bar 15:30 (>20min old) — instant refetch
2026-09-14 05:03:20,244 [WARNING] [STALE] fut15 STILL stale after refetch — entries blocked this cycle
2026-09-14 05:03:50,424 [WARNING] [STALE] 15m last bar 15:15 (>20min old) — instant refetch
2026-09-14 05:03:50,452 [WARNING] [STALE] 15m STILL stale after refetch — entries blocked this cycle
2026-09-14 05:03:50,452 [WARNING] [STALE] fut15 last bar 15:30 (>20min old) — instant refetch
2026-09-14 05:03:50,479 [WARNING] [STALE] fut15 STILL stale after refetch — entries blocked this cycle
2026-09-14 05:04:20,654 [WARNING] [STALE] 15m last bar 15:15 (>20min old) — instant refetch
2026-09-14 05:04:20,688 [WARNING] [STALE] 15m STILL stale after refetch — entries blocked this cycle
2026-09-14 05:04:20,689 [WARNING] [STALE] fut15 last bar 15:30 (>20min old) — instant refetch
2026-09-14 05:04:20,717 [WARNING] [STALE] fut15 STILL stale after refetch — entries blocked this cycle
2026-09-14 05:04:50,894 [WARNING] [STALE] 15m last bar 15:15 (>20min old) — instant refetch
2026-09-14 05:04:50,922 [WARNING] [STALE] 15m STILL stale after refetch — entries blocked this cycle
2026-09-14 05:04:50,922 [WARNING] [STALE] fut15 last bar 15:30 (>20min old) — instant refetch
2026-09-14 05:04:50,946 [WARNING] [STALE] fut15 STILL stale after refetch — entries blocked this cycle
2026-09-14 05:05:21,125 [WARNING] [STALE] 15m last bar 15:15 (>20min old) — instant refetch
2026-09-14 05:05:21,152 [WARNING] [STALE] 15m STILL stale after refetch — entries blocked this cycle
2026-09-14 05:05:21,153 [WARNING] [STALE] fut15 last bar 15:30 (>20min old) — instant refetch
2026-09-14 05:05:21,176 [WARNING] [STALE] fut15 STILL stale after refetch — entries blocked this cycle
2026-09-14 05:05:51,356 [WARNING] [STALE] 15m last bar 15:15 (>20min old) — instant refetch
2026-09-14 05:05:51,384 [WARNING] [STALE] 15m STILL stale after refetch — entries blocked this cycle
2026-09-14 05:05:51,384 [WARNING] [STALE] fut15 last bar 15:30 (>20min old) — instant refetch
2026-09-14 05:05:51,409 [WARNING] [STALE] fut15 STILL stale after refetch — entries blocked this cycle
2026-09-14 05:06:21,585 [WARNING] [STALE] 15m last bar 15:15 (>20min old) — instant refetch
2026-09-14 05:06:21,611 [WARNING] [STALE] 15m STILL stale after refetch — entries blocked this cycle
2026-09-14 05:06:21,611 [WARNING] [STALE] fut15 last bar 15:30 (>20min old) — instant refetch
2026-09-14 05:06:21,637 [WARNING] [STALE] fut15 STILL stale after refetch — entries blocked this cycle
2026-09-14 05:06:51,819 [WARNING] [STALE] 15m last bar 15:15 (>20min old) — instant refetch
2026-09-14 05:06:51,845 [WARNING] [STALE] 15m STILL stale after refetch — entries blocked this cycle
2026-09-14 05:06:51,846 [WARNING] [STALE] fut15 last bar 15:30 (>20min old) — instant refetch
2026-09-14 05:06:51,873 [WARNING] [STALE] fut15 STILL stale after refetch — entries blocked this cycle
2026-09-14 05:07:22,049 [WARNING] [STALE] 15m last bar 15:15 (>20min old) — instant refetch
2026-09-14 05:07:22,076 [WARNING] [STALE] 15m STILL stale after refetch — entries blocked this cycle
2026-09-14 05:07:22,076 [WARNING] [STALE] fut15 last bar 15:30 (>20min old) — instant refetch
2026-09-14 05:07:22,101 [WARNING] [STALE] fut15 STILL stale after refetch — entries blocked this cycle
2026-09-14 05:07:52,284 [WARNING] [STALE] 15m last bar 15:15 (>20min old) — instant refetch
2026-09-14 05:07:52,311 [WARNING] [STALE] 15m STILL stale after refetch — entries blocked this cycle
2026-09-14 05:07:52,311 [WARNING] [STALE] fut15 last bar 15:30 (>20min old) — instant refetch
2026-09-14 05:07:52,336 [WARNING] [STALE] fut15 STILL stale after refetch — entries blocked this cycle
2026-09-14 05:07:52,348 [INFO] [APEX] open=0 trades=0 realized=+0.0pt/Rs+0 unreal=+0.0pt/Rs+0
2026-09-14 05:07:52,348 [INFO] [T5] open=0 trades=0 realized=+0.0pt/Rs+0 unreal=+0.0pt/Rs+0
2026-09-14 05:07:52,348 [INFO] [INDICATORS] spot=74781.8 | 1h: close=74781.8 sma20=74788.5 sma50=75650.4 rsi=46.1 macd=-289.03/-349.83(bull) | 15m: K=81.1↓(prev 95.4) | regime=PE-eligible any_active=False
2026-09-14 05:07:52,349 [INFO] [SIGNAL] CE: reg=False K=False(K=81.1>=38,rising) Kextr=False RSI=False(46.1>53) MACD=True(gate off) => BLOCK | PE: reg=True K=False(K=81.1<=80,falling) Kextr=True RSI=True(46.1<47) MACD=False(gate off) => BLOCK
2026-09-14 05:07:55,425 [INFO] [periodic] Logs pushed to GitHub: Sensex_FlightRecorder_V2_5_20-SENSEX_20260914_090604.log, Sensex_BarLevel_V2_5_20-SENSEX_20260914_090604.csv
2026-09-14 05:08:25,605 [WARNING] [STALE] 15m last bar 15:15 (>20min old) — instant refetch
2026-09-14 05:08:25,632 [WARNING] [STALE] 15m STILL stale after refetch — entries blocked this cycle
2026-09-14 05:08:25,632 [WARNING] [STALE] fut15 last bar 15:30 (>20min old) — instant refetch
2026-09-14 05:08:25,659 [WARNING] [STALE] fut15 STILL stale after refetch — entries blocked this cycle
2026-09-14 05:08:55,847 [WARNING] [STALE] 15m last bar 15:15 (>20min old) — instant refetch
2026-09-14 05:08:55,875 [WARNING] [STALE] 15m STILL stale after refetch — entries blocked this cycle
2026-09-14 05:08:55,875 [WARNING] [STALE] fut15 last bar 15:30 (>20min old) — instant refetch
2026-09-14 05:08:55,898 [WARNING] [STALE] fut15 STILL stale after refetch — entries blocked this cycle
2026-09-14 05:09:26,071 [WARNING] [STALE] 15m last bar 15:15 (>20min old) — instant refetch
2026-09-14 05:09:26,096 [WARNING] [STALE] 15m STILL stale after refetch — entries blocked this cycle
2026-09-14 05:09:26,097 [WARNING] [STALE] fut15 last bar 15:30 (>20min old) — instant refetch
2026-09-14 05:09:26,121 [WARNING] [STALE] fut15 STILL stale after refetch — entries blocked this cycle
2026-09-14 05:09:56,300 [WARNING] [STALE] 15m last bar 15:15 (>20min old) — instant refetch
2026-09-14 05:09:56,328 [WARNING] [STALE] 15m STILL stale after refetch — entries blocked this cycle
2026-09-14 05:09:56,329 [WARNING] [STALE] fut15 last bar 15:30 (>20min old) — instant refetch
2026-09-14 05:09:56,356 [WARNING] [STALE] fut15 STILL stale after refetch — entries blocked this cycle
2026-09-14 05:10:26,536 [WARNING] [STALE] 15m last bar 15:15 (>20min old) — instant refetch
2026-09-14 05:10:26,563 [WARNING] [STALE] 15m STILL stale after refetch — entries blocked this cycle
2026-09-14 05:10:26,564 [WARNING] [STALE] fut15 last bar 15:30 (>20min old) — instant refetch
2026-09-14 05:10:26,590 [WARNING] [STALE] fut15 STILL stale after refetch — entries blocked this cycle
2026-09-14 05:10:56,767 [WARNING] [STALE] 15m last bar 15:15 (>20min old) — instant refetch
2026-09-14 05:10:56,797 [WARNING] [STALE] 15m STILL stale after refetch — entries blocked this cycle
2026-09-14 05:10:56,798 [WARNING] [STALE] fut15 last bar 15:30 (>20min old) — instant refetch
2026-09-14 05:10:56,824 [WARNING] [STALE] fut15 STILL stale after refetch — entries blocked this cycle
2026-09-14 05:11:26,996 [WARNING] [STALE] 15m last bar 15:15 (>20min old) — instant refetch
2026-09-14 05:11:27,021 [WARNING] [STALE] 15m STILL stale after refetch — entries blocked this cycle
2026-09-14 05:11:27,021 [WARNING] [STALE] fut15 last bar 15:30 (>20min old) — instant refetch
2026-09-14 05:11:27,045 [WARNING] [STALE] fut15 STILL stale after refetch — entries blocked this cycle
2026-09-14 05:11:57,217 [WARNING] [STALE] 15m last bar 15:15 (>20min old) — instant refetch
2026-09-14 05:11:57,244 [WARNING] [STALE] 15m STILL stale after refetch — entries blocked this cycle
2026-09-14 05:11:57,245 [WARNING] [STALE] fut15 last bar 15:30 (>20min old) — instant refetch
2026-09-14 05:11:57,270 [WARNING] [STALE] fut15 STILL stale after refetch — entries blocked this cycle
2026-09-14 05:12:27,586 [WARNING] [STALE] 15m last bar 15:15 (>20min old) — instant refetch
2026-09-14 05:12:27,628 [WARNING] [STALE] 15m STILL stale after refetch — entries blocked this cycle
2026-09-14 05:12:27,629 [WARNING] [STALE] fut15 last bar 15:30 (>20min old) — instant refetch
2026-09-14 05:12:27,665 [WARNING] [STALE] fut15 STILL stale after refetch — entries blocked this cycle
2026-09-14 05:12:57,921 [WARNING] [STALE] 15m last bar 15:15 (>20min old) — instant refetch
2026-09-14 05:12:57,965 [WARNING] [STALE] 15m STILL stale after refetch — entries blocked this cycle
2026-09-14 05:12:57,966 [WARNING] [STALE] fut15 last bar 15:30 (>20min old) — instant refetch
2026-09-14 05:12:58,000 [WARNING] [STALE] fut15 STILL stale after refetch — entries blocked this cycle
2026-09-14 05:12:58,018 [INFO] [APEX] open=0 trades=0 realized=+0.0pt/Rs+0 unreal=+0.0pt/Rs+0
2026-09-14 05:12:58,018 [INFO] [T5] open=0 trades=0 realized=+0.0pt/Rs+0 unreal=+0.0pt/Rs+0
2026-09-14 05:12:58,019 [INFO] [INDICATORS] spot=74781.8 | 1h: close=74781.8 sma20=74788.5 sma50=75650.4 rsi=46.1 macd=-289.03/-349.83(bull) | 15m: K=81.1↓(prev 95.4) | regime=PE-eligible any_active=False
2026-09-14 05:12:58,019 [INFO] [SIGNAL] CE: reg=False K=False(K=81.1>=38,rising) Kextr=False RSI=False(46.1>53) MACD=True(gate off) => BLOCK | PE: reg=True K=False(K=81.1<=80,falling) Kextr=True RSI=True(46.1<47) MACD=False(gate off) => BLOCK
2026-09-14 05:13:00,555 [INFO] [periodic] Logs pushed to GitHub: Sensex_FlightRecorder_V2_5_20-SENSEX_20260914_090604.log, Sensex_BarLevel_V2_5_20-SENSEX_20260914_090604.csv
2026-09-14 05:13:30,777 [WARNING] [STALE] 15m last bar 15:15 (>20min old) — instant refetch
2026-09-14 05:13:30,811 [WARNING] [STALE] 15m STILL stale after refetch — entries blocked this cycle
2026-09-14 05:13:31,613 [WARNING] [STALE] fut15 last bar 15:30 (>20min old) — instant refetch
2026-09-14 05:13:31,646 [WARNING] [STALE] fut15 STILL stale after refetch — entries blocked this cycle
2026-09-14 05:14:01,897 [WARNING] [STALE] 15m last bar 15:15 (>20min old) — instant refetch
2026-09-14 05:14:01,933 [WARNING] [STALE] 15m STILL stale after refetch — entries blocked this cycle
2026-09-14 05:14:01,933 [WARNING] [STALE] fut15 last bar 15:30 (>20min old) — instant refetch
2026-09-14 05:14:01,965 [WARNING] [STALE] fut15 STILL stale after refetch — entries blocked this cycle
2026-09-14 05:14:32,234 [WARNING] [STALE] 15m last bar 15:15 (>20min old) — instant refetch
2026-09-14 05:14:32,271 [WARNING] [STALE] 15m STILL stale after refetch — entries blocked this cycle
2026-09-14 05:14:32,271 [WARNING] [STALE] fut15 last bar 15:30 (>20min old) — instant refetch
2026-09-14 05:14:32,312 [WARNING] [STALE] fut15 STILL stale after refetch — entries blocked this cycle
2026-09-14 05:15:02,576 [WARNING] [STALE] 15m last bar 15:15 (>20min old) — instant refetch
2026-09-14 05:15:02,617 [WARNING] [STALE] 15m STILL stale after refetch — entries blocked this cycle
2026-09-14 05:15:02,618 [WARNING] [STALE] fut15 last bar 15:30 (>20min old) — instant refetch
2026-09-14 05:15:02,652 [WARNING] [STALE] fut15 STILL stale after refetch — entries blocked this cycle
2026-09-14 05:15:32,891 [WARNING] [STALE] 15m last bar 15:15 (>20min old) — instant refetch
2026-09-14 05:15:32,925 [WARNING] [STALE] 15m STILL stale after refetch — entries blocked this cycle
2026-09-14 05:15:32,926 [WARNING] [STALE] fut15 last bar 15:30 (>20min old) — instant refetch
2026-09-14 05:15:32,961 [WARNING] [STALE] fut15 STILL stale after refetch — entries blocked this cycle
2026-09-14 05:16:03,212 [WARNING] [STALE] 15m last bar 15:15 (>20min old) — instant refetch
2026-09-14 05:16:03,255 [WARNING] [STALE] 15m STILL stale after refetch — entries blocked this cycle
2026-09-14 05:16:03,256 [WARNING] [STALE] fut15 last bar 15:30 (>20min old) — instant refetch
2026-09-14 05:16:03,298 [WARNING] [STALE] fut15 STILL stale after refetch — entries blocked this cycle
2026-09-14 05:16:33,555 [WARNING] [STALE] 15m last bar 15:15 (>20min old) — instant refetch
2026-09-14 05:16:33,591 [WARNING] [STALE] 15m STILL stale after refetch — entries blocked this cycle
2026-09-14 05:16:33,592 [WARNING] [STALE] fut15 last bar 15:30 (>20min old) — instant refetch
2026-09-14 05:16:33,626 [WARNING] [STALE] fut15 STILL stale after refetch — entries blocked this cycle
2026-09-14 05:17:03,877 [WARNING] [STALE] 15m last bar 15:15 (>20min old) — instant refetch
2026-09-14 05:17:03,916 [WARNING] [STALE] 15m STILL stale after refetch — entries blocked this cycle
2026-09-14 05:17:03,916 [WARNING] [STALE] fut15 last bar 15:30 (>20min old) — instant refetch
2026-09-14 05:17:03,950 [WARNING] [STALE] fut15 STILL stale after refetch — entries blocked this cycle
2026-09-14 05:17:34,195 [WARNING] [STALE] 15m last bar 15:15 (>20min old) — instant refetch
2026-09-14 05:17:34,230 [WARNING] [STALE] 15m STILL stale after refetch — entries blocked this cycle
2026-09-14 05:17:34,230 [WARNING] [STALE] fut15 last bar 15:30 (>20min old) — instant refetch
2026-09-14 05:17:34,268 [WARNING] [STALE] fut15 STILL stale after refetch — entries blocked this cycle
2026-09-14 05:18:04,531 [WARNING] [STALE] 15m last bar 15:15 (>20min old) — instant refetch
2026-09-14 05:18:04,571 [WARNING] [STALE] 15m STILL stale after refetch — entries blocked this cycle
2026-09-14 05:18:04,571 [WARNING] [STALE] fut15 last bar 15:30 (>20min old) — instant refetch
2026-09-14 05:18:04,609 [WARNING] [STALE] fut15 STILL stale after refetch — entries blocked this cycle
2026-09-14 05:18:04,625 [INFO] [APEX] open=0 trades=0 realized=+0.0pt/Rs+0 unreal=+0.0pt/Rs+0
2026-09-14 05:18:04,625 [INFO] [T5] open=0 trades=0 realized=+0.0pt/Rs+0 unreal=+0.0pt/Rs+0
2026-09-14 05:18:04,626 [INFO] [INDICATORS] spot=74781.8 | 1h: close=74781.8 sma20=74788.5 sma50=75650.4 rsi=46.1 macd=-289.03/-349.83(bull) | 15m: K=81.1↓(prev 95.4) | regime=PE-eligible any_active=False
2026-09-14 05:18:04,626 [INFO] [SIGNAL] CE: reg=False K=False(K=81.1>=38,rising) Kextr=False RSI=False(46.1>53) MACD=True(gate off) => BLOCK | PE: reg=True K=False(K=81.1<=80,falling) Kextr=True RSI=True(46.1<47) MACD=False(gate off) => BLOCK
2026-09-14 05:18:06,942 [INFO] [periodic] Logs pushed to GitHub: Sensex_FlightRecorder_V2_5_20-SENSEX_20260914_090604.log, Sensex_BarLevel_V2_5_20-SENSEX_20260914_090604.csv
2026-09-14 05:18:37,171 [WARNING] [STALE] 15m last bar 15:15 (>20min old) — instant refetch
2026-09-14 05:18:37,207 [WARNING] [STALE] 15m STILL stale after refetch — entries blocked this cycle
2026-09-14 05:18:37,208 [WARNING] [STALE] fut15 last bar 15:30 (>20min old) — instant refetch
2026-09-14 05:18:37,240 [WARNING] [STALE] fut15 STILL stale after refetch — entries blocked this cycle
2026-09-14 05:19:07,495 [WARNING] [STALE] 15m last bar 15:15 (>20min old) — instant refetch
2026-09-14 05:19:07,533 [WARNING] [STALE] 15m STILL stale after refetch — entries blocked this cycle
2026-09-14 05:19:07,533 [WARNING] [STALE] fut15 last bar 15:30 (>20min old) — instant refetch
2026-09-14 05:19:07,565 [WARNING] [STALE] fut15 STILL stale after refetch — entries blocked this cycle
2026-09-14 05:19:37,807 [WARNING] [STALE] 15m last bar 15:15 (>20min old) — instant refetch
2026-09-14 05:19:37,842 [WARNING] [STALE] 15m STILL stale after refetch — entries blocked this cycle
2026-09-14 05:19:37,842 [WARNING] [STALE] fut15 last bar 15:30 (>20min old) — instant refetch
2026-09-14 05:19:37,878 [WARNING] [STALE] fut15 STILL stale after refetch — entries blocked this cycle
2026-09-14 05:20:08,135 [WARNING] [STALE] 15m last bar 15:15 (>20min old) — instant refetch
2026-09-14 05:20:08,174 [WARNING] [STALE] 15m STILL stale after refetch — entries blocked this cycle
2026-09-14 05:20:08,175 [WARNING] [STALE] fut15 last bar 15:30 (>20min old) — instant refetch
2026-09-14 05:20:08,211 [WARNING] [STALE] fut15 STILL stale after refetch — entries blocked this cycle
2026-09-14 05:20:38,445 [WARNING] [STALE] 15m last bar 15:15 (>20min old) — instant refetch
2026-09-14 05:20:38,481 [WARNING] [STALE] 15m STILL stale after refetch — entries blocked this cycle
2026-09-14 05:20:38,481 [WARNING] [STALE] fut15 last bar 15:30 (>20min old) — instant refetch
2026-09-14 05:20:38,514 [WARNING] [STALE] fut15 STILL stale after refetch — entries blocked this cycle
2026-09-14 05:21:08,753 [WARNING] [STALE] 15m last bar 15:15 (>20min old) — instant refetch
2026-09-14 05:21:08,792 [WARNING] [STALE] 15m STILL stale after refetch — entries blocked this cycle
2026-09-14 05:21:08,792 [WARNING] [STALE] fut15 last bar 15:30 (>20min old) — instant refetch
2026-09-14 05:21:08,827 [WARNING] [STALE] fut15 STILL stale after refetch — entries blocked this cycle
2026-09-14 05:21:39,060 [WARNING] [STALE] 15m last bar 15:15 (>20min old) — instant refetch
2026-09-14 05:21:39,095 [WARNING] [STALE] 15m STILL stale after refetch — entries blocked this cycle
2026-09-14 05:21:39,096 [WARNING] [STALE] fut15 last bar 15:30 (>20min old) — instant refetch
2026-09-14 05:21:39,126 [WARNING] [STALE] fut15 STILL stale after refetch — entries blocked this cycle
2026-09-14 05:22:09,388 [WARNING] [STALE] 15m last bar 15:15 (>20min old) — instant refetch
2026-09-14 05:22:09,425 [WARNING] [STALE] 15m STILL stale after refetch — entries blocked this cycle
2026-09-14 05:22:09,426 [WARNING] [STALE] fut15 last bar 15:30 (>20min old) — instant refetch
2026-09-14 05:22:09,462 [WARNING] [STALE] fut15 STILL stale after refetch — entries blocked this cycle
2026-09-14 05:22:39,723 [WARNING] [STALE] 15m last bar 15:15 (>20min old) — instant refetch
2026-09-14 05:22:39,768 [WARNING] [STALE] 15m STILL stale after refetch — entries blocked this cycle
2026-09-14 05:22:39,768 [WARNING] [STALE] fut15 last bar 15:30 (>20min old) — instant refetch
2026-09-14 05:22:39,804 [WARNING] [STALE] fut15 STILL stale after refetch — entries blocked this cycle
2026-09-14 05:23:10,039 [WARNING] [STALE] 15m last bar 15:15 (>20min old) — instant refetch
2026-09-14 05:23:10,076 [WARNING] [STALE] 15m STILL stale after refetch — entries blocked this cycle
2026-09-14 05:23:10,077 [WARNING] [STALE] fut15 last bar 15:30 (>20min old) — instant refetch
2026-09-14 05:23:10,112 [WARNING] [STALE] fut15 STILL stale after refetch — entries blocked this cycle
2026-09-14 05:23:10,129 [INFO] [APEX] open=0 trades=0 realized=+0.0pt/Rs+0 unreal=+0.0pt/Rs+0
2026-09-14 05:23:10,129 [INFO] [T5] open=0 trades=0 realized=+0.0pt/Rs+0 unreal=+0.0pt/Rs+0
2026-09-14 05:23:10,130 [INFO] [INDICATORS] spot=74781.8 | 1h: close=74781.8 sma20=74788.5 sma50=75650.4 rsi=46.1 macd=-289.03/-349.83(bull) | 15m: K=81.1↓(prev 95.4) | regime=PE-eligible any_active=False
2026-09-14 05:23:10,130 [INFO] [SIGNAL] CE: reg=False K=False(K=81.1>=38,rising) Kextr=False RSI=False(46.1>53) MACD=True(gate off) => BLOCK | PE: reg=True K=False(K=81.1<=80,falling) Kextr=True RSI=True(46.1<47) MACD=False(gate off) => BLOCK
2026-09-14 05:23:13,481 [INFO] [periodic] Logs pushed to GitHub: Sensex_FlightRecorder_V2_5_20-SENSEX_20260914_090604.log, Sensex_BarLevel_V2_5_20-SENSEX_20260914_090604.csv
2026-09-14 05:23:43,707 [WARNING] [STALE] 15m last bar 15:15 (>20min old) — instant refetch
2026-09-14 05:23:43,743 [WARNING] [STALE] 15m STILL stale after refetch — entries blocked this cycle
2026-09-14 05:23:44,573 [WARNING] [STALE] fut15 last bar 15:30 (>20min old) — instant refetch
2026-09-14 05:23:44,608 [WARNING] [STALE] fut15 STILL stale after refetch — entries blocked this cycle
2026-09-14 05:24:14,841 [WARNING] [STALE] 15m last bar 15:15 (>20min old) — instant refetch
2026-09-14 05:24:14,880 [WARNING] [STALE] 15m STILL stale after refetch — entries blocked this cycle
2026-09-14 05:24:14,881 [WARNING] [STALE] fut15 last bar 15:30 (>20min old) — instant refetch
2026-09-14 05:24:14,912 [WARNING] [STALE] fut15 STILL stale after refetch — entries blocked this cycle
2026-09-14 05:24:45,152 [WARNING] [STALE] 15m last bar 15:15 (>20min old) — instant refetch
2026-09-14 05:24:45,189 [WARNING] [STALE] 15m STILL stale after refetch — entries blocked this cycle
2026-09-14 05:24:45,190 [WARNING] [STALE] fut15 last bar 15:30 (>20min old) — instant refetch
2026-09-14 05:24:45,222 [WARNING] [STALE] fut15 STILL stale after refetch — entries blocked this cycle
2026-09-14 05:25:15,464 [WARNING] [STALE] 15m last bar 15:15 (>20min old) — instant refetch
2026-09-14 05:25:15,503 [WARNING] [STALE] 15m STILL stale after refetch — entries blocked this cycle
2026-09-14 05:25:15,503 [WARNING] [STALE] fut15 last bar 15:30 (>20min old) — instant refetch
2026-09-14 05:25:15,540 [WARNING] [STALE] fut15 STILL stale after refetch — entries blocked this cycle
2026-09-14 05:25:45,793 [WARNING] [STALE] 15m last bar 15:15 (>20min old) — instant refetch
2026-09-14 05:25:45,827 [WARNING] [STALE] 15m STILL stale after refetch — entries blocked this cycle
2026-09-14 05:25:45,827 [WARNING] [STALE] fut15 last bar 15:30 (>20min old) — instant refetch
2026-09-14 05:25:45,861 [WARNING] [STALE] fut15 STILL stale after refetch — entries blocked this cycle
2026-09-14 05:26:16,097 [WARNING] [STALE] 15m last bar 15:15 (>20min old) — instant refetch
2026-09-14 05:26:16,131 [WARNING] [STALE] 15m STILL stale after refetch — entries blocked this cycle
2026-09-14 05:26:16,131 [WARNING] [STALE] fut15 last bar 15:30 (>20min old) — instant refetch
2026-09-14 05:26:16,161 [WARNING] [STALE] fut15 STILL stale after refetch — entries blocked this cycle
2026-09-14 05:26:46,390 [WARNING] [STALE] 15m last bar 15:15 (>20min old) — instant refetch
2026-09-14 05:26:46,426 [WARNING] [STALE] 15m STILL stale after refetch — entries blocked this cycle
2026-09-14 05:26:46,426 [WARNING] [STALE] fut15 last bar 15:30 (>20min old) — instant refetch
2026-09-14 05:26:46,457 [WARNING] [STALE] fut15 STILL stale after refetch — entries blocked this cycle
2026-09-14 05:27:16,687 [WARNING] [STALE] 15m last bar 15:15 (>20min old) — instant refetch
2026-09-14 05:27:16,720 [WARNING] [STALE] 15m STILL stale after refetch — entries blocked this cycle
2026-09-14 05:27:16,720 [WARNING] [STALE] fut15 last bar 15:30 (>20min old) — instant refetch
2026-09-14 05:27:16,762 [WARNING] [STALE] fut15 STILL stale after refetch — entries blocked this cycle
2026-09-14 05:27:47,012 [WARNING] [STALE] 15m last bar 15:15 (>20min old) — instant refetch
2026-09-14 05:27:47,052 [WARNING] [STALE] 15m STILL stale after refetch — entries blocked this cycle
2026-09-14 05:27:47,052 [WARNING] [STALE] fut15 last bar 15:30 (>20min old) — instant refetch
2026-09-14 05:27:47,087 [WARNING] [STALE] fut15 STILL stale after refetch — entries blocked this cycle
2026-09-14 05:28:17,326 [WARNING] [STALE] 15m last bar 15:15 (>20min old) — instant refetch
2026-09-14 05:28:17,361 [WARNING] [STALE] 15m STILL stale after refetch — entries blocked this cycle
2026-09-14 05:28:17,362 [WARNING] [STALE] fut15 last bar 15:30 (>20min old) — instant refetch
2026-09-14 05:28:17,396 [WARNING] [STALE] fut15 STILL stale after refetch — entries blocked this cycle
2026-09-14 05:28:17,413 [INFO] [APEX] open=0 trades=0 realized=+0.0pt/Rs+0 unreal=+0.0pt/Rs+0
2026-09-14 05:28:17,413 [INFO] [T5] open=0 trades=0 realized=+0.0pt/Rs+0 unreal=+0.0pt/Rs+0
2026-09-14 05:28:17,414 [INFO] [INDICATORS] spot=74781.8 | 1h: close=74781.8 sma20=74788.5 sma50=75650.4 rsi=46.1 macd=-289.03/-349.83(bull) | 15m: K=81.1↓(prev 95.4) | regime=PE-eligible any_active=False
2026-09-14 05:28:17,414 [INFO] [SIGNAL] CE: reg=False K=False(K=81.1>=38,rising) Kextr=False RSI=False(46.1>53) MACD=True(gate off) => BLOCK | PE: reg=True K=False(K=81.1<=80,falling) Kextr=True RSI=True(46.1<47) MACD=False(gate off) => BLOCK
2026-09-14 05:28:20,005 [INFO] [periodic] Logs pushed to GitHub: Sensex_FlightRecorder_V2_5_20-SENSEX_20260914_090604.log, Sensex_BarLevel_V2_5_20-SENSEX_20260914_090604.csv
2026-09-14 05:28:50,240 [WARNING] [STALE] 15m last bar 15:15 (>20min old) — instant refetch
2026-09-14 05:28:50,274 [WARNING] [STALE] 15m STILL stale after refetch — entries blocked this cycle
2026-09-14 05:28:50,274 [WARNING] [STALE] fut15 last bar 15:30 (>20min old) — instant refetch
2026-09-14 05:28:50,310 [WARNING] [STALE] fut15 STILL stale after refetch — entries blocked this cycle
2026-09-14 05:29:20,558 [WARNING] [STALE] 15m last bar 15:15 (>20min old) — instant refetch
2026-09-14 05:29:20,598 [WARNING] [STALE] 15m STILL stale after refetch — entries blocked this cycle
2026-09-14 05:29:20,599 [WARNING] [STALE] fut15 last bar 15:30 (>20min old) — instant refetch
2026-09-14 05:29:20,630 [WARNING] [STALE] fut15 STILL stale after refetch — entries blocked this cycle
2026-09-14 05:29:50,878 [WARNING] [STALE] 15m last bar 15:15 (>20min old) — instant refetch
2026-09-14 05:29:50,915 [WARNING] [STALE] 15m STILL stale after refetch — entries blocked this cycle
2026-09-14 05:29:50,916 [WARNING] [STALE] fut15 last bar 15:30 (>20min old) — instant refetch
2026-09-14 05:29:50,949 [WARNING] [STALE] fut15 STILL stale after refetch — entries blocked this cycle
2026-09-14 05:30:21,180 [WARNING] [STALE] 15m last bar 15:15 (>20min old) — instant refetch
2026-09-14 05:30:21,215 [WARNING] [STALE] 15m STILL stale after refetch — entries blocked this cycle
2026-09-14 05:30:21,215 [WARNING] [STALE] fut15 last bar 15:30 (>20min old) — instant refetch
2026-09-14 05:30:21,248 [WARNING] [STALE] fut15 STILL stale after refetch — entries blocked this cycle
2026-09-14 05:30:51,503 [WARNING] [STALE] 15m last bar 15:15 (>20min old) — instant refetch
2026-09-14 05:30:51,542 [WARNING] [STALE] 15m STILL stale after refetch — entries blocked this cycle
2026-09-14 05:30:51,543 [WARNING] [STALE] fut15 last bar 15:30 (>20min old) — instant refetch
2026-09-14 05:30:51,578 [WARNING] [STALE] fut15 STILL stale after refetch — entries blocked this cycle
2026-09-14 05:31:21,823 [WARNING] [STALE] 15m last bar 15:15 (>20min old) — instant refetch
2026-09-14 05:31:21,860 [WARNING] [STALE] 15m STILL stale after refetch — entries blocked this cycle
2026-09-14 05:31:21,860 [WARNING] [STALE] fut15 last bar 15:30 (>20min old) — instant refetch
2026-09-14 05:31:21,893 [WARNING] [STALE] fut15 STILL stale after refetch — entries blocked this cycle
2026-09-14 05:31:52,144 [WARNING] [STALE] 15m last bar 15:15 (>20min old) — instant refetch
2026-09-14 05:31:52,180 [WARNING] [STALE] 15m STILL stale after refetch — entries blocked this cycle
2026-09-14 05:31:52,180 [WARNING] [STALE] fut15 last bar 15:30 (>20min old) — instant refetch
2026-09-14 05:31:52,212 [WARNING] [STALE] fut15 STILL stale after refetch — entries blocked this cycle
2026-09-14 05:32:22,538 [WARNING] [STALE] 15m last bar 15:15 (>20min old) — instant refetch
2026-09-14 05:32:22,576 [WARNING] [STALE] 15m STILL stale after refetch — entries blocked this cycle
2026-09-14 05:32:22,577 [WARNING] [STALE] fut15 last bar 15:30 (>20min old) — instant refetch
2026-09-14 05:32:22,613 [WARNING] [STALE] fut15 STILL stale after refetch — entries blocked this cycle
2026-09-14 05:32:52,858 [WARNING] [STALE] 15m last bar 15:15 (>20min old) — instant refetch
2026-09-14 05:32:52,901 [WARNING] [STALE] 15m STILL stale after refetch — entries blocked this cycle
2026-09-14 05:32:52,901 [WARNING] [STALE] fut15 last bar 15:30 (>20min old) — instant refetch
2026-09-14 05:32:52,936 [WARNING] [STALE] fut15 STILL stale after refetch — entries blocked this cycle
2026-09-14 05:33:23,176 [WARNING] [STALE] 15m last bar 15:15 (>20min old) — instant refetch
2026-09-14 05:33:23,212 [WARNING] [STALE] 15m STILL stale after refetch — entries blocked this cycle
2026-09-14 05:33:23,213 [WARNING] [STALE] fut15 last bar 15:30 (>20min old) — instant refetch
2026-09-14 05:33:23,249 [WARNING] [STALE] fut15 STILL stale after refetch — entries blocked this cycle
2026-09-14 05:33:23,268 [INFO] [APEX] open=0 trades=0 realized=+0.0pt/Rs+0 unreal=+0.0pt/Rs+0
2026-09-14 05:33:23,268 [INFO] [T5] open=0 trades=0 realized=+0.0pt/Rs+0 unreal=+0.0pt/Rs+0
2026-09-14 05:33:23,268 [INFO] [INDICATORS] spot=74781.8 | 1h: close=74781.8 sma20=74788.5 sma50=75650.4 rsi=46.1 macd=-289.03/-349.83(bull) | 15m: K=81.1↓(prev 95.4) | regime=PE-eligible any_active=False
2026-09-14 05:33:23,268 [INFO] [SIGNAL] CE: reg=False K=False(K=81.1>=38,rising) Kextr=False RSI=False(46.1>53) MACD=True(gate off) => BLOCK | PE: reg=True K=False(K=81.1<=80,falling) Kextr=True RSI=True(46.1<47) MACD=False(gate off) => BLOCK
2026-09-14 05:33:25,926 [INFO] [periodic] Logs pushed to GitHub: Sensex_FlightRecorder_V2_5_20-SENSEX_20260914_090604.log, Sensex_BarLevel_V2_5_20-SENSEX_20260914_090604.csv
2026-09-14 05:33:56,162 [WARNING] [STALE] 15m last bar 15:15 (>20min old) — instant refetch
2026-09-14 05:33:56,199 [WARNING] [STALE] 15m STILL stale after refetch — entries blocked this cycle
2026-09-14 05:33:57,001 [WARNING] [STALE] fut15 last bar 15:30 (>20min old) — instant refetch
2026-09-14 05:33:57,034 [WARNING] [STALE] fut15 STILL stale after refetch — entries blocked this cycle
2026-09-14 05:34:27,286 [WARNING] [STALE] 15m last bar 15:15 (>20min old) — instant refetch
2026-09-14 05:34:27,324 [WARNING] [STALE] 15m STILL stale after refetch — entries blocked this cycle
2026-09-14 05:34:27,324 [WARNING] [STALE] fut15 last bar 15:30 (>20min old) — instant refetch
2026-09-14 05:34:27,360 [WARNING] [STALE] fut15 STILL stale after refetch — entries blocked this cycle
2026-09-14 05:34:57,593 [WARNING] [STALE] 15m last bar 15:15 (>20min old) — instant refetch
2026-09-14 05:34:57,634 [WARNING] [STALE] 15m STILL stale after refetch — entries blocked this cycle
2026-09-14 05:34:57,635 [WARNING] [STALE] fut15 last bar 15:30 (>20min old) — instant refetch
2026-09-14 05:34:57,667 [WARNING] [STALE] fut15 STILL stale after refetch — entries blocked this cycle
2026-09-14 05:35:27,946 [WARNING] [STALE] 15m last bar 15:15 (>20min old) — instant refetch
2026-09-14 05:35:27,988 [WARNING] [STALE] 15m STILL stale after refetch — entries blocked this cycle
2026-09-14 05:35:27,988 [WARNING] [STALE] fut15 last bar 15:30 (>20min old) — instant refetch
2026-09-14 05:35:28,025 [WARNING] [STALE] fut15 STILL stale after refetch — entries blocked this cycle
2026-09-14 05:35:58,278 [WARNING] [STALE] 15m last bar 15:15 (>20min old) — instant refetch
2026-09-14 05:35:58,316 [WARNING] [STALE] 15m STILL stale after refetch — entries blocked this cycle
2026-09-14 05:35:58,316 [WARNING] [STALE] fut15 last bar 15:30 (>20min old) — instant refetch
2026-09-14 05:35:58,350 [WARNING] [STALE] fut15 STILL stale after refetch — entries blocked this cycle
2026-09-14 05:36:28,603 [WARNING] [STALE] 15m last bar 15:15 (>20min old) — instant refetch
2026-09-14 05:36:28,641 [WARNING] [STALE] 15m STILL stale after refetch — entries blocked this cycle
2026-09-14 05:36:28,641 [WARNING] [STALE] fut15 last bar 15:30 (>20min old) — instant refetch
2026-09-14 05:36:28,674 [WARNING] [STALE] fut15 STILL stale after refetch — entries blocked this cycle
2026-09-14 05:36:58,921 [WARNING] [STALE] 15m last bar 15:15 (>20min old) — instant refetch
2026-09-14 05:36:58,958 [WARNING] [STALE] 15m STILL stale after refetch — entries blocked this cycle
2026-09-14 05:36:58,959 [WARNING] [STALE] fut15 last bar 15:30 (>20min old) — instant refetch
2026-09-14 05:36:58,989 [WARNING] [STALE] fut15 STILL stale after refetch — entries blocked this cycle
2026-09-14 05:37:29,241 [WARNING] [STALE] 15m last bar 15:15 (>20min old) — instant refetch
2026-09-14 05:37:29,276 [WARNING] [STALE] 15m STILL stale after refetch — entries blocked this cycle
2026-09-14 05:37:29,276 [WARNING] [STALE] fut15 last bar 15:30 (>20min old) — instant refetch
2026-09-14 05:37:29,313 [WARNING] [STALE] fut15 STILL stale after refetch — entries blocked this cycle
2026-09-14 05:37:59,538 [WARNING] [STALE] 15m last bar 15:15 (>20min old) — instant refetch
2026-09-14 05:37:59,570 [WARNING] [STALE] 15m STILL stale after refetch — entries blocked this cycle
2026-09-14 05:37:59,571 [WARNING] [STALE] fut15 last bar 15:30 (>20min old) — instant refetch
2026-09-14 05:37:59,606 [WARNING] [STALE] fut15 STILL stale after refetch — entries blocked this cycle
2026-09-14 05:38:29,843 [WARNING] [STALE] 15m last bar 15:15 (>20min old) — instant refetch
2026-09-14 05:38:29,881 [WARNING] [STALE] 15m STILL stale after refetch — entries blocked this cycle
2026-09-14 05:38:29,881 [WARNING] [STALE] fut15 last bar 15:30 (>20min old) — instant refetch
2026-09-14 05:38:29,915 [WARNING] [STALE] fut15 STILL stale after refetch — entries blocked this cycle
2026-09-14 05:38:29,933 [INFO] [APEX] open=0 trades=0 realized=+0.0pt/Rs+0 unreal=+0.0pt/Rs+0
2026-09-14 05:38:29,933 [INFO] [T5] open=0 trades=0 realized=+0.0pt/Rs+0 unreal=+0.0pt/Rs+0
2026-09-14 05:38:29,933 [INFO] [INDICATORS] spot=74781.8 | 1h: close=74781.8 sma20=74788.5 sma50=75650.4 rsi=46.1 macd=-289.03/-349.83(bull) | 15m: K=81.1↓(prev 95.4) | regime=PE-eligible any_active=False
2026-09-14 05:38:29,933 [INFO] [SIGNAL] CE: reg=False K=False(K=81.1>=38,rising) Kextr=False RSI=False(46.1>53) MACD=True(gate off) => BLOCK | PE: reg=True K=False(K=81.1<=80,falling) Kextr=True RSI=True(46.1<47) MACD=False(gate off) => BLOCK
2026-09-14 05:38:33,077 [INFO] [periodic] Logs pushed to GitHub: Sensex_FlightRecorder_V2_5_20-SENSEX_20260914_090604.log, Sensex_BarLevel_V2_5_20-SENSEX_20260914_090604.csv
2026-09-14 05:39:03,301 [WARNING] [STALE] 15m last bar 15:15 (>20min old) — instant refetch
2026-09-14 05:39:03,341 [WARNING] [STALE] 15m STILL stale after refetch — entries blocked this cycle
2026-09-14 05:39:03,341 [WARNING] [STALE] fut15 last bar 15:30 (>20min old) — instant refetch
2026-09-14 05:39:03,442 [WARNING] [STALE] fut15 STILL stale after refetch — entries blocked this cycle
2026-09-14 05:39:33,710 [WARNING] [STALE] 15m last bar 15:15 (>20min old) — instant refetch
2026-09-14 05:39:33,749 [WARNING] [STALE] 15m STILL stale after refetch — entries blocked this cycle
2026-09-14 05:39:33,749 [WARNING] [STALE] fut15 last bar 15:30 (>20min old) — instant refetch
2026-09-14 05:39:33,784 [WARNING] [STALE] fut15 STILL stale after refetch — entries blocked this cycle
2026-09-14 05:40:04,028 [WARNING] [STALE] 15m last bar 15:15 (>20min old) — instant refetch
2026-09-14 05:40:04,062 [WARNING] [STALE] 15m STILL stale after refetch — entries blocked this cycle
2026-09-14 05:40:04,062 [WARNING] [STALE] fut15 last bar 15:30 (>20min old) — instant refetch
2026-09-14 05:40:04,101 [WARNING] [STALE] fut15 STILL stale after refetch — entries blocked this cycle
2026-09-14 05:40:34,330 [WARNING] [STALE] 15m last bar 15:15 (>20min old) — instant refetch
2026-09-14 05:40:34,369 [WARNING] [STALE] 15m STILL stale after refetch — entries blocked this cycle
2026-09-14 05:40:34,370 [WARNING] [STALE] fut15 last bar 15:30 (>20min old) — instant refetch
2026-09-14 05:40:34,404 [WARNING] [STALE] fut15 STILL stale after refetch — entries blocked this cycle
2026-09-14 05:41:04,637 [WARNING] [STALE] 15m last bar 15:15 (>20min old) — instant refetch
2026-09-14 05:41:04,674 [WARNING] [STALE] 15m STILL stale after refetch — entries blocked this cycle
2026-09-14 05:41:04,674 [WARNING] [STALE] fut15 last bar 15:30 (>20min old) — instant refetch
2026-09-14 05:41:04,707 [WARNING] [STALE] fut15 STILL stale after refetch — entries blocked this cycle
2026-09-14 05:41:34,947 [WARNING] [STALE] 15m last bar 15:15 (>20min old) — instant refetch
2026-09-14 05:41:34,985 [WARNING] [STALE] 15m STILL stale after refetch — entries blocked this cycle
2026-09-14 05:41:34,985 [WARNING] [STALE] fut15 last bar 15:30 (>20min old) — instant refetch
2026-09-14 05:41:35,017 [WARNING] [STALE] fut15 STILL stale after refetch — entries blocked this cycle
2026-09-14 05:42:05,262 [WARNING] [STALE] 15m last bar 15:15 (>20min old) — instant refetch
2026-09-14 05:42:05,353 [WARNING] [STALE] 15m STILL stale after refetch — entries blocked this cycle
2026-09-14 05:42:05,354 [WARNING] [STALE] fut15 last bar 15:30 (>20min old) — instant refetch
2026-09-14 05:42:05,399 [WARNING] [STALE] fut15 STILL stale after refetch — entries blocked this cycle
2026-09-14 05:42:35,698 [WARNING] [STALE] 15m last bar 15:15 (>20min old) — instant refetch
2026-09-14 05:42:35,736 [WARNING] [STALE] 15m STILL stale after refetch — entries blocked this cycle
2026-09-14 05:42:35,736 [WARNING] [STALE] fut15 last bar 15:30 (>20min old) — instant refetch
2026-09-14 05:42:35,771 [WARNING] [STALE] fut15 STILL stale after refetch — entries blocked this cycle
2026-09-14 05:43:06,034 [WARNING] [STALE] 15m last bar 15:15 (>20min old) — instant refetch
2026-09-14 05:43:06,069 [WARNING] [STALE] 15m STILL stale after refetch — entries blocked this cycle
2026-09-14 05:43:06,070 [WARNING] [STALE] fut15 last bar 15:30 (>20min old) — instant refetch
2026-09-14 05:43:06,103 [WARNING] [STALE] fut15 STILL stale after refetch — entries blocked this cycle
2026-09-14 05:43:36,340 [WARNING] [STALE] 15m last bar 15:15 (>20min old) — instant refetch
2026-09-14 05:43:36,378 [WARNING] [STALE] 15m STILL stale after refetch — entries blocked this cycle
2026-09-14 05:43:36,378 [WARNING] [STALE] fut15 last bar 15:30 (>20min old) — instant refetch
2026-09-14 05:43:36,416 [WARNING] [STALE] fut15 STILL stale after refetch — entries blocked this cycle
2026-09-14 05:43:36,436 [INFO] [APEX] open=0 trades=0 realized=+0.0pt/Rs+0 unreal=+0.0pt/Rs+0
2026-09-14 05:43:36,436 [INFO] [T5] open=0 trades=0 realized=+0.0pt/Rs+0 unreal=+0.0pt/Rs+0
2026-09-14 05:43:36,437 [INFO] [INDICATORS] spot=74781.8 | 1h: close=74781.8 sma20=74788.5 sma50=75650.4 rsi=46.1 macd=-289.03/-349.83(bull) | 15m: K=81.1↓(prev 95.4) | regime=PE-eligible any_active=False
2026-09-14 05:43:36,437 [INFO] [SIGNAL] CE: reg=False K=False(K=81.1>=38,rising) Kextr=False RSI=False(46.1>53) MACD=True(gate off) => BLOCK | PE: reg=True K=False(K=81.1<=80,falling) Kextr=True RSI=True(46.1<47) MACD=False(gate off) => BLOCK
2026-09-14 05:43:39,043 [INFO] [periodic] Logs pushed to GitHub: Sensex_FlightRecorder_V2_5_20-SENSEX_20260914_090604.log, Sensex_BarLevel_V2_5_20-SENSEX_20260914_090604.csv
2026-09-14 05:44:09,263 [WARNING] [STALE] 15m last bar 15:15 (>20min old) — instant refetch
2026-09-14 05:44:09,299 [WARNING] [STALE] 15m STILL stale after refetch — entries blocked this cycle
2026-09-14 05:44:10,095 [WARNING] [STALE] fut15 last bar 15:30 (>20min old) — instant refetch
2026-09-14 05:44:10,130 [WARNING] [STALE] fut15 STILL stale after refetch — entries blocked this cycle
2026-09-14 05:44:40,386 [WARNING] [STALE] 15m last bar 15:15 (>20min old) — instant refetch
2026-09-14 05:44:40,422 [WARNING] [STALE] 15m STILL stale after refetch — entries blocked this cycle
2026-09-14 05:44:40,423 [WARNING] [STALE] fut15 last bar 15:30 (>20min old) — instant refetch
2026-09-14 05:44:40,459 [WARNING] [STALE] fut15 STILL stale after refetch — entries blocked this cycle
2026-09-14 05:45:10,712 [WARNING] [STALE] 15m last bar 15:15 (>20min old) — instant refetch
2026-09-14 05:45:10,752 [WARNING] [STALE] 15m STILL stale after refetch — entries blocked this cycle
2026-09-14 05:45:10,752 [WARNING] [STALE] fut15 last bar 15:30 (>20min old) — instant refetch
2026-09-14 05:45:10,790 [WARNING] [STALE] fut15 STILL stale after refetch — entries blocked this cycle
2026-09-14 05:45:41,055 [WARNING] [STALE] 15m last bar 15:15 (>20min old) — instant refetch
2026-09-14 05:45:41,099 [WARNING] [STALE] 15m STILL stale after refetch — entries blocked this cycle
2026-09-14 05:45:41,099 [WARNING] [STALE] fut15 last bar 15:30 (>20min old) — instant refetch
2026-09-14 05:45:41,139 [WARNING] [STALE] fut15 STILL stale after refetch — entries blocked this cycle
2026-09-14 05:46:11,381 [WARNING] [STALE] 15m last bar 15:15 (>20min old) — instant refetch
2026-09-14 05:46:11,415 [WARNING] [STALE] 15m STILL stale after refetch — entries blocked this cycle
2026-09-14 05:46:11,416 [WARNING] [STALE] fut15 last bar 15:30 (>20min old) — instant refetch
2026-09-14 05:46:11,448 [WARNING] [STALE] fut15 STILL stale after refetch — entries blocked this cycle
2026-09-14 05:46:41,693 [WARNING] [STALE] 15m last bar 15:15 (>20min old) — instant refetch
2026-09-14 05:46:41,732 [WARNING] [STALE] 15m STILL stale after refetch — entries blocked this cycle
2026-09-14 05:46:41,732 [WARNING] [STALE] fut15 last bar 15:30 (>20min old) — instant refetch
2026-09-14 05:46:41,769 [WARNING] [STALE] fut15 STILL stale after refetch — entries blocked this cycle
2026-09-14 05:47:12,023 [WARNING] [STALE] 15m last bar 15:15 (>20min old) — instant refetch
2026-09-14 05:47:12,058 [WARNING] [STALE] 15m STILL stale after refetch — entries blocked this cycle
2026-09-14 05:47:12,059 [WARNING] [STALE] fut15 last bar 15:30 (>20min old) — instant refetch
2026-09-14 05:47:12,089 [WARNING] [STALE] fut15 STILL stale after refetch — entries blocked this cycle
2026-09-14 05:47:42,350 [WARNING] [STALE] 15m last bar 15:15 (>20min old) — instant refetch
2026-09-14 05:47:42,388 [WARNING] [STALE] 15m STILL stale after refetch — entries blocked this cycle
2026-09-14 05:47:42,388 [WARNING] [STALE] fut15 last bar 15:30 (>20min old) — instant refetch
2026-09-14 05:47:42,418 [WARNING] [STALE] fut15 STILL stale after refetch — entries blocked this cycle
2026-09-14 05:48:12,658 [WARNING] [STALE] 15m last bar 15:15 (>20min old) — instant refetch
2026-09-14 05:48:12,696 [WARNING] [STALE] 15m STILL stale after refetch — entries blocked this cycle
2026-09-14 05:48:12,696 [WARNING] [STALE] fut15 last bar 15:30 (>20min old) — instant refetch
2026-09-14 05:48:12,729 [WARNING] [STALE] fut15 STILL stale after refetch — entries blocked this cycle
2026-09-14 05:48:42,971 [WARNING] [STALE] 15m last bar 15:15 (>20min old) — instant refetch
2026-09-14 05:48:43,008 [WARNING] [STALE] 15m STILL stale after refetch — entries blocked this cycle
2026-09-14 05:48:43,008 [WARNING] [STALE] fut15 last bar 15:30 (>20min old) — instant refetch
2026-09-14 05:48:43,042 [WARNING] [STALE] fut15 STILL stale after refetch — entries blocked this cycle
2026-09-14 05:48:43,057 [INFO] [APEX] open=0 trades=0 realized=+0.0pt/Rs+0 unreal=+0.0pt/Rs+0
2026-09-14 05:48:43,058 [INFO] [T5] open=0 trades=0 realized=+0.0pt/Rs+0 unreal=+0.0pt/Rs+0
2026-09-14 05:48:43,058 [INFO] [INDICATORS] spot=74781.8 | 1h: close=74781.8 sma20=74788.5 sma50=75650.4 rsi=46.1 macd=-289.03/-349.83(bull) | 15m: K=81.1↓(prev 95.4) | regime=PE-eligible any_active=False
2026-09-14 05:48:43,058 [INFO] [SIGNAL] CE: reg=False K=False(K=81.1>=38,rising) Kextr=False RSI=False(46.1>53) MACD=True(gate off) => BLOCK | PE: reg=True K=False(K=81.1<=80,falling) Kextr=True RSI=True(46.1<47) MACD=False(gate off) => BLOCK
2026-09-14 05:48:45,380 [INFO] [periodic] Logs pushed to GitHub: Sensex_FlightRecorder_V2_5_20-SENSEX_20260914_090604.log, Sensex_BarLevel_V2_5_20-SENSEX_20260914_090604.csv
2026-09-14 05:49:15,603 [WARNING] [STALE] 15m last bar 15:15 (>20min old) — instant refetch
2026-09-14 05:49:15,638 [WARNING] [STALE] 15m STILL stale after refetch — entries blocked this cycle
2026-09-14 05:49:15,639 [WARNING] [STALE] fut15 last bar 15:30 (>20min old) — instant refetch
2026-09-14 05:49:15,672 [WARNING] [STALE] fut15 STILL stale after refetch — entries blocked this cycle
2026-09-14 05:49:45,911 [WARNING] [STALE] 15m last bar 15:15 (>20min old) — instant refetch
2026-09-14 05:49:45,948 [WARNING] [STALE] 15m STILL stale after refetch — entries blocked this cycle
2026-09-14 05:49:45,949 [WARNING] [STALE] fut15 last bar 15:30 (>20min old) — instant refetch
2026-09-14 05:49:45,983 [WARNING] [STALE] fut15 STILL stale after refetch — entries blocked this cycle
2026-09-14 05:50:16,216 [WARNING] [STALE] 15m last bar 15:15 (>20min old) — instant refetch
2026-09-14 05:50:16,253 [WARNING] [STALE] 15m STILL stale after refetch — entries blocked this cycle
2026-09-14 05:50:16,253 [WARNING] [STALE] fut15 last bar 15:30 (>20min old) — instant refetch
2026-09-14 05:50:16,287 [WARNING] [STALE] fut15 STILL stale after refetch — entries blocked this cycle
2026-09-14 05:50:46,548 [WARNING] [STALE] 15m last bar 15:15 (>20min old) — instant refetch
2026-09-14 05:50:46,587 [WARNING] [STALE] 15m STILL stale after refetch — entries blocked this cycle
2026-09-14 05:50:46,588 [WARNING] [STALE] fut15 last bar 15:30 (>20min old) — instant refetch
2026-09-14 05:50:46,624 [WARNING] [STALE] fut15 STILL stale after refetch — entries blocked this cycle
2026-09-14 05:51:16,897 [WARNING] [STALE] 15m last bar 15:15 (>20min old) — instant refetch
2026-09-14 05:51:16,941 [WARNING] [STALE] 15m STILL stale after refetch — entries blocked this cycle
2026-09-14 05:51:16,942 [WARNING] [STALE] fut15 last bar 15:30 (>20min old) — instant refetch
2026-09-14 05:51:16,983 [WARNING] [STALE] fut15 STILL stale after refetch — entries blocked this cycle
2026-09-14 05:51:47,243 [WARNING] [STALE] 15m last bar 15:15 (>20min old) — instant refetch
2026-09-14 05:51:47,283 [WARNING] [STALE] 15m STILL stale after refetch — entries blocked this cycle
2026-09-14 05:51:47,283 [WARNING] [STALE] fut15 last bar 15:30 (>20min old) — instant refetch
2026-09-14 05:51:47,321 [WARNING] [STALE] fut15 STILL stale after refetch — entries blocked this cycle
2026-09-14 05:52:17,552 [WARNING] [STALE] 15m last bar 15:15 (>20min old) — instant refetch
2026-09-14 05:52:17,581 [WARNING] [STALE] 15m STILL stale after refetch — entries blocked this cycle
2026-09-14 05:52:17,581 [WARNING] [STALE] fut15 last bar 15:30 (>20min old) — instant refetch
2026-09-14 05:52:17,613 [WARNING] [STALE] fut15 STILL stale after refetch — entries blocked this cycle
2026-09-14 05:52:47,854 [WARNING] [STALE] 15m last bar 15:15 (>20min old) — instant refetch
2026-09-14 05:52:47,892 [WARNING] [STALE] 15m STILL stale after refetch — entries blocked this cycle
2026-09-14 05:52:47,893 [WARNING] [STALE] fut15 last bar 15:30 (>20min old) — instant refetch
2026-09-14 05:52:47,925 [WARNING] [STALE] fut15 STILL stale after refetch — entries blocked this cycle
2026-09-14 05:53:18,170 [WARNING] [STALE] 15m last bar 15:15 (>20min old) — instant refetch
2026-09-14 05:53:18,206 [WARNING] [STALE] 15m STILL stale after refetch — entries blocked this cycle
2026-09-14 05:53:18,206 [WARNING] [STALE] fut15 last bar 15:30 (>20min old) — instant refetch
2026-09-14 05:53:18,241 [WARNING] [STALE] fut15 STILL stale after refetch — entries blocked this cycle
2026-09-14 05:53:48,482 [WARNING] [STALE] 15m last bar 15:15 (>20min old) — instant refetch
2026-09-14 05:53:48,518 [WARNING] [STALE] 15m STILL stale after refetch — entries blocked this cycle
2026-09-14 05:53:48,518 [WARNING] [STALE] fut15 last bar 15:30 (>20min old) — instant refetch
2026-09-14 05:53:48,555 [WARNING] [STALE] fut15 STILL stale after refetch — entries blocked this cycle
2026-09-14 05:53:48,571 [INFO] [APEX] open=0 trades=0 realized=+0.0pt/Rs+0 unreal=+0.0pt/Rs+0
2026-09-14 05:53:48,571 [INFO] [T5] open=0 trades=0 realized=+0.0pt/Rs+0 unreal=+0.0pt/Rs+0
2026-09-14 05:53:48,572 [INFO] [INDICATORS] spot=74781.8 | 1h: close=74781.8 sma20=74788.5 sma50=75650.4 rsi=46.1 macd=-289.03/-349.83(bull) | 15m: K=81.1↓(prev 95.4) | regime=PE-eligible any_active=False
2026-09-14 05:53:48,572 [INFO] [SIGNAL] CE: reg=False K=False(K=81.1>=38,rising) Kextr=False RSI=False(46.1>53) MACD=True(gate off) => BLOCK | PE: reg=True K=False(K=81.1<=80,falling) Kextr=True RSI=True(46.1<47) MACD=False(gate off) => BLOCK
2026-09-14 05:53:51,685 [INFO] [periodic] Logs pushed to GitHub: Sensex_FlightRecorder_V2_5_20-SENSEX_20260914_090604.log, Sensex_BarLevel_V2_5_20-SENSEX_20260914_090604.csv
2026-09-14 05:54:21,909 [WARNING] [STALE] 15m last bar 15:15 (>20min old) — instant refetch
2026-09-14 05:54:21,947 [WARNING] [STALE] 15m STILL stale after refetch — entries blocked this cycle
2026-09-14 05:54:22,756 [WARNING] [STALE] fut15 last bar 15:30 (>20min old) — instant refetch
2026-09-14 05:54:22,794 [WARNING] [STALE] fut15 STILL stale after refetch — entries blocked this cycle
2026-09-14 05:54:53,068 [WARNING] [STALE] 15m last bar 15:15 (>20min old) — instant refetch
2026-09-14 05:54:53,106 [WARNING] [STALE] 15m STILL stale after refetch — entries blocked this cycle
2026-09-14 05:54:53,106 [WARNING] [STALE] fut15 last bar 15:30 (>20min old) — instant refetch
2026-09-14 05:54:53,144 [WARNING] [STALE] fut15 STILL stale after refetch — entries blocked this cycle
2026-09-14 05:55:23,426 [WARNING] [STALE] 15m last bar 15:15 (>20min old) — instant refetch
2026-09-14 05:55:23,461 [WARNING] [STALE] 15m STILL stale after refetch — entries blocked this cycle
2026-09-14 05:55:23,462 [WARNING] [STALE] fut15 last bar 15:30 (>20min old) — instant refetch
2026-09-14 05:55:23,492 [WARNING] [STALE] fut15 STILL stale after refetch — entries blocked this cycle
2026-09-14 05:55:53,751 [WARNING] [STALE] 15m last bar 15:15 (>20min old) — instant refetch
2026-09-14 05:55:53,788 [WARNING] [STALE] 15m STILL stale after refetch — entries blocked this cycle
2026-09-14 05:55:53,788 [WARNING] [STALE] fut15 last bar 15:30 (>20min old) — instant refetch
2026-09-14 05:55:53,824 [WARNING] [STALE] fut15 STILL stale after refetch — entries blocked this cycle
2026-09-14 05:56:24,090 [WARNING] [STALE] 15m last bar 15:15 (>20min old) — instant refetch
2026-09-14 05:56:24,136 [WARNING] [STALE] 15m STILL stale after refetch — entries blocked this cycle
2026-09-14 05:56:24,137 [WARNING] [STALE] fut15 last bar 15:30 (>20min old) — instant refetch
2026-09-14 05:56:24,173 [WARNING] [STALE] fut15 STILL stale after refetch — entries blocked this cycle
2026-09-14 05:56:54,426 [WARNING] [STALE] 15m last bar 15:15 (>20min old) — instant refetch
2026-09-14 05:56:54,487 [WARNING] [STALE] 15m STILL stale after refetch — entries blocked this cycle
2026-09-14 05:56:54,487 [WARNING] [STALE] fut15 last bar 15:30 (>20min old) — instant refetch
2026-09-14 05:56:54,537 [WARNING] [STALE] fut15 STILL stale after refetch — entries blocked this cycle
2026-09-14 05:57:24,789 [WARNING] [STALE] 15m last bar 15:15 (>20min old) — instant refetch
2026-09-14 05:57:24,826 [WARNING] [STALE] 15m STILL stale after refetch — entries blocked this cycle
2026-09-14 05:57:24,826 [WARNING] [STALE] fut15 last bar 15:30 (>20min old) — instant refetch
2026-09-14 05:57:24,861 [WARNING] [STALE] fut15 STILL stale after refetch — entries blocked this cycle
2026-09-14 05:57:55,109 [WARNING] [STALE] 15m last bar 15:15 (>20min old) — instant refetch
2026-09-14 05:57:55,148 [WARNING] [STALE] 15m STILL stale after refetch — entries blocked this cycle
2026-09-14 05:57:55,149 [WARNING] [STALE] fut15 last bar 15:30 (>20min old) — instant refetch
2026-09-14 05:57:55,189 [WARNING] [STALE] fut15 STILL stale after refetch — entries blocked this cycle
2026-09-14 05:58:25,445 [WARNING] [STALE] 15m last bar 15:15 (>20min old) — instant refetch
2026-09-14 05:58:25,485 [WARNING] [STALE] 15m STILL stale after refetch — entries blocked this cycle
2026-09-14 05:58:25,486 [WARNING] [STALE] fut15 last bar 15:30 (>20min old) — instant refetch
2026-09-14 05:58:25,521 [WARNING] [STALE] fut15 STILL stale after refetch — entries blocked this cycle
2026-09-14 05:58:55,806 [WARNING] [STALE] 15m last bar 15:15 (>20min old) — instant refetch
2026-09-14 05:58:55,846 [WARNING] [STALE] 15m STILL stale after refetch — entries blocked this cycle
2026-09-14 05:58:55,847 [WARNING] [STALE] fut15 last bar 15:30 (>20min old) — instant refetch
2026-09-14 05:58:55,885 [WARNING] [STALE] fut15 STILL stale after refetch — entries blocked this cycle
2026-09-14 05:58:55,899 [INFO] [APEX] open=0 trades=0 realized=+0.0pt/Rs+0 unreal=+0.0pt/Rs+0
2026-09-14 05:58:55,899 [INFO] [T5] open=0 trades=0 realized=+0.0pt/Rs+0 unreal=+0.0pt/Rs+0
2026-09-14 05:58:55,900 [INFO] [INDICATORS] spot=74781.8 | 1h: close=74781.8 sma20=74788.5 sma50=75650.4 rsi=46.1 macd=-289.03/-349.83(bull) | 15m: K=81.1↓(prev 95.4) | regime=PE-eligible any_active=False
2026-09-14 05:58:55,900 [INFO] [SIGNAL] CE: reg=False K=False(K=81.1>=38,rising) Kextr=False RSI=False(46.1>53) MACD=True(gate off) => BLOCK | PE: reg=True K=False(K=81.1<=80,falling) Kextr=True RSI=True(46.1<47) MACD=False(gate off) => BLOCK
2026-09-14 05:58:58,297 [INFO] [periodic] Logs pushed to GitHub: Sensex_FlightRecorder_V2_5_20-SENSEX_20260914_090604.log, Sensex_BarLevel_V2_5_20-SENSEX_20260914_090604.csv
2026-09-14 05:59:28,525 [WARNING] [STALE] 15m last bar 15:15 (>20min old) — instant refetch
2026-09-14 05:59:28,584 [WARNING] [STALE] 15m STILL stale after refetch — entries blocked this cycle
2026-09-14 05:59:28,585 [WARNING] [STALE] fut15 last bar 15:30 (>20min old) — instant refetch
2026-09-14 05:59:28,619 [WARNING] [STALE] fut15 STILL stale after refetch — entries blocked this cycle
2026-09-14 05:59:58,885 [WARNING] [STALE] 15m last bar 15:15 (>20min old) — instant refetch
2026-09-14 05:59:58,929 [WARNING] [STALE] 15m STILL stale after refetch — entries blocked this cycle
2026-09-14 05:59:58,929 [WARNING] [STALE] fut15 last bar 15:30 (>20min old) — instant refetch
2026-09-14 05:59:58,966 [WARNING] [STALE] fut15 STILL stale after refetch — entries blocked this cycle
2026-09-14 06:00:29,240 [WARNING] [STALE] 15m last bar 15:15 (>20min old) — instant refetch
2026-09-14 06:00:29,282 [WARNING] [STALE] 15m STILL stale after refetch — entries blocked this cycle
2026-09-14 06:00:29,282 [WARNING] [STALE] fut15 last bar 15:30 (>20min old) — instant refetch
2026-09-14 06:00:29,320 [WARNING] [STALE] fut15 STILL stale after refetch — entries blocked this cycle
2026-09-14 06:01:00,488 [WARNING] [STALE] 15m last bar 15:15 (>20min old) — instant refetch
2026-09-14 06:01:00,530 [WARNING] [STALE] 15m STILL stale after refetch — entries blocked this cycle
2026-09-14 06:01:00,531 [WARNING] [STALE] fut15 last bar 15:30 (>20min old) — instant refetch
2026-09-14 06:01:00,567 [WARNING] [STALE] fut15 STILL stale after refetch — entries blocked this cycle
2026-09-14 06:01:30,837 [WARNING] [STALE] 15m last bar 15:15 (>20min old) — instant refetch
2026-09-14 06:01:30,874 [WARNING] [STALE] 15m STILL stale after refetch — entries blocked this cycle
2026-09-14 06:01:30,874 [WARNING] [STALE] fut15 last bar 15:30 (>20min old) — instant refetch
2026-09-14 06:01:30,906 [WARNING] [STALE] fut15 STILL stale after refetch — entries blocked this cycle
2026-09-14 06:02:01,161 [WARNING] [STALE] 15m last bar 15:15 (>20min old) — instant refetch
2026-09-14 06:02:01,202 [WARNING] [STALE] 15m STILL stale after refetch — entries blocked this cycle
2026-09-14 06:02:01,202 [WARNING] [STALE] fut15 last bar 15:30 (>20min old) — instant refetch
2026-09-14 06:02:01,238 [WARNING] [STALE] fut15 STILL stale after refetch — entries blocked this cycle
2026-09-14 06:02:31,502 [WARNING] [STALE] 15m last bar 15:15 (>20min old) — instant refetch
2026-09-14 06:02:31,546 [WARNING] [STALE] 15m STILL stale after refetch — entries blocked this cycle
2026-09-14 06:02:31,546 [WARNING] [STALE] fut15 last bar 15:30 (>20min old) — instant refetch
2026-09-14 06:02:31,585 [WARNING] [STALE] fut15 STILL stale after refetch — entries blocked this cycle
2026-09-14 06:03:01,907 [WARNING] [STALE] 15m last bar 15:15 (>20min old) — instant refetch
2026-09-14 06:03:01,946 [WARNING] [STALE] 15m STILL stale after refetch — entries blocked this cycle
2026-09-14 06:03:01,946 [WARNING] [STALE] fut15 last bar 15:30 (>20min old) — instant refetch
2026-09-14 06:03:01,978 [WARNING] [STALE] fut15 STILL stale after refetch — entries blocked this cycle
2026-09-14 06:03:32,218 [WARNING] [STALE] 15m last bar 15:15 (>20min old) — instant refetch
2026-09-14 06:03:32,256 [WARNING] [STALE] 15m STILL stale after refetch — entries blocked this cycle
2026-09-14 06:03:32,256 [WARNING] [STALE] fut15 last bar 15:30 (>20min old) — instant refetch
2026-09-14 06:03:32,289 [WARNING] [STALE] fut15 STILL stale after refetch — entries blocked this cycle
2026-09-14 06:04:02,534 [WARNING] [STALE] 15m last bar 15:15 (>20min old) — instant refetch
2026-09-14 06:04:02,573 [WARNING] [STALE] 15m STILL stale after refetch — entries blocked this cycle
2026-09-14 06:04:02,573 [WARNING] [STALE] fut15 last bar 15:30 (>20min old) — instant refetch
2026-09-14 06:04:02,609 [WARNING] [STALE] fut15 STILL stale after refetch — entries blocked this cycle
2026-09-14 06:04:02,624 [INFO] [APEX] open=0 trades=0 realized=+0.0pt/Rs+0 unreal=+0.0pt/Rs+0
2026-09-14 06:04:02,625 [INFO] [T5] open=0 trades=0 realized=+0.0pt/Rs+0 unreal=+0.0pt/Rs+0
2026-09-14 06:04:02,625 [INFO] [INDICATORS] spot=74781.8 | 1h: close=74781.8 sma20=74788.5 sma50=75650.4 rsi=46.1 macd=-289.03/-349.83(bull) | 15m: K=81.1↓(prev 95.4) | regime=PE-eligible any_active=False
2026-09-14 06:04:02,625 [INFO] [SIGNAL] CE: reg=False K=False(K=81.1>=38,rising) Kextr=False RSI=False(46.1>53) MACD=True(gate off) => BLOCK | PE: reg=True K=False(K=81.1<=80,falling) Kextr=True RSI=True(46.1<47) MACD=False(gate off) => BLOCK
2026-09-14 06:04:04,949 [INFO] [periodic] Logs pushed to GitHub: Sensex_FlightRecorder_V2_5_20-SENSEX_20260914_090604.log, Sensex_BarLevel_V2_5_20-SENSEX_20260914_090604.csv
2026-09-14 06:04:35,182 [WARNING] [STALE] 15m last bar 15:15 (>20min old) — instant refetch
2026-09-14 06:04:35,226 [WARNING] [STALE] 15m STILL stale after refetch — entries blocked this cycle
2026-09-14 06:04:36,044 [WARNING] [STALE] fut15 last bar 15:30 (>20min old) — instant refetch
2026-09-14 06:04:36,079 [WARNING] [STALE] fut15 STILL stale after refetch — entries blocked this cycle
2026-09-14 06:05:06,340 [WARNING] [STALE] 15m last bar 15:15 (>20min old) — instant refetch
2026-09-14 06:05:06,382 [WARNING] [STALE] 15m STILL stale after refetch — entries blocked this cycle
2026-09-14 06:05:06,382 [WARNING] [STALE] fut15 last bar 15:30 (>20min old) — instant refetch
2026-09-14 06:05:06,420 [WARNING] [STALE] fut15 STILL stale after refetch — entries blocked this cycle
2026-09-14 06:05:36,676 [WARNING] [STALE] 15m last bar 15:15 (>20min old) — instant refetch
2026-09-14 06:05:36,715 [WARNING] [STALE] 15m STILL stale after refetch — entries blocked this cycle
2026-09-14 06:05:36,715 [WARNING] [STALE] fut15 last bar 15:30 (>20min old) — instant refetch
2026-09-14 06:05:36,753 [WARNING] [STALE] fut15 STILL stale after refetch — entries blocked this cycle
2026-09-14 06:06:07,008 [WARNING] [STALE] 15m last bar 15:15 (>20min old) — instant refetch
2026-09-14 06:06:07,045 [WARNING] [STALE] 15m STILL stale after refetch — entries blocked this cycle
2026-09-14 06:06:07,045 [WARNING] [STALE] fut15 last bar 15:30 (>20min old) — instant refetch
2026-09-14 06:06:07,086 [WARNING] [STALE] fut15 STILL stale after refetch — entries blocked this cycle
2026-09-14 06:06:37,340 [WARNING] [STALE] 15m last bar 15:15 (>20min old) — instant refetch
2026-09-14 06:06:37,377 [WARNING] [STALE] 15m STILL stale after refetch — entries blocked this cycle
2026-09-14 06:06:37,378 [WARNING] [STALE] fut15 last bar 15:30 (>20min old) — instant refetch
2026-09-14 06:06:37,414 [WARNING] [STALE] fut15 STILL stale after refetch — entries blocked this cycle
2026-09-14 06:07:07,667 [WARNING] [STALE] 15m last bar 15:15 (>20min old) — instant refetch
2026-09-14 06:07:07,706 [WARNING] [STALE] 15m STILL stale after refetch — entries blocked this cycle
2026-09-14 06:07:07,706 [WARNING] [STALE] fut15 last bar 15:30 (>20min old) — instant refetch
2026-09-14 06:07:07,740 [WARNING] [STALE] fut15 STILL stale after refetch — entries blocked this cycle
2026-09-14 06:07:37,982 [WARNING] [STALE] 15m last bar 15:15 (>20min old) — instant refetch
2026-09-14 06:07:38,014 [WARNING] [STALE] 15m STILL stale after refetch — entries blocked this cycle
2026-09-14 06:07:38,014 [WARNING] [STALE] fut15 last bar 15:30 (>20min old) — instant refetch
2026-09-14 06:07:38,045 [WARNING] [STALE] fut15 STILL stale after refetch — entries blocked this cycle
2026-09-14 06:08:08,306 [WARNING] [STALE] 15m last bar 15:15 (>20min old) — instant refetch
2026-09-14 06:08:08,348 [WARNING] [STALE] 15m STILL stale after refetch — entries blocked this cycle
2026-09-14 06:08:08,349 [WARNING] [STALE] fut15 last bar 15:30 (>20min old) — instant refetch
2026-09-14 06:08:08,391 [WARNING] [STALE] fut15 STILL stale after refetch — entries blocked this cycle
2026-09-14 06:08:38,664 [WARNING] [STALE] 15m last bar 15:15 (>20min old) — instant refetch
2026-09-14 06:08:38,703 [WARNING] [STALE] 15m STILL stale after refetch — entries blocked this cycle
2026-09-14 06:08:38,703 [WARNING] [STALE] fut15 last bar 15:30 (>20min old) — instant refetch
2026-09-14 06:08:38,741 [WARNING] [STALE] fut15 STILL stale after refetch — entries blocked this cycle
2026-09-14 06:09:08,999 [WARNING] [STALE] 15m last bar 15:15 (>20min old) — instant refetch
2026-09-14 06:09:09,033 [WARNING] [STALE] 15m STILL stale after refetch — entries blocked this cycle
2026-09-14 06:09:09,033 [WARNING] [STALE] fut15 last bar 15:30 (>20min old) — instant refetch
2026-09-14 06:09:09,064 [WARNING] [STALE] fut15 STILL stale after refetch — entries blocked this cycle
2026-09-14 06:09:09,079 [INFO] [APEX] open=0 trades=0 realized=+0.0pt/Rs+0 unreal=+0.0pt/Rs+0
2026-09-14 06:09:09,079 [INFO] [T5] open=0 trades=0 realized=+0.0pt/Rs+0 unreal=+0.0pt/Rs+0
2026-09-14 06:09:09,079 [INFO] [INDICATORS] spot=74781.8 | 1h: close=74781.8 sma20=74788.5 sma50=75650.4 rsi=46.1 macd=-289.03/-349.83(bull) | 15m: K=81.1↓(prev 95.4) | regime=PE-eligible any_active=False
2026-09-14 06:09:09,079 [INFO] [SIGNAL] CE: reg=False K=False(K=81.1>=38,rising) Kextr=False RSI=False(46.1>53) MACD=True(gate off) => BLOCK | PE: reg=True K=False(K=81.1<=80,falling) Kextr=True RSI=True(46.1<47) MACD=False(gate off) => BLOCK
2026-09-14 06:09:12,467 [INFO] [periodic] Logs pushed to GitHub: Sensex_FlightRecorder_V2_5_20-SENSEX_20260914_090604.log, Sensex_BarLevel_V2_5_20-SENSEX_20260914_090604.csv
2026-09-14 06:09:42,690 [WARNING] [STALE] 15m last bar 15:15 (>20min old) — instant refetch
2026-09-14 06:09:42,728 [WARNING] [STALE] 15m STILL stale after refetch — entries blocked this cycle
2026-09-14 06:09:42,728 [WARNING] [STALE] fut15 last bar 15:30 (>20min old) — instant refetch
2026-09-14 06:09:42,768 [WARNING] [STALE] fut15 STILL stale after refetch — entries blocked this cycle
2026-09-14 06:10:13,031 [WARNING] [STALE] 15m last bar 15:15 (>20min old) — instant refetch
2026-09-14 06:10:13,070 [WARNING] [STALE] 15m STILL stale after refetch — entries blocked this cycle
2026-09-14 06:10:13,071 [WARNING] [STALE] fut15 last bar 15:30 (>20min old) — instant refetch
2026-09-14 06:10:13,105 [WARNING] [STALE] fut15 STILL stale after refetch — entries blocked this cycle
2026-09-14 06:10:43,393 [WARNING] [STALE] 15m last bar 15:15 (>20min old) — instant refetch
2026-09-14 06:10:43,438 [WARNING] [STALE] 15m STILL stale after refetch — entries blocked this cycle
2026-09-14 06:10:43,438 [WARNING] [STALE] fut15 last bar 15:30 (>20min old) — instant refetch
2026-09-14 06:10:43,481 [WARNING] [STALE] fut15 STILL stale after refetch — entries blocked this cycle
2026-09-14 06:11:13,717 [WARNING] [STALE] 15m last bar 15:15 (>20min old) — instant refetch
2026-09-14 06:11:13,754 [WARNING] [STALE] 15m STILL stale after refetch — entries blocked this cycle
2026-09-14 06:11:13,755 [WARNING] [STALE] fut15 last bar 15:30 (>20min old) — instant refetch
2026-09-14 06:11:13,787 [WARNING] [STALE] fut15 STILL stale after refetch — entries blocked this cycle
2026-09-14 06:11:44,025 [WARNING] [STALE] 15m last bar 15:15 (>20min old) — instant refetch
2026-09-14 06:11:44,061 [WARNING] [STALE] 15m STILL stale after refetch — entries blocked this cycle
2026-09-14 06:11:44,062 [WARNING] [STALE] fut15 last bar 15:30 (>20min old) — instant refetch
2026-09-14 06:11:44,095 [WARNING] [STALE] fut15 STILL stale after refetch — entries blocked this cycle
2026-09-14 06:12:14,395 [WARNING] [STALE] 15m last bar 15:15 (>20min old) — instant refetch
2026-09-14 06:12:14,433 [WARNING] [STALE] 15m STILL stale after refetch — entries blocked this cycle
2026-09-14 06:12:14,434 [WARNING] [STALE] fut15 last bar 15:30 (>20min old) — instant refetch
2026-09-14 06:12:14,471 [WARNING] [STALE] fut15 STILL stale after refetch — entries blocked this cycle
2026-09-14 06:12:44,745 [WARNING] [STALE] 15m last bar 15:15 (>20min old) — instant refetch
2026-09-14 06:12:44,785 [WARNING] [STALE] 15m STILL stale after refetch — entries blocked this cycle
2026-09-14 06:12:44,785 [WARNING] [STALE] fut15 last bar 15:30 (>20min old) — instant refetch
2026-09-14 06:12:44,825 [WARNING] [STALE] fut15 STILL stale after refetch — entries blocked this cycle
2026-09-14 06:13:15,087 [WARNING] [STALE] 15m last bar 15:15 (>20min old) — instant refetch
2026-09-14 06:13:15,124 [WARNING] [STALE] 15m STILL stale after refetch — entries blocked this cycle
2026-09-14 06:13:15,125 [WARNING] [STALE] fut15 last bar 15:30 (>20min old) — instant refetch
2026-09-14 06:13:15,162 [WARNING] [STALE] fut15 STILL stale after refetch — entries blocked this cycle
2026-09-14 06:13:45,441 [WARNING] [STALE] 15m last bar 15:15 (>20min old) — instant refetch
2026-09-14 06:13:45,479 [WARNING] [STALE] 15m STILL stale after refetch — entries blocked this cycle
2026-09-14 06:13:45,480 [WARNING] [STALE] fut15 last bar 15:30 (>20min old) — instant refetch
2026-09-14 06:13:45,517 [WARNING] [STALE] fut15 STILL stale after refetch — entries blocked this cycle
2026-09-14 06:14:15,792 [WARNING] [STALE] 15m last bar 15:15 (>20min old) — instant refetch
2026-09-14 06:14:15,833 [WARNING] [STALE] 15m STILL stale after refetch — entries blocked this cycle
2026-09-14 06:14:15,834 [WARNING] [STALE] fut15 last bar 15:30 (>20min old) — instant refetch
2026-09-14 06:14:15,876 [WARNING] [STALE] fut15 STILL stale after refetch — entries blocked this cycle
2026-09-14 06:14:15,893 [INFO] [APEX] open=0 trades=0 realized=+0.0pt/Rs+0 unreal=+0.0pt/Rs+0
2026-09-14 06:14:15,893 [INFO] [T5] open=0 trades=0 realized=+0.0pt/Rs+0 unreal=+0.0pt/Rs+0
2026-09-14 06:14:15,894 [INFO] [INDICATORS] spot=74781.8 | 1h: close=74781.8 sma20=74788.5 sma50=75650.4 rsi=46.1 macd=-289.03/-349.83(bull) | 15m: K=81.1↓(prev 95.4) | regime=PE-eligible any_active=False
2026-09-14 06:14:15,894 [INFO] [SIGNAL] CE: reg=False K=False(K=81.1>=38,rising) Kextr=False RSI=False(46.1>53) MACD=True(gate off) => BLOCK | PE: reg=True K=False(K=81.1<=80,falling) Kextr=True RSI=True(46.1<47) MACD=False(gate off) => BLOCK
2026-09-14 06:14:18,411 [INFO] [periodic] Logs pushed to GitHub: Sensex_FlightRecorder_V2_5_20-SENSEX_20260914_090604.log, Sensex_BarLevel_V2_5_20-SENSEX_20260914_090604.csv
2026-09-14 06:14:48,652 [WARNING] [STALE] 15m last bar 15:15 (>20min old) — instant refetch
2026-09-14 06:14:48,691 [WARNING] [STALE] 15m STILL stale after refetch — entries blocked this cycle
2026-09-14 06:14:49,520 [WARNING] [STALE] fut15 last bar 15:30 (>20min old) — instant refetch
2026-09-14 06:14:49,555 [WARNING] [STALE] fut15 STILL stale after refetch — entries blocked this cycle
2026-09-14 06:15:19,851 [WARNING] [STALE] 15m last bar 15:15 (>20min old) — instant refetch
2026-09-14 06:15:19,890 [WARNING] [STALE] 15m STILL stale after refetch — entries blocked this cycle
2026-09-14 06:15:19,891 [WARNING] [STALE] fut15 last bar 15:30 (>20min old) — instant refetch
2026-09-14 06:15:19,928 [WARNING] [STALE] fut15 STILL stale after refetch — entries blocked this cycle
2026-09-14 06:15:50,193 [WARNING] [STALE] 15m last bar 15:15 (>20min old) — instant refetch
2026-09-14 06:15:50,236 [WARNING] [STALE] 15m STILL stale after refetch — entries blocked this cycle
2026-09-14 06:15:50,236 [WARNING] [STALE] fut15 last bar 15:30 (>20min old) — instant refetch
2026-09-14 06:15:50,281 [WARNING] [STALE] fut15 STILL stale after refetch — entries blocked this cycle
2026-09-14 06:16:20,582 [WARNING] [STALE] 15m last bar 15:15 (>20min old) — instant refetch
2026-09-14 06:16:20,630 [WARNING] [STALE] 15m STILL stale after refetch — entries blocked this cycle
2026-09-14 06:16:20,630 [WARNING] [STALE] fut15 last bar 15:30 (>20min old) — instant refetch
2026-09-14 06:16:20,672 [WARNING] [STALE] fut15 STILL stale after refetch — entries blocked this cycle
2026-09-14 06:16:50,938 [WARNING] [STALE] 15m last bar 15:15 (>20min old) — instant refetch
2026-09-14 06:16:50,987 [WARNING] [STALE] 15m STILL stale after refetch — entries blocked this cycle
2026-09-14 06:16:50,988 [WARNING] [STALE] fut15 last bar 15:30 (>20min old) — instant refetch
2026-09-14 06:16:51,027 [WARNING] [STALE] fut15 STILL stale after refetch — entries blocked this cycle
2026-09-14 06:17:21,301 [WARNING] [STALE] 15m last bar 15:15 (>20min old) — instant refetch
2026-09-14 06:17:21,341 [WARNING] [STALE] 15m STILL stale after refetch — entries blocked this cycle
2026-09-14 06:17:21,341 [WARNING] [STALE] fut15 last bar 15:30 (>20min old) — instant refetch
2026-09-14 06:17:21,380 [WARNING] [STALE] fut15 STILL stale after refetch — entries blocked this cycle
2026-09-14 06:17:51,632 [WARNING] [STALE] 15m last bar 15:15 (>20min old) — instant refetch
2026-09-14 06:17:51,670 [WARNING] [STALE] 15m STILL stale after refetch — entries blocked this cycle
2026-09-14 06:17:51,671 [WARNING] [STALE] fut15 last bar 15:30 (>20min old) — instant refetch
2026-09-14 06:17:51,710 [WARNING] [STALE] fut15 STILL stale after refetch — entries blocked this cycle
2026-09-14 06:18:21,977 [WARNING] [STALE] 15m last bar 15:15 (>20min old) — instant refetch
2026-09-14 06:18:22,020 [WARNING] [STALE] 15m STILL stale after refetch — entries blocked this cycle
2026-09-14 06:18:22,020 [WARNING] [STALE] fut15 last bar 15:30 (>20min old) — instant refetch
2026-09-14 06:18:22,060 [WARNING] [STALE] fut15 STILL stale after refetch — entries blocked this cycle
2026-09-14 06:18:52,330 [WARNING] [STALE] 15m last bar 15:15 (>20min old) — instant refetch
2026-09-14 06:18:52,371 [WARNING] [STALE] 15m STILL stale after refetch — entries blocked this cycle
2026-09-14 06:18:52,371 [WARNING] [STALE] fut15 last bar 15:30 (>20min old) — instant refetch
2026-09-14 06:18:52,412 [WARNING] [STALE] fut15 STILL stale after refetch — entries blocked this cycle
2026-09-14 06:19:22,731 [WARNING] [STALE] 15m last bar 15:15 (>20min old) — instant refetch
2026-09-14 06:19:22,767 [WARNING] [STALE] 15m STILL stale after refetch — entries blocked this cycle
2026-09-14 06:19:22,767 [WARNING] [STALE] fut15 last bar 15:30 (>20min old) — instant refetch
2026-09-14 06:19:22,806 [WARNING] [STALE] fut15 STILL stale after refetch — entries blocked this cycle
2026-09-14 06:19:22,822 [INFO] [APEX] open=0 trades=0 realized=+0.0pt/Rs+0 unreal=+0.0pt/Rs+0
2026-09-14 06:19:22,823 [INFO] [T5] open=0 trades=0 realized=+0.0pt/Rs+0 unreal=+0.0pt/Rs+0
2026-09-14 06:19:22,823 [INFO] [INDICATORS] spot=74781.8 | 1h: close=74781.8 sma20=74788.5 sma50=75650.4 rsi=46.1 macd=-289.03/-349.83(bull) | 15m: K=81.1↓(prev 95.4) | regime=PE-eligible any_active=False
2026-09-14 06:19:22,823 [INFO] [SIGNAL] CE: reg=False K=False(K=81.1>=38,rising) Kextr=False RSI=False(46.1>53) MACD=True(gate off) => BLOCK | PE: reg=True K=False(K=81.1<=80,falling) Kextr=True RSI=True(46.1<47) MACD=False(gate off) => BLOCK
2026-09-14 06:19:25,476 [INFO] [periodic] Logs pushed to GitHub: Sensex_FlightRecorder_V2_5_20-SENSEX_20260914_090604.log, Sensex_BarLevel_V2_5_20-SENSEX_20260914_090604.csv
2026-09-14 06:19:55,720 [WARNING] [STALE] 15m last bar 15:15 (>20min old) — instant refetch
2026-09-14 06:19:55,755 [WARNING] [STALE] 15m STILL stale after refetch — entries blocked this cycle
2026-09-14 06:19:55,755 [WARNING] [STALE] fut15 last bar 15:30 (>20min old) — instant refetch
2026-09-14 06:19:55,791 [WARNING] [STALE] fut15 STILL stale after refetch — entries blocked this cycle
2026-09-14 06:20:26,068 [WARNING] [STALE] 15m last bar 15:15 (>20min old) — instant refetch
2026-09-14 06:20:26,115 [WARNING] [STALE] 15m STILL stale after refetch — entries blocked this cycle
2026-09-14 06:20:26,115 [WARNING] [STALE] fut15 last bar 15:30 (>20min old) — instant refetch
2026-09-14 06:20:26,155 [WARNING] [STALE] fut15 STILL stale after refetch — entries blocked this cycle
2026-09-14 06:20:56,504 [WARNING] [STALE] 15m last bar 15:15 (>20min old) — instant refetch
2026-09-14 06:20:56,556 [WARNING] [STALE] 15m STILL stale after refetch — entries blocked this cycle
2026-09-14 06:20:56,556 [WARNING] [STALE] fut15 last bar 15:30 (>20min old) — instant refetch
2026-09-14 06:20:56,608 [WARNING] [STALE] fut15 STILL stale after refetch — entries blocked this cycle
2026-09-14 06:21:26,876 [WARNING] [STALE] 15m last bar 15:15 (>20min old) — instant refetch
2026-09-14 06:21:26,918 [WARNING] [STALE] 15m STILL stale after refetch — entries blocked this cycle
2026-09-14 06:21:26,918 [WARNING] [STALE] fut15 last bar 15:30 (>20min old) — instant refetch
2026-09-14 06:21:26,963 [WARNING] [STALE] fut15 STILL stale after refetch — entries blocked this cycle
2026-09-14 06:21:57,246 [WARNING] [STALE] 15m last bar 15:15 (>20min old) — instant refetch
2026-09-14 06:21:57,288 [WARNING] [STALE] 15m STILL stale after refetch — entries blocked this cycle
2026-09-14 06:21:57,288 [WARNING] [STALE] fut15 last bar 15:30 (>20min old) — instant refetch
2026-09-14 06:21:57,330 [WARNING] [STALE] fut15 STILL stale after refetch — entries blocked this cycle
2026-09-14 06:22:27,674 [WARNING] [STALE] 15m last bar 15:15 (>20min old) — instant refetch
2026-09-14 06:22:27,714 [WARNING] [STALE] 15m STILL stale after refetch — entries blocked this cycle
2026-09-14 06:22:27,714 [WARNING] [STALE] fut15 last bar 15:30 (>20min old) — instant refetch
2026-09-14 06:22:27,764 [WARNING] [STALE] fut15 STILL stale after refetch — entries blocked this cycle
2026-09-14 06:22:58,020 [WARNING] [STALE] 15m last bar 15:15 (>20min old) — instant refetch
2026-09-14 06:22:58,058 [WARNING] [STALE] 15m STILL stale after refetch — entries blocked this cycle
2026-09-14 06:22:58,058 [WARNING] [STALE] fut15 last bar 15:30 (>20min old) — instant refetch
2026-09-14 06:22:58,094 [WARNING] [STALE] fut15 STILL stale after refetch — entries blocked this cycle
2026-09-14 06:23:28,337 [WARNING] [STALE] 15m last bar 15:15 (>20min old) — instant refetch
2026-09-14 06:23:28,373 [WARNING] [STALE] 15m STILL stale after refetch — entries blocked this cycle
2026-09-14 06:23:28,374 [WARNING] [STALE] fut15 last bar 15:30 (>20min old) — instant refetch
2026-09-14 06:23:28,410 [WARNING] [STALE] fut15 STILL stale after refetch — entries blocked this cycle
2026-09-14 06:23:58,670 [WARNING] [STALE] 15m last bar 15:15 (>20min old) — instant refetch
2026-09-14 06:23:58,710 [WARNING] [STALE] 15m STILL stale after refetch — entries blocked this cycle
2026-09-14 06:23:58,710 [WARNING] [STALE] fut15 last bar 15:30 (>20min old) — instant refetch
2026-09-14 06:23:58,749 [WARNING] [STALE] fut15 STILL stale after refetch — entries blocked this cycle
2026-09-14 06:24:29,009 [WARNING] [STALE] 15m last bar 15:15 (>20min old) — instant refetch
2026-09-14 06:24:29,046 [WARNING] [STALE] 15m STILL stale after refetch — entries blocked this cycle
2026-09-14 06:24:29,047 [WARNING] [STALE] fut15 last bar 15:30 (>20min old) — instant refetch
2026-09-14 06:24:29,082 [WARNING] [STALE] fut15 STILL stale after refetch — entries blocked this cycle
2026-09-14 06:24:29,098 [INFO] [APEX] open=0 trades=0 realized=+0.0pt/Rs+0 unreal=+0.0pt/Rs+0
2026-09-14 06:24:29,098 [INFO] [T5] open=0 trades=0 realized=+0.0pt/Rs+0 unreal=+0.0pt/Rs+0
2026-09-14 06:24:29,099 [INFO] [INDICATORS] spot=74781.8 | 1h: close=74781.8 sma20=74788.5 sma50=75650.4 rsi=46.1 macd=-289.03/-349.83(bull) | 15m: K=81.1↓(prev 95.4) | regime=PE-eligible any_active=False
2026-09-14 06:24:29,099 [INFO] [SIGNAL] CE: reg=False K=False(K=81.1>=38,rising) Kextr=False RSI=False(46.1>53) MACD=True(gate off) => BLOCK | PE: reg=True K=False(K=81.1<=80,falling) Kextr=True RSI=True(46.1<47) MACD=False(gate off) => BLOCK
2026-09-14 06:24:32,283 [INFO] [periodic] Logs pushed to GitHub: Sensex_FlightRecorder_V2_5_20-SENSEX_20260914_090604.log, Sensex_BarLevel_V2_5_20-SENSEX_20260914_090604.csv
2026-09-14 06:25:02,576 [WARNING] [STALE] 15m last bar 15:15 (>20min old) — instant refetch
2026-09-14 06:25:02,621 [WARNING] [STALE] 15m STILL stale after refetch — entries blocked this cycle
2026-09-14 06:25:03,426 [WARNING] [STALE] fut15 last bar 15:30 (>20min old) — instant refetch
2026-09-14 06:25:03,467 [WARNING] [STALE] fut15 STILL stale after refetch — entries blocked this cycle
2026-09-14 06:25:33,721 [WARNING] [STALE] 15m last bar 15:15 (>20min old) — instant refetch
2026-09-14 06:25:33,764 [WARNING] [STALE] 15m STILL stale after refetch — entries blocked this cycle
2026-09-14 06:25:33,765 [WARNING] [STALE] fut15 last bar 15:30 (>20min old) — instant refetch
2026-09-14 06:25:33,804 [WARNING] [STALE] fut15 STILL stale after refetch — entries blocked this cycle
2026-09-14 06:26:04,076 [WARNING] [STALE] 15m last bar 15:15 (>20min old) — instant refetch
2026-09-14 06:26:04,119 [WARNING] [STALE] 15m STILL stale after refetch — entries blocked this cycle
2026-09-14 06:26:04,119 [WARNING] [STALE] fut15 last bar 15:30 (>20min old) — instant refetch
2026-09-14 06:26:04,162 [WARNING] [STALE] fut15 STILL stale after refetch — entries blocked this cycle
2026-09-14 06:26:34,434 [WARNING] [STALE] 15m last bar 15:15 (>20min old) — instant refetch
2026-09-14 06:26:34,473 [WARNING] [STALE] 15m STILL stale after refetch — entries blocked this cycle
2026-09-14 06:26:34,474 [WARNING] [STALE] fut15 last bar 15:30 (>20min old) — instant refetch
2026-09-14 06:26:34,510 [WARNING] [STALE] fut15 STILL stale after refetch — entries blocked this cycle
2026-09-14 06:27:04,774 [WARNING] [STALE] 15m last bar 15:15 (>20min old) — instant refetch
2026-09-14 06:27:04,812 [WARNING] [STALE] 15m STILL stale after refetch — entries blocked this cycle
2026-09-14 06:27:04,812 [WARNING] [STALE] fut15 last bar 15:30 (>20min old) — instant refetch
2026-09-14 06:27:04,851 [WARNING] [STALE] fut15 STILL stale after refetch — entries blocked this cycle
2026-09-14 06:27:35,106 [WARNING] [STALE] 15m last bar 15:15 (>20min old) — instant refetch
2026-09-14 06:27:35,143 [WARNING] [STALE] 15m STILL stale after refetch — entries blocked this cycle
2026-09-14 06:27:35,143 [WARNING] [STALE] fut15 last bar 15:30 (>20min old) — instant refetch
2026-09-14 06:27:35,177 [WARNING] [STALE] fut15 STILL stale after refetch — entries blocked this cycle
2026-09-14 06:28:05,447 [WARNING] [STALE] 15m last bar 15:15 (>20min old) — instant refetch
2026-09-14 06:28:05,485 [WARNING] [STALE] 15m STILL stale after refetch — entries blocked this cycle
2026-09-14 06:28:05,485 [WARNING] [STALE] fut15 last bar 15:30 (>20min old) — instant refetch
2026-09-14 06:28:05,524 [WARNING] [STALE] fut15 STILL stale after refetch — entries blocked this cycle
2026-09-14 06:28:35,771 [WARNING] [STALE] 15m last bar 15:15 (>20min old) — instant refetch
2026-09-14 06:28:35,809 [WARNING] [STALE] 15m STILL stale after refetch — entries blocked this cycle
2026-09-14 06:28:35,809 [WARNING] [STALE] fut15 last bar 15:30 (>20min old) — instant refetch
2026-09-14 06:28:35,846 [WARNING] [STALE] fut15 STILL stale after refetch — entries blocked this cycle
2026-09-14 06:29:06,094 [WARNING] [STALE] 15m last bar 15:15 (>20min old) — instant refetch
2026-09-14 06:29:06,130 [WARNING] [STALE] 15m STILL stale after refetch — entries blocked this cycle
2026-09-14 06:29:06,130 [WARNING] [STALE] fut15 last bar 15:30 (>20min old) — instant refetch
2026-09-14 06:29:06,163 [WARNING] [STALE] fut15 STILL stale after refetch — entries blocked this cycle
2026-09-14 06:29:36,434 [WARNING] [STALE] 15m last bar 15:15 (>20min old) — instant refetch
2026-09-14 06:29:36,475 [WARNING] [STALE] 15m STILL stale after refetch — entries blocked this cycle
2026-09-14 06:29:36,476 [WARNING] [STALE] fut15 last bar 15:30 (>20min old) — instant refetch
2026-09-14 06:29:36,513 [WARNING] [STALE] fut15 STILL stale after refetch — entries blocked this cycle
2026-09-14 06:29:36,533 [INFO] [APEX] open=0 trades=0 realized=+0.0pt/Rs+0 unreal=+0.0pt/Rs+0
2026-09-14 06:29:36,533 [INFO] [T5] open=0 trades=0 realized=+0.0pt/Rs+0 unreal=+0.0pt/Rs+0
2026-09-14 06:29:36,534 [INFO] [INDICATORS] spot=74781.8 | 1h: close=74781.8 sma20=74788.5 sma50=75650.4 rsi=46.1 macd=-289.03/-349.83(bull) | 15m: K=81.1↓(prev 95.4) | regime=PE-eligible any_active=False
2026-09-14 06:29:36,534 [INFO] [SIGNAL] CE: reg=False K=False(K=81.1>=38,rising) Kextr=False RSI=False(46.1>53) MACD=True(gate off) => BLOCK | PE: reg=True K=False(K=81.1<=80,falling) Kextr=True RSI=True(46.1<47) MACD=False(gate off) => BLOCK
2026-09-14 06:29:39,086 [INFO] [periodic] Logs pushed to GitHub: Sensex_FlightRecorder_V2_5_20-SENSEX_20260914_090604.log, Sensex_BarLevel_V2_5_20-SENSEX_20260914_090604.csv
2026-09-14 06:30:09,316 [WARNING] [STALE] 15m last bar 15:15 (>20min old) — instant refetch
2026-09-14 06:30:09,353 [WARNING] [STALE] 15m STILL stale after refetch — entries blocked this cycle
2026-09-14 06:30:09,354 [WARNING] [STALE] fut15 last bar 15:30 (>20min old) — instant refetch
2026-09-14 06:30:09,403 [WARNING] [STALE] fut15 STILL stale after refetch — entries blocked this cycle
2026-09-14 06:30:39,683 [WARNING] [STALE] 15m last bar 15:15 (>20min old) — instant refetch
2026-09-14 06:30:39,728 [WARNING] [STALE] 15m STILL stale after refetch — entries blocked this cycle
2026-09-14 06:30:39,728 [WARNING] [STALE] fut15 last bar 15:30 (>20min old) — instant refetch
2026-09-14 06:30:39,772 [WARNING] [STALE] fut15 STILL stale after refetch — entries blocked this cycle
2026-09-14 06:31:10,035 [WARNING] [STALE] 15m last bar 15:15 (>20min old) — instant refetch
2026-09-14 06:31:10,074 [WARNING] [STALE] 15m STILL stale after refetch — entries blocked this cycle
2026-09-14 06:31:10,074 [WARNING] [STALE] fut15 last bar 15:30 (>20min old) — instant refetch
2026-09-14 06:31:10,109 [WARNING] [STALE] fut15 STILL stale after refetch — entries blocked this cycle
2026-09-14 06:31:40,370 [WARNING] [STALE] 15m last bar 15:15 (>20min old) — instant refetch
2026-09-14 06:31:40,410 [WARNING] [STALE] 15m STILL stale after refetch — entries blocked this cycle
2026-09-14 06:31:40,411 [WARNING] [STALE] fut15 last bar 15:30 (>20min old) — instant refetch
2026-09-14 06:31:40,448 [WARNING] [STALE] fut15 STILL stale after refetch — entries blocked this cycle
2026-09-14 06:32:10,733 [WARNING] [STALE] 15m last bar 15:15 (>20min old) — instant refetch
2026-09-14 06:32:10,776 [WARNING] [STALE] 15m STILL stale after refetch — entries blocked this cycle
2026-09-14 06:32:10,777 [WARNING] [STALE] fut15 last bar 15:30 (>20min old) — instant refetch
2026-09-14 06:32:10,817 [WARNING] [STALE] fut15 STILL stale after refetch — entries blocked this cycle
2026-09-14 06:32:41,108 [WARNING] [STALE] 15m last bar 15:15 (>20min old) — instant refetch
2026-09-14 06:32:41,151 [WARNING] [STALE] 15m STILL stale after refetch — entries blocked this cycle
2026-09-14 06:32:41,152 [WARNING] [STALE] fut15 last bar 15:30 (>20min old) — instant refetch
2026-09-14 06:32:41,191 [WARNING] [STALE] fut15 STILL stale after refetch — entries blocked this cycle
2026-09-14 06:33:11,450 [WARNING] [STALE] 15m last bar 15:15 (>20min old) — instant refetch
2026-09-14 06:33:11,489 [WARNING] [STALE] 15m STILL stale after refetch — entries blocked this cycle
2026-09-14 06:33:11,489 [WARNING] [STALE] fut15 last bar 15:30 (>20min old) — instant refetch
2026-09-14 06:33:11,529 [WARNING] [STALE] fut15 STILL stale after refetch — entries blocked this cycle
2026-09-14 06:33:41,782 [WARNING] [STALE] 15m last bar 15:15 (>20min old) — instant refetch
2026-09-14 06:33:41,821 [WARNING] [STALE] 15m STILL stale after refetch — entries blocked this cycle
2026-09-14 06:33:41,821 [WARNING] [STALE] fut15 last bar 15:30 (>20min old) — instant refetch
2026-09-14 06:33:41,862 [WARNING] [STALE] fut15 STILL stale after refetch — entries blocked this cycle
2026-09-14 06:34:12,128 [WARNING] [STALE] 15m last bar 15:15 (>20min old) — instant refetch
2026-09-14 06:34:12,168 [WARNING] [STALE] 15m STILL stale after refetch — entries blocked this cycle
2026-09-14 06:34:12,168 [WARNING] [STALE] fut15 last bar 15:30 (>20min old) — instant refetch
2026-09-14 06:34:12,208 [WARNING] [STALE] fut15 STILL stale after refetch — entries blocked this cycle
2026-09-14 06:34:42,468 [WARNING] [STALE] 15m last bar 15:15 (>20min old) — instant refetch
2026-09-14 06:34:42,511 [WARNING] [STALE] 15m STILL stale after refetch — entries blocked this cycle
2026-09-14 06:34:42,512 [WARNING] [STALE] fut15 last bar 15:30 (>20min old) — instant refetch
2026-09-14 06:34:42,548 [WARNING] [STALE] fut15 STILL stale after refetch — entries blocked this cycle
2026-09-14 06:34:42,565 [INFO] [APEX] open=0 trades=0 realized=+0.0pt/Rs+0 unreal=+0.0pt/Rs+0
2026-09-14 06:34:42,565 [INFO] [T5] open=0 trades=0 realized=+0.0pt/Rs+0 unreal=+0.0pt/Rs+0
2026-09-14 06:34:42,566 [INFO] [INDICATORS] spot=74781.8 | 1h: close=74781.8 sma20=74788.5 sma50=75650.4 rsi=46.1 macd=-289.03/-349.83(bull) | 15m: K=81.1↓(prev 95.4) | regime=PE-eligible any_active=False
2026-09-14 06:34:42,566 [INFO] [SIGNAL] CE: reg=False K=False(K=81.1>=38,rising) Kextr=False RSI=False(46.1>53) MACD=True(gate off) => BLOCK | PE: reg=True K=False(K=81.1<=80,falling) Kextr=True RSI=True(46.1<47) MACD=False(gate off) => BLOCK
2026-09-14 06:34:45,022 [INFO] [periodic] Logs pushed to GitHub: Sensex_FlightRecorder_V2_5_20-SENSEX_20260914_090604.log, Sensex_BarLevel_V2_5_20-SENSEX_20260914_090604.csv
2026-09-14 06:35:15,270 [WARNING] [STALE] 15m last bar 15:15 (>20min old) — instant refetch
2026-09-14 06:35:15,313 [WARNING] [STALE] 15m STILL stale after refetch — entries blocked this cycle
2026-09-14 06:35:16,121 [WARNING] [STALE] fut15 last bar 15:30 (>20min old) — instant refetch
2026-09-14 06:35:16,164 [WARNING] [STALE] fut15 STILL stale after refetch — entries blocked this cycle
2026-09-14 06:35:46,436 [WARNING] [STALE] 15m last bar 15:15 (>20min old) — instant refetch
2026-09-14 06:35:46,476 [WARNING] [STALE] 15m STILL stale after refetch — entries blocked this cycle
2026-09-14 06:35:46,476 [WARNING] [STALE] fut15 last bar 15:30 (>20min old) — instant refetch
2026-09-14 06:35:46,513 [WARNING] [STALE] fut15 STILL stale after refetch — entries blocked this cycle
2026-09-14 06:36:16,801 [WARNING] [STALE] 15m last bar 15:15 (>20min old) — instant refetch
2026-09-14 06:36:16,841 [WARNING] [STALE] 15m STILL stale after refetch — entries blocked this cycle
2026-09-14 06:36:16,841 [WARNING] [STALE] fut15 last bar 15:30 (>20min old) — instant refetch
2026-09-14 06:36:16,880 [WARNING] [STALE] fut15 STILL stale after refetch — entries blocked this cycle
2026-09-14 06:36:47,141 [WARNING] [STALE] 15m last bar 15:15 (>20min old) — instant refetch
2026-09-14 06:36:47,183 [WARNING] [STALE] 15m STILL stale after refetch — entries blocked this cycle
2026-09-14 06:36:47,183 [WARNING] [STALE] fut15 last bar 15:30 (>20min old) — instant refetch
2026-09-14 06:36:47,220 [WARNING] [STALE] fut15 STILL stale after refetch — entries blocked this cycle
2026-09-14 06:37:17,502 [WARNING] [STALE] 15m last bar 15:15 (>20min old) — instant refetch
2026-09-14 06:37:17,807 [WARNING] [STALE] 15m STILL stale after refetch — entries blocked this cycle
2026-09-14 06:37:17,808 [WARNING] [STALE] fut15 last bar 15:30 (>20min old) — instant refetch
2026-09-14 06:37:17,844 [WARNING] [STALE] fut15 STILL stale after refetch — entries blocked this cycle
2026-09-14 06:37:48,105 [WARNING] [STALE] 15m last bar 15:15 (>20min old) — instant refetch
2026-09-14 06:37:48,146 [WARNING] [STALE] 15m STILL stale after refetch — entries blocked this cycle
2026-09-14 06:37:48,146 [WARNING] [STALE] fut15 last bar 15:30 (>20min old) — instant refetch
2026-09-14 06:37:48,181 [WARNING] [STALE] fut15 STILL stale after refetch — entries blocked this cycle
2026-09-14 06:38:18,445 [WARNING] [STALE] 15m last bar 15:15 (>20min old) — instant refetch
2026-09-14 06:38:18,492 [WARNING] [STALE] 15m STILL stale after refetch — entries blocked this cycle
2026-09-14 06:38:18,492 [WARNING] [STALE] fut15 last bar 15:30 (>20min old) — instant refetch
2026-09-14 06:38:18,546 [WARNING] [STALE] fut15 STILL stale after refetch — entries blocked this cycle
2026-09-14 06:38:48,811 [WARNING] [STALE] 15m last bar 15:15 (>20min old) — instant refetch
2026-09-14 06:38:48,855 [WARNING] [STALE] 15m STILL stale after refetch — entries blocked this cycle
2026-09-14 06:38:48,855 [WARNING] [STALE] fut15 last bar 15:30 (>20min old) — instant refetch
2026-09-14 06:38:48,897 [WARNING] [STALE] fut15 STILL stale after refetch — entries blocked this cycle
2026-09-14 06:39:19,197 [WARNING] [STALE] 15m last bar 15:15 (>20min old) — instant refetch
2026-09-14 06:39:19,237 [WARNING] [STALE] 15m STILL stale after refetch — entries blocked this cycle
2026-09-14 06:39:19,237 [WARNING] [STALE] fut15 last bar 15:30 (>20min old) — instant refetch
2026-09-14 06:39:19,278 [WARNING] [STALE] fut15 STILL stale after refetch — entries blocked this cycle
2026-09-14 06:39:49,539 [WARNING] [STALE] 15m last bar 15:15 (>20min old) — instant refetch
2026-09-14 06:39:49,580 [WARNING] [STALE] 15m STILL stale after refetch — entries blocked this cycle
2026-09-14 06:39:49,580 [WARNING] [STALE] fut15 last bar 15:30 (>20min old) — instant refetch
2026-09-14 06:39:49,616 [WARNING] [STALE] fut15 STILL stale after refetch — entries blocked this cycle
2026-09-14 06:39:49,634 [INFO] [APEX] open=0 trades=0 realized=+0.0pt/Rs+0 unreal=+0.0pt/Rs+0
2026-09-14 06:39:49,634 [INFO] [T5] open=0 trades=0 realized=+0.0pt/Rs+0 unreal=+0.0pt/Rs+0
2026-09-14 06:39:49,634 [INFO] [INDICATORS] spot=74781.8 | 1h: close=74781.8 sma20=74788.5 sma50=75650.4 rsi=46.1 macd=-289.03/-349.83(bull) | 15m: K=81.1↓(prev 95.4) | regime=PE-eligible any_active=False
2026-09-14 06:39:49,635 [INFO] [SIGNAL] CE: reg=False K=False(K=81.1>=38,rising) Kextr=False RSI=False(46.1>53) MACD=True(gate off) => BLOCK | PE: reg=True K=False(K=81.1<=80,falling) Kextr=True RSI=True(46.1<47) MACD=False(gate off) => BLOCK
2026-09-14 06:39:52,892 [INFO] [periodic] Logs pushed to GitHub: Sensex_FlightRecorder_V2_5_20-SENSEX_20260914_090604.log, Sensex_BarLevel_V2_5_20-SENSEX_20260914_090604.csv
2026-09-14 06:40:23,154 [WARNING] [STALE] 15m last bar 15:15 (>20min old) — instant refetch
2026-09-14 06:40:23,194 [WARNING] [STALE] 15m STILL stale after refetch — entries blocked this cycle
2026-09-14 06:40:23,195 [WARNING] [STALE] fut15 last bar 15:30 (>20min old) — instant refetch
2026-09-14 06:40:23,233 [WARNING] [STALE] fut15 STILL stale after refetch — entries blocked this cycle
2026-09-14 06:40:53,513 [WARNING] [STALE] 15m last bar 15:15 (>20min old) — instant refetch
2026-09-14 06:40:53,554 [WARNING] [STALE] 15m STILL stale after refetch — entries blocked this cycle
2026-09-14 06:40:53,554 [WARNING] [STALE] fut15 last bar 15:30 (>20min old) — instant refetch
2026-09-14 06:40:53,590 [WARNING] [STALE] fut15 STILL stale after refetch — entries blocked this cycle
2026-09-14 06:41:23,863 [WARNING] [STALE] 15m last bar 15:15 (>20min old) — instant refetch
2026-09-14 06:41:23,904 [WARNING] [STALE] 15m STILL stale after refetch — entries blocked this cycle
2026-09-14 06:41:23,904 [WARNING] [STALE] fut15 last bar 15:30 (>20min old) — instant refetch
2026-09-14 06:41:23,944 [WARNING] [STALE] fut15 STILL stale after refetch — entries blocked this cycle
2026-09-14 06:41:54,212 [WARNING] [STALE] 15m last bar 15:15 (>20min old) — instant refetch
2026-09-14 06:41:54,251 [WARNING] [STALE] 15m STILL stale after refetch — entries blocked this cycle
2026-09-14 06:41:54,251 [WARNING] [STALE] fut15 last bar 15:30 (>20min old) — instant refetch
2026-09-14 06:41:54,290 [WARNING] [STALE] fut15 STILL stale after refetch — entries blocked this cycle
2026-09-14 06:42:24,648 [WARNING] [STALE] 15m last bar 15:15 (>20min old) — instant refetch
2026-09-14 06:42:24,697 [WARNING] [STALE] 15m STILL stale after refetch — entries blocked this cycle
2026-09-14 06:42:24,697 [WARNING] [STALE] fut15 last bar 15:30 (>20min old) — instant refetch
2026-09-14 06:42:24,740 [WARNING] [STALE] fut15 STILL stale after refetch — entries blocked this cycle
2026-09-14 06:42:55,041 [WARNING] [STALE] 15m last bar 15:15 (>20min old) — instant refetch
2026-09-14 06:42:55,087 [WARNING] [STALE] 15m STILL stale after refetch — entries blocked this cycle
2026-09-14 06:42:55,087 [WARNING] [STALE] fut15 last bar 15:30 (>20min old) — instant refetch
2026-09-14 06:42:55,127 [WARNING] [STALE] fut15 STILL stale after refetch — entries blocked this cycle
2026-09-14 06:43:25,433 [WARNING] [STALE] 15m last bar 15:15 (>20min old) — instant refetch
2026-09-14 06:43:25,474 [WARNING] [STALE] 15m STILL stale after refetch — entries blocked this cycle
2026-09-14 06:43:25,474 [WARNING] [STALE] fut15 last bar 15:30 (>20min old) — instant refetch
2026-09-14 06:43:25,517 [WARNING] [STALE] fut15 STILL stale after refetch — entries blocked this cycle
2026-09-14 06:43:55,792 [WARNING] [STALE] 15m last bar 15:15 (>20min old) — instant refetch
2026-09-14 06:43:55,831 [WARNING] [STALE] 15m STILL stale after refetch — entries blocked this cycle
2026-09-14 06:43:55,831 [WARNING] [STALE] fut15 last bar 15:30 (>20min old) — instant refetch
2026-09-14 06:43:55,869 [WARNING] [STALE] fut15 STILL stale after refetch — entries blocked this cycle
2026-09-14 06:44:26,185 [WARNING] [STALE] 15m last bar 15:15 (>20min old) — instant refetch
2026-09-14 06:44:26,227 [WARNING] [STALE] 15m STILL stale after refetch — entries blocked this cycle
2026-09-14 06:44:26,228 [WARNING] [STALE] fut15 last bar 15:30 (>20min old) — instant refetch
2026-09-14 06:44:26,272 [WARNING] [STALE] fut15 STILL stale after refetch — entries blocked this cycle
2026-09-14 06:44:56,547 [WARNING] [STALE] 15m last bar 15:15 (>20min old) — instant refetch
2026-09-14 06:44:56,586 [WARNING] [STALE] 15m STILL stale after refetch — entries blocked this cycle
2026-09-14 06:44:56,587 [WARNING] [STALE] fut15 last bar 15:30 (>20min old) — instant refetch
2026-09-14 06:44:56,630 [WARNING] [STALE] fut15 STILL stale after refetch — entries blocked this cycle
2026-09-14 06:44:56,653 [INFO] [APEX] open=0 trades=0 realized=+0.0pt/Rs+0 unreal=+0.0pt/Rs+0
2026-09-14 06:44:56,653 [INFO] [T5] open=0 trades=0 realized=+0.0pt/Rs+0 unreal=+0.0pt/Rs+0
2026-09-14 06:44:56,653 [INFO] [INDICATORS] spot=74781.8 | 1h: close=74781.8 sma20=74788.5 sma50=75650.4 rsi=46.1 macd=-289.03/-349.83(bull) | 15m: K=81.1↓(prev 95.4) | regime=PE-eligible any_active=False
2026-09-14 06:44:56,654 [INFO] [SIGNAL] CE: reg=False K=False(K=81.1>=38,rising) Kextr=False RSI=False(46.1>53) MACD=True(gate off) => BLOCK | PE: reg=True K=False(K=81.1<=80,falling) Kextr=True RSI=True(46.1<47) MACD=False(gate off) => BLOCK
2026-09-14 06:44:59,043 [INFO] [periodic] Logs pushed to GitHub: Sensex_FlightRecorder_V2_5_20-SENSEX_20260914_090604.log, Sensex_BarLevel_V2_5_20-SENSEX_20260914_090604.csv
2026-09-14 06:45:29,305 [WARNING] [STALE] 15m last bar 15:15 (>20min old) — instant refetch
2026-09-14 06:45:29,352 [WARNING] [STALE] 15m STILL stale after refetch — entries blocked this cycle
2026-09-14 06:45:30,337 [WARNING] [STALE] fut15 last bar 15:30 (>20min old) — instant refetch
2026-09-14 06:45:30,379 [WARNING] [STALE] fut15 STILL stale after refetch — entries blocked this cycle
2026-09-14 06:46:00,749 [WARNING] [STALE] 15m last bar 15:15 (>20min old) — instant refetch
2026-09-14 06:46:00,805 [WARNING] [STALE] 15m STILL stale after refetch — entries blocked this cycle
2026-09-14 06:46:00,805 [WARNING] [STALE] fut15 last bar 15:30 (>20min old) — instant refetch
2026-09-14 06:46:00,863 [WARNING] [STALE] fut15 STILL stale after refetch — entries blocked this cycle
2026-09-14 06:46:31,176 [WARNING] [STALE] 15m last bar 15:15 (>20min old) — instant refetch
2026-09-14 06:46:31,217 [WARNING] [STALE] 15m STILL stale after refetch — entries blocked this cycle
2026-09-14 06:46:31,218 [WARNING] [STALE] fut15 last bar 15:30 (>20min old) — instant refetch
2026-09-14 06:46:31,263 [WARNING] [STALE] fut15 STILL stale after refetch — entries blocked this cycle
2026-09-14 06:47:01,526 [WARNING] [STALE] 15m last bar 15:15 (>20min old) — instant refetch
2026-09-14 06:47:01,567 [WARNING] [STALE] 15m STILL stale after refetch — entries blocked this cycle
2026-09-14 06:47:01,567 [WARNING] [STALE] fut15 last bar 15:30 (>20min old) — instant refetch
2026-09-14 06:47:01,606 [WARNING] [STALE] fut15 STILL stale after refetch — entries blocked this cycle
2026-09-14 06:47:31,888 [WARNING] [STALE] 15m last bar 15:15 (>20min old) — instant refetch
2026-09-14 06:47:31,929 [WARNING] [STALE] 15m STILL stale after refetch — entries blocked this cycle
2026-09-14 06:47:31,929 [WARNING] [STALE] fut15 last bar 15:30 (>20min old) — instant refetch
2026-09-14 06:47:31,968 [WARNING] [STALE] fut15 STILL stale after refetch — entries blocked this cycle
2026-09-14 06:48:02,241 [WARNING] [STALE] 15m last bar 15:15 (>20min old) — instant refetch
2026-09-14 06:48:02,281 [WARNING] [STALE] 15m STILL stale after refetch — entries blocked this cycle
2026-09-14 06:48:02,281 [WARNING] [STALE] fut15 last bar 15:30 (>20min old) — instant refetch
2026-09-14 06:48:02,318 [WARNING] [STALE] fut15 STILL stale after refetch — entries blocked this cycle
2026-09-14 06:48:32,579 [WARNING] [STALE] 15m last bar 15:15 (>20min old) — instant refetch
2026-09-14 06:48:32,621 [WARNING] [STALE] 15m STILL stale after refetch — entries blocked this cycle
2026-09-14 06:48:32,622 [WARNING] [STALE] fut15 last bar 15:30 (>20min old) — instant refetch
2026-09-14 06:48:32,663 [WARNING] [STALE] fut15 STILL stale after refetch — entries blocked this cycle
2026-09-14 06:49:02,943 [WARNING] [STALE] 15m last bar 15:15 (>20min old) — instant refetch
2026-09-14 06:49:02,991 [WARNING] [STALE] 15m STILL stale after refetch — entries blocked this cycle
2026-09-14 06:49:02,991 [WARNING] [STALE] fut15 last bar 15:30 (>20min old) — instant refetch
2026-09-14 06:49:03,028 [WARNING] [STALE] fut15 STILL stale after refetch — entries blocked this cycle
2026-09-14 06:49:33,304 [WARNING] [STALE] 15m last bar 15:15 (>20min old) — instant refetch
2026-09-14 06:49:33,346 [WARNING] [STALE] 15m STILL stale after refetch — entries blocked this cycle
2026-09-14 06:49:33,347 [WARNING] [STALE] fut15 last bar 15:30 (>20min old) — instant refetch
2026-09-14 06:49:33,392 [WARNING] [STALE] fut15 STILL stale after refetch — entries blocked this cycle
2026-09-14 06:50:03,678 [WARNING] [STALE] 15m last bar 15:15 (>20min old) — instant refetch
2026-09-14 06:50:03,728 [WARNING] [STALE] 15m STILL stale after refetch — entries blocked this cycle
2026-09-14 06:50:03,729 [WARNING] [STALE] fut15 last bar 15:30 (>20min old) — instant refetch
2026-09-14 06:50:03,772 [WARNING] [STALE] fut15 STILL stale after refetch — entries blocked this cycle
2026-09-14 06:50:03,792 [INFO] [APEX] open=0 trades=0 realized=+0.0pt/Rs+0 unreal=+0.0pt/Rs+0
2026-09-14 06:50:03,792 [INFO] [T5] open=0 trades=0 realized=+0.0pt/Rs+0 unreal=+0.0pt/Rs+0
2026-09-14 06:50:03,793 [INFO] [INDICATORS] spot=74781.8 | 1h: close=74781.8 sma20=74788.5 sma50=75650.4 rsi=46.1 macd=-289.03/-349.83(bull) | 15m: K=81.1↓(prev 95.4) | regime=PE-eligible any_active=False
2026-09-14 06:50:03,793 [INFO] [SIGNAL] CE: reg=False K=False(K=81.1>=38,rising) Kextr=False RSI=False(46.1>53) MACD=True(gate off) => BLOCK | PE: reg=True K=False(K=81.1<=80,falling) Kextr=True RSI=True(46.1<47) MACD=False(gate off) => BLOCK
2026-09-14 06:50:06,588 [INFO] [periodic] Logs pushed to GitHub: Sensex_FlightRecorder_V2_5_20-SENSEX_20260914_090604.log, Sensex_BarLevel_V2_5_20-SENSEX_20260914_090604.csv
2026-09-14 06:50:36,818 [WARNING] [STALE] 15m last bar 15:15 (>20min old) — instant refetch
2026-09-14 06:50:36,857 [WARNING] [STALE] 15m STILL stale after refetch — entries blocked this cycle
2026-09-14 06:50:36,858 [WARNING] [STALE] fut15 last bar 15:30 (>20min old) — instant refetch
2026-09-14 06:50:36,894 [WARNING] [STALE] fut15 STILL stale after refetch — entries blocked this cycle
2026-09-14 06:51:07,156 [WARNING] [STALE] 15m last bar 15:15 (>20min old) — instant refetch
2026-09-14 06:51:07,197 [WARNING] [STALE] 15m STILL stale after refetch — entries blocked this cycle
2026-09-14 06:51:07,197 [WARNING] [STALE] fut15 last bar 15:30 (>20min old) — instant refetch
2026-09-14 06:51:07,238 [WARNING] [STALE] fut15 STILL stale after refetch — entries blocked this cycle
2026-09-14 06:51:37,503 [WARNING] [STALE] 15m last bar 15:15 (>20min old) — instant refetch
2026-09-14 06:51:37,546 [WARNING] [STALE] 15m STILL stale after refetch — entries blocked this cycle
2026-09-14 06:51:37,546 [WARNING] [STALE] fut15 last bar 15:30 (>20min old) — instant refetch
2026-09-14 06:51:37,587 [WARNING] [STALE] fut15 STILL stale after refetch — entries blocked this cycle
2026-09-14 06:52:07,867 [WARNING] [STALE] 15m last bar 15:15 (>20min old) — instant refetch
2026-09-14 06:52:07,910 [WARNING] [STALE] 15m STILL stale after refetch — entries blocked this cycle
2026-09-14 06:52:07,911 [WARNING] [STALE] fut15 last bar 15:30 (>20min old) — instant refetch
2026-09-14 06:52:07,955 [WARNING] [STALE] fut15 STILL stale after refetch — entries blocked this cycle
2026-09-14 06:52:38,216 [WARNING] [STALE] 15m last bar 15:15 (>20min old) — instant refetch
2026-09-14 06:52:38,256 [WARNING] [STALE] 15m STILL stale after refetch — entries blocked this cycle
2026-09-14 06:52:38,256 [WARNING] [STALE] fut15 last bar 15:30 (>20min old) — instant refetch
2026-09-14 06:52:38,297 [WARNING] [STALE] fut15 STILL stale after refetch — entries blocked this cycle
2026-09-14 06:53:08,550 [WARNING] [STALE] 15m last bar 15:15 (>20min old) — instant refetch
2026-09-14 06:53:08,594 [WARNING] [STALE] 15m STILL stale after refetch — entries blocked this cycle
2026-09-14 06:53:08,594 [WARNING] [STALE] fut15 last bar 15:30 (>20min old) — instant refetch
2026-09-14 06:53:08,634 [WARNING] [STALE] fut15 STILL stale after refetch — entries blocked this cycle
2026-09-14 06:53:38,895 [WARNING] [STALE] 15m last bar 15:15 (>20min old) — instant refetch
2026-09-14 06:53:38,942 [WARNING] [STALE] 15m STILL stale after refetch — entries blocked this cycle
2026-09-14 06:53:38,943 [WARNING] [STALE] fut15 last bar 15:30 (>20min old) — instant refetch
2026-09-14 06:53:38,993 [WARNING] [STALE] fut15 STILL stale after refetch — entries blocked this cycle
2026-09-14 06:54:09,270 [WARNING] [STALE] 15m last bar 15:15 (>20min old) — instant refetch
2026-09-14 06:54:09,313 [WARNING] [STALE] 15m STILL stale after refetch — entries blocked this cycle
2026-09-14 06:54:09,313 [WARNING] [STALE] fut15 last bar 15:30 (>20min old) — instant refetch
2026-09-14 06:54:09,349 [WARNING] [STALE] fut15 STILL stale after refetch — entries blocked this cycle
2026-09-14 06:54:39,624 [WARNING] [STALE] 15m last bar 15:15 (>20min old) — instant refetch
2026-09-14 06:54:39,663 [WARNING] [STALE] 15m STILL stale after refetch — entries blocked this cycle
2026-09-14 06:54:39,663 [WARNING] [STALE] fut15 last bar 15:30 (>20min old) — instant refetch
2026-09-14 06:54:39,699 [WARNING] [STALE] fut15 STILL stale after refetch — entries blocked this cycle
2026-09-14 06:55:09,966 [WARNING] [STALE] 15m last bar 15:15 (>20min old) — instant refetch
2026-09-14 06:55:10,008 [WARNING] [STALE] 15m STILL stale after refetch — entries blocked this cycle
2026-09-14 06:55:10,008 [WARNING] [STALE] fut15 last bar 15:30 (>20min old) — instant refetch
2026-09-14 06:55:10,048 [WARNING] [STALE] fut15 STILL stale after refetch — entries blocked this cycle
2026-09-14 06:55:10,065 [INFO] [APEX] open=0 trades=0 realized=+0.0pt/Rs+0 unreal=+0.0pt/Rs+0
2026-09-14 06:55:10,066 [INFO] [T5] open=0 trades=0 realized=+0.0pt/Rs+0 unreal=+0.0pt/Rs+0
2026-09-14 06:55:10,066 [INFO] [INDICATORS] spot=74781.8 | 1h: close=74781.8 sma20=74788.5 sma50=75650.4 rsi=46.1 macd=-289.03/-349.83(bull) | 15m: K=81.1↓(prev 95.4) | regime=PE-eligible any_active=False
2026-09-14 06:55:10,066 [INFO] [SIGNAL] CE: reg=False K=False(K=81.1>=38,rising) Kextr=False RSI=False(46.1>53) MACD=True(gate off) => BLOCK | PE: reg=True K=False(K=81.1<=80,falling) Kextr=True RSI=True(46.1<47) MACD=False(gate off) => BLOCK
2026-09-14 06:55:13,377 [INFO] [periodic] Logs pushed to GitHub: Sensex_FlightRecorder_V2_5_20-SENSEX_20260914_090604.log, Sensex_BarLevel_V2_5_20-SENSEX_20260914_090604.csv
2026-09-14 06:55:43,629 [WARNING] [STALE] 15m last bar 15:15 (>20min old) — instant refetch
2026-09-14 06:55:43,674 [WARNING] [STALE] 15m STILL stale after refetch — entries blocked this cycle
2026-09-14 06:55:44,469 [WARNING] [STALE] fut15 last bar 15:30 (>20min old) — instant refetch
2026-09-14 06:55:44,506 [WARNING] [STALE] fut15 STILL stale after refetch — entries blocked this cycle
2026-09-14 06:56:14,747 [WARNING] [STALE] 15m last bar 15:15 (>20min old) — instant refetch
2026-09-14 06:56:14,786 [WARNING] [STALE] 15m STILL stale after refetch — entries blocked this cycle
2026-09-14 06:56:14,787 [WARNING] [STALE] fut15 last bar 15:30 (>20min old) — instant refetch
2026-09-14 06:56:14,820 [WARNING] [STALE] fut15 STILL stale after refetch — entries blocked this cycle
2026-09-14 06:56:45,073 [WARNING] [STALE] 15m last bar 15:15 (>20min old) — instant refetch
2026-09-14 06:56:45,110 [WARNING] [STALE] 15m STILL stale after refetch — entries blocked this cycle
2026-09-14 06:56:45,111 [WARNING] [STALE] fut15 last bar 15:30 (>20min old) — instant refetch
2026-09-14 06:56:45,148 [WARNING] [STALE] fut15 STILL stale after refetch — entries blocked this cycle
2026-09-14 06:57:15,401 [WARNING] [STALE] 15m last bar 15:15 (>20min old) — instant refetch
2026-09-14 06:57:15,440 [WARNING] [STALE] 15m STILL stale after refetch — entries blocked this cycle
2026-09-14 06:57:15,440 [WARNING] [STALE] fut15 last bar 15:30 (>20min old) — instant refetch
2026-09-14 06:57:15,476 [WARNING] [STALE] fut15 STILL stale after refetch — entries blocked this cycle
2026-09-14 06:57:45,717 [WARNING] [STALE] 15m last bar 15:15 (>20min old) — instant refetch
2026-09-14 06:57:45,754 [WARNING] [STALE] 15m STILL stale after refetch — entries blocked this cycle
2026-09-14 06:57:45,755 [WARNING] [STALE] fut15 last bar 15:30 (>20min old) — instant refetch
2026-09-14 06:57:45,792 [WARNING] [STALE] fut15 STILL stale after refetch — entries blocked this cycle
2026-09-14 06:58:16,089 [WARNING] [STALE] 15m last bar 15:15 (>20min old) — instant refetch
2026-09-14 06:58:16,134 [WARNING] [STALE] 15m STILL stale after refetch — entries blocked this cycle
2026-09-14 06:58:16,135 [WARNING] [STALE] fut15 last bar 15:30 (>20min old) — instant refetch
2026-09-14 06:58:16,172 [WARNING] [STALE] fut15 STILL stale after refetch — entries blocked this cycle
2026-09-14 06:58:46,433 [WARNING] [STALE] 15m last bar 15:15 (>20min old) — instant refetch
2026-09-14 06:58:46,475 [WARNING] [STALE] 15m STILL stale after refetch — entries blocked this cycle
2026-09-14 06:58:46,476 [WARNING] [STALE] fut15 last bar 15:30 (>20min old) — instant refetch
2026-09-14 06:58:46,513 [WARNING] [STALE] fut15 STILL stale after refetch — entries blocked this cycle
2026-09-14 06:59:16,782 [WARNING] [STALE] 15m last bar 15:15 (>20min old) — instant refetch
2026-09-14 06:59:16,821 [WARNING] [STALE] 15m STILL stale after refetch — entries blocked this cycle
2026-09-14 06:59:16,821 [WARNING] [STALE] fut15 last bar 15:30 (>20min old) — instant refetch
2026-09-14 06:59:16,859 [WARNING] [STALE] fut15 STILL stale after refetch — entries blocked this cycle
2026-09-14 06:59:47,118 [WARNING] [STALE] 15m last bar 15:15 (>20min old) — instant refetch
2026-09-14 06:59:47,156 [WARNING] [STALE] 15m STILL stale after refetch — entries blocked this cycle
2026-09-14 06:59:47,156 [WARNING] [STALE] fut15 last bar 15:30 (>20min old) — instant refetch
2026-09-14 06:59:47,195 [WARNING] [STALE] fut15 STILL stale after refetch — entries blocked this cycle
2026-09-14 07:00:17,468 [WARNING] [STALE] 15m last bar 15:15 (>20min old) — instant refetch
2026-09-14 07:00:17,510 [WARNING] [STALE] 15m STILL stale after refetch — entries blocked this cycle
2026-09-14 07:00:17,511 [WARNING] [STALE] fut15 last bar 15:30 (>20min old) — instant refetch
2026-09-14 07:00:17,551 [WARNING] [STALE] fut15 STILL stale after refetch — entries blocked this cycle
2026-09-14 07:00:17,565 [INFO] [APEX] open=0 trades=0 realized=+0.0pt/Rs+0 unreal=+0.0pt/Rs+0
2026-09-14 07:00:17,565 [INFO] [T5] open=0 trades=0 realized=+0.0pt/Rs+0 unreal=+0.0pt/Rs+0
2026-09-14 07:00:17,566 [INFO] [INDICATORS] spot=74781.8 | 1h: close=74781.8 sma20=74788.5 sma50=75650.4 rsi=46.1 macd=-289.03/-349.83(bull) | 15m: K=81.1↓(prev 95.4) | regime=PE-eligible any_active=False
2026-09-14 07:00:17,566 [INFO] [SIGNAL] CE: reg=False K=False(K=81.1>=38,rising) Kextr=False RSI=False(46.1>53) MACD=True(gate off) => BLOCK | PE: reg=True K=False(K=81.1<=80,falling) Kextr=True RSI=True(46.1<47) MACD=False(gate off) => BLOCK
2026-09-14 07:00:20,224 [INFO] [periodic] Logs pushed to GitHub: Sensex_FlightRecorder_V2_5_20-SENSEX_20260914_090604.log, Sensex_BarLevel_V2_5_20-SENSEX_20260914_090604.csv
2026-09-14 07:00:50,534 [WARNING] [STALE] 15m last bar 15:15 (>20min old) — instant refetch
2026-09-14 07:00:50,583 [WARNING] [STALE] 15m STILL stale after refetch — entries blocked this cycle
2026-09-14 07:00:50,584 [WARNING] [STALE] fut15 last bar 15:30 (>20min old) — instant refetch
2026-09-14 07:00:50,633 [WARNING] [STALE] fut15 STILL stale after refetch — entries blocked this cycle
2026-09-14 07:01:20,910 [WARNING] [STALE] 15m last bar 15:15 (>20min old) — instant refetch
2026-09-14 07:01:20,951 [WARNING] [STALE] 15m STILL stale after refetch — entries blocked this cycle
2026-09-14 07:01:20,951 [WARNING] [STALE] fut15 last bar 15:30 (>20min old) — instant refetch
2026-09-14 07:01:20,993 [WARNING] [STALE] fut15 STILL stale after refetch — entries blocked this cycle
2026-09-14 07:01:51,264 [WARNING] [STALE] 15m last bar 15:15 (>20min old) — instant refetch
2026-09-14 07:01:51,302 [WARNING] [STALE] 15m STILL stale after refetch — entries blocked this cycle
2026-09-14 07:01:51,303 [WARNING] [STALE] fut15 last bar 15:30 (>20min old) — instant refetch
2026-09-14 07:01:51,339 [WARNING] [STALE] fut15 STILL stale after refetch — entries blocked this cycle
2026-09-14 07:02:21,619 [WARNING] [STALE] 15m last bar 15:15 (>20min old) — instant refetch
2026-09-14 07:02:21,658 [WARNING] [STALE] 15m STILL stale after refetch — entries blocked this cycle
2026-09-14 07:02:21,658 [WARNING] [STALE] fut15 last bar 15:30 (>20min old) — instant refetch
2026-09-14 07:02:21,696 [WARNING] [STALE] fut15 STILL stale after refetch — entries blocked this cycle
2026-09-14 07:02:51,954 [WARNING] [STALE] 15m last bar 15:15 (>20min old) — instant refetch
2026-09-14 07:02:51,992 [WARNING] [STALE] 15m STILL stale after refetch — entries blocked this cycle
2026-09-14 07:02:51,993 [WARNING] [STALE] fut15 last bar 15:30 (>20min old) — instant refetch
2026-09-14 07:02:52,029 [WARNING] [STALE] fut15 STILL stale after refetch — entries blocked this cycle
2026-09-14 07:03:22,311 [WARNING] [STALE] 15m last bar 15:15 (>20min old) — instant refetch
2026-09-14 07:03:22,353 [WARNING] [STALE] 15m STILL stale after refetch — entries blocked this cycle
2026-09-14 07:03:22,353 [WARNING] [STALE] fut15 last bar 15:30 (>20min old) — instant refetch
2026-09-14 07:03:22,391 [WARNING] [STALE] fut15 STILL stale after refetch — entries blocked this cycle
2026-09-14 07:03:52,689 [WARNING] [STALE] 15m last bar 15:15 (>20min old) — instant refetch
2026-09-14 07:03:52,732 [WARNING] [STALE] 15m STILL stale after refetch — entries blocked this cycle
2026-09-14 07:03:52,732 [WARNING] [STALE] fut15 last bar 15:30 (>20min old) — instant refetch
2026-09-14 07:03:52,769 [WARNING] [STALE] fut15 STILL stale after refetch — entries blocked this cycle
2026-09-14 07:04:23,062 [WARNING] [STALE] 15m last bar 15:15 (>20min old) — instant refetch
2026-09-14 07:04:23,106 [WARNING] [STALE] 15m STILL stale after refetch — entries blocked this cycle
2026-09-14 07:04:23,106 [WARNING] [STALE] fut15 last bar 15:30 (>20min old) — instant refetch
2026-09-14 07:04:23,148 [WARNING] [STALE] fut15 STILL stale after refetch — entries blocked this cycle
2026-09-14 07:04:53,404 [WARNING] [STALE] 15m last bar 15:15 (>20min old) — instant refetch
2026-09-14 07:04:53,451 [WARNING] [STALE] 15m STILL stale after refetch — entries blocked this cycle
2026-09-14 07:04:53,452 [WARNING] [STALE] fut15 last bar 15:30 (>20min old) — instant refetch
2026-09-14 07:04:53,489 [WARNING] [STALE] fut15 STILL stale after refetch — entries blocked this cycle
2026-09-14 07:05:23,739 [WARNING] [STALE] 15m last bar 15:15 (>20min old) — instant refetch
2026-09-14 07:05:23,775 [WARNING] [STALE] 15m STILL stale after refetch — entries blocked this cycle
2026-09-14 07:05:23,776 [WARNING] [STALE] fut15 last bar 15:30 (>20min old) — instant refetch
2026-09-14 07:05:23,811 [WARNING] [STALE] fut15 STILL stale after refetch — entries blocked this cycle
2026-09-14 07:05:23,827 [INFO] [APEX] open=0 trades=0 realized=+0.0pt/Rs+0 unreal=+0.0pt/Rs+0
2026-09-14 07:05:23,827 [INFO] [T5] open=0 trades=0 realized=+0.0pt/Rs+0 unreal=+0.0pt/Rs+0
2026-09-14 07:05:23,827 [INFO] [INDICATORS] spot=74781.8 | 1h: close=74781.8 sma20=74788.5 sma50=75650.4 rsi=46.1 macd=-289.03/-349.83(bull) | 15m: K=81.1↓(prev 95.4) | regime=PE-eligible any_active=False
2026-09-14 07:05:23,828 [INFO] [SIGNAL] CE: reg=False K=False(K=81.1>=38,rising) Kextr=False RSI=False(46.1>53) MACD=True(gate off) => BLOCK | PE: reg=True K=False(K=81.1<=80,falling) Kextr=True RSI=True(46.1<47) MACD=False(gate off) => BLOCK
2026-09-14 07:05:26,271 [INFO] [periodic] Logs pushed to GitHub: Sensex_FlightRecorder_V2_5_20-SENSEX_20260914_090604.log, Sensex_BarLevel_V2_5_20-SENSEX_20260914_090604.csv
2026-09-14 07:05:56,506 [WARNING] [STALE] 15m last bar 15:15 (>20min old) — instant refetch
2026-09-14 07:05:56,546 [WARNING] [STALE] 15m STILL stale after refetch — entries blocked this cycle
2026-09-14 07:05:57,366 [WARNING] [STALE] fut15 last bar 15:30 (>20min old) — instant refetch
2026-09-14 07:05:57,406 [WARNING] [STALE] fut15 STILL stale after refetch — entries blocked this cycle
2026-09-14 07:06:27,729 [WARNING] [STALE] 15m last bar 15:15 (>20min old) — instant refetch
2026-09-14 07:06:27,770 [WARNING] [STALE] 15m STILL stale after refetch — entries blocked this cycle
2026-09-14 07:06:27,771 [WARNING] [STALE] fut15 last bar 15:30 (>20min old) — instant refetch
2026-09-14 07:06:27,816 [WARNING] [STALE] fut15 STILL stale after refetch — entries blocked this cycle
2026-09-14 07:06:58,075 [WARNING] [STALE] 15m last bar 15:15 (>20min old) — instant refetch
2026-09-14 07:06:58,112 [WARNING] [STALE] 15m STILL stale after refetch — entries blocked this cycle
2026-09-14 07:06:58,112 [WARNING] [STALE] fut15 last bar 15:30 (>20min old) — instant refetch
2026-09-14 07:06:58,154 [WARNING] [STALE] fut15 STILL stale after refetch — entries blocked this cycle
2026-09-14 07:07:28,429 [WARNING] [STALE] 15m last bar 15:15 (>20min old) — instant refetch
2026-09-14 07:07:28,471 [WARNING] [STALE] 15m STILL stale after refetch — entries blocked this cycle
2026-09-14 07:07:28,471 [WARNING] [STALE] fut15 last bar 15:30 (>20min old) — instant refetch
2026-09-14 07:07:28,510 [WARNING] [STALE] fut15 STILL stale after refetch — entries blocked this cycle
2026-09-14 07:07:58,821 [WARNING] [STALE] 15m last bar 15:15 (>20min old) — instant refetch
2026-09-14 07:07:58,864 [WARNING] [STALE] 15m STILL stale after refetch — entries blocked this cycle
2026-09-14 07:07:58,865 [WARNING] [STALE] fut15 last bar 15:30 (>20min old) — instant refetch
2026-09-14 07:07:58,905 [WARNING] [STALE] fut15 STILL stale after refetch — entries blocked this cycle
2026-09-14 07:08:29,187 [WARNING] [STALE] 15m last bar 15:15 (>20min old) — instant refetch
2026-09-14 07:08:29,226 [WARNING] [STALE] 15m STILL stale after refetch — entries blocked this cycle
2026-09-14 07:08:29,226 [WARNING] [STALE] fut15 last bar 15:30 (>20min old) — instant refetch
2026-09-14 07:08:29,261 [WARNING] [STALE] fut15 STILL stale after refetch — entries blocked this cycle
2026-09-14 07:08:59,525 [WARNING] [STALE] 15m last bar 15:15 (>20min old) — instant refetch
2026-09-14 07:08:59,566 [WARNING] [STALE] 15m STILL stale after refetch — entries blocked this cycle
2026-09-14 07:08:59,566 [WARNING] [STALE] fut15 last bar 15:30 (>20min old) — instant refetch
2026-09-14 07:08:59,607 [WARNING] [STALE] fut15 STILL stale after refetch — entries blocked this cycle
2026-09-14 07:09:29,894 [WARNING] [STALE] 15m last bar 15:15 (>20min old) — instant refetch
2026-09-14 07:09:29,935 [WARNING] [STALE] 15m STILL stale after refetch — entries blocked this cycle
2026-09-14 07:09:29,936 [WARNING] [STALE] fut15 last bar 15:30 (>20min old) — instant refetch
2026-09-14 07:09:29,973 [WARNING] [STALE] fut15 STILL stale after refetch — entries blocked this cycle
2026-09-14 07:10:00,269 [WARNING] [STALE] 15m last bar 15:15 (>20min old) — instant refetch
2026-09-14 07:10:00,308 [WARNING] [STALE] 15m STILL stale after refetch — entries blocked this cycle
2026-09-14 07:10:00,309 [WARNING] [STALE] fut15 last bar 15:30 (>20min old) — instant refetch
2026-09-14 07:10:00,351 [WARNING] [STALE] fut15 STILL stale after refetch — entries blocked this cycle
2026-09-14 07:10:30,642 [WARNING] [STALE] 15m last bar 15:15 (>20min old) — instant refetch
2026-09-14 07:10:30,682 [WARNING] [STALE] 15m STILL stale after refetch — entries blocked this cycle
2026-09-14 07:10:30,682 [WARNING] [STALE] fut15 last bar 15:30 (>20min old) — instant refetch
2026-09-14 07:10:30,720 [WARNING] [STALE] fut15 STILL stale after refetch — entries blocked this cycle
2026-09-14 07:10:30,738 [INFO] [APEX] open=0 trades=0 realized=+0.0pt/Rs+0 unreal=+0.0pt/Rs+0
2026-09-14 07:10:30,738 [INFO] [T5] open=0 trades=0 realized=+0.0pt/Rs+0 unreal=+0.0pt/Rs+0
2026-09-14 07:10:30,739 [INFO] [INDICATORS] spot=74781.8 | 1h: close=74781.8 sma20=74788.5 sma50=75650.4 rsi=46.1 macd=-289.03/-349.83(bull) | 15m: K=81.1↓(prev 95.4) | regime=PE-eligible any_active=False
2026-09-14 07:10:30,739 [INFO] [SIGNAL] CE: reg=False K=False(K=81.1>=38,rising) Kextr=False RSI=False(46.1>53) MACD=True(gate off) => BLOCK | PE: reg=True K=False(K=81.1<=80,falling) Kextr=True RSI=True(46.1<47) MACD=False(gate off) => BLOCK
2026-09-14 07:10:34,356 [INFO] [periodic] Logs pushed to GitHub: Sensex_FlightRecorder_V2_5_20-SENSEX_20260914_090604.log, Sensex_BarLevel_V2_5_20-SENSEX_20260914_090604.csv
2026-09-14 07:11:04,605 [WARNING] [STALE] 15m last bar 15:15 (>20min old) — instant refetch
2026-09-14 07:11:04,646 [WARNING] [STALE] 15m STILL stale after refetch — entries blocked this cycle
2026-09-14 07:11:04,647 [WARNING] [STALE] fut15 last bar 15:30 (>20min old) — instant refetch
2026-09-14 07:11:04,684 [WARNING] [STALE] fut15 STILL stale after refetch — entries blocked this cycle
2026-09-14 07:11:34,960 [WARNING] [STALE] 15m last bar 15:15 (>20min old) — instant refetch
2026-09-14 07:11:35,020 [WARNING] [STALE] 15m STILL stale after refetch — entries blocked this cycle
2026-09-14 07:11:35,020 [WARNING] [STALE] fut15 last bar 15:30 (>20min old) — instant refetch
2026-09-14 07:11:35,067 [WARNING] [STALE] fut15 STILL stale after refetch — entries blocked this cycle
2026-09-14 07:12:05,332 [WARNING] [STALE] 15m last bar 15:15 (>20min old) — instant refetch
2026-09-14 07:12:05,379 [WARNING] [STALE] 15m STILL stale after refetch — entries blocked this cycle
2026-09-14 07:12:05,379 [WARNING] [STALE] fut15 last bar 15:30 (>20min old) — instant refetch
2026-09-14 07:12:05,418 [WARNING] [STALE] fut15 STILL stale after refetch — entries blocked this cycle
2026-09-14 07:12:35,693 [WARNING] [STALE] 15m last bar 15:15 (>20min old) — instant refetch
2026-09-14 07:12:35,724 [WARNING] [STALE] 15m STILL stale after refetch — entries blocked this cycle
2026-09-14 07:12:35,724 [WARNING] [STALE] fut15 last bar 15:30 (>20min old) — instant refetch
2026-09-14 07:12:35,751 [WARNING] [STALE] fut15 STILL stale after refetch — entries blocked this cycle
2026-09-14 07:13:05,927 [WARNING] [STALE] 15m last bar 15:15 (>20min old) — instant refetch
2026-09-14 07:13:05,954 [WARNING] [STALE] 15m STILL stale after refetch — entries blocked this cycle
2026-09-14 07:13:05,955 [WARNING] [STALE] fut15 last bar 15:30 (>20min old) — instant refetch
2026-09-14 07:13:05,979 [WARNING] [STALE] fut15 STILL stale after refetch — entries blocked this cycle
2026-09-14 07:13:36,170 [WARNING] [STALE] 15m last bar 15:15 (>20min old) — instant refetch
2026-09-14 07:13:36,200 [WARNING] [STALE] 15m STILL stale after refetch — entries blocked this cycle
2026-09-14 07:13:36,201 [WARNING] [STALE] fut15 last bar 15:30 (>20min old) — instant refetch
2026-09-14 07:13:36,228 [WARNING] [STALE] fut15 STILL stale after refetch — entries blocked this cycle
2026-09-14 07:14:06,403 [WARNING] [STALE] 15m last bar 15:15 (>20min old) — instant refetch
2026-09-14 07:14:06,431 [WARNING] [STALE] 15m STILL stale after refetch — entries blocked this cycle
2026-09-14 07:14:06,431 [WARNING] [STALE] fut15 last bar 15:30 (>20min old) — instant refetch
2026-09-14 07:14:06,456 [WARNING] [STALE] fut15 STILL stale after refetch — entries blocked this cycle
2026-09-14 07:14:36,644 [WARNING] [STALE] 15m last bar 15:15 (>20min old) — instant refetch
2026-09-14 07:14:36,673 [WARNING] [STALE] 15m STILL stale after refetch — entries blocked this cycle
2026-09-14 07:14:36,673 [WARNING] [STALE] fut15 last bar 15:30 (>20min old) — instant refetch
2026-09-14 07:14:36,697 [WARNING] [STALE] fut15 STILL stale after refetch — entries blocked this cycle
2026-09-14 07:15:06,876 [WARNING] [STALE] 15m last bar 15:15 (>20min old) — instant refetch
2026-09-14 07:15:06,905 [WARNING] [STALE] 15m STILL stale after refetch — entries blocked this cycle
2026-09-14 07:15:06,905 [WARNING] [STALE] fut15 last bar 15:30 (>20min old) — instant refetch
2026-09-14 07:15:06,931 [WARNING] [STALE] fut15 STILL stale after refetch — entries blocked this cycle
2026-09-14 07:15:37,104 [WARNING] [STALE] 15m last bar 15:15 (>20min old) — instant refetch
2026-09-14 07:15:37,130 [WARNING] [STALE] 15m STILL stale after refetch — entries blocked this cycle
2026-09-14 07:15:37,130 [WARNING] [STALE] fut15 last bar 15:30 (>20min old) — instant refetch
2026-09-14 07:15:37,154 [WARNING] [STALE] fut15 STILL stale after refetch — entries blocked this cycle
2026-09-14 07:15:37,165 [INFO] [APEX] open=0 trades=0 realized=+0.0pt/Rs+0 unreal=+0.0pt/Rs+0
2026-09-14 07:15:37,165 [INFO] [T5] open=0 trades=0 realized=+0.0pt/Rs+0 unreal=+0.0pt/Rs+0
2026-09-14 07:15:37,166 [INFO] [INDICATORS] spot=74781.8 | 1h: close=74781.8 sma20=74788.5 sma50=75650.4 rsi=46.1 macd=-289.03/-349.83(bull) | 15m: K=81.1↓(prev 95.4) | regime=PE-eligible any_active=False
2026-09-14 07:15:37,166 [INFO] [SIGNAL] CE: reg=False K=False(K=81.1>=38,rising) Kextr=False RSI=False(46.1>53) MACD=True(gate off) => BLOCK | PE: reg=True K=False(K=81.1<=80,falling) Kextr=True RSI=True(46.1<47) MACD=False(gate off) => BLOCK
2026-09-14 07:15:39,729 [INFO] [periodic] Logs pushed to GitHub: Sensex_FlightRecorder_V2_5_20-SENSEX_20260914_090604.log, Sensex_BarLevel_V2_5_20-SENSEX_20260914_090604.csv
2026-09-14 07:16:09,897 [WARNING] [STALE] 15m last bar 15:15 (>20min old) — instant refetch
2026-09-14 07:16:09,927 [WARNING] [STALE] 15m STILL stale after refetch — entries blocked this cycle
2026-09-14 07:16:10,726 [WARNING] [STALE] fut15 last bar 15:30 (>20min old) — instant refetch
2026-09-14 07:16:10,754 [WARNING] [STALE] fut15 STILL stale after refetch — entries blocked this cycle
2026-09-14 07:16:40,955 [WARNING] [STALE] 15m last bar 15:15 (>20min old) — instant refetch
2026-09-14 07:16:40,988 [WARNING] [STALE] 15m STILL stale after refetch — entries blocked this cycle
2026-09-14 07:16:40,989 [WARNING] [STALE] fut15 last bar 15:30 (>20min old) — instant refetch
2026-09-14 07:16:41,019 [WARNING] [STALE] fut15 STILL stale after refetch — entries blocked this cycle
2026-09-14 07:17:11,212 [WARNING] [STALE] 15m last bar 15:15 (>20min old) — instant refetch
2026-09-14 07:17:11,242 [WARNING] [STALE] 15m STILL stale after refetch — entries blocked this cycle
2026-09-14 07:17:11,243 [WARNING] [STALE] fut15 last bar 15:30 (>20min old) — instant refetch
2026-09-14 07:17:11,268 [WARNING] [STALE] fut15 STILL stale after refetch — entries blocked this cycle
2026-09-14 07:17:41,448 [WARNING] [STALE] 15m last bar 15:15 (>20min old) — instant refetch
2026-09-14 07:17:41,475 [WARNING] [STALE] 15m STILL stale after refetch — entries blocked this cycle
2026-09-14 07:17:41,476 [WARNING] [STALE] fut15 last bar 15:30 (>20min old) — instant refetch
2026-09-14 07:17:41,500 [WARNING] [STALE] fut15 STILL stale after refetch — entries blocked this cycle
2026-09-14 07:18:11,684 [WARNING] [STALE] 15m last bar 15:15 (>20min old) — instant refetch
2026-09-14 07:18:11,711 [WARNING] [STALE] 15m STILL stale after refetch — entries blocked this cycle
2026-09-14 07:18:11,711 [WARNING] [STALE] fut15 last bar 15:30 (>20min old) — instant refetch
2026-09-14 07:18:11,735 [WARNING] [STALE] fut15 STILL stale after refetch — entries blocked this cycle
2026-09-14 07:18:41,912 [WARNING] [STALE] 15m last bar 15:15 (>20min old) — instant refetch
2026-09-14 07:18:41,939 [WARNING] [STALE] 15m STILL stale after refetch — entries blocked this cycle
2026-09-14 07:18:41,939 [WARNING] [STALE] fut15 last bar 15:30 (>20min old) — instant refetch
2026-09-14 07:18:41,962 [WARNING] [STALE] fut15 STILL stale after refetch — entries blocked this cycle
2026-09-14 07:19:12,136 [WARNING] [STALE] 15m last bar 15:15 (>20min old) — instant refetch
2026-09-14 07:19:12,164 [WARNING] [STALE] 15m STILL stale after refetch — entries blocked this cycle
2026-09-14 07:19:12,164 [WARNING] [STALE] fut15 last bar 15:30 (>20min old) — instant refetch
2026-09-14 07:19:12,188 [WARNING] [STALE] fut15 STILL stale after refetch — entries blocked this cycle
2026-09-14 07:19:42,390 [WARNING] [STALE] 15m last bar 15:15 (>20min old) — instant refetch
2026-09-14 07:19:42,423 [WARNING] [STALE] 15m STILL stale after refetch — entries blocked this cycle
2026-09-14 07:19:42,423 [WARNING] [STALE] fut15 last bar 15:30 (>20min old) — instant refetch
2026-09-14 07:19:42,451 [WARNING] [STALE] fut15 STILL stale after refetch — entries blocked this cycle
2026-09-14 07:20:12,631 [WARNING] [STALE] 15m last bar 15:15 (>20min old) — instant refetch
2026-09-14 07:20:12,658 [WARNING] [STALE] 15m STILL stale after refetch — entries blocked this cycle
2026-09-14 07:20:12,659 [WARNING] [STALE] fut15 last bar 15:30 (>20min old) — instant refetch
2026-09-14 07:20:12,685 [WARNING] [STALE] fut15 STILL stale after refetch — entries blocked this cycle
2026-09-14 07:20:42,868 [WARNING] [STALE] 15m last bar 15:15 (>20min old) — instant refetch
2026-09-14 07:20:42,897 [WARNING] [STALE] 15m STILL stale after refetch — entries blocked this cycle
2026-09-14 07:20:42,898 [WARNING] [STALE] fut15 last bar 15:30 (>20min old) — instant refetch
2026-09-14 07:20:42,923 [WARNING] [STALE] fut15 STILL stale after refetch — entries blocked this cycle
2026-09-14 07:20:42,934 [INFO] [APEX] open=0 trades=0 realized=+0.0pt/Rs+0 unreal=+0.0pt/Rs+0
2026-09-14 07:20:42,934 [INFO] [T5] open=0 trades=0 realized=+0.0pt/Rs+0 unreal=+0.0pt/Rs+0
2026-09-14 07:20:42,935 [INFO] [INDICATORS] spot=74781.8 | 1h: close=74781.8 sma20=74788.5 sma50=75650.4 rsi=46.1 macd=-289.03/-349.83(bull) | 15m: K=81.1↓(prev 95.4) | regime=PE-eligible any_active=False
2026-09-14 07:20:42,935 [INFO] [SIGNAL] CE: reg=False K=False(K=81.1>=38,rising) Kextr=False RSI=False(46.1>53) MACD=True(gate off) => BLOCK | PE: reg=True K=False(K=81.1<=80,falling) Kextr=True RSI=True(46.1<47) MACD=False(gate off) => BLOCK
2026-09-14 07:20:45,452 [INFO] [periodic] Logs pushed to GitHub: Sensex_FlightRecorder_V2_5_20-SENSEX_20260914_090604.log, Sensex_BarLevel_V2_5_20-SENSEX_20260914_090604.csv
2026-09-14 07:21:15,617 [WARNING] [STALE] 15m last bar 15:15 (>20min old) — instant refetch
2026-09-14 07:21:15,645 [WARNING] [STALE] 15m STILL stale after refetch — entries blocked this cycle
2026-09-14 07:21:15,645 [WARNING] [STALE] fut15 last bar 15:30 (>20min old) — instant refetch
2026-09-14 07:21:15,668 [WARNING] [STALE] fut15 STILL stale after refetch — entries blocked this cycle
2026-09-14 07:21:45,848 [WARNING] [STALE] 15m last bar 15:15 (>20min old) — instant refetch
2026-09-14 07:21:45,880 [WARNING] [STALE] 15m STILL stale after refetch — entries blocked this cycle
2026-09-14 07:21:45,880 [WARNING] [STALE] fut15 last bar 15:30 (>20min old) — instant refetch
2026-09-14 07:21:45,906 [WARNING] [STALE] fut15 STILL stale after refetch — entries blocked this cycle
2026-09-14 07:22:16,093 [WARNING] [STALE] 15m last bar 15:15 (>20min old) — instant refetch
2026-09-14 07:22:16,118 [WARNING] [STALE] 15m STILL stale after refetch — entries blocked this cycle
2026-09-14 07:22:16,119 [WARNING] [STALE] fut15 last bar 15:30 (>20min old) — instant refetch
2026-09-14 07:22:16,142 [WARNING] [STALE] fut15 STILL stale after refetch — entries blocked this cycle
2026-09-14 07:22:46,319 [WARNING] [STALE] 15m last bar 15:15 (>20min old) — instant refetch
2026-09-14 07:22:46,347 [WARNING] [STALE] 15m STILL stale after refetch — entries blocked this cycle
2026-09-14 07:22:46,347 [WARNING] [STALE] fut15 last bar 15:30 (>20min old) — instant refetch
2026-09-14 07:22:46,372 [WARNING] [STALE] fut15 STILL stale after refetch — entries blocked this cycle
2026-09-14 07:23:16,546 [WARNING] [STALE] 15m last bar 15:15 (>20min old) — instant refetch
2026-09-14 07:23:16,571 [WARNING] [STALE] 15m STILL stale after refetch — entries blocked this cycle
2026-09-14 07:23:16,572 [WARNING] [STALE] fut15 last bar 15:30 (>20min old) — instant refetch
2026-09-14 07:23:16,596 [WARNING] [STALE] fut15 STILL stale after refetch — entries blocked this cycle
2026-09-14 07:23:46,768 [WARNING] [STALE] 15m last bar 15:15 (>20min old) — instant refetch
2026-09-14 07:23:46,798 [WARNING] [STALE] 15m STILL stale after refetch — entries blocked this cycle
2026-09-14 07:23:46,798 [WARNING] [STALE] fut15 last bar 15:30 (>20min old) — instant refetch
2026-09-14 07:23:46,823 [WARNING] [STALE] fut15 STILL stale after refetch — entries blocked this cycle
2026-09-14 07:24:17,016 [WARNING] [STALE] 15m last bar 15:15 (>20min old) — instant refetch
2026-09-14 07:24:17,044 [WARNING] [STALE] 15m STILL stale after refetch — entries blocked this cycle
2026-09-14 07:24:17,044 [WARNING] [STALE] fut15 last bar 15:30 (>20min old) — instant refetch
2026-09-14 07:24:17,069 [WARNING] [STALE] fut15 STILL stale after refetch — entries blocked this cycle
2026-09-14 07:24:47,256 [WARNING] [STALE] 15m last bar 15:15 (>20min old) — instant refetch
2026-09-14 07:24:47,286 [WARNING] [STALE] 15m STILL stale after refetch — entries blocked this cycle
2026-09-14 07:24:47,286 [WARNING] [STALE] fut15 last bar 15:30 (>20min old) — instant refetch
2026-09-14 07:24:47,312 [WARNING] [STALE] fut15 STILL stale after refetch — entries blocked this cycle
2026-09-14 07:25:17,484 [WARNING] [STALE] 15m last bar 15:15 (>20min old) — instant refetch
2026-09-14 07:25:17,513 [WARNING] [STALE] 15m STILL stale after refetch — entries blocked this cycle
2026-09-14 07:25:17,513 [WARNING] [STALE] fut15 last bar 15:30 (>20min old) — instant refetch
2026-09-14 07:25:17,540 [WARNING] [STALE] fut15 STILL stale after refetch — entries blocked this cycle
2026-09-14 07:25:47,731 [WARNING] [STALE] 15m last bar 15:15 (>20min old) — instant refetch
2026-09-14 07:25:47,758 [WARNING] [STALE] 15m STILL stale after refetch — entries blocked this cycle
2026-09-14 07:25:47,758 [WARNING] [STALE] fut15 last bar 15:30 (>20min old) — instant refetch
2026-09-14 07:25:47,781 [WARNING] [STALE] fut15 STILL stale after refetch — entries blocked this cycle
2026-09-14 07:25:47,794 [INFO] [APEX] open=0 trades=0 realized=+0.0pt/Rs+0 unreal=+0.0pt/Rs+0
2026-09-14 07:25:47,795 [INFO] [T5] open=0 trades=0 realized=+0.0pt/Rs+0 unreal=+0.0pt/Rs+0
2026-09-14 07:25:47,795 [INFO] [INDICATORS] spot=74781.8 | 1h: close=74781.8 sma20=74788.5 sma50=75650.4 rsi=46.1 macd=-289.03/-349.83(bull) | 15m: K=81.1↓(prev 95.4) | regime=PE-eligible any_active=False
2026-09-14 07:25:47,795 [INFO] [SIGNAL] CE: reg=False K=False(K=81.1>=38,rising) Kextr=False RSI=False(46.1>53) MACD=True(gate off) => BLOCK | PE: reg=True K=False(K=81.1<=80,falling) Kextr=True RSI=True(46.1<47) MACD=False(gate off) => BLOCK
2026-09-14 07:25:51,726 [INFO] [periodic] Logs pushed to GitHub: Sensex_FlightRecorder_V2_5_20-SENSEX_20260914_090604.log, Sensex_BarLevel_V2_5_20-SENSEX_20260914_090604.csv
2026-09-14 07:26:21,902 [WARNING] [STALE] 15m last bar 15:15 (>20min old) — instant refetch
2026-09-14 07:26:21,929 [WARNING] [STALE] 15m STILL stale after refetch — entries blocked this cycle
2026-09-14 07:26:22,762 [WARNING] [STALE] fut15 last bar 15:30 (>20min old) — instant refetch
2026-09-14 07:26:22,788 [WARNING] [STALE] fut15 STILL stale after refetch — entries blocked this cycle
2026-09-14 07:26:52,975 [WARNING] [STALE] 15m last bar 15:15 (>20min old) — instant refetch
2026-09-14 07:26:53,004 [WARNING] [STALE] 15m STILL stale after refetch — entries blocked this cycle
2026-09-14 07:26:53,004 [WARNING] [STALE] fut15 last bar 15:30 (>20min old) — instant refetch
2026-09-14 07:26:53,030 [WARNING] [STALE] fut15 STILL stale after refetch — entries blocked this cycle
2026-09-14 07:27:23,217 [WARNING] [STALE] 15m last bar 15:15 (>20min old) — instant refetch
2026-09-14 07:27:23,247 [WARNING] [STALE] 15m STILL stale after refetch — entries blocked this cycle
2026-09-14 07:27:23,248 [WARNING] [STALE] fut15 last bar 15:30 (>20min old) — instant refetch
2026-09-14 07:27:23,277 [WARNING] [STALE] fut15 STILL stale after refetch — entries blocked this cycle
2026-09-14 07:27:53,450 [WARNING] [STALE] 15m last bar 15:15 (>20min old) — instant refetch
2026-09-14 07:27:53,477 [WARNING] [STALE] 15m STILL stale after refetch — entries blocked this cycle
2026-09-14 07:27:53,477 [WARNING] [STALE] fut15 last bar 15:30 (>20min old) — instant refetch
2026-09-14 07:27:53,500 [WARNING] [STALE] fut15 STILL stale after refetch — entries blocked this cycle
2026-09-14 07:28:23,669 [WARNING] [STALE] 15m last bar 15:15 (>20min old) — instant refetch
2026-09-14 07:28:23,697 [WARNING] [STALE] 15m STILL stale after refetch — entries blocked this cycle
2026-09-14 07:28:23,697 [WARNING] [STALE] fut15 last bar 15:30 (>20min old) — instant refetch
2026-09-14 07:28:23,720 [WARNING] [STALE] fut15 STILL stale after refetch — entries blocked this cycle
2026-09-14 07:28:53,900 [WARNING] [STALE] 15m last bar 15:15 (>20min old) — instant refetch
2026-09-14 07:28:53,928 [WARNING] [STALE] 15m STILL stale after refetch — entries blocked this cycle
2026-09-14 07:28:53,929 [WARNING] [STALE] fut15 last bar 15:30 (>20min old) — instant refetch
2026-09-14 07:28:53,955 [WARNING] [STALE] fut15 STILL stale after refetch — entries blocked this cycle
2026-09-14 07:29:24,128 [WARNING] [STALE] 15m last bar 15:15 (>20min old) — instant refetch
2026-09-14 07:29:24,155 [WARNING] [STALE] 15m STILL stale after refetch — entries blocked this cycle
2026-09-14 07:29:24,155 [WARNING] [STALE] fut15 last bar 15:30 (>20min old) — instant refetch
2026-09-14 07:29:24,180 [WARNING] [STALE] fut15 STILL stale after refetch — entries blocked this cycle
2026-09-14 07:29:54,371 [WARNING] [STALE] 15m last bar 15:15 (>20min old) — instant refetch
2026-09-14 07:29:54,400 [WARNING] [STALE] 15m STILL stale after refetch — entries blocked this cycle
2026-09-14 07:29:54,400 [WARNING] [STALE] fut15 last bar 15:30 (>20min old) — instant refetch
2026-09-14 07:29:54,425 [WARNING] [STALE] fut15 STILL stale after refetch — entries blocked this cycle
2026-09-14 07:30:24,595 [WARNING] [STALE] 15m last bar 15:15 (>20min old) — instant refetch
2026-09-14 07:30:24,623 [WARNING] [STALE] 15m STILL stale after refetch — entries blocked this cycle
2026-09-14 07:30:24,624 [WARNING] [STALE] fut15 last bar 15:30 (>20min old) — instant refetch
2026-09-14 07:30:24,648 [WARNING] [STALE] fut15 STILL stale after refetch — entries blocked this cycle
2026-09-14 07:30:54,842 [WARNING] [STALE] 15m last bar 15:15 (>20min old) — instant refetch
2026-09-14 07:30:54,871 [WARNING] [STALE] 15m STILL stale after refetch — entries blocked this cycle
2026-09-14 07:30:54,872 [WARNING] [STALE] fut15 last bar 15:30 (>20min old) — instant refetch
2026-09-14 07:30:54,897 [WARNING] [STALE] fut15 STILL stale after refetch — entries blocked this cycle
2026-09-14 07:30:54,909 [INFO] [APEX] open=0 trades=0 realized=+0.0pt/Rs+0 unreal=+0.0pt/Rs+0
2026-09-14 07:30:54,909 [INFO] [T5] open=0 trades=0 realized=+0.0pt/Rs+0 unreal=+0.0pt/Rs+0
2026-09-14 07:30:54,909 [INFO] [INDICATORS] spot=74781.8 | 1h: close=74781.8 sma20=74788.5 sma50=75650.4 rsi=46.1 macd=-289.03/-349.83(bull) | 15m: K=81.1↓(prev 95.4) | regime=PE-eligible any_active=False
2026-09-14 07:30:54,910 [INFO] [SIGNAL] CE: reg=False K=False(K=81.1>=38,rising) Kextr=False RSI=False(46.1>53) MACD=True(gate off) => BLOCK | PE: reg=True K=False(K=81.1<=80,falling) Kextr=True RSI=True(46.1<47) MACD=False(gate off) => BLOCK
2026-09-14 07:30:57,529 [INFO] [periodic] Logs pushed to GitHub: Sensex_FlightRecorder_V2_5_20-SENSEX_20260914_090604.log, Sensex_BarLevel_V2_5_20-SENSEX_20260914_090604.csv
2026-09-14 07:31:27,700 [WARNING] [STALE] 15m last bar 15:15 (>20min old) — instant refetch
2026-09-14 07:31:27,726 [WARNING] [STALE] 15m STILL stale after refetch — entries blocked this cycle
2026-09-14 07:31:27,727 [WARNING] [STALE] fut15 last bar 15:30 (>20min old) — instant refetch
2026-09-14 07:31:27,752 [WARNING] [STALE] fut15 STILL stale after refetch — entries blocked this cycle
2026-09-14 07:31:57,932 [WARNING] [STALE] 15m last bar 15:15 (>20min old) — instant refetch
2026-09-14 07:31:57,963 [WARNING] [STALE] 15m STILL stale after refetch — entries blocked this cycle
2026-09-14 07:31:57,963 [WARNING] [STALE] fut15 last bar 15:30 (>20min old) — instant refetch
2026-09-14 07:31:57,989 [WARNING] [STALE] fut15 STILL stale after refetch — entries blocked this cycle
2026-09-14 07:32:28,187 [WARNING] [STALE] 15m last bar 15:15 (>20min old) — instant refetch
2026-09-14 07:32:28,218 [WARNING] [STALE] 15m STILL stale after refetch — entries blocked this cycle
2026-09-14 07:32:28,218 [WARNING] [STALE] fut15 last bar 15:30 (>20min old) — instant refetch
2026-09-14 07:32:28,243 [WARNING] [STALE] fut15 STILL stale after refetch — entries blocked this cycle
2026-09-14 07:32:58,425 [WARNING] [STALE] 15m last bar 15:15 (>20min old) — instant refetch
2026-09-14 07:32:58,450 [WARNING] [STALE] 15m STILL stale after refetch — entries blocked this cycle
2026-09-14 07:32:58,450 [WARNING] [STALE] fut15 last bar 15:30 (>20min old) — instant refetch
2026-09-14 07:32:58,476 [WARNING] [STALE] fut15 STILL stale after refetch — entries blocked this cycle
2026-09-14 07:33:28,676 [WARNING] [STALE] 15m last bar 15:15 (>20min old) — instant refetch
2026-09-14 07:33:28,705 [WARNING] [STALE] 15m STILL stale after refetch — entries blocked this cycle
2026-09-14 07:33:28,706 [WARNING] [STALE] fut15 last bar 15:30 (>20min old) — instant refetch
2026-09-14 07:33:28,732 [WARNING] [STALE] fut15 STILL stale after refetch — entries blocked this cycle
2026-09-14 07:33:58,925 [WARNING] [STALE] 15m last bar 15:15 (>20min old) — instant refetch
2026-09-14 07:33:58,952 [WARNING] [STALE] 15m STILL stale after refetch — entries blocked this cycle
2026-09-14 07:33:58,953 [WARNING] [STALE] fut15 last bar 15:30 (>20min old) — instant refetch
2026-09-14 07:33:58,976 [WARNING] [STALE] fut15 STILL stale after refetch — entries blocked this cycle
2026-09-14 07:34:29,154 [WARNING] [STALE] 15m last bar 15:15 (>20min old) — instant refetch
2026-09-14 07:34:29,181 [WARNING] [STALE] 15m STILL stale after refetch — entries blocked this cycle
2026-09-14 07:34:29,182 [WARNING] [STALE] fut15 last bar 15:30 (>20min old) — instant refetch
2026-09-14 07:34:29,207 [WARNING] [STALE] fut15 STILL stale after refetch — entries blocked this cycle
2026-09-14 07:34:59,379 [WARNING] [STALE] 15m last bar 15:15 (>20min old) — instant refetch
2026-09-14 07:34:59,405 [WARNING] [STALE] 15m STILL stale after refetch — entries blocked this cycle
2026-09-14 07:34:59,405 [WARNING] [STALE] fut15 last bar 15:30 (>20min old) — instant refetch
2026-09-14 07:34:59,428 [WARNING] [STALE] fut15 STILL stale after refetch — entries blocked this cycle
2026-09-14 07:35:29,616 [WARNING] [STALE] 15m last bar 15:15 (>20min old) — instant refetch
2026-09-14 07:35:29,650 [WARNING] [STALE] 15m STILL stale after refetch — entries blocked this cycle
2026-09-14 07:35:29,651 [WARNING] [STALE] fut15 last bar 15:30 (>20min old) — instant refetch
2026-09-14 07:35:29,677 [WARNING] [STALE] fut15 STILL stale after refetch — entries blocked this cycle
2026-09-14 07:35:59,873 [WARNING] [STALE] 15m last bar 15:15 (>20min old) — instant refetch
2026-09-14 07:35:59,902 [WARNING] [STALE] 15m STILL stale after refetch — entries blocked this cycle
2026-09-14 07:35:59,903 [WARNING] [STALE] fut15 last bar 15:30 (>20min old) — instant refetch
2026-09-14 07:35:59,930 [WARNING] [STALE] fut15 STILL stale after refetch — entries blocked this cycle
2026-09-14 07:35:59,943 [INFO] [APEX] open=0 trades=0 realized=+0.0pt/Rs+0 unreal=+0.0pt/Rs+0
2026-09-14 07:35:59,944 [INFO] [T5] open=0 trades=0 realized=+0.0pt/Rs+0 unreal=+0.0pt/Rs+0
2026-09-14 07:35:59,944 [INFO] [INDICATORS] spot=74781.8 | 1h: close=74781.8 sma20=74788.5 sma50=75650.4 rsi=46.1 macd=-289.03/-349.83(bull) | 15m: K=81.1↓(prev 95.4) | regime=PE-eligible any_active=False
2026-09-14 07:35:59,944 [INFO] [SIGNAL] CE: reg=False K=False(K=81.1>=38,rising) Kextr=False RSI=False(46.1>53) MACD=True(gate off) => BLOCK | PE: reg=True K=False(K=81.1<=80,falling) Kextr=True RSI=True(46.1<47) MACD=False(gate off) => BLOCK
2026-09-14 07:36:02,504 [INFO] [periodic] Logs pushed to GitHub: Sensex_FlightRecorder_V2_5_20-SENSEX_20260914_090604.log, Sensex_BarLevel_V2_5_20-SENSEX_20260914_090604.csv
2026-09-14 07:36:32,675 [WARNING] [STALE] 15m last bar 15:15 (>20min old) — instant refetch
2026-09-14 07:36:32,705 [WARNING] [STALE] 15m STILL stale after refetch — entries blocked this cycle
2026-09-14 07:36:33,520 [WARNING] [STALE] fut15 last bar 15:30 (>20min old) — instant refetch
2026-09-14 07:36:33,543 [WARNING] [STALE] fut15 STILL stale after refetch — entries blocked this cycle
2026-09-14 07:37:03,711 [WARNING] [STALE] 15m last bar 15:15 (>20min old) — instant refetch
2026-09-14 07:37:03,736 [WARNING] [STALE] 15m STILL stale after refetch — entries blocked this cycle
2026-09-14 07:37:03,736 [WARNING] [STALE] fut15 last bar 15:30 (>20min old) — instant refetch
2026-09-14 07:37:03,758 [WARNING] [STALE] fut15 STILL stale after refetch — entries blocked this cycle
2026-09-14 07:37:33,935 [WARNING] [STALE] 15m last bar 15:15 (>20min old) — instant refetch
2026-09-14 07:37:33,962 [WARNING] [STALE] 15m STILL stale after refetch — entries blocked this cycle
2026-09-14 07:37:33,962 [WARNING] [STALE] fut15 last bar 15:30 (>20min old) — instant refetch
2026-09-14 07:37:33,987 [WARNING] [STALE] fut15 STILL stale after refetch — entries blocked this cycle
2026-09-14 07:38:04,162 [WARNING] [STALE] 15m last bar 15:15 (>20min old) — instant refetch
2026-09-14 07:38:04,191 [WARNING] [STALE] 15m STILL stale after refetch — entries blocked this cycle
2026-09-14 07:38:04,192 [WARNING] [STALE] fut15 last bar 15:30 (>20min old) — instant refetch
2026-09-14 07:38:04,217 [WARNING] [STALE] fut15 STILL stale after refetch — entries blocked this cycle
2026-09-14 07:38:34,400 [WARNING] [STALE] 15m last bar 15:15 (>20min old) — instant refetch
2026-09-14 07:38:34,427 [WARNING] [STALE] 15m STILL stale after refetch — entries blocked this cycle
2026-09-14 07:38:34,427 [WARNING] [STALE] fut15 last bar 15:30 (>20min old) — instant refetch
2026-09-14 07:38:34,452 [WARNING] [STALE] fut15 STILL stale after refetch — entries blocked this cycle
2026-09-14 07:39:04,652 [WARNING] [STALE] 15m last bar 15:15 (>20min old) — instant refetch
2026-09-14 07:39:04,679 [WARNING] [STALE] 15m STILL stale after refetch — entries blocked this cycle
2026-09-14 07:39:04,680 [WARNING] [STALE] fut15 last bar 15:30 (>20min old) — instant refetch
2026-09-14 07:39:04,711 [WARNING] [STALE] fut15 STILL stale after refetch — entries blocked this cycle
2026-09-14 07:39:34,898 [WARNING] [STALE] 15m last bar 15:15 (>20min old) — instant refetch
2026-09-14 07:39:34,925 [WARNING] [STALE] 15m STILL stale after refetch — entries blocked this cycle
2026-09-14 07:39:34,926 [WARNING] [STALE] fut15 last bar 15:30 (>20min old) — instant refetch
2026-09-14 07:39:34,951 [WARNING] [STALE] fut15 STILL stale after refetch — entries blocked this cycle
2026-09-14 07:40:05,128 [WARNING] [STALE] 15m last bar 15:15 (>20min old) — instant refetch
2026-09-14 07:40:05,156 [WARNING] [STALE] 15m STILL stale after refetch — entries blocked this cycle
2026-09-14 07:40:05,157 [WARNING] [STALE] fut15 last bar 15:30 (>20min old) — instant refetch
2026-09-14 07:40:05,180 [WARNING] [STALE] fut15 STILL stale after refetch — entries blocked this cycle
2026-09-14 07:40:35,374 [WARNING] [STALE] 15m last bar 15:15 (>20min old) — instant refetch
2026-09-14 07:40:35,403 [WARNING] [STALE] 15m STILL stale after refetch — entries blocked this cycle
2026-09-14 07:40:35,403 [WARNING] [STALE] fut15 last bar 15:30 (>20min old) — instant refetch
2026-09-14 07:40:35,428 [WARNING] [STALE] fut15 STILL stale after refetch — entries blocked this cycle
2026-09-14 07:41:05,613 [WARNING] [STALE] 15m last bar 15:15 (>20min old) — instant refetch
2026-09-14 07:41:05,643 [WARNING] [STALE] 15m STILL stale after refetch — entries blocked this cycle
2026-09-14 07:41:05,643 [WARNING] [STALE] fut15 last bar 15:30 (>20min old) — instant refetch
2026-09-14 07:41:05,668 [WARNING] [STALE] fut15 STILL stale after refetch — entries blocked this cycle
2026-09-14 07:41:05,680 [INFO] [APEX] open=0 trades=0 realized=+0.0pt/Rs+0 unreal=+0.0pt/Rs+0
2026-09-14 07:41:05,680 [INFO] [T5] open=0 trades=0 realized=+0.0pt/Rs+0 unreal=+0.0pt/Rs+0
2026-09-14 07:41:05,681 [INFO] [INDICATORS] spot=74781.8 | 1h: close=74781.8 sma20=74788.5 sma50=75650.4 rsi=46.1 macd=-289.03/-349.83(bull) | 15m: K=81.1↓(prev 95.4) | regime=PE-eligible any_active=False
2026-09-14 07:41:05,681 [INFO] [SIGNAL] CE: reg=False K=False(K=81.1>=38,rising) Kextr=False RSI=False(46.1>53) MACD=True(gate off) => BLOCK | PE: reg=True K=False(K=81.1<=80,falling) Kextr=True RSI=True(46.1<47) MACD=False(gate off) => BLOCK
2026-09-14 07:41:09,099 [INFO] [periodic] Logs pushed to GitHub: Sensex_FlightRecorder_V2_5_20-SENSEX_20260914_090604.log, Sensex_BarLevel_V2_5_20-SENSEX_20260914_090604.csv
2026-09-14 07:41:39,273 [WARNING] [STALE] 15m last bar 15:15 (>20min old) — instant refetch
2026-09-14 07:41:39,299 [WARNING] [STALE] 15m STILL stale after refetch — entries blocked this cycle
2026-09-14 07:41:39,300 [WARNING] [STALE] fut15 last bar 15:30 (>20min old) — instant refetch
2026-09-14 07:41:39,326 [WARNING] [STALE] fut15 STILL stale after refetch — entries blocked this cycle
2026-09-14 07:42:09,513 [WARNING] [STALE] 15m last bar 15:15 (>20min old) — instant refetch
2026-09-14 07:42:09,542 [WARNING] [STALE] 15m STILL stale after refetch — entries blocked this cycle
2026-09-14 07:42:09,542 [WARNING] [STALE] fut15 last bar 15:30 (>20min old) — instant refetch
2026-09-14 07:42:09,569 [WARNING] [STALE] fut15 STILL stale after refetch — entries blocked this cycle
2026-09-14 07:42:39,814 [WARNING] [STALE] 15m last bar 15:15 (>20min old) — instant refetch
2026-09-14 07:42:39,843 [WARNING] [STALE] 15m STILL stale after refetch — entries blocked this cycle
2026-09-14 07:42:39,844 [WARNING] [STALE] fut15 last bar 15:30 (>20min old) — instant refetch
2026-09-14 07:42:39,868 [WARNING] [STALE] fut15 STILL stale after refetch — entries blocked this cycle
2026-09-14 07:43:10,048 [WARNING] [STALE] 15m last bar 15:15 (>20min old) — instant refetch
2026-09-14 07:43:10,079 [WARNING] [STALE] 15m STILL stale after refetch — entries blocked this cycle
2026-09-14 07:43:10,079 [WARNING] [STALE] fut15 last bar 15:30 (>20min old) — instant refetch
2026-09-14 07:43:10,103 [WARNING] [STALE] fut15 STILL stale after refetch — entries blocked this cycle
2026-09-14 07:43:40,288 [WARNING] [STALE] 15m last bar 15:15 (>20min old) — instant refetch
2026-09-14 07:43:40,318 [WARNING] [STALE] 15m STILL stale after refetch — entries blocked this cycle
2026-09-14 07:43:40,319 [WARNING] [STALE] fut15 last bar 15:30 (>20min old) — instant refetch
2026-09-14 07:43:40,346 [WARNING] [STALE] fut15 STILL stale after refetch — entries blocked this cycle
2026-09-14 07:44:10,546 [WARNING] [STALE] 15m last bar 15:15 (>20min old) — instant refetch
2026-09-14 07:44:10,577 [WARNING] [STALE] 15m STILL stale after refetch — entries blocked this cycle
2026-09-14 07:44:10,577 [WARNING] [STALE] fut15 last bar 15:30 (>20min old) — instant refetch
2026-09-14 07:44:10,603 [WARNING] [STALE] fut15 STILL stale after refetch — entries blocked this cycle
2026-09-14 07:44:40,794 [WARNING] [STALE] 15m last bar 15:15 (>20min old) — instant refetch
2026-09-14 07:44:40,825 [WARNING] [STALE] 15m STILL stale after refetch — entries blocked this cycle
2026-09-14 07:44:40,825 [WARNING] [STALE] fut15 last bar 15:30 (>20min old) — instant refetch
2026-09-14 07:44:40,854 [WARNING] [STALE] fut15 STILL stale after refetch — entries blocked this cycle
2026-09-14 07:45:11,075 [WARNING] [STALE] 15m last bar 15:15 (>20min old) — instant refetch
2026-09-14 07:45:11,107 [WARNING] [STALE] 15m STILL stale after refetch — entries blocked this cycle
2026-09-14 07:45:11,107 [WARNING] [STALE] fut15 last bar 15:30 (>20min old) — instant refetch
2026-09-14 07:45:11,138 [WARNING] [STALE] fut15 STILL stale after refetch — entries blocked this cycle
2026-09-14 07:45:41,334 [WARNING] [STALE] 15m last bar 15:15 (>20min old) — instant refetch
2026-09-14 07:45:41,361 [WARNING] [STALE] 15m STILL stale after refetch — entries blocked this cycle
2026-09-14 07:45:41,362 [WARNING] [STALE] fut15 last bar 15:30 (>20min old) — instant refetch
2026-09-14 07:45:41,388 [WARNING] [STALE] fut15 STILL stale after refetch — entries blocked this cycle
2026-09-14 07:46:11,593 [WARNING] [STALE] 15m last bar 15:15 (>20min old) — instant refetch
2026-09-14 07:46:11,625 [WARNING] [STALE] 15m STILL stale after refetch — entries blocked this cycle
2026-09-14 07:46:11,625 [WARNING] [STALE] fut15 last bar 15:30 (>20min old) — instant refetch
2026-09-14 07:46:11,653 [WARNING] [STALE] fut15 STILL stale after refetch — entries blocked this cycle
2026-09-14 07:46:11,666 [INFO] [APEX] open=0 trades=0 realized=+0.0pt/Rs+0 unreal=+0.0pt/Rs+0
2026-09-14 07:46:11,666 [INFO] [T5] open=0 trades=0 realized=+0.0pt/Rs+0 unreal=+0.0pt/Rs+0
2026-09-14 07:46:11,667 [INFO] [INDICATORS] spot=74781.8 | 1h: close=74781.8 sma20=74788.5 sma50=75650.4 rsi=46.1 macd=-289.03/-349.83(bull) | 15m: K=81.1↓(prev 95.4) | regime=PE-eligible any_active=False
2026-09-14 07:46:11,667 [INFO] [SIGNAL] CE: reg=False K=False(K=81.1>=38,rising) Kextr=False RSI=False(46.1>53) MACD=True(gate off) => BLOCK | PE: reg=True K=False(K=81.1<=80,falling) Kextr=True RSI=True(46.1<47) MACD=False(gate off) => BLOCK
2026-09-14 07:46:14,104 [INFO] [periodic] Logs pushed to GitHub: Sensex_FlightRecorder_V2_5_20-SENSEX_20260914_090604.log, Sensex_BarLevel_V2_5_20-SENSEX_20260914_090604.csv
2026-09-14 07:46:44,294 [WARNING] [STALE] 15m last bar 15:15 (>20min old) — instant refetch
2026-09-14 07:46:44,326 [WARNING] [STALE] 15m STILL stale after refetch — entries blocked this cycle
2026-09-14 07:46:45,128 [WARNING] [STALE] fut15 last bar 15:30 (>20min old) — instant refetch
2026-09-14 07:46:45,156 [WARNING] [STALE] fut15 STILL stale after refetch — entries blocked this cycle
2026-09-14 07:47:15,339 [WARNING] [STALE] 15m last bar 15:15 (>20min old) — instant refetch
2026-09-14 07:47:15,371 [WARNING] [STALE] 15m STILL stale after refetch — entries blocked this cycle
2026-09-14 07:47:15,371 [WARNING] [STALE] fut15 last bar 15:30 (>20min old) — instant refetch
2026-09-14 07:47:15,400 [WARNING] [STALE] fut15 STILL stale after refetch — entries blocked this cycle
2026-09-14 07:47:45,581 [WARNING] [STALE] 15m last bar 15:15 (>20min old) — instant refetch
2026-09-14 07:47:45,609 [WARNING] [STALE] 15m STILL stale after refetch — entries blocked this cycle
2026-09-14 07:47:45,610 [WARNING] [STALE] fut15 last bar 15:30 (>20min old) — instant refetch
2026-09-14 07:47:45,634 [WARNING] [STALE] fut15 STILL stale after refetch — entries blocked this cycle
2026-09-14 07:48:15,852 [WARNING] [STALE] 15m last bar 15:15 (>20min old) — instant refetch
2026-09-14 07:48:15,890 [WARNING] [STALE] 15m STILL stale after refetch — entries blocked this cycle
2026-09-14 07:48:15,891 [WARNING] [STALE] fut15 last bar 15:30 (>20min old) — instant refetch
2026-09-14 07:48:15,919 [WARNING] [STALE] fut15 STILL stale after refetch — entries blocked this cycle
2026-09-14 07:48:46,117 [WARNING] [STALE] 15m last bar 15:15 (>20min old) — instant refetch
2026-09-14 07:48:46,147 [WARNING] [STALE] 15m STILL stale after refetch — entries blocked this cycle
2026-09-14 07:48:46,148 [WARNING] [STALE] fut15 last bar 15:30 (>20min old) — instant refetch
2026-09-14 07:48:46,174 [WARNING] [STALE] fut15 STILL stale after refetch — entries blocked this cycle
2026-09-14 07:49:16,370 [WARNING] [STALE] 15m last bar 15:15 (>20min old) — instant refetch
2026-09-14 07:49:16,404 [WARNING] [STALE] 15m STILL stale after refetch — entries blocked this cycle
2026-09-14 07:49:16,405 [WARNING] [STALE] fut15 last bar 15:30 (>20min old) — instant refetch
2026-09-14 07:49:16,431 [WARNING] [STALE] fut15 STILL stale after refetch — entries blocked this cycle
2026-09-14 07:49:46,615 [WARNING] [STALE] 15m last bar 15:15 (>20min old) — instant refetch
2026-09-14 07:49:46,644 [WARNING] [STALE] 15m STILL stale after refetch — entries blocked this cycle
2026-09-14 07:49:46,645 [WARNING] [STALE] fut15 last bar 15:30 (>20min old) — instant refetch
2026-09-14 07:49:46,669 [WARNING] [STALE] fut15 STILL stale after refetch — entries blocked this cycle
2026-09-14 07:50:16,866 [WARNING] [STALE] 15m last bar 15:15 (>20min old) — instant refetch
2026-09-14 07:50:16,895 [WARNING] [STALE] 15m STILL stale after refetch — entries blocked this cycle
2026-09-14 07:50:16,896 [WARNING] [STALE] fut15 last bar 15:30 (>20min old) — instant refetch
2026-09-14 07:50:16,921 [WARNING] [STALE] fut15 STILL stale after refetch — entries blocked this cycle
2026-09-14 07:50:47,124 [WARNING] [STALE] 15m last bar 15:15 (>20min old) — instant refetch
2026-09-14 07:50:47,154 [WARNING] [STALE] 15m STILL stale after refetch — entries blocked this cycle
2026-09-14 07:50:47,154 [WARNING] [STALE] fut15 last bar 15:30 (>20min old) — instant refetch
2026-09-14 07:50:47,181 [WARNING] [STALE] fut15 STILL stale after refetch — entries blocked this cycle
2026-09-14 07:51:17,380 [WARNING] [STALE] 15m last bar 15:15 (>20min old) — instant refetch
2026-09-14 07:51:17,410 [WARNING] [STALE] 15m STILL stale after refetch — entries blocked this cycle
2026-09-14 07:51:17,412 [WARNING] [STALE] fut15 last bar 15:30 (>20min old) — instant refetch
2026-09-14 07:51:17,439 [WARNING] [STALE] fut15 STILL stale after refetch — entries blocked this cycle
2026-09-14 07:51:17,451 [INFO] [APEX] open=0 trades=0 realized=+0.0pt/Rs+0 unreal=+0.0pt/Rs+0
2026-09-14 07:51:17,451 [INFO] [T5] open=0 trades=0 realized=+0.0pt/Rs+0 unreal=+0.0pt/Rs+0
2026-09-14 07:51:17,452 [INFO] [INDICATORS] spot=74781.8 | 1h: close=74781.8 sma20=74788.5 sma50=75650.4 rsi=46.1 macd=-289.03/-349.83(bull) | 15m: K=81.1↓(prev 95.4) | regime=PE-eligible any_active=False
2026-09-14 07:51:17,452 [INFO] [SIGNAL] CE: reg=False K=False(K=81.1>=38,rising) Kextr=False RSI=False(46.1>53) MACD=True(gate off) => BLOCK | PE: reg=True K=False(K=81.1<=80,falling) Kextr=True RSI=True(46.1<47) MACD=False(gate off) => BLOCK
2026-09-14 07:51:19,970 [INFO] [periodic] Logs pushed to GitHub: Sensex_FlightRecorder_V2_5_20-SENSEX_20260914_090604.log, Sensex_BarLevel_V2_5_20-SENSEX_20260914_090604.csv
2026-09-14 07:51:50,160 [WARNING] [STALE] 15m last bar 15:15 (>20min old) — instant refetch
2026-09-14 07:51:50,190 [WARNING] [STALE] 15m STILL stale after refetch — entries blocked this cycle
2026-09-14 07:51:50,190 [WARNING] [STALE] fut15 last bar 15:30 (>20min old) — instant refetch
2026-09-14 07:51:50,215 [WARNING] [STALE] fut15 STILL stale after refetch — entries blocked this cycle
2026-09-14 07:52:20,411 [WARNING] [STALE] 15m last bar 15:15 (>20min old) — instant refetch
2026-09-14 07:52:20,439 [WARNING] [STALE] 15m STILL stale after refetch — entries blocked this cycle
2026-09-14 07:52:20,439 [WARNING] [STALE] fut15 last bar 15:30 (>20min old) — instant refetch
2026-09-14 07:52:20,465 [WARNING] [STALE] fut15 STILL stale after refetch — entries blocked this cycle
2026-09-14 07:52:50,661 [WARNING] [STALE] 15m last bar 15:15 (>20min old) — instant refetch
2026-09-14 07:52:50,691 [WARNING] [STALE] 15m STILL stale after refetch — entries blocked this cycle
2026-09-14 07:52:50,691 [WARNING] [STALE] fut15 last bar 15:30 (>20min old) — instant refetch
2026-09-14 07:52:50,717 [WARNING] [STALE] fut15 STILL stale after refetch — entries blocked this cycle
2026-09-14 07:53:20,929 [WARNING] [STALE] 15m last bar 15:15 (>20min old) — instant refetch
2026-09-14 07:53:20,957 [WARNING] [STALE] 15m STILL stale after refetch — entries blocked this cycle
2026-09-14 07:53:20,958 [WARNING] [STALE] fut15 last bar 15:30 (>20min old) — instant refetch
2026-09-14 07:53:20,990 [WARNING] [STALE] fut15 STILL stale after refetch — entries blocked this cycle
2026-09-14 07:53:51,225 [WARNING] [STALE] 15m last bar 15:15 (>20min old) — instant refetch
2026-09-14 07:53:51,256 [WARNING] [STALE] 15m STILL stale after refetch — entries blocked this cycle
2026-09-14 07:53:51,257 [WARNING] [STALE] fut15 last bar 15:30 (>20min old) — instant refetch
2026-09-14 07:53:51,282 [WARNING] [STALE] fut15 STILL stale after refetch — entries blocked this cycle
2026-09-14 07:54:21,476 [WARNING] [STALE] 15m last bar 15:15 (>20min old) — instant refetch
2026-09-14 07:54:21,505 [WARNING] [STALE] 15m STILL stale after refetch — entries blocked this cycle
2026-09-14 07:54:21,505 [WARNING] [STALE] fut15 last bar 15:30 (>20min old) — instant refetch
2026-09-14 07:54:21,532 [WARNING] [STALE] fut15 STILL stale after refetch — entries blocked this cycle
2026-09-14 07:54:51,748 [WARNING] [STALE] 15m last bar 15:15 (>20min old) — instant refetch
2026-09-14 07:54:51,779 [WARNING] [STALE] 15m STILL stale after refetch — entries blocked this cycle
2026-09-14 07:54:51,780 [WARNING] [STALE] fut15 last bar 15:30 (>20min old) — instant refetch
2026-09-14 07:54:51,807 [WARNING] [STALE] fut15 STILL stale after refetch — entries blocked this cycle
2026-09-14 07:55:22,008 [WARNING] [STALE] 15m last bar 15:15 (>20min old) — instant refetch
2026-09-14 07:55:22,039 [WARNING] [STALE] 15m STILL stale after refetch — entries blocked this cycle
2026-09-14 07:55:22,039 [WARNING] [STALE] fut15 last bar 15:30 (>20min old) — instant refetch
2026-09-14 07:55:22,065 [WARNING] [STALE] fut15 STILL stale after refetch — entries blocked this cycle
2026-09-14 07:55:52,258 [WARNING] [STALE] 15m last bar 15:15 (>20min old) — instant refetch
2026-09-14 07:55:52,289 [WARNING] [STALE] 15m STILL stale after refetch — entries blocked this cycle
2026-09-14 07:55:52,289 [WARNING] [STALE] fut15 last bar 15:30 (>20min old) — instant refetch
2026-09-14 07:55:52,316 [WARNING] [STALE] fut15 STILL stale after refetch — entries blocked this cycle
2026-09-14 07:56:22,514 [WARNING] [STALE] 15m last bar 15:15 (>20min old) — instant refetch
2026-09-14 07:56:22,542 [WARNING] [STALE] 15m STILL stale after refetch — entries blocked this cycle
2026-09-14 07:56:22,543 [WARNING] [STALE] fut15 last bar 15:30 (>20min old) — instant refetch
2026-09-14 07:56:22,566 [WARNING] [STALE] fut15 STILL stale after refetch — entries blocked this cycle
2026-09-14 07:56:22,577 [INFO] [APEX] open=0 trades=0 realized=+0.0pt/Rs+0 unreal=+0.0pt/Rs+0
2026-09-14 07:56:22,577 [INFO] [T5] open=0 trades=0 realized=+0.0pt/Rs+0 unreal=+0.0pt/Rs+0
2026-09-14 07:56:22,578 [INFO] [INDICATORS] spot=74781.8 | 1h: close=74781.8 sma20=74788.5 sma50=75650.4 rsi=46.1 macd=-289.03/-349.83(bull) | 15m: K=81.1↓(prev 95.4) | regime=PE-eligible any_active=False
2026-09-14 07:56:22,578 [INFO] [SIGNAL] CE: reg=False K=False(K=81.1>=38,rising) Kextr=False RSI=False(46.1>53) MACD=True(gate off) => BLOCK | PE: reg=True K=False(K=81.1<=80,falling) Kextr=True RSI=True(46.1<47) MACD=False(gate off) => BLOCK
2026-09-14 07:56:26,069 [INFO] [periodic] Logs pushed to GitHub: Sensex_FlightRecorder_V2_5_20-SENSEX_20260914_090604.log, Sensex_BarLevel_V2_5_20-SENSEX_20260914_090604.csv
2026-09-14 07:56:56,240 [WARNING] [STALE] 15m last bar 15:15 (>20min old) — instant refetch
2026-09-14 07:56:56,268 [WARNING] [STALE] 15m STILL stale after refetch — entries blocked this cycle
2026-09-14 07:56:57,072 [WARNING] [STALE] fut15 last bar 15:30 (>20min old) — instant refetch
2026-09-14 07:56:57,097 [WARNING] [STALE] fut15 STILL stale after refetch — entries blocked this cycle
2026-09-14 07:57:27,300 [WARNING] [STALE] 15m last bar 15:15 (>20min old) — instant refetch
2026-09-14 07:57:27,330 [WARNING] [STALE] 15m STILL stale after refetch — entries blocked this cycle
2026-09-14 07:57:27,331 [WARNING] [STALE] fut15 last bar 15:30 (>20min old) — instant refetch
2026-09-14 07:57:27,356 [WARNING] [STALE] fut15 STILL stale after refetch — entries blocked this cycle
2026-09-14 07:57:57,558 [WARNING] [STALE] 15m last bar 15:15 (>20min old) — instant refetch
2026-09-14 07:57:57,591 [WARNING] [STALE] 15m STILL stale after refetch — entries blocked this cycle
2026-09-14 07:57:57,591 [WARNING] [STALE] fut15 last bar 15:30 (>20min old) — instant refetch
2026-09-14 07:57:57,620 [WARNING] [STALE] fut15 STILL stale after refetch — entries blocked this cycle
2026-09-14 07:58:27,819 [WARNING] [STALE] 15m last bar 15:15 (>20min old) — instant refetch
2026-09-14 07:58:27,848 [WARNING] [STALE] 15m STILL stale after refetch — entries blocked this cycle
2026-09-14 07:58:27,848 [WARNING] [STALE] fut15 last bar 15:30 (>20min old) — instant refetch
2026-09-14 07:58:27,873 [WARNING] [STALE] fut15 STILL stale after refetch — entries blocked this cycle
2026-09-14 07:58:58,084 [WARNING] [STALE] 15m last bar 15:15 (>20min old) — instant refetch
2026-09-14 07:58:58,115 [WARNING] [STALE] 15m STILL stale after refetch — entries blocked this cycle
2026-09-14 07:58:58,115 [WARNING] [STALE] fut15 last bar 15:30 (>20min old) — instant refetch
2026-09-14 07:58:58,140 [WARNING] [STALE] fut15 STILL stale after refetch — entries blocked this cycle
2026-09-14 07:59:28,354 [WARNING] [STALE] 15m last bar 15:15 (>20min old) — instant refetch
2026-09-14 07:59:28,383 [WARNING] [STALE] 15m STILL stale after refetch — entries blocked this cycle
2026-09-14 07:59:28,384 [WARNING] [STALE] fut15 last bar 15:30 (>20min old) — instant refetch
2026-09-14 07:59:28,417 [WARNING] [STALE] fut15 STILL stale after refetch — entries blocked this cycle
2026-09-14 07:59:58,622 [WARNING] [STALE] 15m last bar 15:15 (>20min old) — instant refetch
2026-09-14 07:59:58,656 [WARNING] [STALE] 15m STILL stale after refetch — entries blocked this cycle
2026-09-14 07:59:58,657 [WARNING] [STALE] fut15 last bar 15:30 (>20min old) — instant refetch
2026-09-14 07:59:58,692 [WARNING] [STALE] fut15 STILL stale after refetch — entries blocked this cycle
2026-09-14 08:00:28,903 [WARNING] [STALE] 15m last bar 15:15 (>20min old) — instant refetch
2026-09-14 08:00:28,938 [WARNING] [STALE] 15m STILL stale after refetch — entries blocked this cycle
2026-09-14 08:00:28,938 [WARNING] [STALE] fut15 last bar 15:30 (>20min old) — instant refetch
2026-09-14 08:00:28,966 [WARNING] [STALE] fut15 STILL stale after refetch — entries blocked this cycle
2026-09-14 08:00:59,188 [WARNING] [STALE] 15m last bar 15:15 (>20min old) — instant refetch
2026-09-14 08:00:59,221 [WARNING] [STALE] 15m STILL stale after refetch — entries blocked this cycle
2026-09-14 08:00:59,222 [WARNING] [STALE] fut15 last bar 15:30 (>20min old) — instant refetch
2026-09-14 08:00:59,253 [WARNING] [STALE] fut15 STILL stale after refetch — entries blocked this cycle
2026-09-14 08:01:29,472 [WARNING] [STALE] 15m last bar 15:15 (>20min old) — instant refetch
2026-09-14 08:01:29,503 [WARNING] [STALE] 15m STILL stale after refetch — entries blocked this cycle
2026-09-14 08:01:29,503 [WARNING] [STALE] fut15 last bar 15:30 (>20min old) — instant refetch
2026-09-14 08:01:29,534 [WARNING] [STALE] fut15 STILL stale after refetch — entries blocked this cycle
2026-09-14 08:01:29,550 [INFO] [APEX] open=0 trades=0 realized=+0.0pt/Rs+0 unreal=+0.0pt/Rs+0
2026-09-14 08:01:29,551 [INFO] [T5] open=0 trades=0 realized=+0.0pt/Rs+0 unreal=+0.0pt/Rs+0
2026-09-14 08:01:29,551 [INFO] [INDICATORS] spot=74781.8 | 1h: close=74781.8 sma20=74788.5 sma50=75650.4 rsi=46.1 macd=-289.03/-349.83(bull) | 15m: K=81.1↓(prev 95.4) | regime=PE-eligible any_active=False
2026-09-14 08:01:29,551 [INFO] [SIGNAL] CE: reg=False K=False(K=81.1>=38,rising) Kextr=False RSI=False(46.1>53) MACD=True(gate off) => BLOCK | PE: reg=True K=False(K=81.1<=80,falling) Kextr=True RSI=True(46.1<47) MACD=False(gate off) => BLOCK
2026-09-14 08:01:32,137 [INFO] [periodic] Logs pushed to GitHub: Sensex_FlightRecorder_V2_5_20-SENSEX_20260914_090604.log, Sensex_BarLevel_V2_5_20-SENSEX_20260914_090604.csv
2026-09-14 08:02:02,331 [WARNING] [STALE] 15m last bar 15:15 (>20min old) — instant refetch
2026-09-14 08:02:02,369 [WARNING] [STALE] 15m STILL stale after refetch — entries blocked this cycle
2026-09-14 08:02:02,370 [WARNING] [STALE] fut15 last bar 15:30 (>20min old) — instant refetch
2026-09-14 08:02:02,397 [WARNING] [STALE] fut15 STILL stale after refetch — entries blocked this cycle
2026-09-14 08:02:32,603 [WARNING] [STALE] 15m last bar 15:15 (>20min old) — instant refetch
2026-09-14 08:02:32,636 [WARNING] [STALE] 15m STILL stale after refetch — entries blocked this cycle
2026-09-14 08:02:32,637 [WARNING] [STALE] fut15 last bar 15:30 (>20min old) — instant refetch
2026-09-14 08:02:32,667 [WARNING] [STALE] fut15 STILL stale after refetch — entries blocked this cycle
2026-09-14 08:03:02,874 [WARNING] [STALE] 15m last bar 15:15 (>20min old) — instant refetch
2026-09-14 08:03:02,902 [WARNING] [STALE] 15m STILL stale after refetch — entries blocked this cycle
2026-09-14 08:03:02,903 [WARNING] [STALE] fut15 last bar 15:30 (>20min old) — instant refetch
2026-09-14 08:03:02,929 [WARNING] [STALE] fut15 STILL stale after refetch — entries blocked this cycle
2026-09-14 08:03:33,133 [WARNING] [STALE] 15m last bar 15:15 (>20min old) — instant refetch
2026-09-14 08:03:33,168 [WARNING] [STALE] 15m STILL stale after refetch — entries blocked this cycle
2026-09-14 08:03:33,168 [WARNING] [STALE] fut15 last bar 15:30 (>20min old) — instant refetch
2026-09-14 08:03:33,197 [WARNING] [STALE] fut15 STILL stale after refetch — entries blocked this cycle
2026-09-14 08:04:03,387 [WARNING] [STALE] 15m last bar 15:15 (>20min old) — instant refetch
2026-09-14 08:04:03,421 [WARNING] [STALE] 15m STILL stale after refetch — entries blocked this cycle
2026-09-14 08:04:03,421 [WARNING] [STALE] fut15 last bar 15:30 (>20min old) — instant refetch
2026-09-14 08:04:03,449 [WARNING] [STALE] fut15 STILL stale after refetch — entries blocked this cycle
2026-09-14 08:04:33,658 [WARNING] [STALE] 15m last bar 15:15 (>20min old) — instant refetch
2026-09-14 08:04:33,690 [WARNING] [STALE] 15m STILL stale after refetch — entries blocked this cycle
2026-09-14 08:04:33,691 [WARNING] [STALE] fut15 last bar 15:30 (>20min old) — instant refetch
2026-09-14 08:04:33,719 [WARNING] [STALE] fut15 STILL stale after refetch — entries blocked this cycle
2026-09-14 08:05:03,949 [WARNING] [STALE] 15m last bar 15:15 (>20min old) — instant refetch
2026-09-14 08:05:03,984 [WARNING] [STALE] 15m STILL stale after refetch — entries blocked this cycle
2026-09-14 08:05:03,985 [WARNING] [STALE] fut15 last bar 15:30 (>20min old) — instant refetch
2026-09-14 08:05:04,012 [WARNING] [STALE] fut15 STILL stale after refetch — entries blocked this cycle
2026-09-14 08:05:34,213 [WARNING] [STALE] 15m last bar 15:15 (>20min old) — instant refetch
2026-09-14 08:05:34,246 [WARNING] [STALE] 15m STILL stale after refetch — entries blocked this cycle
2026-09-14 08:05:34,247 [WARNING] [STALE] fut15 last bar 15:30 (>20min old) — instant refetch
2026-09-14 08:05:34,274 [WARNING] [STALE] fut15 STILL stale after refetch — entries blocked this cycle
2026-09-14 08:06:04,480 [WARNING] [STALE] 15m last bar 15:15 (>20min old) — instant refetch
2026-09-14 08:06:04,512 [WARNING] [STALE] 15m STILL stale after refetch — entries blocked this cycle
2026-09-14 08:06:04,512 [WARNING] [STALE] fut15 last bar 15:30 (>20min old) — instant refetch
2026-09-14 08:06:04,539 [WARNING] [STALE] fut15 STILL stale after refetch — entries blocked this cycle
2026-09-14 08:06:34,741 [WARNING] [STALE] 15m last bar 15:15 (>20min old) — instant refetch
2026-09-14 08:06:34,774 [WARNING] [STALE] 15m STILL stale after refetch — entries blocked this cycle
2026-09-14 08:06:34,774 [WARNING] [STALE] fut15 last bar 15:30 (>20min old) — instant refetch
2026-09-14 08:06:34,800 [WARNING] [STALE] fut15 STILL stale after refetch — entries blocked this cycle
2026-09-14 08:06:34,813 [INFO] [APEX] open=0 trades=0 realized=+0.0pt/Rs+0 unreal=+0.0pt/Rs+0
2026-09-14 08:06:34,813 [INFO] [T5] open=0 trades=0 realized=+0.0pt/Rs+0 unreal=+0.0pt/Rs+0
2026-09-14 08:06:34,814 [INFO] [INDICATORS] spot=74781.8 | 1h: close=74781.8 sma20=74788.5 sma50=75650.4 rsi=46.1 macd=-289.03/-349.83(bull) | 15m: K=81.1↓(prev 95.4) | regime=PE-eligible any_active=False
2026-09-14 08:06:34,814 [INFO] [SIGNAL] CE: reg=False K=False(K=81.1>=38,rising) Kextr=False RSI=False(46.1>53) MACD=True(gate off) => BLOCK | PE: reg=True K=False(K=81.1<=80,falling) Kextr=True RSI=True(46.1<47) MACD=False(gate off) => BLOCK
2026-09-14 08:06:37,384 [INFO] [periodic] Logs pushed to GitHub: Sensex_FlightRecorder_V2_5_20-SENSEX_20260914_090604.log, Sensex_BarLevel_V2_5_20-SENSEX_20260914_090604.csv
2026-09-14 08:07:07,584 [WARNING] [STALE] 15m last bar 15:15 (>20min old) — instant refetch
2026-09-14 08:07:07,613 [WARNING] [STALE] 15m STILL stale after refetch — entries blocked this cycle
2026-09-14 08:07:08,466 [WARNING] [STALE] fut15 last bar 15:30 (>20min old) — instant refetch
2026-09-14 08:07:08,493 [WARNING] [STALE] fut15 STILL stale after refetch — entries blocked this cycle
2026-09-14 08:07:38,686 [WARNING] [STALE] 15m last bar 15:15 (>20min old) — instant refetch
2026-09-14 08:07:38,716 [WARNING] [STALE] 15m STILL stale after refetch — entries blocked this cycle
2026-09-14 08:07:38,717 [WARNING] [STALE] fut15 last bar 15:30 (>20min old) — instant refetch
2026-09-14 08:07:38,750 [WARNING] [STALE] fut15 STILL stale after refetch — entries blocked this cycle
2026-09-14 08:08:08,961 [WARNING] [STALE] 15m last bar 15:15 (>20min old) — instant refetch
2026-09-14 08:08:08,993 [WARNING] [STALE] 15m STILL stale after refetch — entries blocked this cycle
2026-09-14 08:08:08,993 [WARNING] [STALE] fut15 last bar 15:30 (>20min old) — instant refetch
2026-09-14 08:08:09,021 [WARNING] [STALE] fut15 STILL stale after refetch — entries blocked this cycle
2026-09-14 08:08:39,212 [WARNING] [STALE] 15m last bar 15:15 (>20min old) — instant refetch
2026-09-14 08:08:39,239 [WARNING] [STALE] 15m STILL stale after refetch — entries blocked this cycle
2026-09-14 08:08:39,239 [WARNING] [STALE] fut15 last bar 15:30 (>20min old) — instant refetch
2026-09-14 08:08:39,265 [WARNING] [STALE] fut15 STILL stale after refetch — entries blocked this cycle
2026-09-14 08:09:09,458 [WARNING] [STALE] 15m last bar 15:15 (>20min old) — instant refetch
2026-09-14 08:09:09,486 [WARNING] [STALE] 15m STILL stale after refetch — entries blocked this cycle
2026-09-14 08:09:09,486 [WARNING] [STALE] fut15 last bar 15:30 (>20min old) — instant refetch
2026-09-14 08:09:09,512 [WARNING] [STALE] fut15 STILL stale after refetch — entries blocked this cycle
2026-09-14 08:09:39,714 [WARNING] [STALE] 15m last bar 15:15 (>20min old) — instant refetch
2026-09-14 08:09:39,746 [WARNING] [STALE] 15m STILL stale after refetch — entries blocked this cycle
2026-09-14 08:09:39,746 [WARNING] [STALE] fut15 last bar 15:30 (>20min old) — instant refetch
2026-09-14 08:09:39,776 [WARNING] [STALE] fut15 STILL stale after refetch — entries blocked this cycle
2026-09-14 08:10:09,986 [WARNING] [STALE] 15m last bar 15:15 (>20min old) — instant refetch
2026-09-14 08:10:10,014 [WARNING] [STALE] 15m STILL stale after refetch — entries blocked this cycle
2026-09-14 08:10:10,015 [WARNING] [STALE] fut15 last bar 15:30 (>20min old) — instant refetch
2026-09-14 08:10:10,044 [WARNING] [STALE] fut15 STILL stale after refetch — entries blocked this cycle
2026-09-14 08:10:40,255 [WARNING] [STALE] 15m last bar 15:15 (>20min old) — instant refetch
2026-09-14 08:10:40,288 [WARNING] [STALE] 15m STILL stale after refetch — entries blocked this cycle
2026-09-14 08:10:40,288 [WARNING] [STALE] fut15 last bar 15:30 (>20min old) — instant refetch
2026-09-14 08:10:40,315 [WARNING] [STALE] fut15 STILL stale after refetch — entries blocked this cycle
2026-09-14 08:11:10,514 [WARNING] [STALE] 15m last bar 15:15 (>20min old) — instant refetch
2026-09-14 08:11:10,544 [WARNING] [STALE] 15m STILL stale after refetch — entries blocked this cycle
2026-09-14 08:11:10,545 [WARNING] [STALE] fut15 last bar 15:30 (>20min old) — instant refetch
2026-09-14 08:11:10,572 [WARNING] [STALE] fut15 STILL stale after refetch — entries blocked this cycle
2026-09-14 08:11:40,763 [WARNING] [STALE] 15m last bar 15:15 (>20min old) — instant refetch
2026-09-14 08:11:40,794 [WARNING] [STALE] 15m STILL stale after refetch — entries blocked this cycle
2026-09-14 08:11:40,795 [WARNING] [STALE] fut15 last bar 15:30 (>20min old) — instant refetch
2026-09-14 08:11:40,820 [WARNING] [STALE] fut15 STILL stale after refetch — entries blocked this cycle
2026-09-14 08:11:40,836 [INFO] [APEX] open=0 trades=0 realized=+0.0pt/Rs+0 unreal=+0.0pt/Rs+0
2026-09-14 08:11:40,836 [INFO] [T5] open=0 trades=0 realized=+0.0pt/Rs+0 unreal=+0.0pt/Rs+0
2026-09-14 08:11:40,837 [INFO] [INDICATORS] spot=74781.8 | 1h: close=74781.8 sma20=74788.5 sma50=75650.4 rsi=46.1 macd=-289.03/-349.83(bull) | 15m: K=81.1↓(prev 95.4) | regime=PE-eligible any_active=False
2026-09-14 08:11:40,837 [INFO] [SIGNAL] CE: reg=False K=False(K=81.1>=38,rising) Kextr=False RSI=False(46.1>53) MACD=True(gate off) => BLOCK | PE: reg=True K=False(K=81.1<=80,falling) Kextr=True RSI=True(46.1<47) MACD=False(gate off) => BLOCK
2026-09-14 08:11:44,394 [INFO] [periodic] Logs pushed to GitHub: Sensex_FlightRecorder_V2_5_20-SENSEX_20260914_090604.log, Sensex_BarLevel_V2_5_20-SENSEX_20260914_090604.csv
2026-09-14 08:12:14,568 [WARNING] [STALE] 15m last bar 15:15 (>20min old) — instant refetch
2026-09-14 08:12:14,665 [WARNING] [STALE] 15m STILL stale after refetch — entries blocked this cycle
2026-09-14 08:12:14,665 [WARNING] [STALE] fut15 last bar 15:30 (>20min old) — instant refetch
2026-09-14 08:12:14,709 [WARNING] [STALE] fut15 STILL stale after refetch — entries blocked this cycle
2026-09-14 08:12:45,086 [WARNING] [STALE] 15m last bar 15:15 (>20min old) — instant refetch
2026-09-14 08:12:45,129 [WARNING] [STALE] 15m STILL stale after refetch — entries blocked this cycle
2026-09-14 08:12:45,129 [WARNING] [STALE] fut15 last bar 15:30 (>20min old) — instant refetch
2026-09-14 08:12:45,170 [WARNING] [STALE] fut15 STILL stale after refetch — entries blocked this cycle
2026-09-14 08:13:15,431 [WARNING] [STALE] 15m last bar 15:15 (>20min old) — instant refetch
2026-09-14 08:13:15,470 [WARNING] [STALE] 15m STILL stale after refetch — entries blocked this cycle
2026-09-14 08:13:15,470 [WARNING] [STALE] fut15 last bar 15:30 (>20min old) — instant refetch
2026-09-14 08:13:15,508 [WARNING] [STALE] fut15 STILL stale after refetch — entries blocked this cycle
2026-09-14 08:13:45,778 [WARNING] [STALE] 15m last bar 15:15 (>20min old) — instant refetch
2026-09-14 08:13:45,821 [WARNING] [STALE] 15m STILL stale after refetch — entries blocked this cycle
2026-09-14 08:13:45,821 [WARNING] [STALE] fut15 last bar 15:30 (>20min old) — instant refetch
2026-09-14 08:13:45,859 [WARNING] [STALE] fut15 STILL stale after refetch — entries blocked this cycle
2026-09-14 08:14:16,151 [WARNING] [STALE] 15m last bar 15:15 (>20min old) — instant refetch
2026-09-14 08:14:16,195 [WARNING] [STALE] 15m STILL stale after refetch — entries blocked this cycle
2026-09-14 08:14:16,196 [WARNING] [STALE] fut15 last bar 15:30 (>20min old) — instant refetch
2026-09-14 08:14:16,238 [WARNING] [STALE] fut15 STILL stale after refetch — entries blocked this cycle
2026-09-14 08:14:46,500 [WARNING] [STALE] 15m last bar 15:15 (>20min old) — instant refetch
2026-09-14 08:14:46,546 [WARNING] [STALE] 15m STILL stale after refetch — entries blocked this cycle
2026-09-14 08:14:46,546 [WARNING] [STALE] fut15 last bar 15:30 (>20min old) — instant refetch
2026-09-14 08:14:46,584 [WARNING] [STALE] fut15 STILL stale after refetch — entries blocked this cycle
2026-09-14 08:15:16,877 [WARNING] [STALE] 15m last bar 15:15 (>20min old) — instant refetch
2026-09-14 08:15:16,920 [WARNING] [STALE] 15m STILL stale after refetch — entries blocked this cycle
2026-09-14 08:15:16,921 [WARNING] [STALE] fut15 last bar 15:30 (>20min old) — instant refetch
2026-09-14 08:15:16,958 [WARNING] [STALE] fut15 STILL stale after refetch — entries blocked this cycle
2026-09-14 08:15:47,230 [WARNING] [STALE] 15m last bar 15:15 (>20min old) — instant refetch
2026-09-14 08:15:47,269 [WARNING] [STALE] 15m STILL stale after refetch — entries blocked this cycle
2026-09-14 08:15:47,269 [WARNING] [STALE] fut15 last bar 15:30 (>20min old) — instant refetch
2026-09-14 08:15:47,320 [WARNING] [STALE] fut15 STILL stale after refetch — entries blocked this cycle
2026-09-14 08:16:17,597 [WARNING] [STALE] 15m last bar 15:15 (>20min old) — instant refetch
2026-09-14 08:16:17,642 [WARNING] [STALE] 15m STILL stale after refetch — entries blocked this cycle
2026-09-14 08:16:17,643 [WARNING] [STALE] fut15 last bar 15:30 (>20min old) — instant refetch
2026-09-14 08:16:17,685 [WARNING] [STALE] fut15 STILL stale after refetch — entries blocked this cycle
2026-09-14 08:16:47,991 [WARNING] [STALE] 15m last bar 15:15 (>20min old) — instant refetch
2026-09-14 08:16:48,039 [WARNING] [STALE] 15m STILL stale after refetch — entries blocked this cycle
2026-09-14 08:16:48,039 [WARNING] [STALE] fut15 last bar 15:30 (>20min old) — instant refetch
2026-09-14 08:16:48,081 [WARNING] [STALE] fut15 STILL stale after refetch — entries blocked this cycle
2026-09-14 08:16:48,103 [INFO] [APEX] open=0 trades=0 realized=+0.0pt/Rs+0 unreal=+0.0pt/Rs+0
2026-09-14 08:16:48,103 [INFO] [T5] open=0 trades=0 realized=+0.0pt/Rs+0 unreal=+0.0pt/Rs+0
2026-09-14 08:16:48,104 [INFO] [INDICATORS] spot=74781.8 | 1h: close=74781.8 sma20=74788.5 sma50=75650.4 rsi=46.1 macd=-289.03/-349.83(bull) | 15m: K=81.1↓(prev 95.4) | regime=PE-eligible any_active=False
2026-09-14 08:16:48,104 [INFO] [SIGNAL] CE: reg=False K=False(K=81.1>=38,rising) Kextr=False RSI=False(46.1>53) MACD=True(gate off) => BLOCK | PE: reg=True K=False(K=81.1<=80,falling) Kextr=True RSI=True(46.1<47) MACD=False(gate off) => BLOCK
2026-09-14 08:16:50,798 [INFO] [periodic] Logs pushed to GitHub: Sensex_FlightRecorder_V2_5_20-SENSEX_20260914_090604.log, Sensex_BarLevel_V2_5_20-SENSEX_20260914_090604.csv
2026-09-14 08:17:21,052 [WARNING] [STALE] 15m last bar 15:15 (>20min old) — instant refetch
2026-09-14 08:17:21,096 [WARNING] [STALE] 15m STILL stale after refetch — entries blocked this cycle
2026-09-14 08:17:21,899 [WARNING] [STALE] fut15 last bar 15:30 (>20min old) — instant refetch
2026-09-14 08:17:21,937 [WARNING] [STALE] fut15 STILL stale after refetch — entries blocked this cycle
2026-09-14 08:17:52,203 [WARNING] [STALE] 15m last bar 15:15 (>20min old) — instant refetch
2026-09-14 08:17:52,243 [WARNING] [STALE] 15m STILL stale after refetch — entries blocked this cycle
2026-09-14 08:17:52,244 [WARNING] [STALE] fut15 last bar 15:30 (>20min old) — instant refetch
2026-09-14 08:17:52,282 [WARNING] [STALE] fut15 STILL stale after refetch — entries blocked this cycle
2026-09-14 08:18:22,556 [WARNING] [STALE] 15m last bar 15:15 (>20min old) — instant refetch
2026-09-14 08:18:22,598 [WARNING] [STALE] 15m STILL stale after refetch — entries blocked this cycle
2026-09-14 08:18:22,599 [WARNING] [STALE] fut15 last bar 15:30 (>20min old) — instant refetch
2026-09-14 08:18:22,635 [WARNING] [STALE] fut15 STILL stale after refetch — entries blocked this cycle
2026-09-14 08:18:52,915 [WARNING] [STALE] 15m last bar 15:15 (>20min old) — instant refetch
2026-09-14 08:18:52,961 [WARNING] [STALE] 15m STILL stale after refetch — entries blocked this cycle
2026-09-14 08:18:52,961 [WARNING] [STALE] fut15 last bar 15:30 (>20min old) — instant refetch
2026-09-14 08:18:53,001 [WARNING] [STALE] fut15 STILL stale after refetch — entries blocked this cycle
2026-09-14 08:19:23,249 [WARNING] [STALE] 15m last bar 15:15 (>20min old) — instant refetch
2026-09-14 08:19:23,288 [WARNING] [STALE] 15m STILL stale after refetch — entries blocked this cycle
2026-09-14 08:19:23,288 [WARNING] [STALE] fut15 last bar 15:30 (>20min old) — instant refetch
2026-09-14 08:19:23,331 [WARNING] [STALE] fut15 STILL stale after refetch — entries blocked this cycle
2026-09-14 08:19:53,676 [WARNING] [STALE] 15m last bar 15:15 (>20min old) — instant refetch
2026-09-14 08:19:53,716 [WARNING] [STALE] 15m STILL stale after refetch — entries blocked this cycle
2026-09-14 08:19:53,716 [WARNING] [STALE] fut15 last bar 15:30 (>20min old) — instant refetch
2026-09-14 08:19:53,761 [WARNING] [STALE] fut15 STILL stale after refetch — entries blocked this cycle
2026-09-14 08:20:24,051 [WARNING] [STALE] 15m last bar 15:15 (>20min old) — instant refetch
2026-09-14 08:20:24,090 [WARNING] [STALE] 15m STILL stale after refetch — entries blocked this cycle
2026-09-14 08:20:24,090 [WARNING] [STALE] fut15 last bar 15:30 (>20min old) — instant refetch
2026-09-14 08:20:24,130 [WARNING] [STALE] fut15 STILL stale after refetch — entries blocked this cycle
2026-09-14 08:20:54,399 [WARNING] [STALE] 15m last bar 15:15 (>20min old) — instant refetch
2026-09-14 08:20:54,436 [WARNING] [STALE] 15m STILL stale after refetch — entries blocked this cycle
2026-09-14 08:20:54,437 [WARNING] [STALE] fut15 last bar 15:30 (>20min old) — instant refetch
2026-09-14 08:20:54,472 [WARNING] [STALE] fut15 STILL stale after refetch — entries blocked this cycle
2026-09-14 08:21:24,739 [WARNING] [STALE] 15m last bar 15:15 (>20min old) — instant refetch
2026-09-14 08:21:24,783 [WARNING] [STALE] 15m STILL stale after refetch — entries blocked this cycle
2026-09-14 08:21:24,784 [WARNING] [STALE] fut15 last bar 15:30 (>20min old) — instant refetch
2026-09-14 08:21:24,823 [WARNING] [STALE] fut15 STILL stale after refetch — entries blocked this cycle
2026-09-14 08:21:55,090 [WARNING] [STALE] 15m last bar 15:15 (>20min old) — instant refetch
2026-09-14 08:21:55,128 [WARNING] [STALE] 15m STILL stale after refetch — entries blocked this cycle
2026-09-14 08:21:55,129 [WARNING] [STALE] fut15 last bar 15:30 (>20min old) — instant refetch
2026-09-14 08:21:55,165 [WARNING] [STALE] fut15 STILL stale after refetch — entries blocked this cycle
2026-09-14 08:21:55,184 [INFO] [APEX] open=0 trades=0 realized=+0.0pt/Rs+0 unreal=+0.0pt/Rs+0
2026-09-14 08:21:55,184 [INFO] [T5] open=0 trades=0 realized=+0.0pt/Rs+0 unreal=+0.0pt/Rs+0
2026-09-14 08:21:55,185 [INFO] [INDICATORS] spot=74781.8 | 1h: close=74781.8 sma20=74788.5 sma50=75650.4 rsi=46.1 macd=-289.03/-349.83(bull) | 15m: K=81.1↓(prev 95.4) | regime=PE-eligible any_active=False
2026-09-14 08:21:55,185 [INFO] [SIGNAL] CE: reg=False K=False(K=81.1>=38,rising) Kextr=False RSI=False(46.1>53) MACD=True(gate off) => BLOCK | PE: reg=True K=False(K=81.1<=80,falling) Kextr=True RSI=True(46.1<47) MACD=False(gate off) => BLOCK
2026-09-14 08:21:57,684 [INFO] [periodic] Logs pushed to GitHub: Sensex_FlightRecorder_V2_5_20-SENSEX_20260914_090604.log, Sensex_BarLevel_V2_5_20-SENSEX_20260914_090604.csv
2026-09-14 08:22:27,944 [WARNING] [STALE] 15m last bar 15:15 (>20min old) — instant refetch
2026-09-14 08:22:27,987 [WARNING] [STALE] 15m STILL stale after refetch — entries blocked this cycle
2026-09-14 08:22:27,988 [WARNING] [STALE] fut15 last bar 15:30 (>20min old) — instant refetch
2026-09-14 08:22:28,026 [WARNING] [STALE] fut15 STILL stale after refetch — entries blocked this cycle
2026-09-14 08:22:58,317 [WARNING] [STALE] 15m last bar 15:15 (>20min old) — instant refetch
2026-09-14 08:22:58,364 [WARNING] [STALE] 15m STILL stale after refetch — entries blocked this cycle
2026-09-14 08:22:58,365 [WARNING] [STALE] fut15 last bar 15:30 (>20min old) — instant refetch
2026-09-14 08:22:58,404 [WARNING] [STALE] fut15 STILL stale after refetch — entries blocked this cycle
2026-09-14 08:23:28,667 [WARNING] [STALE] 15m last bar 15:15 (>20min old) — instant refetch
2026-09-14 08:23:28,706 [WARNING] [STALE] 15m STILL stale after refetch — entries blocked this cycle
2026-09-14 08:23:28,707 [WARNING] [STALE] fut15 last bar 15:30 (>20min old) — instant refetch
2026-09-14 08:23:28,740 [WARNING] [STALE] fut15 STILL stale after refetch — entries blocked this cycle
2026-09-14 08:23:59,002 [WARNING] [STALE] 15m last bar 15:15 (>20min old) — instant refetch
2026-09-14 08:23:59,045 [WARNING] [STALE] 15m STILL stale after refetch — entries blocked this cycle
2026-09-14 08:23:59,045 [WARNING] [STALE] fut15 last bar 15:30 (>20min old) — instant refetch
2026-09-14 08:23:59,086 [WARNING] [STALE] fut15 STILL stale after refetch — entries blocked this cycle
2026-09-14 08:24:29,372 [WARNING] [STALE] 15m last bar 15:15 (>20min old) — instant refetch
2026-09-14 08:24:29,412 [WARNING] [STALE] 15m STILL stale after refetch — entries blocked this cycle
2026-09-14 08:24:29,413 [WARNING] [STALE] fut15 last bar 15:30 (>20min old) — instant refetch
2026-09-14 08:24:29,458 [WARNING] [STALE] fut15 STILL stale after refetch — entries blocked this cycle
2026-09-14 08:24:59,711 [WARNING] [STALE] 15m last bar 15:15 (>20min old) — instant refetch
2026-09-14 08:24:59,746 [WARNING] [STALE] 15m STILL stale after refetch — entries blocked this cycle
2026-09-14 08:24:59,746 [WARNING] [STALE] fut15 last bar 15:30 (>20min old) — instant refetch
2026-09-14 08:24:59,782 [WARNING] [STALE] fut15 STILL stale after refetch — entries blocked this cycle
2026-09-14 08:25:30,077 [WARNING] [STALE] 15m last bar 15:15 (>20min old) — instant refetch
2026-09-14 08:25:30,122 [WARNING] [STALE] 15m STILL stale after refetch — entries blocked this cycle
2026-09-14 08:25:30,123 [WARNING] [STALE] fut15 last bar 15:30 (>20min old) — instant refetch
2026-09-14 08:25:30,162 [WARNING] [STALE] fut15 STILL stale after refetch — entries blocked this cycle
2026-09-14 08:26:00,421 [WARNING] [STALE] 15m last bar 15:15 (>20min old) — instant refetch
2026-09-14 08:26:00,460 [WARNING] [STALE] 15m STILL stale after refetch — entries blocked this cycle
2026-09-14 08:26:00,461 [WARNING] [STALE] fut15 last bar 15:30 (>20min old) — instant refetch
2026-09-14 08:26:00,500 [WARNING] [STALE] fut15 STILL stale after refetch — entries blocked this cycle
2026-09-14 08:26:30,774 [WARNING] [STALE] 15m last bar 15:15 (>20min old) — instant refetch
2026-09-14 08:26:30,817 [WARNING] [STALE] 15m STILL stale after refetch — entries blocked this cycle
2026-09-14 08:26:30,818 [WARNING] [STALE] fut15 last bar 15:30 (>20min old) — instant refetch
2026-09-14 08:26:30,852 [WARNING] [STALE] fut15 STILL stale after refetch — entries blocked this cycle
2026-09-14 08:27:01,093 [WARNING] [STALE] 15m last bar 15:15 (>20min old) — instant refetch
2026-09-14 08:27:01,131 [WARNING] [STALE] 15m STILL stale after refetch — entries blocked this cycle
2026-09-14 08:27:01,131 [WARNING] [STALE] fut15 last bar 15:30 (>20min old) — instant refetch
2026-09-14 08:27:01,168 [WARNING] [STALE] fut15 STILL stale after refetch — entries blocked this cycle
2026-09-14 08:27:01,185 [INFO] [APEX] open=0 trades=0 realized=+0.0pt/Rs+0 unreal=+0.0pt/Rs+0
2026-09-14 08:27:01,185 [INFO] [T5] open=0 trades=0 realized=+0.0pt/Rs+0 unreal=+0.0pt/Rs+0
2026-09-14 08:27:01,186 [INFO] [INDICATORS] spot=74781.8 | 1h: close=74781.8 sma20=74788.5 sma50=75650.4 rsi=46.1 macd=-289.03/-349.83(bull) | 15m: K=81.1↓(prev 95.4) | regime=PE-eligible any_active=False
2026-09-14 08:27:01,186 [INFO] [SIGNAL] CE: reg=False K=False(K=81.1>=38,rising) Kextr=False RSI=False(46.1>53) MACD=True(gate off) => BLOCK | PE: reg=True K=False(K=81.1<=80,falling) Kextr=True RSI=True(46.1<47) MACD=False(gate off) => BLOCK
2026-09-14 08:27:04,530 [INFO] [periodic] Logs pushed to GitHub: Sensex_FlightRecorder_V2_5_20-SENSEX_20260914_090604.log, Sensex_BarLevel_V2_5_20-SENSEX_20260914_090604.csv
2026-09-14 08:27:34,789 [WARNING] [STALE] 15m last bar 15:15 (>20min old) — instant refetch
2026-09-14 08:27:34,829 [WARNING] [STALE] 15m STILL stale after refetch — entries blocked this cycle
2026-09-14 08:27:35,632 [WARNING] [STALE] fut15 last bar 15:30 (>20min old) — instant refetch
2026-09-14 08:27:35,679 [WARNING] [STALE] fut15 STILL stale after refetch — entries blocked this cycle
2026-09-14 08:28:05,931 [WARNING] [STALE] 15m last bar 15:15 (>20min old) — instant refetch
2026-09-14 08:28:05,972 [WARNING] [STALE] 15m STILL stale after refetch — entries blocked this cycle
2026-09-14 08:28:05,972 [WARNING] [STALE] fut15 last bar 15:30 (>20min old) — instant refetch
2026-09-14 08:28:06,009 [WARNING] [STALE] fut15 STILL stale after refetch — entries blocked this cycle
2026-09-14 08:28:36,284 [WARNING] [STALE] 15m last bar 15:15 (>20min old) — instant refetch
2026-09-14 08:28:36,323 [WARNING] [STALE] 15m STILL stale after refetch — entries blocked this cycle
2026-09-14 08:28:36,324 [WARNING] [STALE] fut15 last bar 15:30 (>20min old) — instant refetch
2026-09-14 08:28:36,363 [WARNING] [STALE] fut15 STILL stale after refetch — entries blocked this cycle
2026-09-14 08:29:06,613 [WARNING] [STALE] 15m last bar 15:15 (>20min old) — instant refetch
2026-09-14 08:29:06,654 [WARNING] [STALE] 15m STILL stale after refetch — entries blocked this cycle
2026-09-14 08:29:06,655 [WARNING] [STALE] fut15 last bar 15:30 (>20min old) — instant refetch
2026-09-14 08:29:06,692 [WARNING] [STALE] fut15 STILL stale after refetch — entries blocked this cycle
2026-09-14 08:29:36,977 [WARNING] [STALE] 15m last bar 15:15 (>20min old) — instant refetch
2026-09-14 08:29:37,018 [WARNING] [STALE] 15m STILL stale after refetch — entries blocked this cycle
2026-09-14 08:29:37,018 [WARNING] [STALE] fut15 last bar 15:30 (>20min old) — instant refetch
2026-09-14 08:29:37,054 [WARNING] [STALE] fut15 STILL stale after refetch — entries blocked this cycle
2026-09-14 08:30:07,333 [WARNING] [STALE] 15m last bar 15:15 (>20min old) — instant refetch
2026-09-14 08:30:07,370 [WARNING] [STALE] 15m STILL stale after refetch — entries blocked this cycle
2026-09-14 08:30:07,370 [WARNING] [STALE] fut15 last bar 15:30 (>20min old) — instant refetch
2026-09-14 08:30:07,408 [WARNING] [STALE] fut15 STILL stale after refetch — entries blocked this cycle
2026-09-14 08:30:37,677 [WARNING] [STALE] 15m last bar 15:15 (>20min old) — instant refetch
2026-09-14 08:30:37,713 [WARNING] [STALE] 15m STILL stale after refetch — entries blocked this cycle
2026-09-14 08:30:37,713 [WARNING] [STALE] fut15 last bar 15:30 (>20min old) — instant refetch
2026-09-14 08:30:37,750 [WARNING] [STALE] fut15 STILL stale after refetch — entries blocked this cycle
2026-09-14 08:31:08,040 [WARNING] [STALE] 15m last bar 15:15 (>20min old) — instant refetch
2026-09-14 08:31:08,081 [WARNING] [STALE] 15m STILL stale after refetch — entries blocked this cycle
2026-09-14 08:31:08,081 [WARNING] [STALE] fut15 last bar 15:30 (>20min old) — instant refetch
2026-09-14 08:31:08,118 [WARNING] [STALE] fut15 STILL stale after refetch — entries blocked this cycle
2026-09-14 08:31:38,369 [WARNING] [STALE] 15m last bar 15:15 (>20min old) — instant refetch
2026-09-14 08:31:38,405 [WARNING] [STALE] 15m STILL stale after refetch — entries blocked this cycle
2026-09-14 08:31:38,405 [WARNING] [STALE] fut15 last bar 15:30 (>20min old) — instant refetch
2026-09-14 08:31:38,442 [WARNING] [STALE] fut15 STILL stale after refetch — entries blocked this cycle
2026-09-14 08:32:08,710 [WARNING] [STALE] 15m last bar 15:15 (>20min old) — instant refetch
2026-09-14 08:32:08,770 [WARNING] [STALE] 15m STILL stale after refetch — entries blocked this cycle
2026-09-14 08:32:08,770 [WARNING] [STALE] fut15 last bar 15:30 (>20min old) — instant refetch
2026-09-14 08:32:08,813 [WARNING] [STALE] fut15 STILL stale after refetch — entries blocked this cycle
2026-09-14 08:32:08,828 [INFO] [APEX] open=0 trades=0 realized=+0.0pt/Rs+0 unreal=+0.0pt/Rs+0
2026-09-14 08:32:08,828 [INFO] [T5] open=0 trades=0 realized=+0.0pt/Rs+0 unreal=+0.0pt/Rs+0
2026-09-14 08:32:08,829 [INFO] [INDICATORS] spot=74781.8 | 1h: close=74781.8 sma20=74788.5 sma50=75650.4 rsi=46.1 macd=-289.03/-349.83(bull) | 15m: K=81.1↓(prev 95.4) | regime=PE-eligible any_active=False
2026-09-14 08:32:08,829 [INFO] [SIGNAL] CE: reg=False K=False(K=81.1>=38,rising) Kextr=False RSI=False(46.1>53) MACD=True(gate off) => BLOCK | PE: reg=True K=False(K=81.1<=80,falling) Kextr=True RSI=True(46.1<47) MACD=False(gate off) => BLOCK
2026-09-14 08:32:11,206 [INFO] [periodic] Logs pushed to GitHub: Sensex_FlightRecorder_V2_5_20-SENSEX_20260914_090604.log, Sensex_BarLevel_V2_5_20-SENSEX_20260914_090604.csv
2026-09-14 08:32:41,452 [WARNING] [STALE] 15m last bar 15:15 (>20min old) — instant refetch
2026-09-14 08:32:41,491 [WARNING] [STALE] 15m STILL stale after refetch — entries blocked this cycle
2026-09-14 08:32:41,491 [WARNING] [STALE] fut15 last bar 15:30 (>20min old) — instant refetch
2026-09-14 08:32:41,525 [WARNING] [STALE] fut15 STILL stale after refetch — entries blocked this cycle
2026-09-14 08:33:11,794 [WARNING] [STALE] 15m last bar 15:15 (>20min old) — instant refetch
2026-09-14 08:33:11,839 [WARNING] [STALE] 15m STILL stale after refetch — entries blocked this cycle
2026-09-14 08:33:11,840 [WARNING] [STALE] fut15 last bar 15:30 (>20min old) — instant refetch
2026-09-14 08:33:11,881 [WARNING] [STALE] fut15 STILL stale after refetch — entries blocked this cycle
2026-09-14 08:33:42,141 [WARNING] [STALE] 15m last bar 15:15 (>20min old) — instant refetch
2026-09-14 08:33:42,183 [WARNING] [STALE] 15m STILL stale after refetch — entries blocked this cycle
2026-09-14 08:33:42,183 [WARNING] [STALE] fut15 last bar 15:30 (>20min old) — instant refetch
2026-09-14 08:33:42,215 [WARNING] [STALE] fut15 STILL stale after refetch — entries blocked this cycle
2026-09-14 08:34:12,496 [WARNING] [STALE] 15m last bar 15:15 (>20min old) — instant refetch
2026-09-14 08:34:12,536 [WARNING] [STALE] 15m STILL stale after refetch — entries blocked this cycle
2026-09-14 08:34:12,537 [WARNING] [STALE] fut15 last bar 15:30 (>20min old) — instant refetch
2026-09-14 08:34:12,577 [WARNING] [STALE] fut15 STILL stale after refetch — entries blocked this cycle
2026-09-14 08:34:42,868 [WARNING] [STALE] 15m last bar 15:15 (>20min old) — instant refetch
2026-09-14 08:34:42,912 [WARNING] [STALE] 15m STILL stale after refetch — entries blocked this cycle
2026-09-14 08:34:42,913 [WARNING] [STALE] fut15 last bar 15:30 (>20min old) — instant refetch
2026-09-14 08:34:42,960 [WARNING] [STALE] fut15 STILL stale after refetch — entries blocked this cycle
2026-09-14 08:35:13,224 [WARNING] [STALE] 15m last bar 15:15 (>20min old) — instant refetch
2026-09-14 08:35:13,263 [WARNING] [STALE] 15m STILL stale after refetch — entries blocked this cycle
2026-09-14 08:35:13,263 [WARNING] [STALE] fut15 last bar 15:30 (>20min old) — instant refetch
2026-09-14 08:35:13,300 [WARNING] [STALE] fut15 STILL stale after refetch — entries blocked this cycle
2026-09-14 08:35:43,598 [WARNING] [STALE] 15m last bar 15:15 (>20min old) — instant refetch
2026-09-14 08:35:43,642 [WARNING] [STALE] 15m STILL stale after refetch — entries blocked this cycle
2026-09-14 08:35:43,642 [WARNING] [STALE] fut15 last bar 15:30 (>20min old) — instant refetch
2026-09-14 08:35:43,680 [WARNING] [STALE] fut15 STILL stale after refetch — entries blocked this cycle
2026-09-14 08:36:13,944 [WARNING] [STALE] 15m last bar 15:15 (>20min old) — instant refetch
2026-09-14 08:36:13,988 [WARNING] [STALE] 15m STILL stale after refetch — entries blocked this cycle
2026-09-14 08:36:13,989 [WARNING] [STALE] fut15 last bar 15:30 (>20min old) — instant refetch
2026-09-14 08:36:14,030 [WARNING] [STALE] fut15 STILL stale after refetch — entries blocked this cycle
2026-09-14 08:36:44,300 [WARNING] [STALE] 15m last bar 15:15 (>20min old) — instant refetch
2026-09-14 08:36:44,338 [WARNING] [STALE] 15m STILL stale after refetch — entries blocked this cycle
2026-09-14 08:36:44,338 [WARNING] [STALE] fut15 last bar 15:30 (>20min old) — instant refetch
2026-09-14 08:36:44,380 [WARNING] [STALE] fut15 STILL stale after refetch — entries blocked this cycle
2026-09-14 08:37:14,650 [WARNING] [STALE] 15m last bar 15:15 (>20min old) — instant refetch
2026-09-14 08:37:14,688 [WARNING] [STALE] 15m STILL stale after refetch — entries blocked this cycle
2026-09-14 08:37:14,689 [WARNING] [STALE] fut15 last bar 15:30 (>20min old) — instant refetch
2026-09-14 08:37:14,725 [WARNING] [STALE] fut15 STILL stale after refetch — entries blocked this cycle
2026-09-14 08:37:14,741 [INFO] [APEX] open=0 trades=0 realized=+0.0pt/Rs+0 unreal=+0.0pt/Rs+0
2026-09-14 08:37:14,741 [INFO] [T5] open=0 trades=0 realized=+0.0pt/Rs+0 unreal=+0.0pt/Rs+0
2026-09-14 08:37:14,742 [INFO] [INDICATORS] spot=74781.8 | 1h: close=74781.8 sma20=74788.5 sma50=75650.4 rsi=46.1 macd=-289.03/-349.83(bull) | 15m: K=81.1↓(prev 95.4) | regime=PE-eligible any_active=False
2026-09-14 08:37:14,742 [INFO] [SIGNAL] CE: reg=False K=False(K=81.1>=38,rising) Kextr=False RSI=False(46.1>53) MACD=True(gate off) => BLOCK | PE: reg=True K=False(K=81.1<=80,falling) Kextr=True RSI=True(46.1<47) MACD=False(gate off) => BLOCK
2026-09-14 08:37:17,576 [INFO] [periodic] Logs pushed to GitHub: Sensex_FlightRecorder_V2_5_20-SENSEX_20260914_090604.log, Sensex_BarLevel_V2_5_20-SENSEX_20260914_090604.csv
2026-09-14 08:37:47,841 [WARNING] [STALE] 15m last bar 15:15 (>20min old) — instant refetch
2026-09-14 08:37:47,885 [WARNING] [STALE] 15m STILL stale after refetch — entries blocked this cycle
2026-09-14 08:37:48,717 [WARNING] [STALE] fut15 last bar 15:30 (>20min old) — instant refetch
2026-09-14 08:37:48,755 [WARNING] [STALE] fut15 STILL stale after refetch — entries blocked this cycle
2026-09-14 08:38:19,043 [WARNING] [STALE] 15m last bar 15:15 (>20min old) — instant refetch
2026-09-14 08:38:19,089 [WARNING] [STALE] 15m STILL stale after refetch — entries blocked this cycle
2026-09-14 08:38:19,089 [WARNING] [STALE] fut15 last bar 15:30 (>20min old) — instant refetch
2026-09-14 08:38:19,127 [WARNING] [STALE] fut15 STILL stale after refetch — entries blocked this cycle
2026-09-14 08:38:49,404 [WARNING] [STALE] 15m last bar 15:15 (>20min old) — instant refetch
2026-09-14 08:38:49,446 [WARNING] [STALE] 15m STILL stale after refetch — entries blocked this cycle
2026-09-14 08:38:49,446 [WARNING] [STALE] fut15 last bar 15:30 (>20min old) — instant refetch
2026-09-14 08:38:49,481 [WARNING] [STALE] fut15 STILL stale after refetch — entries blocked this cycle
2026-09-14 08:39:19,751 [WARNING] [STALE] 15m last bar 15:15 (>20min old) — instant refetch
2026-09-14 08:39:19,790 [WARNING] [STALE] 15m STILL stale after refetch — entries blocked this cycle
2026-09-14 08:39:19,790 [WARNING] [STALE] fut15 last bar 15:30 (>20min old) — instant refetch
2026-09-14 08:39:19,828 [WARNING] [STALE] fut15 STILL stale after refetch — entries blocked this cycle
2026-09-14 08:39:50,113 [WARNING] [STALE] 15m last bar 15:15 (>20min old) — instant refetch
2026-09-14 08:39:50,153 [WARNING] [STALE] 15m STILL stale after refetch — entries blocked this cycle
2026-09-14 08:39:50,154 [WARNING] [STALE] fut15 last bar 15:30 (>20min old) — instant refetch
2026-09-14 08:39:50,194 [WARNING] [STALE] fut15 STILL stale after refetch — entries blocked this cycle
2026-09-14 08:40:20,471 [WARNING] [STALE] 15m last bar 15:15 (>20min old) — instant refetch
2026-09-14 08:40:20,509 [WARNING] [STALE] 15m STILL stale after refetch — entries blocked this cycle
2026-09-14 08:40:20,509 [WARNING] [STALE] fut15 last bar 15:30 (>20min old) — instant refetch
2026-09-14 08:40:20,546 [WARNING] [STALE] fut15 STILL stale after refetch — entries blocked this cycle
2026-09-14 08:40:50,833 [WARNING] [STALE] 15m last bar 15:15 (>20min old) — instant refetch
2026-09-14 08:40:50,877 [WARNING] [STALE] 15m STILL stale after refetch — entries blocked this cycle
2026-09-14 08:40:50,877 [WARNING] [STALE] fut15 last bar 15:30 (>20min old) — instant refetch
2026-09-14 08:40:50,917 [WARNING] [STALE] fut15 STILL stale after refetch — entries blocked this cycle
2026-09-14 08:41:21,212 [WARNING] [STALE] 15m last bar 15:15 (>20min old) — instant refetch
2026-09-14 08:41:21,259 [WARNING] [STALE] 15m STILL stale after refetch — entries blocked this cycle
2026-09-14 08:41:21,260 [WARNING] [STALE] fut15 last bar 15:30 (>20min old) — instant refetch
2026-09-14 08:41:21,312 [WARNING] [STALE] fut15 STILL stale after refetch — entries blocked this cycle
2026-09-14 08:41:51,571 [WARNING] [STALE] 15m last bar 15:15 (>20min old) — instant refetch
2026-09-14 08:41:51,610 [WARNING] [STALE] 15m STILL stale after refetch — entries blocked this cycle
2026-09-14 08:41:51,610 [WARNING] [STALE] fut15 last bar 15:30 (>20min old) — instant refetch
2026-09-14 08:41:51,645 [WARNING] [STALE] fut15 STILL stale after refetch — entries blocked this cycle
2026-09-14 08:42:21,976 [WARNING] [STALE] 15m last bar 15:15 (>20min old) — instant refetch
2026-09-14 08:42:22,024 [WARNING] [STALE] 15m STILL stale after refetch — entries blocked this cycle
2026-09-14 08:42:22,025 [WARNING] [STALE] fut15 last bar 15:30 (>20min old) — instant refetch
2026-09-14 08:42:22,075 [WARNING] [STALE] fut15 STILL stale after refetch — entries blocked this cycle
2026-09-14 08:42:22,094 [INFO] [APEX] open=0 trades=0 realized=+0.0pt/Rs+0 unreal=+0.0pt/Rs+0
2026-09-14 08:42:22,094 [INFO] [T5] open=0 trades=0 realized=+0.0pt/Rs+0 unreal=+0.0pt/Rs+0
2026-09-14 08:42:22,095 [INFO] [INDICATORS] spot=74781.8 | 1h: close=74781.8 sma20=74788.5 sma50=75650.4 rsi=46.1 macd=-289.03/-349.83(bull) | 15m: K=81.1↓(prev 95.4) | regime=PE-eligible any_active=False
2026-09-14 08:42:22,095 [INFO] [SIGNAL] CE: reg=False K=False(K=81.1>=38,rising) Kextr=False RSI=False(46.1>53) MACD=True(gate off) => BLOCK | PE: reg=True K=False(K=81.1<=80,falling) Kextr=True RSI=True(46.1<47) MACD=False(gate off) => BLOCK
2026-09-14 08:42:25,553 [INFO] [periodic] Logs pushed to GitHub: Sensex_FlightRecorder_V2_5_20-SENSEX_20260914_090604.log, Sensex_BarLevel_V2_5_20-SENSEX_20260914_090604.csv
2026-09-14 08:42:55,817 [WARNING] [STALE] 15m last bar 15:15 (>20min old) — instant refetch
2026-09-14 08:42:55,859 [WARNING] [STALE] 15m STILL stale after refetch — entries blocked this cycle
2026-09-14 08:42:55,859 [WARNING] [STALE] fut15 last bar 15:30 (>20min old) — instant refetch
2026-09-14 08:42:55,897 [WARNING] [STALE] fut15 STILL stale after refetch — entries blocked this cycle
2026-09-14 08:43:26,175 [WARNING] [STALE] 15m last bar 15:15 (>20min old) — instant refetch
2026-09-14 08:43:26,215 [WARNING] [STALE] 15m STILL stale after refetch — entries blocked this cycle
2026-09-14 08:43:26,216 [WARNING] [STALE] fut15 last bar 15:30 (>20min old) — instant refetch
2026-09-14 08:43:26,253 [WARNING] [STALE] fut15 STILL stale after refetch — entries blocked this cycle
2026-09-14 08:43:56,533 [WARNING] [STALE] 15m last bar 15:15 (>20min old) — instant refetch
2026-09-14 08:43:56,571 [WARNING] [STALE] 15m STILL stale after refetch — entries blocked this cycle
2026-09-14 08:43:56,572 [WARNING] [STALE] fut15 last bar 15:30 (>20min old) — instant refetch
2026-09-14 08:43:56,609 [WARNING] [STALE] fut15 STILL stale after refetch — entries blocked this cycle
2026-09-14 08:44:26,905 [WARNING] [STALE] 15m last bar 15:15 (>20min old) — instant refetch
2026-09-14 08:44:26,950 [WARNING] [STALE] 15m STILL stale after refetch — entries blocked this cycle
2026-09-14 08:44:26,951 [WARNING] [STALE] fut15 last bar 15:30 (>20min old) — instant refetch
2026-09-14 08:44:26,987 [WARNING] [STALE] fut15 STILL stale after refetch — entries blocked this cycle
2026-09-14 08:44:57,277 [WARNING] [STALE] 15m last bar 15:15 (>20min old) — instant refetch
2026-09-14 08:44:57,326 [WARNING] [STALE] 15m STILL stale after refetch — entries blocked this cycle
2026-09-14 08:44:57,326 [WARNING] [STALE] fut15 last bar 15:30 (>20min old) — instant refetch
2026-09-14 08:44:57,368 [WARNING] [STALE] fut15 STILL stale after refetch — entries blocked this cycle
2026-09-14 08:45:27,668 [WARNING] [STALE] 15m last bar 15:15 (>20min old) — instant refetch
2026-09-14 08:45:27,723 [WARNING] [STALE] 15m STILL stale after refetch — entries blocked this cycle
2026-09-14 08:45:27,724 [WARNING] [STALE] fut15 last bar 15:30 (>20min old) — instant refetch
2026-09-14 08:45:27,764 [WARNING] [STALE] fut15 STILL stale after refetch — entries blocked this cycle
2026-09-14 08:45:58,020 [WARNING] [STALE] 15m last bar 15:15 (>20min old) — instant refetch
2026-09-14 08:45:58,061 [WARNING] [STALE] 15m STILL stale after refetch — entries blocked this cycle
2026-09-14 08:45:58,061 [WARNING] [STALE] fut15 last bar 15:30 (>20min old) — instant refetch
2026-09-14 08:45:58,097 [WARNING] [STALE] fut15 STILL stale after refetch — entries blocked this cycle
2026-09-14 08:46:28,389 [WARNING] [STALE] 15m last bar 15:15 (>20min old) — instant refetch
2026-09-14 08:46:28,433 [WARNING] [STALE] 15m STILL stale after refetch — entries blocked this cycle
2026-09-14 08:46:28,433 [WARNING] [STALE] fut15 last bar 15:30 (>20min old) — instant refetch
2026-09-14 08:46:28,471 [WARNING] [STALE] fut15 STILL stale after refetch — entries blocked this cycle
2026-09-14 08:46:58,735 [WARNING] [STALE] 15m last bar 15:15 (>20min old) — instant refetch
2026-09-14 08:46:58,776 [WARNING] [STALE] 15m STILL stale after refetch — entries blocked this cycle
2026-09-14 08:46:58,777 [WARNING] [STALE] fut15 last bar 15:30 (>20min old) — instant refetch
2026-09-14 08:46:58,818 [WARNING] [STALE] fut15 STILL stale after refetch — entries blocked this cycle
2026-09-14 08:47:29,077 [WARNING] [STALE] 15m last bar 15:15 (>20min old) — instant refetch
2026-09-14 08:47:29,116 [WARNING] [STALE] 15m STILL stale after refetch — entries blocked this cycle
2026-09-14 08:47:29,117 [WARNING] [STALE] fut15 last bar 15:30 (>20min old) — instant refetch
2026-09-14 08:47:29,157 [WARNING] [STALE] fut15 STILL stale after refetch — entries blocked this cycle
2026-09-14 08:47:29,176 [INFO] [APEX] open=0 trades=0 realized=+0.0pt/Rs+0 unreal=+0.0pt/Rs+0
2026-09-14 08:47:29,177 [INFO] [T5] open=0 trades=0 realized=+0.0pt/Rs+0 unreal=+0.0pt/Rs+0
2026-09-14 08:47:29,177 [INFO] [INDICATORS] spot=74781.8 | 1h: close=74781.8 sma20=74788.5 sma50=75650.4 rsi=46.1 macd=-289.03/-349.83(bull) | 15m: K=81.1↓(prev 95.4) | regime=PE-eligible any_active=False
2026-09-14 08:47:29,177 [INFO] [SIGNAL] CE: reg=False K=False(K=81.1>=38,rising) Kextr=False RSI=False(46.1>53) MACD=True(gate off) => BLOCK | PE: reg=True K=False(K=81.1<=80,falling) Kextr=True RSI=True(46.1<47) MACD=False(gate off) => BLOCK
