2026-09-09 03:36:04,158 [INFO] [STATE][BASE] State from 2026-09-08 — resetting trades_today for 2026-09-09
2026-09-09 03:36:04,158 [INFO] [STATE][BASE] Loaded prior state. active=False losses=0
2026-09-09 03:36:04,158 [INFO] [STATE][VWAP] State from 2026-09-08 — resetting trades_today for 2026-09-09
2026-09-09 03:36:04,159 [INFO] [STATE][VWAP] Loaded prior state. active=False losses=0
2026-09-09 03:36:04,159 [INFO] [STATE][FUT5VWAP] State from 2026-09-08 — resetting trades_today for 2026-09-09
2026-09-09 03:36:04,159 [INFO] [STATE][FUT5VWAP] Loaded prior state. active=False losses=0
2026-09-09 03:36:04,159 [INFO] [STATE][ORB] State from 2026-09-08 — resetting trades_today for 2026-09-09
2026-09-09 03:36:04,159 [INFO] [STATE][ORB] Loaded prior state. active=False losses=0
2026-09-09 03:36:04,160 [INFO] [STATE][GAPBREAK] State from 2026-09-08 — resetting trades_today for 2026-09-09
2026-09-09 03:36:04,160 [INFO] [STATE][GAPBREAK] Loaded prior state. active=False losses=0
2026-09-09 03:36:04,160 [INFO] [STATE][EXPIRY] State from 2026-09-08 — resetting trades_today for 2026-09-09
2026-09-09 03:36:04,160 [INFO] [STATE][EXPIRY] Loaded prior state. active=False losses=0
2026-09-09 03:36:04,849 [INFO] [BOOT] Nifty FUT token: BSE_FO|844615 expiry=2026-09-24 sym=SENSEX26SEPFUT
2026-09-09 03:36:04,849 [INFO] [BOOT] Expiry: 2026-09-10, 135 strikes, 270 option contracts
2026-09-09 03:36:04,849 [INFO] [BOOT] PAPER mode (kite_paper) — mStock init + self-test SKIPPED (bypassed).
2026-09-09 03:36:05,067 [INFO] [PIVOTS] P=75714 R1=75875 R2=76173 S1=75417 S2=75256
2026-09-09 03:36:05,067 [INFO] [OI Plan] No valid plan found — running without OI levels (normal mode)
2026-09-09 03:36:05,068 [INFO] [GAP] +1.15% gap; suppressing entries until 10:15
2026-09-09 03:36:05,068 [INFO] [V2.5.20] 6 independent engines armed: BASE, VWAP, FUT5VWAP, ORB, GAPBREAK, EXPIRY (regime=BEAR, gap_suppress_until=10:15)
2026-09-09 03:36:05,068 [INFO] 
2026-09-09 03:36:05,068 [INFO] +========================================================================+
2026-09-09 03:36:05,068 [INFO] | ORION V2.5.15 — STRATEGY DESIGN                                        |
2026-09-09 03:36:05,068 [INFO] | Backtest: 363 trades | PnL Rs +6,88,158 | WR 64.5% | MaxDD -1,119     |
2026-09-09 03:36:05,068 [INFO] +========================================================================+
2026-09-09 03:36:05,068 [INFO] | ENGINE V2 (fires every 15m close — regime: BULL/BEAR/TRANSITION only)  |
2026-09-09 03:36:05,068 [INFO] |   CE: 1h close>SMA20>SMA50 | K>=38 rising | K<25 recently             |
2026-09-09 03:36:05,068 [INFO] |        RSI>53 | MACD bull | premium 30-180                             |
2026-09-09 03:36:05,068 [INFO] |   PE: 1h close<SMA20<SMA50 | K<=80 falling K>=25 | K>75 recently      |
2026-09-09 03:36:05,068 [INFO] |        RSI<47 | MACD bear | premium 30-300                             |
2026-09-09 03:36:05,068 [INFO] |                                                                         |
2026-09-09 03:36:05,068 [INFO] | ENGINE V3 (15m G/R cluster break/reject — fires in any regime)         |
2026-09-09 03:36:05,068 [INFO] |   Grade A (>=3 source kinds) / Grade B (>=2)                           |
2026-09-09 03:36:05,068 [INFO] |   PDC excluded from clusters; G/R need >=25pt buffer from PDC          |
2026-09-09 03:36:05,068 [INFO] |   premium 30-180 CE / 30-300 PE                                        |
2026-09-09 03:36:05,068 [INFO] |                                                                         |
2026-09-09 03:36:05,068 [INFO] | ENGINE VWAP (triple confirmation — fires in any regime)                 |
2026-09-09 03:36:05,068 [INFO] |   1. Nifty FUTURES 15m close crosses FUT VWAP, body>=65% (PRIMARY)     |
2026-09-09 03:36:05,068 [INFO] |   2. Nifty SPOT 15m close same direction above/below spot VWAP         |
2026-09-09 03:36:05,068 [INFO] |   3. ATM CE/PE LTP also above/below its daily VWAP simultaneously      |
2026-09-09 03:36:05,068 [INFO] |   premium 30-180 CE / 30-300 PE                                        |
2026-09-09 03:36:05,068 [INFO] |                                                                         |
2026-09-09 03:36:05,069 [INFO] | ENGINE FLIP (opposite-side only, max 3/day, excluded from CB)          |
2026-09-09 03:36:05,069 [INFO] |   Path A (in-trade): elapsed>=30 + peak>=entry+15 + LTP<=entry+10      |
2026-09-09 03:36:05,069 [INFO] |   Path B (post-exit): K reversal within 60min                          |
2026-09-09 03:36:05,069 [INFO] |                                                                         |
2026-09-09 03:36:05,069 [INFO] | UNIVERSAL EXIT (priority order):                                        |
2026-09-09 03:36:05,069 [INFO] |   1. HARDSL -18%                                                        |
2026-09-09 03:36:05,069 [INFO] |   2. Continuous trail: arms when peak>=entry+15, SL=peak-5             |
2026-09-09 03:36:05,069 [INFO] |      floor=entry+10, ratchets up with peak (never down)                |
2026-09-09 03:36:05,069 [INFO] |   3. VWAP trades: exit when opt 15m close < opt VWAP                  |
2026-09-09 03:36:05,069 [INFO] |   4. V2/V3/FLIP trades: SMA8(low) trail on 15m                        |
2026-09-09 03:36:05,069 [INFO] |   5. Force close 15:25  6. CB=3 non-flip losses                        |
2026-09-09 03:36:05,069 [INFO] |                                                                         |
2026-09-09 03:36:05,069 [INFO] | INFORMATIONAL (no trade gate): Straddle alerts | Options VWAP          |
2026-09-09 03:36:05,069 [INFO] +========================================================================+
2026-09-09 03:36:05,069 [INFO] 
2026-09-09 03:36:05,069 [INFO] V2.5.20 [2026-09-02] ORB ENTRY premium floor lowered — user instruction.
2026-09-09 03:36:05,069 [INFO]   WHAT: ORB_PREM_MIN NIFTY 60.0 -> 20.0, SENSEX 200.0 -> 66.7 (proportional carry
2026-09-09 03:36:05,069 [INFO]   at the 3.333x port scaling). This is the ENTRY strike-pick floor read by
2026-09-09 03:36:05,069 [INFO]   check_orb_signal() -> pick_strike_by_premium(). ORB_FLIP_PREM_MIN (added
2026-09-09 03:36:05,069 [INFO]   earlier today) is unchanged at 20.0 / 66.7.
2026-09-09 03:36:05,069 [INFO]   EFFECT: pick_strike_by_premium walks 50pt rings outward from ATM and takes the
2026-09-09 03:36:05,069 [INFO]   FIRST strike whose premium is in band, so a lower floor means ORB now buys a
2026-09-09 03:36:05,069 [INFO]   strike much CLOSER to ATM and much cheaper (10-expiry replay: entries move from
2026-09-09 03:36:05,070 [INFO]   ~Rs73-97 to ~Rs20-47).
2026-09-09 03:36:05,070 [INFO]   MEASURED, and deployed anyway on explicit user instruction: over the same 10
2026-09-09 03:36:05,070 [INFO]   NIFTY expiries on the bug-fixed engine this scores -Rs1,605 vs -Rs653 for the
2026-09-09 03:36:05,070 [INFO]   floor-60 config, i.e. Rs952 WORSE. Cause is that the fixed-POINT exits stop
2026-09-09 03:36:05,070 [INFO]   scaling: the -15pt stop is 19.5% of a Rs76.90 entry but 72.5% of a Rs20.70
2026-09-09 03:36:05,070 [INFO]   entry. Making the exits percentage-of-premium instead was tested at three
2026-09-09 03:36:05,070 [INFO]   calibrations and is worse still in both floors (-Rs1,430 / -Rs2,272 / -Rs1,780
2026-09-09 03:36:05,070 [INFO]   at floor 20). The floor-60 + fixed-point config was the best of all 8 tested
2026-09-09 03:36:05,070 [INFO]   combinations. n=10 expiry days only — thin sample, NIFTY-only, and ORB runs
2026-09-09 03:36:05,070 [INFO]   daily, so live forward evidence may differ from the replay.
2026-09-09 03:36:05,070 [INFO]   REVERT (one line, restores the best-measured config):
2026-09-09 03:36:05,070 [INFO]     ORION_PAPER_V2_5_20_BACKUP_20260902_035530_pre_entryfloor20.py /
2026-09-09 03:36:05,070 [INFO]     ORION_SENSEX_V2520_BACKUP_20260902_035530_pre_entryfloor20.py
2026-09-09 03:36:05,070 [INFO]   STATUS: applied 2026-09-02 ~09:20 IST, bots restarted same minute. NOT
2026-09-09 03:36:05,070 [INFO]           live-proven. WATCH the ORB entry premium in the next [ORB] Signal /
2026-09-09 03:36:05,070 [INFO]           ENTRY pair — expect a near-ATM strike at Rs20-50 rather than Rs60-100.
2026-09-09 03:36:05,070 [INFO] V2.5.20 [2026-09-02] (A) FORMING-BAR FIX — ORB/GAPBREAK could fire off an
2026-09-09 03:36:05,070 [INFO]   INCOMPLETE 5m bar.  (B) ORB flip-on-stop premium floor lowered.
2026-09-09 03:36:05,070 [INFO]   --- (A) FORMING-BAR ---
2026-09-09 03:36:05,070 [INFO]   WHAT: check_orb_signal() and check_gapbreak_signal() both scan
2026-09-09 03:36:05,070 [INFO]   `for _, b in df5.iterrows()` filtering only on minute-of-day, so df5's LAST
2026-09-09 03:36:05,070 [INFO]   row — the still-forming bucket — was a valid signal bar. With a 30s loop that
2026-09-09 03:36:05,070 [INFO]   bucket can hold as little as ONE 1m candle. For ORB this defeats the
2026-09-09 03:36:05,070 [INFO]   `body > 50% of range` filter entirely: that test exists to demand a decisive
2026-09-09 03:36:05,070 [INFO]   FIVE-minute bar, and a single 1m candle passes it trivially. For GAPBREAK the
2026-09-09 03:36:05,070 [INFO]   range-break was tested against an intra-bar tick, not a settled 5m close.
2026-09-09 03:36:05,070 [INFO]   FIX: both loops skip any bucket whose end time has not passed
2026-09-09 03:36:05,070 [INFO]   (`if b_min + 5 > _now_min: continue`). Mirrors the two sites that already did
2026-09-09 03:36:05,070 [INFO]   this correctly — check_fut5m_vwap_scalp_signal() reads iloc[-2] (last CLOSED
2026-09-09 03:36:05,070 [INFO]   bar) and is_orb_day_chop_killed() drops the forming bar via d15.iloc[:-1].
2026-09-09 03:36:05,071 [INFO]   FUT5VWAP was checked and is NOT affected.
2026-09-09 03:36:05,071 [INFO]   EVIDENCE (2026-09-01, reproduced from ~/orion_v2520_run.log): ORB logged
2026-09-09 03:36:05,071 [INFO]   "[ORB] Signal — close 24026.6 broke OR[24027.8,24082.6] side=PE" at 09:45 and
2026-09-09 03:36:05,071 [INFO]   entered 24100PE @83.00 at 09:46:34, stopping for -Rs975. 24026.6 is the
2026-09-09 03:36:05,071 [INFO]   1-MINUTE close at 09:45; the bucket held exactly one candle (body 0.664).
2026-09-09 03:36:05,071 [INFO]   NEITHER completed 5m bar qualified: 09:40-09:44 closed 24028.35, ABOVE the OR
2026-09-09 03:36:05,071 [INFO]   low, no break; 09:45-09:49 had body 0.433 < 0.5. That trade should never have
2026-09-09 03:36:05,071 [INFO]   existed. Loop simulation on 09-01 1m data: BEFORE fires 09:45 off 1 candle
2026-09-09 03:36:05,071 [INFO]   (PE); AFTER fires 10:55 off 5 candles (CE) — worth +Rs1,170 instead of -Rs975.
2026-09-09 03:36:05,071 [INFO]   SCALE: replay of the last 10 NIFTY expiries (harness G1-verified against the
2026-09-09 03:36:05,071 [INFO]   09-01 log) — the bug flips the traded SIDE on 3 of 10 days (07-14, 08-18,
2026-09-09 03:36:05,071 [INFO]   09-01). Net P&L similar (-Rs2,145 buggy vs -Rs2,018 clean) but only by luck.
2026-09-09 03:36:05,071 [INFO]   --- (B) FLIP FLOOR ---
2026-09-09 03:36:05,071 [INFO]   WHAT: new constant ORB_FLIP_PREM_MIN, read by _touch_flip_reentry() for ORB.
2026-09-09 03:36:05,071 [INFO]   NIFTY 20.0, SENSEX 66.7 (proportional carry at the 3.333x port scaling, same
2026-09-09 03:36:05,071 [INFO]   convention as the 08-31 GAP_THRESH and lock-arm entries).
2026-09-09 03:36:05,071 [INFO]   WHY A SEPARATE CONSTANT: ORB_PREM_MIN is read in TWO places — the ENTRY strike
2026-09-09 03:36:05,071 [INFO]   pick in check_orb_signal() and the FLIP in _touch_flip_reentry(). The replay
2026-09-09 03:36:05,071 [INFO]   held the ENTRY floor at 60 and varied ONLY the flip floor, so lowering
2026-09-09 03:36:05,071 [INFO]   ORB_PREM_MIN itself would have deployed an untested combination and changed
2026-09-09 03:36:05,071 [INFO]   which strike every ORB entry buys. Entry floor is UNCHANGED (60 / 200).
2026-09-09 03:36:05,071 [INFO]   EVIDENCE: 10 NIFTY expiries. Flip floor 60 -> 20 gains +Rs2,535 on the
2026-09-09 03:36:05,071 [INFO]   as-is engine and +Rs1,365 on the bug-fixed engine — the gain survives the fix,
2026-09-09 03:36:05,071 [INFO]   which was the check that mattered. Decomposition: ORB ENTRIES lose -Rs3,315
2026-09-09 03:36:05,071 [INFO]   (3/10 win); the FLIPS make +Rs3,705 (4/5). The flip carries the engine.
2026-09-09 03:36:05,071 [INFO]   CAVEATS, stated plainly: n=10 with only 5 flips — CIs include zero. Every
2026-09-09 03:36:05,071 [INFO]   winner exits at EXACTLY +18 (ORB_LOCK_PTS); the +40 ride trigger never engaged
2026-09-09 03:36:05,071 [INFO]   once in 10 expiries, so ORB is a +18/-15 coin flip. Left as-is per user
2026-09-09 03:36:05,071 [INFO]   2026-09-02. Floor 20 is still NET NEGATIVE on the bug-fixed engine (-Rs653):
2026-09-09 03:36:05,071 [INFO]   this makes ORB less bad, not profitable. Expiry days only; ORB runs daily.
2026-09-09 03:36:05,071 [INFO]   SENSEX has NO supporting replay — NIFTY-only evidence, carried on convention.
2026-09-09 03:36:05,071 [INFO]   REVERT: ORION_PAPER_V2_5_20_BACKUP_20260902_034429_pre_formingbar_flipfloor.py /
2026-09-09 03:36:05,071 [INFO]           ORION_SENSEX_V2520_BACKUP_20260902_034429_pre_formingbar_flipfloor.py
2026-09-09 03:36:05,071 [INFO]   STATUS: applied 2026-09-02 ~09:15 IST and bots RESTARTED the same minute on
2026-09-09 03:36:05,072 [INFO]           user instruction (both were flat, 0 trades, market had just opened;
2026-09-09 03:36:05,072 [INFO]           ORB entry window opens 09:25 so the restart preceded any signal).
2026-09-09 03:36:05,072 [INFO]           NOT live-proven. VERIFY today: grep "[ORB] Signal" in the run log —
2026-09-09 03:36:05,072 [INFO]           the quoted close must be a COMPLETED 5m bar close, never a bare 1m
2026-09-09 03:36:05,072 [INFO]           close mid-bucket; and any flip must show a premium >= the new floor.
2026-09-09 03:36:05,072 [INFO] V2.5.20 [2026-08-31] GAP_THRESH 75->50 + ORB REGIME GATE OPENED TO CHOP.
2026-09-09 03:36:05,072 [INFO]   (A) GAP_THRESH_PTS 250.0 -> 166.7 (proportional carry of the NIFTY
2026-09-09 03:36:05,072 [INFO]   75->50 at this port's 3.333x scaling). User: "it was 75 when nifty shares a lot=75,
2026-09-09 03:36:05,072 [INFO]   current is 65, so it should be 65, but considering nifty small but sharp
2026-09-09 03:36:05,072 [INFO]   movement, i am asking u to set it to 50." GAPBREAK stands down for the whole
2026-09-09 03:36:05,072 [INFO]   day when abs(today_open - prev_close) <= GAP_THRESH_PTS, so this is the gate
2026-09-09 03:36:05,072 [INFO]   that decides whether GAPBREAK exists at all on a given day. 08-31 gapped
2026-09-09 03:36:05,072 [INFO]   -58.10 and was skipped under 75; under 50 it would have traded.
2026-09-09 03:36:05,072 [INFO]   (B) ORB_ALLOWED_REGIMES ('BULL','BEAR','TRANSITION') -> + 'CHOP'. Only
2026-09-09 03:36:05,072 [INFO]   is_orb_day_sideways_live() reads this constant and only check_orb_signal()
2026-09-09 03:36:05,072 [INFO]   calls that, so the blast radius is ORB alone. ADX_CHOP_MAX was deliberately
2026-09-09 03:36:05,072 [INFO]   NOT touched: it feeds classify_regime() -> DAY.regime, which V2 also gates on
2026-09-09 03:36:05,072 [INFO]   via regime_allows_trade(), so moving it would silently loosen V2 too.
2026-09-09 03:36:05,072 [INFO]   MEASUREMENT (145 sessions, 2026-01-19..08-31, bot's own classify_regime on
2026-09-09 03:36:05,072 [INFO]   the same prior-1h bar the live boot uses): ORB stood down on 43/145 = 29.7%
2026-09-09 03:36:05,072 [INFO]   of sessions, rising to 35.0% over the last 40 and 62.5% since 08-20.
2026-09-09 03:36:05,072 [INFO]   Spot-excursion outcome of the ORB breakout (entry -> 15:15), by regime:
2026-09-09 03:36:05,072 [INFO]       regime        n   medMFE  medMAE  med-edge  MFE>=25  win%
2026-09-09 03:36:05,072 [INFO]       BULL         17     36.9    51.9      +0.5     76%    53%
2026-09-09 03:36:05,072 [INFO]       BEAR         23     70.2   157.8    -119.0     70%    22%
2026-09-09 03:36:05,072 [INFO]       TRANSITION   44     78.5    60.9     +39.9     82%    57%
2026-09-09 03:36:05,072 [INFO]       CHOP         39     71.5    78.6     -17.2     90%    46%
2026-09-09 03:36:05,072 [INFO]       ALLOWED-now  84     70.3    69.6      -9.9     77%    46%
2026-09-09 03:36:05,072 [INFO]   CHOP is NOT separable from the days already allowed: same win rate (46% vs
2026-09-09 03:36:05,072 [INFO]   46%), higher median MFE (71.5 vs 70.3), and it reaches +25 spot points MORE
2026-09-09 03:36:05,072 [INFO]   often than the allowed set (90% vs 77%). The gate was removing days that look
2026-09-09 03:36:05,072 [INFO]   like the ones it keeps. Note also that BEAR -- the regime the older notes call
2026-09-09 03:36:05,072 [INFO]   ORB's edge -- is by far the WORST bucket here (win 22%, edge -119).
2026-09-09 03:36:05,073 [INFO]   LIMITS: the metric is a SPOT-excursion proxy (max favourable/adverse move to
2026-09-09 03:36:05,073 [INFO]   15:15), NOT a premium-level ORB P&L replay -- it ignores stop/lock sequencing,
2026-09-09 03:36:05,073 [INFO]   so a day with large MFE can still have hit the stop first. It says the gate
2026-09-09 03:36:05,073 [INFO]   does not DISCRIMINATE; it does NOT prove ORB is profitable in CHOP. This
2026-09-09 03:36:05,073 [INFO]   loosens rather than tightens, so it will increase trade count and drawdown
2026-09-09 03:36:05,073 [INFO]   exposure. The in-day ORB_CHOP_KILL (>=4 VWAP crosses, ORB_CHOP_MIN_CROSSES=4)
2026-09-09 03:36:05,073 [INFO]   is UNCHANGED and remains the intraday chop protection.
2026-09-09 03:36:05,073 [INFO]   SENSEX-SPECIFIC LIMIT: the 145-session measurement above was run on NIFTY
2026-09-09 03:36:05,073 [INFO]   ONLY. There is NO SENSEX evidence for either change; both are proportional /
2026-09-09 03:36:05,073 [INFO]   mirrored carry-overs onto a port whose 3.3x scaling was never backtested.
2026-09-09 03:36:05,073 [INFO]   REVERT: ORION_SENSEX_V2520_BACKUP_20260831_pre_orbgate_gapthresh.py
2026-09-09 03:36:05,073 [INFO]   STATUS: code applied 2026-08-31 post-close, boot-verified, NOT trade-proven.
2026-09-09 03:36:05,073 [INFO] V2.5.20 [2026-08-31] ORB/GAPBREAK LOCK-ARM THRESHOLDS LOWERED (80->57.6, 50->26.7).
2026-09-09 03:36:05,073 [INFO]   WHAT: ORB_LOCK_PTS 80.0 -> 57.6; GAP_LOCK_PTS 50.0 -> 26.7. SENSEX mirror
2026-09-09 03:36:05,073 [INFO]   of the NIFTY change, scaled proportionally at this port's existing index
2026-09-09 03:36:05,073 [INFO]   ratios (18 * 80/25 = 57.6; 8 * 50/15 = 26.7). These are the
2026-09-09 03:36:05,073 [INFO]   lock-FLOOR ARM thresholds in _manage_touch_exit(), not targets: while
2026-09-09 03:36:05,073 [INFO]   DAY.floor is None the position is exposed to the full stop; once premium
2026-09-09 03:36:05,073 [INFO]   touches entry+lock the floor arms and the stop is bypassed entirely.
2026-09-09 03:36:05,073 [INFO]   WHY (user instruction 2026-08-31, after the 08-31 replay): both engines were
2026-09-09 03:36:05,073 [INFO]   replayed on 08-31 NIFTY using the live functions with a replay-clock ltp()
2026-09-09 03:36:05,073 [INFO]   override. ORB signalled 09:40 PE 24050 @64.40 (OR 09:15-09:20 =
2026-09-09 03:36:05,073 [INFO]   [24038.40,24128.70], break bar body 95%); GAPBREAK at a 50pt threshold
2026-09-09 03:36:05,073 [INFO]   signalled 09:55 PE 24050 @74.45. The 24050PE peaked at 83.30 -- i.e. +18.90
2026-09-09 03:36:05,073 [INFO]   over the ORB entry and +8.85 over the GAPBREAK entry. Both arms (89.40 /
2026-09-09 03:36:05,073 [INFO]   89.45) were missed by ~6 premium points, so NEITHER floor armed, both sat
2026-09-09 03:36:05,073 [INFO]   fully exposed, and both took the full stop at 11:54 on the reversal:
2026-09-09 03:36:05,073 [INFO]   ORB -15pt/-Rs975, GAPBREAK -30pt/-Rs1950. 18 and 8 sit just under those
2026-09-09 03:36:05,073 [INFO]   observed peaks and would have armed (82.40 / 82.45 vs peak 83.30).
2026-09-09 03:36:05,073 [INFO]   EVIDENCE / LIMITS: n=1. ONE day, one trade per engine, replayed not traded --
2026-09-09 03:36:05,073 [INFO]   neither signal could have been taken live on 08-31 because the bot was dead
2026-09-09 03:36:05,073 [INFO]   09:15-10:21 IST (see the SCRIPT_DIR hotfix entry above). The thresholds were
2026-09-09 03:36:05,073 [INFO]   chosen to clear a single observed peak, which is curve-fitting to one sample;
2026-09-09 03:36:05,073 [INFO]   a 30/60/90-day replay has NOT been run. Lowering the arm also banks smaller
2026-09-09 03:36:05,073 [INFO]   wins more often and cuts the number of trades that survive to the RIDE stage
2026-09-09 03:36:05,074 [INFO]   (ORB_RIDE_TRIGGER_PTS 40 / GAP 65 are unchanged), so mean win size should be
2026-09-09 03:36:05,074 [INFO]   expected to FALL even if win-rate rises. Watch giveback and win-rate over the
2026-09-09 03:36:05,074 [INFO]   next several ORB/GAPBREAK trades, not one.
2026-09-09 03:36:05,074 [INFO]   EXTRA LIMIT (SENSEX): the 08-31 replay was run on NIFTY ONLY. No SENSEX
2026-09-09 03:36:05,074 [INFO]   ORB/GAPBREAK replay supports these numbers; they are a pure proportional
2026-09-09 03:36:05,074 [INFO]   carry-over of a NIFTY-derived, n=1 result, on a port whose 3.3x scaling was
2026-09-09 03:36:05,074 [INFO]   itself never backtested.
2026-09-09 03:36:05,074 [INFO]   REVERT: ORION_SENSEX_V2520_BACKUP_20260831_pre_lock_change.py
2026-09-09 03:36:05,074 [INFO]   STATUS: code applied 2026-08-31 post-close. NOT live-proven -- bots exited
2026-09-09 03:36:05,074 [INFO]   cleanly at 15:30 IST and next boot is the 09:02 IST cron on 2026-09-01.
2026-09-09 03:36:05,074 [INFO] V2.5.20 [2026-08-31] STALE-DATA GUARD THRESHOLD 16 -> 20 MIN (15m + fut15).
2026-09-09 03:36:05,074 [INFO]   WHAT : in the V2.5.15 stale-data guard, _fresh_limit = now - 16min becomes
2026-09-09 03:36:05,074 [INFO]          now - _stale_max_min (20). The [STALE] log line now prints the
2026-09-09 03:36:05,074 [INFO]          constant instead of a hardcoded ">16min". NO entry/exit RULE, no
2026-09-09 03:36:05,074 [INFO]          engine, no indicator touched -- this only changes when the guard
2026-09-09 03:36:05,074 [INFO]          declares the frame unusable and blocks entries for one cycle.
2026-09-09 03:36:05,074 [INFO]   WHY  : a bar's LABEL is its bucket START, so a perfectly current 15m bar is
2026-09-09 03:36:05,074 [INFO]          already 15 min old by label the instant the next bucket opens. 16 min
2026-09-09 03:36:05,074 [INFO]          left only ~60s of headroom, and the tick samples the new bucket a few
2026-09-09 03:36:05,074 [INFO]          seconds BEFORE its first 1m candle exists, so the shim (correctly) has
2026-09-09 03:36:05,074 [INFO]          no bar to build yet and returns the previous bucket. The guard then
2026-09-09 03:36:05,074 [INFO]          fired once per bucket, always at :01/:16/:31/:46, always recovering on
2026-09-09 03:36:05,074 [INFO]          the very next tick. This is a threshold artefact, NOT stale data.
2026-09-09 03:36:05,074 [INFO]          Supersedes the 08-29 note "Deliberately NOT raising the 16-min stale
2026-09-09 03:36:05,074 [INFO]          guard": that reasoning assumed the shim would make the forming bar
2026-09-09 03:36:05,074 [INFO]          available immediately, which it cannot do inside the first ~60s of a
2026-09-09 03:36:05,074 [INFO]          bucket. 20 = 15 (bar width) + 5 (publish/tick tolerance).
2026-09-09 03:36:05,074 [INFO]   EVIDENCE: 2026-08-31 live logs, first full day on the resampling shim.
2026-09-09 03:36:05,074 [INFO]          Nifty 18 [STALE] events, Sensex 18 -- each one blocking entries for a
2026-09-09 03:36:05,074 [INFO]          cycle. Replayed every one of the 36 against the recorded tick time and
2026-09-09 03:36:05,074 [INFO]          bar label: bar-label age ranged 16.00-16.45 min, i.e. ALL 36 sat
2026-09-09 03:36:05,074 [INFO]          inside a 0.45-min band just past the old line. Under 20 min: 0 of 36
2026-09-09 03:36:05,074 [INFO]          trip. Margin to the new line is 3.55 min.
2026-09-09 03:36:05,074 [INFO]          The failure this guard exists for is untouched: the 2026-06-12
2026-09-09 03:36:05,075 [INFO]          incident served bars HOURS in the past (13:30 PE entry into a +68pt
2026-09-09 03:36:05,075 [INFO]          rally, HARDSL) and is still caught by a wide margin.
2026-09-09 03:36:05,075 [INFO]   DIAGNOSIS NOTE: the shim itself was verified NOT to be at fault -- a live
2026-09-09 03:36:05,075 [INFO]          probe at 14:02:04 IST on 08-31 returned the 14:00 15m bar (fresh) and
2026-09-09 03:36:05,075 [INFO]          1m candles through 14:01, resampling correctly. The bug was only ever
2026-09-09 03:36:05,075 [INFO]          the guard's threshold.
2026-09-09 03:36:05,075 [INFO]   SECOND, DEPENDENT CHANGE -- _completed_idx() (REQUIRED, not optional):
2026-09-09 03:36:05,075 [INFO]          raising the threshold ALONE would have been a net regression, and the
2026-09-09 03:36:05,075 [INFO]          08-29 note "raising the guard is the WRONG FIX" was right about why.
2026-09-09 03:36:05,075 [INFO]          The engines read df15['K'].iloc[-2] (and df1h iloc[-2]) assuming
2026-09-09 03:36:05,075 [INFO]          iloc[-1] is ALWAYS the forming bar. In the boundary window it is not,
2026-09-09 03:36:05,075 [INFO]          so simply unblocking those cycles would have had the engines evaluate
2026-09-09 03:36:05,075 [INFO]          a K one bar (15 min) STALE -- silently. Measured: the guard's instant
2026-09-09 03:36:05,075 [INFO]          refetch, 28ms later, recovered 0 of 18 trips, confirming the forming
2026-09-09 03:36:05,075 [INFO]          bar is genuinely absent, not merely slow.
2026-09-09 03:36:05,075 [INFO]          New module-level _completed_idx(df, now, minutes) returns the offset of
2026-09-09 03:36:05,075 [INFO]          the last COMPLETED bar: -2 when the forming bar is present, -1 in the
2026-09-09 03:36:05,075 [INFO]          boundary window. Wired into the 2 K/1h read sites (main tick + the
2026-09-09 03:36:05,075 [INFO]          guard's recovery branch). The boot-time read at the "Live state + first
2026-09-09 03:36:05,075 [INFO]          pulse" block is left on -2 deliberately (one-shot, pre-market-loop).
2026-09-09 03:36:05,075 [INFO]          SAFETY PROPERTY: it returns -2 on every tick that today reaches the
2026-09-09 03:36:05,075 [INFO]          engines, so it CANNOT change any tick that currently produces a trade;
2026-09-09 03:36:05,075 [INFO]          it only differs inside the window that today is unconditionally
2026-09-09 03:36:05,075 [INFO]          blocked. Unit-tested 8 cases + a 96-tick sweep: 0 normal ticks return
2026-09-09 03:36:05,075 [INFO]          anything but -2.
2026-09-09 03:36:05,075 [INFO]   REVERT: ORION_PAPER_V2_5_20_BACKUP_20260831_pre_stale_threshold.py /
2026-09-09 03:36:05,075 [INFO]           ORION_SENSEX_V2520_BACKUP_20260831_pre_stale_threshold.py
2026-09-09 03:36:05,075 [INFO]           (both changes are in these backups -- revert restores 16-min + iloc[-2])
2026-09-09 03:36:05,075 [INFO]   STATUS: applied 2026-08-31 14:2x IST during market hours. The RUNNING
2026-09-09 03:36:05,075 [INFO]           processes still hold the old 16-min value (Python loaded the file at
2026-09-09 03:36:05,075 [INFO]           the 10:21 IST restart) -- this takes effect at the next boot, Tue
2026-09-09 03:36:05,075 [INFO]           2026-09-01. NOT live-proven. Confirm on 09-01 by grepping the
2026-09-09 03:36:05,075 [INFO]           FlightRecorder for [STALE]: expect ZERO. If any remain, the cause is
2026-09-09 03:36:05,075 [INFO]           NOT this threshold and the shim/feed must be re-examined.
2026-09-09 03:36:05,076 [INFO] V2.5.20 [2026-08-31] HOTFIX: NameError SCRIPT_DIR crashed the bot on every boot.
2026-09-09 03:36:05,076 [INFO]   The 2026-08-29 trade-recorder addition referenced `SCRIPT_DIR`, but this file
2026-09-09 03:36:05,076 [INFO]   only ever defines `_SCRIPT_DIR` (underscore). Bot died in <2s on all 50 restart
2026-09-09 03:36:05,076 [INFO]   attempts this morning and gave up before EOD -- no trades taken 08-31 09:19-10:21
2026-09-09 03:36:05,076 [INFO]   IST. Fixed TRADES_CSV to use `_SCRIPT_DIR`. Evidence: ~/orion_sensex_run.log,
2026-09-09 03:36:05,076 [INFO]   attempts 1-50, all identical traceback at line 5855. Revert:
2026-09-09 03:36:05,076 [INFO]   ORION_SENSEX_V2520_BACKUP_20260831_pre_scriptdir_fix.py. Status: fixed,
2026-09-09 03:36:05,076 [INFO]   restarted manually intraday 10:21 IST -- pending confirmation of clean boot.
2026-09-09 03:36:05,076 [INFO] V2.5.20 [2026-08-30] ORB + EXPIRY EXEMPTED FROM THE CROSS-ENGINE CIRCUIT BREAKER.
2026-09-09 03:36:05,076 [INFO]   User, after the 08-29 changelog review: "no. of trades limit or sl hit
2026-09-09 03:36:05,076 [INFO]   halting should not be applied to orb and expiry engines. these are
2026-09-09 03:36:05,076 [INFO]   required." (Also confirmed the 08-29 stacking fix does NOT need to change:
2026-09-09 03:36:05,076 [INFO]   ORB/EXPIRY were never in _OVERLAP_ENGINES = [BASE, VWAP, FUT5VWAP], so they
2026-09-09 03:36:05,076 [INFO]   never stacked and nothing there needed touching. EXP12/EXP1/EXP2 shadow book
2026-09-09 03:36:05,076 [INFO]   already runs with no gates at all, unaffected either way.)
2026-09-09 03:36:05,076 [INFO]   WHAT: added _halt_exempt = (_base in ("ORB", "EXPIRY")) to the entry gate;
2026-09-09 03:36:05,076 [INFO]   _entry_allowed now ignores DAY.halted / GLOBAL_HALTED for these two engines
2026-09-09 03:36:05,076 [INFO]   unconditionally, in both PAPER and LIVE broker modes. Previously the global
2026-09-09 03:36:05,076 [INFO]   4-loss circuit breaker (any engine's losses, not just its own) set
2026-09-09 03:36:05,076 [INFO]   DAY.halted=True on every engine including these two, and in LIVE mode that
2026-09-09 03:36:05,076 [INFO]   fully blocked their new entries (paper mode already happened to be
2026-09-09 03:36:05,076 [INFO]   permissive via _cb_paper_mode, but only incidentally -- this makes it
2026-09-09 03:36:05,076 [INFO]   explicit and mode-independent). BASE/VWAP/FUT5VWAP/GAPBREAK are UNCHANGED
2026-09-09 03:36:05,076 [INFO]   and still halt normally.
2026-09-09 03:36:05,076 [INFO]   NO BACKTEST -- pure gating change per explicit user instruction, not a
2026-09-09 03:36:05,076 [INFO]   measured edge claim.
2026-09-09 03:36:05,076 [INFO]   REVERT: delete the _halt_exempt line and its `or _halt_exempt` use, or
2026-09-09 03:36:05,076 [INFO]           ORION_SENSEX_V2520_BACKUP_20260830_pre_halt_exempt.py
2026-09-09 03:36:05,076 [INFO]   STATUS: [USER] live on the next boot, Mon 2026-08-31.
2026-09-09 03:36:05,076 [INFO] 
2026-09-09 03:36:05,076 [INFO] V2.5.20 [2026-08-29] CE_BUY_ENABLED flag added (default True, NO behaviour change).
2026-09-09 03:36:05,076 [INFO]   Buying a CALL measured EV -1.067 pts over 91 sessions / 262,911 CE option-
2026-09-09 03:36:05,076 [INFO]   minutes, 95% CI [-2.179,-0.192] -- excludes zero, an ESTABLISHED loser. Puts
2026-09-09 03:36:05,076 [INFO]   are -0.088 (CI includes zero). Half-sizing was tried first and is a NO-OP:
2026-09-09 03:36:05,076 [INFO]   every engine is at 1 lot, so max(1, round(1*0.5)) == 1. At 1-lot sizing this
2026-09-09 03:36:05,077 [INFO]   is binary. Left ENABLED because disabling halves trade count and the user
2026-09-09 03:36:05,077 [INFO]   wants trades firing, and because the PE-minus-CE difference CI still includes
2026-09-09 03:36:05,077 [INFO]   zero -- only the CE loss is established, not the asymmetry.
2026-09-09 03:36:05,077 [INFO]   Set CE_BUY_ENABLED = False to act on it. Flag is declared and documented but
2026-09-09 03:36:05,077 [INFO]   NOT yet wired into the entry path -- wiring it is the next step if chosen.
2026-09-09 03:36:05,077 [INFO]   REVERT: *_BACKUP_20260829_pre_ce_halfsize.py
2026-09-09 03:36:05,077 [INFO]   STATUS: [BT] measured; flag inert by default.
2026-09-09 03:36:05,077 [INFO] 
2026-09-09 03:36:05,077 [INFO] V2.5.20 [2026-08-29] MAKE THE SILENT ENGINES FIRE — ORB regime gate + V3 probe fills.
2026-09-09 03:36:05,077 [INFO]   User: "i want all engines repaired and trades should be firing."
2026-09-09 03:36:05,077 [INFO]   Two engines were producing signals that never became trades.
2026-09-09 03:36:05,077 [INFO]   (1) ORB — was standing down on 27 of 40 live days (TRANSITION 14, CHOP 13) and
2026-09-09 03:36:05,077 [INFO]       there had been NO BULL/BEAR day since 08-17, so it fired zero times for six
2026-09-09 03:36:05,077 [INFO]       straight sessions, including 08-27 (NIFTY -187 closing on the low, SENSEX
2026-09-09 03:36:05,077 [INFO]       -643 on the low) which is the exact one-way trend an opening-range break is
2026-09-09 03:36:05,077 [INFO]       built for. The gate was also stricter than anything validated: only
2026-09-09 03:36:05,077 [INFO]       SIDEWAYS-skip was ever backtested; the live proxy collapsed TRANSITION AND
2026-09-09 03:36:05,077 [INFO]       CHOP into skip and its own comment admits it is "stricter (skip-more)".
2026-09-09 03:36:05,077 [INFO]       V2's regime_allows_trade() already permits TRANSITION.
2026-09-09 03:36:05,077 [INFO]       198-session check (spot pts, OR break, live ORB exit params):
2026-09-09 03:36:05,077 [INFO]         SENSEX BULL +8.71  BEAR +10.52  TRANSITION +3.34  CHOP +1.75
2026-09-09 03:36:05,077 [INFO]         NIFTY  BULL +1.30  BEAR  -0.88  TRANSITION +0.19  CHOP +2.62
2026-09-09 03:36:05,077 [INFO]       TRANSITION is positive on both, lower quality than BULL/BEAR but not
2026-09-09 03:36:05,077 [INFO]       harmful. => ORB_ALLOWED_REGIMES = (BULL, BEAR, TRANSITION); CHOP still out.
2026-09-09 03:36:05,077 [INFO]       Expected effect: ORB active on ~68% of days instead of ~32%.
2026-09-09 03:36:05,077 [INFO]   (2) V3 PROBE — the engine committed to a signal, placed a resting limit, then
2026-09-09 03:36:05,077 [INFO]       never got filled. NIFTY filled 13 of 30 (43%); SENSEX filled 0 of 8.
2026-09-09 03:36:05,077 [INFO]       Pullback NIFTY 8.0 -> 4.0, SENSEX 26.0 -> 13.0, window 15 -> 25 min.
2026-09-09 03:36:05,077 [INFO]       Trades a slightly worse entry price for actually being in the trade.
2026-09-09 03:36:05,077 [INFO]   NOT VALIDATED AS PROFIT. Both are frequency fixes measured in spot points;
2026-09-09 03:36:05,077 [INFO]   forward paper is the only referee. If ORB's win rate on TRANSITION days comes
2026-09-09 03:36:05,077 [INFO]   in worse than on BULL/BEAR over a real forward sample, revert first.
2026-09-09 03:36:05,077 [INFO]   REVERT: ORB_ALLOWED_REGIMES = ('BULL','BEAR'); probe pullback 8.0/26.0,
2026-09-09 03:36:05,077 [INFO]           window 15; or *_BACKUP_20260829_pre_firing.py
2026-09-09 03:36:05,078 [INFO]   STATUS: [USER][FWD] live on the next boot, Mon 2026-08-31.
2026-09-09 03:36:05,078 [INFO] 
2026-09-09 03:36:05,078 [INFO] V2.5.20 [2026-08-29] VWAP REPAIR — LEGACY_OVERLAP_SLOTS 4 -> 0 (both bots).
2026-09-09 03:36:05,078 [INFO]   User: "but also repair vwap".
2026-09-09 03:36:05,078 [INFO]   WHAT WAS ACTUALLY WRONG (measured, all 165 live trades 07-06..08-28):
2026-09-09 03:36:05,078 [INFO]   BASE/VWAP/FUT5VWAP each had 5 concurrent position slots and dedup ran per-BAR
2026-09-09 03:36:05,078 [INFO]   only -- nothing checked whether that strike was already open. Result:
2026-09-09 03:36:05,078 [INFO]       single positions  n=41  win 46%  mean +0.74pt
2026-09-09 03:36:05,078 [INFO]       stacked positions n=124 win 48%  mean +0.68pt
2026-09-09 03:36:05,078 [INFO]   Identical per-trade expectancy => the extra slots add NO EDGE, they only
2026-09-09 03:36:05,078 [INFO]   multiply size and variance. 24 of 40 stack events finished worse than the
2026-09-09 03:36:05,078 [INFO]   first slot alone; net cost Rs2,261; the damage is all in the tails (07-23
2026-09-09 03:36:05,078 [INFO]   stacked 4x into 24000CE -Rs7,248 vs -Rs1,398 for one slot; 08-13 stacked 7x
2026-09-09 03:36:05,078 [INFO]   -Rs7,213 vs -Rs959). 08-28 bought 24100PE twice 14 minutes apart and stopped
2026-09-09 03:36:05,078 [INFO]   both: -Rs1,739 instead of -Rs875. It also silently broke the standing 1-LOT
2026-09-09 03:36:05,078 [INFO]   rule -- VWAP could hold 5 lots at once. SLOT_LIST goes 18 -> 6.
2026-09-09 03:36:05,078 [INFO]   WHAT I DID **NOT** CHANGE, AND WHY:
2026-09-09 03:36:05,078 [INFO]    * CLIMAX FILTER (body>=87%) -- a 6-session n=14 sample suggested it was
2026-09-09 03:36:05,078 [INFO]      vetoing the best bars (79% continuation, +47pt/60m vs 52%/+13pt). RE-TESTED
2026-09-09 03:36:05,078 [INFO]      on 147 sessions (2025-12-24..2026-08-28, 3,381 15m bars/index): NIFTY shows
2026-09-09 03:36:05,078 [INFO]      NO difference (+60m +3.74 vetoed vs +4.37 kept, t=-0.14); SENSEX is
2026-09-09 03:36:05,078 [INFO]      suggestive but NOT significant (+14.27 vs +3.01, t=+0.77). The n=14 result
2026-09-09 03:36:05,078 [INFO]      was noise. Filter left exactly as is.
2026-09-09 03:36:05,078 [INFO]    * HARDSL_PCT -- the 08-29 study showed -18% sits inside the option's own
2026-09-09 03:36:05,078 [INFO]      noise (5 of 7 stops fired on index moves <0.1%), but the ATR-stop backtest
2026-09-09 03:36:05,078 [INFO]      could not clear G1 (34/53 entries locatable) and its baseline was Rs8,037
2026-09-09 03:36:05,078 [INFO]      from live, so NO stop change is justified yet. The trade recorder added the
2026-09-09 03:36:05,078 [INFO]      same day is what will settle it.
2026-09-09 03:36:05,078 [INFO]   REVERT: ORION_PAPER_V2_5_20_BACKUP_20260829_pre_overlapslots.py
2026-09-09 03:36:05,078 [INFO]           ORION_SENSEX_V2520_BACKUP_20260829_pre_overlapslots.py
2026-09-09 03:36:05,078 [INFO]   STATUS: [BT][USER] effective on the next boot, Mon 2026-08-31.
2026-09-09 03:36:05,078 [INFO] 
2026-09-09 03:36:05,078 [INFO] V2.5.20 [2026-08-29] TRADE RECORDER — per-trade CSV with DTE, MFE/MAE, option ATR.
2026-09-09 03:36:05,079 [INFO]   User: "write its expiry-1 days also, so will know the decay part also."
2026-09-09 03:36:05,079 [INFO]   WHY: the ENTRY: log line carries NO timestamp, so a closed trade cannot be
2026-09-09 03:36:05,079 [INFO]   located on the option's 1-minute tape afterwards. Reconstructing entries by
2026-09-09 03:36:05,079 [INFO]   price-matching failed for 19 of 53 VWAP trades (64%), which is exactly why the
2026-09-09 03:36:05,079 [INFO]   2026-08-29 ATR-stop backtest could not clear its G1 gate (and its baseline came
2026-09-09 03:36:05,079 [INFO]   out Rs8,037 away from the live result, because it had to discard the 19 TRAIL
2026-09-09 03:36:05,079 [INFO]   exits worth +Rs18,807 that it could not model). Bar-level CSVs cannot recover
2026-09-09 03:36:05,079 [INFO]   this either -- they sample ~5min and hold only ONE position, so with 5 overlap
2026-09-09 03:36:05,079 [INFO]   slots they produced 32 phantom entries for 3 real trades on 08-26.
2026-09-09 03:36:05,079 [INFO]   WHAT: Nifty_Trades_V2_5_20.csv / Sensex_Trades_V2_5_20.csv, one row per closed
2026-09-09 03:36:05,079 [INFO]   trade: entry_ts, exit_ts, held_min, engine+detail, symbol/side/strike,
2026-09-09 03:36:05,079 [INFO]   expiry, DTE, lots, entry/exit premium, reason, pts, rupees, MFE/MAE premium
2026-09-09 03:36:05,079 [INFO]   and points, the OPTION's own 14x1min ATR at entry and as % of premium,
2026-09-09 03:36:05,079 [INFO]   sl_level, entry/exit spot and spot_move.
2026-09-09 03:36:05,079 [INFO]   DTE answers the decay question: whether a stop was hit by direction or by
2026-09-09 03:36:05,079 [INFO]   theta as expiry approached. MFE/MAE answers whether a stop cut a real loser
2026-09-09 03:36:05,079 [INFO]   or ejected a trade that was working.
2026-09-09 03:36:05,079 [INFO]   EXPIRY IS TAKEN FROM TARGET_EXPIRY_DATE, NOT PARSED from the tradingsymbol:
2026-09-09 03:36:05,079 [INFO]   a monthly symbol does not encode the day, and "last Thursday" is wrong on both
2026-09-09 03:36:05,079 [INFO]   exchanges now (NSE weekly = Tuesday, BSE = Thursday) -- an end-to-end test
2026-09-09 03:36:05,079 [INFO]   decoded NIFTY26AUG as 2026-08-31 when the real expiry was 08-25.
2026-09-09 03:36:05,079 [INFO]   _expiry_from_symbol() is a weekly-only fallback and returns None for monthly
2026-09-09 03:36:05,079 [INFO]   rather than guessing.
2026-09-09 03:36:05,079 [INFO]   RECORDING ONLY -- no entry, exit or sizing behaviour changes. POS gains
2026-09-09 03:36:05,079 [INFO]   trough_premium (MAE), atr_entry, expiry_date; LAST_SPOT global refreshed each
2026-09-09 03:36:05,079 [INFO]   pulse in check_exits() so the recorder has a spot at every call site; the whole
2026-09-09 03:36:05,079 [INFO]   writer is wrapped in try/except so a logging fault can never break an exit.
2026-09-09 03:36:05,079 [INFO]   VERIFIED end-to-end against the real 2026-08-28 VWAP trade (74.80 -> 61.34,
2026-09-09 03:36:05,079 [INFO]   -Rs875): every field reproduced, DTE=2, atr_pct=4.36%.
2026-09-09 03:36:05,079 [INFO]   REVERT: ORION_PAPER_V2_5_20_BACKUP_20260829_pre_traderecorder.py
2026-09-09 03:36:05,079 [INFO]           ORION_SENSEX_V2520_BACKUP_20260829_pre_traderecorder.py
2026-09-09 03:36:05,079 [INFO]   STATUS: [USER][FWD] first rows land Mon 2026-08-31. Nothing recoverable for the
2026-09-09 03:36:05,080 [INFO]   37 days already logged.
2026-09-09 03:36:05,080 [INFO] 
2026-09-09 03:36:05,080 [INFO] V2.5.20 [2026-08-29] FUT5VWAP 3 lots -> 1 lot (BOTH bots), user-directed.
2026-09-09 03:36:05,080 [INFO]   User: "i want that one engine which takes 3 lots, is it working fine, if not
2026-09-09 03:36:05,080 [INFO]   reduce to 1 lot."  It is not working fine.
2026-09-09 03:36:05,080 [INFO]   EVIDENCE (live log 2026-07-06..08-28, orion_v2520_run.log, 155 exits parsed):
2026-09-09 03:36:05,080 [INFO]     FUT5VWAP  18 trades  14 wins (77.8%)  net -42.88pt  = -Rs8,362 at 3 lots
2026-09-09 03:36:05,080 [INFO]   The high win rate is an artifact of the exit shape, not edge: wins are capped
2026-09-09 03:36:05,080 [INFO]   at the +4.00pt LOCK_FLOOR (avg win +5.51pt) while the 4 losses each ran the
2026-09-09 03:36:05,080 [INFO]   full -30.00pt stop. Break-even win rate at that payoff = 84.5%; actual 77.8%.
2026-09-09 03:36:05,080 [INFO]   It was the single worst engine in the book by rupees, purely because of the 3x.
2026-09-09 03:36:05,080 [INFO]   NUANCE, stated so it is not lost: all 4 losses are BEFORE the 08-17 stop
2026-09-09 03:36:05,080 [INFO]   tightening (30->25pt). Since then only 2 trades have closed (08-25 +4.00,
2026-09-09 03:36:05,080 [INFO]   08-28 +4.00), both wins. So the 08-17 fix may well work -- but n=2 is not
2026-09-09 03:36:05,080 [INFO]   evidence, and an unproven engine should not carry triple size. Re-raise to 3
2026-09-09 03:36:05,080 [INFO]   only after a forward sample large enough to beat the 84.5% break-even bar.
2026-09-09 03:36:05,080 [INFO]   REVERT: ORION_PAPER_V2_5_20_BACKUP_20260829_pre_fut5_1lot.py
2026-09-09 03:36:05,080 [INFO]           ORION_SENSEX_V2520_BACKUP_20260829_pre_fut5_1lot.py
2026-09-09 03:36:05,080 [INFO]   STATUS: [USER][FWD] takes effect on the next boot (Mon 2026-08-31).
2026-09-09 03:36:05,080 [INFO] 
2026-09-09 03:36:05,080 [INFO] === ORION CHANGE HISTORY (V2.2.2 -> V2.5.9) ===
2026-09-09 03:36:05,080 [INFO] 
2026-09-09 03:36:05,080 [INFO] V2.2.2 [PRODUCTION BASELINE — T10]
2026-09-09 03:36:05,080 [INFO]   Entry : 1h SMA20/50 regime + 15m StochRSI K (CE>=38 rising, PE<=80 falling)
2026-09-09 03:36:05,080 [INFO]   Exit  : HARDSL -35%, TIME_SL 210min/-20%, BE +15% -> option SMA8(low) trail
2026-09-09 03:36:05,080 [INFO]   CB=2, 1 lot, no flip, no V3, no chop filter
2026-09-09 03:36:05,080 [INFO] 
2026-09-09 03:36:05,080 [INFO] V2.3  [+V3 CLUSTER LEVELS]
2026-09-09 03:36:05,080 [INFO]   + PDH/PDL/round_50/round_100/PDC/1h swing pivots clustered within 20pts
2026-09-09 03:36:05,080 [INFO]   + Grade A (>=3 source kinds) / Grade B (>=2)
2026-09-09 03:36:05,080 [INFO]   + ADX regime classifier (BULL/BEAR/CHOP/TRANSITION)
2026-09-09 03:36:05,080 [INFO] 
2026-09-09 03:36:05,080 [INFO] V2.4  [+EXIT UPGRADES]
2026-09-09 03:36:05,080 [INFO]   + 15m option SMA8(low) trail (KEPT in all future versions)
2026-09-09 03:36:05,080 [INFO]   + ATR-based exits (REMOVED — not robust enough)
2026-09-09 03:36:05,081 [INFO]   + BE armor at +15% (REMOVED later — net negative in backtest)
2026-09-09 03:36:05,081 [INFO] 
2026-09-09 03:36:05,081 [INFO] V2.5.0  [HYBRID V2+V3 + TIME-RATCHET]
2026-09-09 03:36:05,081 [INFO]   + Hybrid V2+V3 entry (V2 priority on same-bar tiebreak)
2026-09-09 03:36:05,081 [INFO]   + Time-ratchet exit: 90min / +20 step
2026-09-09 03:36:05,081 [INFO] 
2026-09-09 03:36:05,081 [INFO] V2.5.1  [ENTRY REFINEMENT]
2026-09-09 03:36:05,081 [INFO]   + V2 PE_floor=25 (K>=25 required for PE entry)
2026-09-09 03:36:05,081 [INFO]   + V2 CE: no upper K cap (cap tested and REJECTED — hurts WR)
2026-09-09 03:36:05,081 [INFO]   + V2 priority confirmed: +Rs 52k vs V3-priority
2026-09-09 03:36:05,081 [INFO] 
2026-09-09 03:36:05,081 [INFO] V2.5.2  [FLIP RULE +Rs 130k]
2026-09-09 03:36:05,081 [INFO]   + Path A flip (in-trade): elapsed>=30 + peak>=entry+15 + LTP<=entry+10 + K reversed
2026-09-09 03:36:05,081 [INFO]   + Path B flip (post-exit): K reversal within 60min
2026-09-09 03:36:05,081 [INFO]   + Opposite-side only (same-side continuation REJECTED: -Rs 191k CATASTROPHIC)
2026-09-09 03:36:05,081 [INFO]   + CE->PE: K falling, 25<=K<=80 | PE->CE: K rising, K>=38
2026-09-09 03:36:05,081 [INFO] 
2026-09-09 03:36:05,081 [INFO] V2.5.3  [V3 SINGLETONS + HARDSL LOCKED]
2026-09-09 03:36:05,081 [INFO]   + Promoted singletons: PDH/PDL/round_100(+-200 PDC)/swing pivots standalone Grade B
2026-09-09 03:36:05,081 [INFO]   + HARDSL locked at -25% (swept -35% to -15%; -25% optimal)
2026-09-09 03:36:05,081 [INFO]   + PnL Rs +3,14,418
2026-09-09 03:36:05,081 [INFO] 
2026-09-09 03:36:05,081 [INFO] V2.5.4  [FLIP CAP]
2026-09-09 03:36:05,082 [INFO]   + MAX_FLIPS_PER_DAY=3 (flips 1-3 win Rs 131k; flips 4+ lose Rs 21k)
2026-09-09 03:36:05,082 [INFO]   + PnL Rs +3,23,851
2026-09-09 03:36:05,082 [INFO] 
2026-09-09 03:36:05,082 [INFO] V2.5.5  [CHOP FILTER +Rs 49k]
2026-09-09 03:36:05,082 [INFO]   + RSI [47,53] indecision band blocks ALL entries
2026-09-09 03:36:05,082 [INFO]   + PnL Rs +3,72,598
2026-09-09 03:36:05,082 [INFO] 
2026-09-09 03:36:05,082 [INFO] V2.5.6  [V3 PDC CONTAMINATION FIX — LOCKED Rs 3,85,724 / WR 35.7%]
2026-09-09 03:36:05,082 [INFO]   + Exclude PDC from clustering (PDC is reference, not tradeable level)
2026-09-09 03:36:05,082 [INFO]   + G/R require >=25pt buffer from PDC (motivated by 2026-05-18 bad paper trade)
2026-09-09 03:36:05,082 [INFO]   + PnL Rs +3,85,724 / MaxDD -1,331 / Red 5/18
2026-09-09 03:36:05,082 [INFO] 
2026-09-09 03:36:05,082 [INFO] V2.5.7  [VELVET ROPE + RATCHET +Rs 1,14,324 / WR 35.7%->55.4%]
2026-09-09 03:36:05,082 [INFO]   + Velvet Rope: premium hits entry+15 -> SL immediately to entry+2
2026-09-09 03:36:05,082 [INFO]   + Ratchet Gate: 30min elapsed + entry+25 -> SL to entry+15
2026-09-09 03:36:05,082 [INFO]   + Runner Trail: +20 per +20pts peak (one-way)
2026-09-09 03:36:05,082 [INFO]   + Trade-off: Red months 5->10/18, MaxDD -1,331->-1,885
2026-09-09 03:36:05,082 [INFO] 
2026-09-09 03:36:05,082 [INFO] V2.5.8  [K EXTREME + FULL SMA ALIGNMENT]
2026-09-09 03:36:05,082 [INFO]   + K extreme filter: CE entry only if K<25 recently (3 bars); PE if K>75 recently
2026-09-09 03:36:05,082 [INFO]   + Full SMA alignment: CE needs close>SMA20>SMA50 (was just close>SMA20)
2026-09-09 03:36:05,082 [INFO] 
2026-09-09 03:36:05,082 [INFO] V2.5.9  [Rs 6,70,425 / WR 66.9% / 357 trades / MaxDD -1,485 / Red 8/18]
2026-09-09 03:36:05,082 [INFO]   + RSI DIRECTIONAL GATE replaces RSI [47,53] chop filter:
2026-09-09 03:36:05,082 [INFO]       CE: 1h RSI>53 required | PE: 1h RSI<47 required
2026-09-09 03:36:05,082 [INFO]   + MACD 1h alignment: CE needs MACD_line>signal; PE needs MACD_line<signal
2026-09-09 03:36:05,082 [INFO]   + Premium gate: 30<=entry_LTP<=180 (blocks deep OTM and IV-spike entries)
2026-09-09 03:36:05,082 [INFO]   + Tightened exit params: RI=12 (was 15), RT=20 (was 30), RS=25 (was 20)
2026-09-09 03:36:05,082 [INFO]   + CB=3 (was 4)
2026-09-09 03:36:05,082 [INFO]   + Straddle monitoring: informational Telegram at 9:45 and 11:30
2026-09-09 03:36:05,083 [INFO]   + Options VWAP: informational context at entry/pulse/exit
2026-09-09 03:36:05,083 [INFO] 
2026-09-09 03:36:05,083 [INFO] V2.5.12 [CURRENT LOCKED — Rs 6,88,158 / WR 64.5% / 363 trades / MaxDD -1,119 / Red 5/18]
2026-09-09 03:36:05,083 [INFO]   SOURCE: VRL (Vishal Rajput) code analysis — peak-based ratchet ladder
2026-09-09 03:36:05,083 [INFO]   + HARDSL tightened -25% → -18% (faster loss cut, less capital exposed)
2026-09-09 03:36:05,083 [INFO]   + 20-min time gate REMOVED — purely peak-based ladder (no waiting)
2026-09-09 03:36:05,083 [INFO]   + Ladder Tier2: peak >= entry+24 → SL = entry+12 (immediate)
2026-09-09 03:36:05,083 [INFO]   + Ladder Tier3: peak >= entry+36 → SL = entry+24 (immediate)
2026-09-09 03:36:05,083 [INFO]   + Entry logic UNCHANGED from V2.5.9
2026-09-09 03:36:05,083 [INFO]   + Validated: real option data (May 4-21 2026, 12 days)
2026-09-09 03:36:05,083 [INFO]   + Key improvement: MaxDD -1,485 → -1,119 (-25%), Red months 8 → 5
2026-09-09 03:36:05,083 [INFO] 
2026-09-09 03:36:05,083 [INFO] V2.5.12-LIVE [2026-05-29 — FIRST LIVE TRADING SESSION WITH mSTOCK EXECUTION]
2026-09-09 03:36:05,083 [INFO]   + EXECUTION_BROKER switched from kite_paper → mstock_live
2026-09-09 03:36:05,083 [INFO]   + mStock Type B API integrated: login → set_access_token → verify_totp (TOTP auto)
2026-09-09 03:36:05,083 [INFO]   + Instrument master: direct fetch from OpenAPIScripMaster (173k symbols, name field)
2026-09-09 03:36:05,083 [INFO]   + order_status: mStock returns 'Traded' status (not 'COMPLETE') — mapped correctly
2026-09-09 03:36:05,083 [INFO]   + place_order: disclosedquantity="0" required (blank causes IA400 rejection)
2026-09-09 03:36:05,083 [INFO]   + IP 18.212.243.203 (PythonAnywhere) whitelisted in mStock API settings
2026-09-09 03:36:05,083 [INFO]   + BUY: 15s timeout, cancel-and-check on timeout, abort if not filled
2026-09-09 03:36:05,083 [INFO]   + SELL: 3 retries × 5s, 🚨 CRITICAL Telegram alert if all fail, POS.active stays True
2026-09-09 03:36:05,083 [INFO]   + V3 REGIME GATE REMOVED: V3 now fires in CHOP/INSUFFICIENT regime
2026-09-09 03:36:05,083 [INFO]       Root cause of bug: regime gate wrapped ALL signals including V3;
2026-09-09 03:36:05,083 [INFO]       V3 uses cluster break/reject as its own confirmation — ADX not needed
2026-09-09 03:36:05,083 [INFO]       V2 and FLIP remain regime-gated (BULL/BEAR/TRANSITION only)
2026-09-09 03:36:05,083 [INFO]   + V3 engine: acts on ALL Grade A/B clusters simultaneously (not just nearest)
2026-09-09 03:36:05,083 [INFO]   + PREMIUM_MAX asymmetric: CE=180 (unchanged), PE=300 (was 180, captures panic moves)
2026-09-09 03:36:05,083 [INFO]   + VWAP double confirmation engine (new):
2026-09-09 03:36:05,083 [INFO]       Fires when Nifty 15m bar crosses daily VWAP with body>=50% range
2026-09-09 03:36:05,083 [INFO]       AND ATM CE/PE LTP is also above/below its daily VWAP simultaneously
2026-09-09 03:36:05,083 [INFO]       Self-confirming like V3 — no regime gate
2026-09-09 03:36:05,083 [INFO]   + LOTS_PER_TRADE = 2 (live)
2026-09-09 03:36:05,084 [INFO] 
2026-09-09 03:36:05,084 [INFO] V2.5.13 [VWAP TRAIL EXIT + BOOT SELF-TEST + STABILITY FIXES]
2026-09-09 03:36:05,084 [INFO]   + VWAP engine trades: trail exit uses option's own VWAP (15m close < option VWAP)
2026-09-09 03:36:05,084 [INFO]     instead of SMA8(low) trail — holds through pullbacks better on VWAP-confirmed moves
2026-09-09 03:36:05,084 [INFO]   + V2/V3/FLIP trades: keep original SMA8(low) trail (unchanged)
2026-09-09 03:36:05,084 [INFO]   + Boot self-test: BUY (LIMIT ₹0.05) + SELL (LIMIT ₹9999) on deep OTM option at startup
2026-09-09 03:36:05,084 [INFO]     Both must succeed and cancel cleanly or bot aborts — confirms mStock connectivity + IP
2026-09-09 03:36:05,084 [INFO]   + MStockBroker class inlined into single .py file (no separate mstock_broker.py)
2026-09-09 03:36:05,084 [INFO]   + IA403 recovery: rebuilds SDK client from scratch on IP mismatch, 3 consecutive → halt
2026-09-09 03:36:05,084 [INFO]   + Position sync cooldown: 180s → 300s (avoids false MANUAL_EXIT on slow fills)
2026-09-09 03:36:05,084 [INFO]   + MANUAL_EXIT fix: clears buy_order_id before close_trade to prevent duplicate SELL
2026-09-09 03:36:05,084 [INFO]   + State file: added date field, resets trades_today/losses on new day boundary
2026-09-09 03:36:05,084 [INFO]   + VWAP dedup log spam removed (silent return on same-bar re-fire)
2026-09-09 03:36:05,084 [INFO] 
2026-09-09 03:36:05,084 [INFO] V2.5.14 [TIERED PROFIT LOCK LADDER — inspired by VRL]
2026-09-09 03:36:05,084 [INFO]   + Replaced sparse 3-tier ratchet (Velvet Rope + T2 + T3 + Runner) with 7-tier ladder
2026-09-09 03:36:05,084 [INFO]   + Ladder: +12→+2, +18→+8, +24→+12, +30→+20, +36→+24, +40→+30, +50→+40
2026-09-09 03:36:05,084 [INFO]   + More tiers = less profit give-back on sharp reversals
2026-09-09 03:36:05,084 [INFO]   + Checked every tick (not candle-based) — same as before but tighter protection
2026-09-09 03:36:05,084 [INFO]   + Unified code: single loop replaces 3 separate sections (3a/3b/3c → 3)
2026-09-09 03:36:05,084 [INFO]   + VWAP engine upgraded to TRIPLE confirmation:
2026-09-09 03:36:05,084 [INFO]     Gate 1 (PRIMARY): Nifty FUTURES 15m close crosses futures VWAP, body >= 50%
2026-09-09 03:36:05,084 [INFO]     Gate 2: Nifty SPOT 15m close same direction above/below spot VWAP
2026-09-09 03:36:05,084 [INFO]     Gate 3: ATM option LTP above/below option's own VWAP
2026-09-09 03:36:05,084 [INFO]   + Futures VWAP is now the primary decision criterion — real margin-backed money
2026-09-09 03:36:05,084 [INFO]   + Nifty FUT token auto-resolved from Kite instruments at boot (no hardcoding)
2026-09-09 03:36:05,084 [INFO] 
2026-09-09 03:36:05,084 [INFO] V2.5.15 [STALE DATA GUARD — 2026-06-12]
2026-09-09 03:36:05,084 [INFO]   + ROOT CAUSE FOUND: Kite intermittently returned a 15m series ending ~2h in
2026-09-09 03:36:05,084 [INFO]     the past. Evidence: VWAP entry logged bar=198 at 11:30 but bar=197 at 13:30
2026-09-09 03:36:05,084 [INFO]     (bar index went BACKWARDS); the 13:30 entry cited a 67% bearish bar +
2026-09-09 03:36:05,084 [INFO]     FUT 23375 while the live tape was +68 pts off the low in 4 min → bought PE
2026-09-09 03:36:05,084 [INFO]     into a V-reversal → HARDSL -21.73. Fresh-data replay confirms the signal
2026-09-09 03:36:05,085 [INFO]     does NOT fire at 13:30 with up-to-date frames. Likely also suppressed valid
2026-09-09 03:36:05,085 [INFO]     signals (Jun-11 zero-trade day: fresh-data replay finds 4 trades / +35 pts).
2026-09-09 03:36:05,085 [INFO]   + Guard (active 09:32+): if last 15m bar (spot or futures) is older than
2026-09-09 03:36:05,085 [INFO]     16 min → instant refetch from Kite; if recovered, continue + Telegram info;
2026-09-09 03:36:05,085 [INFO]     if still stale → Telegram alert + ENTRIES blocked for that cycle only.
2026-09-09 03:36:05,085 [INFO]   + EXITS are never blocked on data quality.
2026-09-09 03:36:05,085 [INFO]   + Telegram alerts rate-limited to 1 per 10 min; log line every cycle.
2026-09-09 03:36:05,085 [INFO] 
2026-09-09 03:36:05,085 [INFO] V2.5.16 [MOMENTUM GATE ON SAME-SIDE STREAKS + SMA8 TODAY-ONLY FIX — 2026-06-17]
2026-09-09 03:36:05,085 [INFO]   + PROBLEM: in choppy markets the bot ran 3+ rapid same-direction trades —
2026-09-09 03:36:05,085 [INFO]     first 1-2 win small, the 3rd buys into the reversal and takes the full
2026-09-09 03:36:05,085 [INFO]     -18% HARDSL, then keeps buying the same side, wiping the day's gains.
2026-09-09 03:36:05,085 [INFO]     Diagnosis (May+June real-opt data): the persistence is the VWAP engine
2026-09-09 03:36:05,085 [INFO]     (no regime filter, re-fires same side each 15m bar). The 1st/2nd winners
2026-09-09 03:36:05,085 [INFO]     exit on the peak ladder (TRAIL_+N); the 3rd dies on HARDSL/VWAP_TRAIL.
2026-09-09 03:36:05,085 [INFO]   + MOMENTUM GATE: the 3rd+ CONSECUTIVE same-direction entry (any engine) is
2026-09-09 03:36:05,085 [INFO]     blocked unless spot has moved >= MOM_GATE_PTS (12) WITH the trade over the
2026-09-09 03:36:05,085 [INFO]     last MOM_GATE_BARS (5) closed 1m bars. 1st/2nd same-side entries untouched.
2026-09-09 03:36:05,085 [INFO]     Run counted from DAY.trades_today (closed trades). New fetch_nifty_1m() +
2026-09-09 03:36:05,085 [INFO]     momentum_gate_ok(); fails OPEN if 1m data unavailable; "🚧 Momentum-gate
2026-09-09 03:36:05,085 [INFO]     BLOCK" Telegram on a block. Backtest (May real-opt): baseline -7.3 pt →
2026-09-09 03:36:05,085 [INFO]     gate +104.0 pt, 0 winners blocked (blocks only flat-momentum |mv|<=8 chop).
2026-09-09 03:36:05,085 [INFO]   + SMA8 TODAY-ONLY FIX: sma8_low_of_option() now averages ONLY today's closed
2026-09-09 03:36:05,085 [INFO]     15m option lows (arms after SMA_TRAIL_MIN_BARS=4 today-bars). Previously it
2026-09-09 03:36:05,085 [INFO]     averaged 8 bars from a 10-day fetch, mixing yesterday's different-level /
2026-09-09 03:36:05,085 [INFO]     illiquid lows → false trail exits. NOT removed: backtest showed deleting
2026-09-09 03:36:05,085 [INFO]     SMA8 costs -66 pt (it is a tighter stop than the -18% HARDSL).
2026-09-09 03:36:05,085 [INFO]   + Ladder exit, HARDSL, flip logic, stale-data guard all UNCHANGED.
2026-09-09 03:36:05,085 [INFO]   + start_orion.sh now launches V2.5.16 (90s crash-fallback still → V2.5.14).
2026-09-09 03:36:05,085 [INFO] 
2026-09-09 03:36:05,085 [INFO] V2.5.17 [3 CHOP-BLEED GUARDS — 2026-06-18]
2026-09-09 03:36:05,085 [INFO]   + CONTEXT: 06-16 (-20.4pt/7trades) and 06-17 (-44.0pt/4trades) were both
2026-09-09 03:36:05,085 [INFO]     compressed chop days (full range 141pt & 107pt; 06-17 had 9 mean-crosses in
2026-09-09 03:36:05,086 [INFO]     a 107pt box). The regime classifier stayed BULL all 76 bars both days and
2026-09-09 03:36:05,086 [INFO]     chop_block fired 0 times, so the breakout engines kept firing into noise.
2026-09-09 03:36:05,086 [INFO]     See ~/orion_backtest_lab/results/RESULTS.md (2026-06-18 post-mortem).
2026-09-09 03:36:05,086 [INFO]   + #1 MORNING CHOP GATE (CHOP_GATE_ENABLED): decided ONCE after ~10:30 IST from
2026-09-09 03:36:05,086 [INFO]     the first-hour (09:15-10:15) FUT bars. Stand aside (block ALL new entries for
2026-09-09 03:36:05,086 [INFO]     the day) when early efficiency-ratio <= CHOP_ER_MAX (0.25) AND (first-hour
2026-09-09 03:36:05,086 [INFO]     FUT-VWAP cross-count >= CHOP_VWAP_CROSSES_MIN (3) OR first-hour range <
2026-09-09 03:36:05,086 [INFO]     CHOP_RANGE_PT_MAX (110pt)). Exits always allowed. Fails OPEN (not enough
2026-09-09 03:36:05,086 [INFO]     bars yet -> no decision -> trade normally). morning_chop_verdict().
2026-09-09 03:36:05,086 [INFO]   + #2 VWAP BODY BAND (VWAP_BODY_CLIMAX_PCT): VWAP entry now takes only the
2026-09-09 03:36:05,086 [INFO]     65-86% body band — existing >=65% min kept, NEW >=87% climax/exhaustion bars
2026-09-09 03:36:05,086 [INFO]     skipped (climax bars fade). One added guard line in check_vwap_signal().
2026-09-09 03:36:05,086 [INFO]   + #3 MOMENTUM-FADE GATE (FADE_GATE_ENABLED): for a 3rd+ consecutive same-side
2026-09-09 03:36:05,086 [INFO]     entry that follows >= FADE_MIN_PRIOR_WINS (2) consecutive same-side WINS,
2026-09-09 03:36:05,086 [INFO]     inspect 3-min option premiums of BOTH the trend-side and opposite-side ATM
2026-09-09 03:36:05,086 [INFO]     strikes over the last FADE_OPT_BARS (3) closed bars. Enter ONLY IF the
2026-09-09 03:36:05,086 [INFO]     trend-side option is NOT decaying AND the opposite-side option IS decaying;
2026-09-09 03:36:05,086 [INFO]     otherwise skip (momentum has faded / is rotating to the other side). Fails
2026-09-09 03:36:05,086 [INFO]     OPEN on missing data. fade_gate_ok() + fetch_option_3m(). Complements the
2026-09-09 03:36:05,086 [INFO]     V2.5.16 spot-move momentum gate (both must pass).
2026-09-09 03:36:05,086 [INFO]   + All three guards are ADDITIVE; ladder/HARDSL/flip/SMA8/stale-guard UNCHANGED.
2026-09-09 03:36:05,086 [INFO]   + NOT yet sim-A/B'd — shipped on user direction; 2026-06-18 is paper-only, so
2026-09-09 03:36:05,086 [INFO]     the live paper session is the first validation. WATCH first CHOP-GATE day +
2026-09-09 03:36:05,086 [INFO]     first FADE block + that #2 climax-skip doesn't starve VWAP.
2026-09-09 03:36:05,086 [INFO]   + start_orion.sh now launches V2.5.17 (pkill pattern V2_5_1[567];
2026-09-09 03:36:05,086 [INFO]     90s crash-fallback still → V2.5.14 archive).
2026-09-09 03:36:05,086 [INFO] 
2026-09-09 03:36:05,086 [INFO] V2.5.18 [SMA8 ENTRY-AWARE FIX + CHOP-GATE RE-ARM — 2026-06-19]
2026-09-09 03:36:05,087 [INFO]   + CONTEXT: 2026-06-19 (paper) — gap-down day. One V3 PE (24000PE @114) entered
2026-09-09 03:36:05,087 [INFO]     correctly at 10:15 on a Grade-A R-cluster break, but SMA8_LOW_TRAIL exited it
2026-09-09 03:36:05,087 [INFO]     31s later at +1.6 (the trail evaluated the 10:00 bar — which CLOSED BEFORE
2026-09-09 03:36:05,087 [INFO]     entry — against today's lows-avg). Spot then fell 24040->23926 without us;
2026-09-09 03:36:05,087 [INFO]     morning chop-gate (ER=0.01, range=70pt) then stood aside the rest of the day.
2026-09-09 03:36:05,087 [INFO]   + FIX A (SMA8 pre-entry bar): the SMA8(low) trail now NEVER acts on a 15m bar
2026-09-09 03:36:05,087 [INFO]     whose CLOSE time (bar-start + 15m) is <= POS.entry_time. A fresh entry can no
2026-09-09 03:36:05,087 [INFO]     longer be ejected on price action that happened before it was opened.
2026-09-09 03:36:05,087 [INFO]   + FIX C (SMA8 arm window): trail arms on bars-SINCE-ENTRY, not bars-of-day.
2026-09-09 03:36:05,087 [INFO]     sma8_low_of_option() now averages only TODAY's closed bars that closed AFTER
2026-09-09 03:36:05,087 [INFO]     entry and needs >= SMA_TRAIL_MIN_BARS_SINCE_ENTRY (1) of them. With 1 own bar
2026-09-09 03:36:05,087 [INFO]     SMA8L == that bar's own low, so close(>=low) can't trigger -> first real
2026-09-09 03:36:05,087 [INFO]     trigger needs >=2 own bars. SMA_TRAIL_MIN_BARS (4, bars-of-day) is now only
2026-09-09 03:36:05,087 [INFO]     the fallback when entry_time is unknown (state-load edge). NOT a BE-gate.
2026-09-09 03:36:05,087 [INFO]   + CHOP-GATE RE-ARM (CHOP_REARM_ENABLED): after a morning stand-aside, release
2026-09-09 03:36:05,087 [INFO]     the block when a CLOSED FUT 15m bar breaks the recorded first-hour range by
2026-09-09 03:36:05,087 [INFO]     >= CHOP_REARM_BUFFER_PT (15pt) with body >= CHOP_REARM_BODY_MIN (65%), in the
2026-09-09 03:36:05,087 [INFO]     regime direction (BULL=>up-break only, BEAR=>down-break only, else either).
2026-09-09 03:36:05,087 [INFO]     FUT leads spot, so this triggers earlier than a spot-range break. Re-arm is
2026-09-09 03:36:05,087 [INFO]     one-way for the day (stays live once released); per-trade momentum/fade/CB
2026-09-09 03:36:05,087 [INFO]     guards still apply. _morning_chop_verdict_impl() stashes FH hi/lo;
2026-09-09 03:36:05,087 [INFO]     chop_rearm_check() evaluated each cycle while blocked. Logs [CHOPGATE] RE-ARMED.
2026-09-09 03:36:05,087 [INFO]   + Ladder/HARDSL/flip/VWAP-trail/stale-guard UNCHANGED. SMA8 KEPT (deleting it
2026-09-09 03:36:05,087 [INFO]     cost -66pt, V2.5.16) — this only changes WHEN it may fire, not whether.
2026-09-09 03:36:05,087 [INFO]   + NOT yet sim-A/B'd — shipped on user direction 2026-06-19; backtest the
2026-09-09 03:36:05,087 [INFO]     re-arm thresholds on post-chop trend days before relying on it live.
2026-09-09 03:36:05,087 [INFO] 
2026-09-09 03:36:05,087 [INFO] V2.5.19 [THREE FUT-VWAP ENTRY PATHWAYS — 2026-06-21]
2026-09-09 03:36:05,087 [INFO]   + Built on user direction 2026-06-21. THREE new VWAP-cross entry pathways.
2026-09-09 03:36:05,087 [INFO]     NOT yet sim-A/B'd — BACKTEST before flipping start_orion.sh to V2.5.19.
2026-09-09 03:36:05,087 [INFO]     All three are flag-gated (default ON). Existing V2/V3/FLIP UNCHANGED.
2026-09-09 03:36:05,087 [INFO] 
2026-09-09 03:36:05,087 [INFO]   + FEATURE 1 — FUT 15m VWAP cross + CONFIRMATION CANDLE (all-day).
2026-09-09 03:36:05,087 [INFO]     VWAP15_CONFIRM_ENABLED. The existing VWAP engine no longer fires on the
2026-09-09 03:36:05,087 [INFO]     cross bar alone: it now requires the cross bar (iloc[-3], body 65-86% band)
2026-09-09 03:36:05,088 [INFO]     PLUS the next closed bar (iloc[-2]) to CONFIRM in the same direction —
2026-09-09 03:36:05,088 [INFO]     same-colour candle that still closes on the same side of FUT-VWAP. Fires in
2026-09-09 03:36:05,088 [INFO]     either direction, any time in the entry window. Re-entries are governed by
2026-09-09 03:36:05,088 [INFO]     the existing momentum gate (no extra cap). check_vwap_signal().
2026-09-09 03:36:05,088 [INFO]     INTERPRETATION: "confirmation candle in same direction" = next 15m candle
2026-09-09 03:36:05,088 [INFO]     closes same side of its open (same colour) AND same side of VWAP as the
2026-09-09 03:36:05,088 [INFO]     cross. Confirmation candle has NO body-size requirement (only the cross bar
2026-09-09 03:36:05,088 [INFO]     does). If wrong, adjust _vwap15_confirm_ok().
2026-09-09 03:36:05,088 [INFO] 
2026-09-09 03:36:05,088 [INFO]   + FEATURE 2 — FUT 5m VWAP cross + S/R distance, FIXED +12 TARGET scalp.
2026-09-09 03:36:05,088 [INFO]     FUT5_SCALP_ENABLED. New engine 'FUT5VWAP'. On each closed FUT 5m bar that
2026-09-09 03:36:05,088 [INFO]     CROSSES its session VWAP (bar opens one side, closes the other) with body
2026-09-09 03:36:05,088 [INFO]     65-86% AND whose close is > FUT5_SCALP_SR_MIN_DIST (20pt) from EVERY one of
2026-09-09 03:36:05,088 [INFO]     yesterday's classic pivots S1/R1/S2/R2 → buy in the cross direction. Exit is
2026-09-09 03:36:05,088 [INFO]     a FIXED +FUT5_SCALP_TARGET_PTS (12) option points (HARDSL + 15:25 force-close
2026-09-09 03:36:05,088 [INFO]     still apply; NO trail/SMA8). One trade per event: deduped on the 5m bar ts,
2026-09-09 03:36:05,088 [INFO]     so the next entry needs a fresh qualifying cross. check_fut5m_vwap_scalp_signal().
2026-09-09 03:36:05,088 [INFO]     INTERPRETATION: ">20 points away from s1/r1/s2/r2" = min distance to ALL four
2026-09-09 03:36:05,088 [INFO]     pivots > 20pt (price in clear space, not hugging a pivot). "cross" = bar
2026-09-09 03:36:05,088 [INFO]     open & close on opposite sides of VWAP. Pivots = classic floor-trader pivots
2026-09-09 03:36:05,088 [INFO]     from the prior trading day's H/L/C. If wrong, adjust compute_classic_pivots()
2026-09-09 03:36:05,088 [INFO]     / check_fut5m_vwap_scalp_signal().
2026-09-09 03:36:05,088 [INFO] 
2026-09-09 03:36:05,088 [INFO]   + FEATURE 3 — MORNING 09:15-10:15 exception (bypasses the 09:45 start gate).
2026-09-09 03:36:05,088 [INFO]     MORNING_VWAP_ENABLED. Before the normal 09:45 entry start, between
2026-09-09 03:36:05,088 [INFO]     MORNING_WIN_START (09:15) and MORNING_WIN_END (10:15): if a closed FUT 15m
2026-09-09 03:36:05,088 [INFO]     bar crosses its VWAP (body 65-86%) AND its close is > MORNING_VWAP_SR_MIN_DIST
2026-09-09 03:36:05,088 [INFO]     (20pt) from every pivot S1/R1/S2/R2 → buy in the cross direction. Re-entries
2026-09-09 03:36:05,088 [INFO]     per momentum gate. Uses engine 'VWAP' (so it inherits the VWAP option-VWAP
2026-09-09 03:36:05,088 [INFO]     trail exit). Runs even when in_entry_window() is False; still respects
2026-09-09 03:36:05,088 [INFO]     stale-guard, gap-suppress, CB/halt, manual cooldown. check_morning_vwap15_signal().
2026-09-09 03:36:05,088 [INFO]     INTERPRETATION: this only ADDS the pre-09:45 window; from 09:45 on, the
2026-09-09 03:36:05,088 [INFO]     normal engines (incl. Feature 1) already run. No confirmation candle is
2026-09-09 03:36:05,088 [INFO]     required here (spec did not ask for one).
2026-09-09 03:36:05,088 [INFO] 
2026-09-09 03:36:05,089 [INFO]   + Classic pivots computed at boot from prior-day H/L/C → DAY.pivots
2026-09-09 03:36:05,089 [INFO]     {P,S1,R1,S2,R2}; min_dist_to_pivots() helper. New fetch_nifty_fut_5m().
2026-09-09 03:36:05,089 [INFO] 
2026-09-09 03:36:05,089 [INFO] =========================================================================
2026-09-09 03:36:05,089 [INFO] BACKFILL 2026-08-29 — V2.5.19 (06-21) -> 2026-08-28
2026-09-09 03:36:05,089 [INFO] =========================================================================
2026-09-09 03:36:05,089 [INFO] Reconstructed 2026-08-29 from the dated inline comments at each code site and
2026-09-09 03:36:05,089 [INFO] the research notes. The banner below had not been updated since V2.5.19
2026-09-09 03:36:05,089 [INFO] (2026-06-21) while 24 changes went in; an audit on 2026-08-27 confirmed NO
2026-09-09 03:36:05,089 [INFO] engine was silently removed or disabled, but the history was unreadable from
2026-09-09 03:36:05,089 [INFO] the top of the file. Enforcement now exists (see CODE_FINGERPRINT / the boot
2026-09-09 03:36:05,089 [INFO] UNDOCUMENTED-CHANGE check) so this cannot silently recur.
2026-09-09 03:36:05,089 [INFO] 
2026-09-09 03:36:05,089 [INFO] KNOWN GAP, stated plainly: the *_BACKUP_*.py chain jumps from 2026-08-01 to
2026-09-09 03:36:05,089 [INFO] 2026-08-25. The nine changes dated 08-08 through 08-20 have NO pre-change
2026-09-09 03:36:05,089 [INFO] backup file. They are reconstructable from the inline comments below, but they
2026-09-09 03:36:05,089 [INFO] cannot be diffed back to their exact prior code. Every change from 08-25 on has
2026-09-09 03:36:05,089 [INFO] a backup.
2026-09-09 03:36:05,089 [INFO] 
2026-09-09 03:36:05,089 [INFO] STATUS legend: [BT] backtested   [FWD] forward-paper only, no backtest
2026-09-09 03:36:05,089 [INFO]                [USER] user-directed   [FIX] bug fix   [UNVAL] unvalidated
2026-09-09 03:36:05,089 [INFO] 
2026-09-09 03:36:05,089 [INFO] V2.5.20 [2026-06-23] Same-direction re-entry cooldown.
2026-09-09 03:36:05,089 [INFO]   WHY: 06-23 a PE won +42 and re-entered PE 33 s later straight into HARDSL.
2026-09-09 03:36:05,089 [INFO]   The momentum/fade gates only look at the signal, not at how the last trade in
2026-09-09 03:36:05,089 [INFO]   that direction ended.  [FIX]
2026-09-09 03:36:05,089 [INFO] 
2026-09-09 03:36:05,089 [INFO] V2.5.20 [2026-06-24] VWAP15_CONFIRM_ENABLED = False.
2026-09-09 03:36:05,089 [INFO]   WHY: user call. The V2.5.19 confirmation candle delayed entries into already-
2026-09-09 03:36:05,089 [INFO]   declining trends. VWAP now fires on the FUT 15m VWAP cross bar itself.
2026-09-09 03:36:05,089 [INFO]   RE-REVIEW TRIGGER: if a chop regime returns and VWAP false-starts rise, the
2026-09-09 03:36:05,089 [INFO]   confirm candle is the first thing to switch back on.  [USER]
2026-09-09 03:36:05,089 [INFO] 
2026-09-09 03:36:05,090 [INFO] V2.5.20 [2026-06-29] Paper-mode order bypass — kite_paper places no real orders.
2026-09-09 03:36:05,090 [INFO] 
2026-09-09 03:36:05,090 [INFO] V2.5.20 [2026-07-06] Rebuilt on the concurrent-backtest architecture; all
2026-09-09 03:36:05,090 [INFO]   engines run simultaneously with no suppression. Plus two CRITICAL fixes:
2026-09-09 03:36:05,090 [INFO]   (a) ORB/GAPBREAK stale-data — fetch_nifty_1m/5m returned frames whose last
2026-09-09 03:36:05,090 [INFO]       bar was days old; a 2-lot PE went in on a close from 07-03. (b) position-
2026-09-09 03:36:05,090 [INFO]       sync false MANUAL_EXIT.  [FIX]
2026-09-09 03:36:05,090 [INFO] 
2026-09-09 03:36:05,090 [INFO] V2.5.20 [2026-07-07] LOTS_PER_TRADE 2 -> 1 (user instruction). ATM strike
2026-09-09 03:36:05,090 [INFO]   resolution fix (old round_to_atm(24000)+2000 path).  [USER][FIX]
2026-09-09 03:36:05,090 [INFO] 
2026-09-09 03:36:05,090 [INFO] V2.5.20 [2026-07-08] V2.5.20 given its OWN Telegram bot (was sharing V2.5.19's).
2026-09-09 03:36:05,090 [INFO]   MANUAL_EXIT detected via the bot's own order-ids, never account-wide net_qty.
2026-09-09 03:36:05,090 [INFO]   [FIX]
2026-09-09 03:36:05,090 [INFO] 
2026-09-09 03:36:05,090 [INFO] V2.5.20 [2026-07-10 .. 07-14] Broker-integrity hardening after the 07-09
2026-09-09 03:36:05,090 [INFO]   NIFTY24000CE incident and the 07-14 stranded lots: order-book/RMS race fixes
2026-09-09 03:36:05,090 [INFO]   on both BUY and SELL, per-position is_paper flag, unconfirmed_fill flag,
2026-09-09 03:36:05,090 [INFO]   bot order-id registry, orphan-position resume, HALT_NEW_ENTRIES_ON_DATE
2026-09-09 03:36:05,090 [INFO]   replacing a bare NO_NEW_ENTRIES_TODAY that had been left True since 07-09.
2026-09-09 03:36:05,090 [INFO]   [FIX]
2026-09-09 03:36:05,090 [INFO] 
2026-09-09 03:36:05,090 [INFO] V2.5.20 [2026-07-12] V2 params from the real-30-day grid search (k_extreme=ON,
2026-09-09 03:36:05,090 [INFO]   rsi_gate=ON, macd_align=OFF) on 05-15..07-10 — 7 trades / 71.4% WR / +45.96pt.
2026-09-09 03:36:05,090 [INFO]   CAVEAT RECORDED AT THE TIME: 7-trade sample. MACD gate left in the code behind
2026-09-09 03:36:05,090 [INFO]   V2_MACD_GATE_ENABLED so it can be flipped back.
2026-09-09 03:36:05,090 [INFO]   Also: V3 probe entry (limit, replacing market entry, user instruction), V3
2026-09-09 03:36:05,090 [INFO]   early-entry + fast exit, ORB in-day CHOPPY kill, MOM_GATE_V3 re-enable.
2026-09-09 03:36:05,090 [INFO]   [BT-weak][USER]
2026-09-09 03:36:05,090 [INFO] 
2026-09-09 03:36:05,090 [INFO] V2.5.20 [2026-07-13] PUT-FLIP QUALITY GATE — V2.5.19 flipped a winning CE to PE
2026-09-09 03:36:05,090 [INFO]   on a 0.5pt K move (58.9 -> 58.4). Gate requires a real reversal.  [FIX]
2026-09-09 03:36:05,090 [INFO] V2.5.20 [2026-07-13] *** COUNTER-TREND VETO *** — single choke point for EVERY
2026-09-09 03:36:05,091 [INFO]   engine. The day's low printed 09:15 and Nifty ran one-way to 24259 while the
2026-09-09 03:36:05,091 [INFO]   bot kept buying PEs. BIGGEST VALIDATED EDGE TO DATE: +697.9 pts / +Rs45,362
2026-09-09 03:36:05,091 [INFO]   out-of-sample. Do not weaken without equivalent evidence.  [BT]
2026-09-09 03:36:05,091 [INFO] 
2026-09-09 03:36:05,091 [INFO] V2.5.20 [2026-07-20] EXECUTION_BROKER LIVE -> PAPER, explicit user instruction;
2026-09-09 03:36:05,091 [INFO]   no real orders since. T5 engine (levels + premium-divergence). APEX engine
2026-09-09 03:36:05,091 [INFO]   (the user's actual method) — shadow only. 1-minute capture added (Kite
2026-09-09 03:36:05,091 [INFO]   interval is 'minute', not '1minute'). Unlimited engine overlap in paper.
2026-09-09 03:36:05,091 [INFO]   [USER]
2026-09-09 03:36:05,091 [INFO] 
2026-09-09 03:36:05,091 [INFO] V2.5.20 [2026-07-24] VWAP/APEX frm>now precession fix.  [FIX]
2026-09-09 03:36:05,091 [INFO] 
2026-09-09 03:36:05,091 [INFO] V2.5.20 [2026-07-26] FUT5VWAP dedup fix (<= not ==; a stale/out-of-order refetch
2026-09-09 03:36:05,091 [INFO]   reopened a second real position on an already-seen signal, seen 07-24).
2026-09-09 03:36:05,091 [INFO]   EXPIRY engine — OTM premium-multiplication pop, expiry day only, one shot.
2026-09-09 03:36:05,091 [INFO]   Expiry-specific velvet-rope/ladder expressed as MULTIPLES not points (user
2026-09-09 03:36:05,091 [INFO]   instruction: a Rs8 option cannot use a +12pt ladder).  [FIX][USER]
2026-09-09 03:36:05,091 [INFO] 
2026-09-09 03:36:05,091 [INFO] V2.5.20 [2026-07-27] push_logs_to_github(): added `git rebase --autostash`.
2026-09-09 03:36:05,091 [INFO]   WHY: a dirty tree made plain `git rebase` abort silently, so every push had
2026-09-09 03:36:05,091 [INFO]   been rejected non-fast-forward since 07-20 (~365 rejects/day/bot).
2026-09-09 03:36:05,091 [INFO]   *** SIDE EFFECT DISCOVERED 2026-08-27: this is what orphaned the logging
2026-09-09 03:36:05,091 [INFO]   FileHandler's inode and blanked the FlightRecorder logs. Fixed 08-29 with
2026-09-09 03:36:05,091 [INFO]   WatchedFileHandler. DO NOT remove --autostash. ***  [FIX]
2026-09-09 03:36:05,091 [INFO] 
2026-09-09 03:36:05,091 [INFO] V2.5.20 [2026-07-29] Counter-trend-veto Telegram dedup (spam fix).  [FIX]
2026-09-09 03:36:05,091 [INFO] 
2026-09-09 03:36:05,091 [INFO] V2.5.20 [2026-08-01] APEX entry filter: APEX_RSI_MIN_DELTA = 5.0 — require a
2026-09-09 03:36:05,091 [INFO]   decisive RSI turn, not any turn. Re-sim -3,835 -> +234, IN-SAMPLE ONLY.
2026-09-09 03:36:05,091 [INFO]   [UNVAL]
2026-09-09 03:36:05,091 [INFO] 
2026-09-09 03:36:05,091 [INFO] V2.5.20 [2026-08-08] VWAP same-day loss cap, from the real 3-month simulated
2026-09-09 03:36:05,091 [INFO]   backtest on Upstox real premiums. Same pass disabled PIVOTBREAK.  [BT]
2026-09-09 03:36:05,091 [INFO] 
2026-09-09 03:36:05,091 [INFO] V2.5.20 [2026-08-09] PIVOTBREAK REMOVED ENTIRELY (code deleted, syntax-clean).
2026-09-09 03:36:05,092 [INFO]   WHY: kill-switch (08-08) then a full professional rebuild (08-09) both failed;
2026-09-09 03:36:05,092 [INFO]   losses were structural exit-logic, not day-type. Do not re-add without new
2026-09-09 03:36:05,092 [INFO]   evidence — see the rebuild trail before trying.  [BT]
2026-09-09 03:36:05,092 [INFO] 
2026-09-09 03:36:05,092 [INFO] V2.5.20 [2026-08-13] V2 per-bar dedup on the closed 15m bar, same convention as
2026-09-09 03:36:05,092 [INFO]   VWAP/FUT5VWAP. WHY: V2 had NO dedup, so a Kite rate-limit retry stacked 5 V2
2026-09-09 03:36:05,092 [INFO]   lots on one signal — this is what produced the phantom +Rs8,492 on 08-12 that
2026-09-09 03:36:05,092 [INFO]   looked like edge and was not. Also fixed a POS.engine comparison against the
2026-09-09 03:36:05,092 [INFO]   literal 'BASE'.  [FIX]
2026-09-09 03:36:05,092 [INFO] 
2026-09-09 03:36:05,092 [INFO] V2.5.20 [2026-08-16] V2_DAILY_LOSS_CAP = 1. From a real 3-month re-port of V2's
2026-09-09 03:36:05,092 [INFO]   own logic (05-04..08-06): capping V2 at one loss/day was the only no-trade-
2026-09-09 03:36:05,092 [INFO]   zone variant that survived; all the others failed.  [BT]
2026-09-09 03:36:05,092 [INFO] 
2026-09-09 03:36:05,092 [INFO] V2.5.20 [2026-08-17] FUT5VWAP min pivot distance 30 -> 25 pt, from a real
2026-09-09 03:36:05,092 [INFO]   re-port at native 1-min granularity. NOTE: the corrected FUT5VWAP baseline is
2026-09-09 03:36:05,092 [INFO]   88.9% WR / +Rs53,315 over 380 days — the earlier 94% / +Rs104k figure was a
2026-09-09 03:36:05,092 [INFO]   same-bar exit-ambiguity BUG and is void.  [BT]
2026-09-09 03:36:05,092 [INFO] 
2026-09-09 03:36:05,092 [INFO] V2.5.20 [2026-08-20] Four VWAP/V2/ORB changes from a real 40-trade backtest on
2026-09-09 03:36:05,092 [INFO]   the live 07-07..08-20 log:
2026-09-09 03:36:05,092 [INFO]    (1) VWAP 5m persistence + distance-from-VWAP gate;
2026-09-09 03:36:05,092 [INFO]    (2) VWAP post-loss same-side cooldown;
2026-09-09 03:36:05,092 [INFO]    (3) V2 trail scaled to entry premium (arm = entry x 1.15) instead of fixed
2026-09-09 03:36:05,092 [INFO]        points — V2 entries range from ~Rs73 upward, a fixed +15 is not
2026-09-09 03:36:05,092 [INFO]        comparable across them;  [USER]
2026-09-09 03:36:05,092 [INFO]    (4) V2 hard stop fixed at -15 pt, replacing the generic -18% HARDSL;  [USER]
2026-09-09 03:36:05,092 [INFO]    (5) ORB exit tightened: stop 15 / ride 40 / giveback 20.
2026-09-09 03:36:05,092 [INFO]   Neither VWAP gate alone made VWAP profitable — they reduce the loss. Expect a
2026-09-09 03:36:05,092 [INFO]   smaller drawdown, not profit.  [BT]
2026-09-09 03:36:05,092 [INFO] 
2026-09-09 03:36:05,092 [INFO] V2.5.20 [2026-08-22] *** EXPIRY ENGINES 1 & 2 (EXP12) — SHADOW PAPER BOOK ***
2026-09-09 03:36:05,092 [INFO]   E1 RSI-snap + OI/strike gates: recent 40 expiries 9 trades / 89% WR /
2026-09-09 03:36:05,092 [INFO]   +Rs18,944 (older 57 dormant, -Rs819).
2026-09-09 03:36:05,092 [INFO]   E2 cheap-ladder Rs8-16 + spot-through-strike + OI <= +5%, NO stop, trail 20%
2026-09-09 03:36:05,093 [INFO]   after 40: recent 40 +Rs12,760 (older 57 -Rs4,910).
2026-09-09 03:36:05,093 [INFO]   User instruction: NO restrictions — no trade-count or SL-count limits.
2026-09-09 03:36:05,093 [INFO]   SEPARATE BOOK: own lot size, own CSV, EXCLUDED from fmt_eod_summary by
2026-09-09 03:36:05,093 [INFO]   design. (Reporting confusion this caused was raised 08-27; being fixed in a
2026-09-09 03:36:05,093 [INFO]   later item.)  [BT][USER]
2026-09-09 03:36:05,093 [INFO] 
2026-09-09 03:36:05,093 [INFO] V2.5.20 [2026-08-25] EXP12 relaxed gates, user override after the 08-25 miss
2026-09-09 03:36:05,093 [INFO]   (premium out-ran spot, so E2's "Rs8-16 AND spot>=strike in the SAME minute"
2026-09-09 03:36:05,093 [INFO]   never overlapped): E1 no SL / trail after 2x; entries 14:30-15:25; dist >= -35
2026-09-09 03:36:05,093 [INFO]   (-115 Sensex) OR crossed within 30 min; E2 band hi 20 (66 Sensex); universe
2026-09-09 03:36:05,093 [INFO]   re-resolve every 5 min. Replay on 08-25 = +Rs3,416 vs actual 0.
2026-09-09 03:36:05,093 [INFO]   *** KNOWN REMAINING FLAW (08-27, 2nd confirmation): the universe re-resolves
2026-09-09 03:36:05,093 [INFO]   only when the MAX-OI strike M moves, and max-OI is sticky while spot is not.
2026-09-09 03:36:05,093 [INFO]   On 08-27 legs froze at 77500 while Sensex fell to 77182 — nothing near the
2026-09-09 03:36:05,093 [INFO]   money for two hours. Anchor to SPOT, but re-backtest evaluate_day_e2() first.
2026-09-09 03:36:05,093 [INFO]   ***  [USER][UNVAL]
2026-09-09 03:36:05,093 [INFO] 
2026-09-09 03:36:05,093 [INFO] V2.5.20 [2026-08-26] *** KITE RETIRED — UPSTOX MIGRATION ***
2026-09-09 03:36:05,093 [INFO]   All bots moved to Upstox behind a drop-in Kite-compatible shim
2026-09-09 03:36:05,093 [INFO]   (upstox_kite_shim.py). Long-lived read-only token, no daily login; launchers'
2026-09-09 03:36:05,093 [INFO]   auto_login removed. Candle/quote/OI parity verified live pre-deploy.
2026-09-09 03:36:05,093 [INFO]   *** REGRESSION FOUND 08-27: zero [STALE] events in ~37 Kite days, 50 on the
2026-09-09 03:36:05,093 [INFO]   FIRST Upstox day. CAUSE (corrected 08-29): the shim asks the intraday
2026-09-09 03:36:05,093 [INFO]   endpoint for 15-MINUTE candles, and that endpoint is built around COMPLETED
2026-09-09 03:36:05,093 [INFO]   intervals, so the forming bar appears 0-6 min late; Kite returned the partial
2026-09-09 03:36:05,093 [INFO]   bar from the first tick. Upstox is NOT slower — its 1m/tick data is as fast.
2026-09-09 03:36:05,093 [INFO]   Wrong endpoint granularity, not a vendor fault. Real fix = fetch 1m and
2026-09-09 03:36:05,093 [INFO]   resample to 15m in the shim (raising the 16-min guard is the WRONG fix: it
2026-09-09 03:36:05,093 [INFO]   would let the engines read a 30-45 min old iloc[-2] silently). ***  [FIX]
2026-09-09 03:36:05,093 [INFO] 
2026-09-09 03:36:05,093 [INFO] V2.5.20 [2026-08-26] EXP2W = EXP2 + the user's "was-expensive" SELECTION filter,
2026-09-09 03:36:05,093 [INFO]   run as a PARALLEL tag beside plain EXP2 — same legs, same data, same exits, so
2026-09-09 03:36:05,093 [INFO]   the two isolate the filter's effect. In-sample replay: NIFTY -3,308 -> +1,873,
2026-09-09 03:36:05,093 [INFO]   SENSEX +2,970 -> +2,552, ~60% fewer trades.
2026-09-09 03:36:05,093 [INFO]   *** LIVE A/B DATA POINT #1 (08-27): EXP2W DECLINED the day's only winner
2026-09-09 03:36:05,094 [INFO]   (77100PE, afternoon high 46.95 < the Rs130 floor) — cost Rs3,378. n=1, against
2026-09-09 03:36:05,094 [INFO]   the filter. Do not act on one day. ***  [USER][BT-insample]
2026-09-09 03:36:05,094 [INFO] 
2026-09-09 03:36:05,094 [INFO] V2.5.20 [2026-08-26] SENSEX bot given its own Telegram bot/chat; Nifty chat
2026-09-09 03:36:05,094 [INFO]   unchanged.  [USER]
2026-09-09 03:36:05,094 [INFO] 
2026-09-09 03:36:05,094 [INFO] V2.5.20-SENSEX [2026-08-23] *** SENSEX PORT CREATED ***
2026-09-09 03:36:05,094 [INFO]   Port of ORION_PAPER_V2_5_20.py to SENSEX/BFO. Lot size 20, BFO exchange,
2026-09-09 03:36:05,094 [INFO]   THURSDAY expiry, engine thresholds scaled x3.3 for Sensex's larger point
2026-09-09 03:36:05,094 [INFO]   scale — the x3.3 scaling is UNBACKTESTED, forward paper is its validation.
2026-09-09 03:36:05,094 [INFO]   Every entry ABOVE this line dated before 2026-08-23 was inherited from the
2026-09-09 03:36:05,094 [INFO]   Nifty bot at port time, not applied separately here.
2026-09-09 03:36:05,094 [INFO]   First live run 08-24 confirmed end-to-end: booted 09:06, traded, +Rs1,271.
2026-09-09 03:36:05,094 [INFO]   [USER][UNVAL]
2026-09-09 03:36:05,094 [INFO] 
2026-09-09 03:36:05,094 [INFO] V2.5.20 [EXP12 UNIVERSE ANCHORED TO SPOT — 2026-08-29]  (item 4)
2026-09-09 03:36:05,094 [INFO]   WHAT: EXP12_ANCHOR = 'spot'. _exp12_resolve_m() now returns the strike
2026-09-09 03:36:05,094 [INFO]   NEAREST SPOT instead of the max-OI strike among ATM+/-4. Max-OI is still
2026-09-09 03:36:05,094 [INFO]   computed and logged when it diverges, so the failure mode stays visible.
2026-09-09 03:36:05,094 [INFO]   Set EXP12_ANCHOR='maxoi' to revert the behaviour without touching code.
2026-09-09 03:36:05,094 [INFO] 
2026-09-09 03:36:05,094 [INFO]   WHY: max-OI is sticky, spot is not. 08-25 (Nifty) and 08-27 (Sensex: legs
2026-09-09 03:36:05,094 [INFO]   frozen at 77500 while spot fell to 77182, >200pt below the lowest leg) both
2026-09-09 03:36:05,094 [INFO]   left BOTH engines with no near-the-money contract for hours. The 5-minute
2026-09-09 03:36:05,094 [INFO]   re-resolve added 08-25 only swapped legs when M moved, so it never fired.
2026-09-09 03:36:05,094 [INFO] 
2026-09-09 03:36:05,094 [INFO]   BACKTEST (this gate was NOT skipped — the 08-27 note said re-backtest first):
2026-09-09 03:36:05,094 [INFO]   40 recent Nifty expiries, real Upstox 1-min premiums.
2026-09-09 03:36:05,094 [INFO]   *** The existing step12/step16 datasets could NOT answer this: they contain
2026-09-09 03:36:05,094 [INFO]   ONLY the 3 max-OI-anchored strikes per day, i.e. only the strikes the flawed
2026-09-09 03:36:05,094 [INFO]   rule already picks. A WIDE 11-strike band was pulled specially
2026-09-09 03:36:05,094 [INFO]   (exp_wide_universe_data.json) via the Expired Instruments API. ***
2026-09-09 03:36:05,094 [INFO]     GATE G1 baseline reproduced EXACTLY: max-OI n=26, +Rs12,760 (published)
2026-09-09 03:36:05,094 [INFO]     A max-OI x3          n=26  WR 46.2%  +Rs12,760  median day  -Rs29
2026-09-09 03:36:05,094 [INFO]     C spot x3 @14:30     n=29  WR 51.7%  +Rs13,959  median day +Rs111
2026-09-09 03:36:05,095 [INFO]                          -> 3 days better, 0 WORSE, 21 unchanged
2026-09-09 03:36:05,095 [INFO]     B spot re-anchored   n=32  WR 53.1%  +Rs18,242  5 better, 1 worse
2026-09-09 03:36:05,095 [INFO]   Live behaviour sits between C and B (legs re-resolve every 5 min).
2026-09-09 03:36:05,095 [INFO] 
2026-09-09 03:36:05,095 [INFO]   OUT-OF-WINDOW (older 57 expiries 2024-10..2025-11, the regime where E2 is
2026-09-09 03:36:05,095 [INFO]   known to LOSE). Question was not "does E2 work there" -- it does not -- but
2026-09-09 03:36:05,095 [INFO]   "does spot anchoring make it WORSE". It does not:
2026-09-09 03:36:05,095 [INFO]     A max-OI x3  n=40  WR 35.0%  -Rs3,958
2026-09-09 03:36:05,095 [INFO]     C spot x3    n=43  WR 37.2%  -Rs2,954   (2 days better, 1 worse)
2026-09-09 03:36:05,095 [INFO]     B re-anchor  n=44  WR 36.4%  -Rs3,162
2026-09-09 03:36:05,095 [INFO]   CAVEAT, stated rather than buried: this OOS baseline is -Rs3,958 against the
2026-09-09 03:36:05,095 [INFO]   published -Rs4,910. The Expired-Instruments API returned NO contracts for 1 of
2026-09-09 03:36:05,095 [INFO]   the 57 days and only 15 of 22 for another, so the OOS run covers 56 days with
2026-09-09 03:36:05,095 [INFO]   some gaps. Treat the OOS numbers as DIRECTIONAL. The recent-40 window, which
2026-09-09 03:36:05,095 [INFO]   is what this change is justified on, reproduced its baseline EXACTLY.
2026-09-09 03:36:05,095 [INFO] 
2026-09-09 03:36:05,095 [INFO]   HONEST READING: the in-sample gain is SMALL (+Rs1,199 at equal breadth)
2026-09-09 03:36:05,095 [INFO]   because max-OI and spot-ATM usually COINCIDE — they differed on only 3 of 24
2026-09-09 03:36:05,095 [INFO]   traded days. This change is not an edge improvement; it removes a blind spot
2026-09-09 03:36:05,095 [INFO]   in the tail. Its value is that at equal breadth it was never worse on any of
2026-09-09 03:36:05,095 [INFO]   the 40 expiries, and the two live misses are exactly the case it fixes.
2026-09-09 03:36:05,095 [INFO] 
2026-09-09 03:36:05,095 [INFO]   REVERT: *_BACKUP_20260829_pre_spot_anchor.py, or EXP12_ANCHOR='maxoi'
2026-09-09 03:36:05,095 [INFO]   STATUS: applied 2026-08-29. Confirm on the next expiry that the log shows
2026-09-09 03:36:05,095 [INFO]   "[EXP12] anchor=spot M=..." and that legs track spot.  [BT][USER]
2026-09-09 03:36:05,095 [INFO] 
2026-09-09 03:36:05,095 [INFO] V2.5.20 [EXPIRY REPORTING + INTRADAY BAR FIX — 2026-08-29]
2026-09-09 03:36:05,095 [INFO]   Four changes, all from the user's 2026-08-27 review. NO entry/exit RULE was
2026-09-09 03:36:05,095 [INFO]   changed — these are data-plumbing and reporting only.
2026-09-09 03:36:05,095 [INFO] 
2026-09-09 03:36:05,095 [INFO]   (1) SHIM 1-MINUTE RESAMPLING (item 3). upstox_kite_shim.historical_data() now
2026-09-09 03:36:05,095 [INFO]       builds TODAY's 5m/15m/1h bars from 1-MINUTE intraday instead of asking the
2026-09-09 03:36:05,095 [INFO]       intraday endpoint for them directly, because that endpoint only emits a
2026-09-09 03:36:05,095 [INFO]       forming bar 0-6 min late and the engines read iloc[-2] assuming iloc[-1]
2026-09-09 03:36:05,095 [INFO]       is the forming bar. Deliberately NOT raising the 16-min stale guard —
2026-09-09 03:36:05,096 [INFO]       that would hide stale indicators instead of surfacing them.
2026-09-09 03:36:05,096 [INFO]       52/52 instrument-day-interval combos reproduce Upstox's own O/H/L/C/vol/OI
2026-09-09 03:36:05,096 [INFO]       EXACTLY. See upstox_kite_shim.py CHANGE_HISTORY.  [FIX]
2026-09-09 03:36:05,096 [INFO] 
2026-09-09 03:36:05,096 [INFO]   (2) EXPIRY "WHY / WHY NOT" TELEGRAM at 15:29 (item 5). User: "no message about
2026-09-09 03:36:05,096 [INFO]       why a trade was not taken". Every EXP12 gate now increments a counter
2026-09-09 03:36:05,096 [INFO]       (_exp12_block) and records the closest miss (_exp12_near);
2026-09-09 03:36:05,096 [INFO]       _exp12_eod_report() sends one consolidated per-engine message. On the
2026-09-09 03:36:05,096 [INFO]       08-27 book this renders as "EXP2: no trade — blocked by spot too far from
2026-09-09 03:36:05,096 [INFO]       strike x148 ... closest: 77400CE prem 12.30 OK but dist -318", which is
2026-09-09 03:36:05,096 [INFO]       the universe flaw made visible.  [USER]
2026-09-09 03:36:05,096 [INFO] 
2026-09-09 03:36:05,096 [INFO]   (3) EXP12 TELEGRAM COLOUR + SHADOW TAG (item 7a). Entries/exits were plain
2026-09-09 03:36:05,096 [INFO]       🎯/⚫ with no green/red, so a +Rs3,378 day on 08-27 read like nothing had
2026-09-09 03:36:05,096 [INFO]       happened. Now 🟢/🔴 by CE/PE, 🟩/🟥 by result, and a persistent
2026-09-09 03:36:05,096 [INFO]       "⚫ SHADOW BOOK (not in main PnL)" tag.  [USER]
2026-09-09 03:36:05,096 [INFO] 
2026-09-09 03:36:05,096 [INFO]   (4) SHADOW TOTAL IN THE EOD SUMMARY (item 7b). EXP12 is a separate book (own
2026-09-09 03:36:05,096 [INFO]       lot size, own CSV) and stays EXCLUDED from Net PnL — but it is now printed
2026-09-09 03:36:05,096 [INFO]       as its own clearly-labelled block, so 08-27's "Rs0" on a +Rs3,378 day
2026-09-09 03:36:05,096 [INFO]       cannot recur. The two totals are visible without ever being mixed.  [USER]
2026-09-09 03:36:05,096 [INFO] 
2026-09-09 03:36:05,096 [INFO]   REVERT: *_BACKUP_20260829_pre_changelog_backfill.py (and, for the shim,
2026-09-09 03:36:05,096 [INFO]           upstox_kite_shim_BACKUP_20260829_pre_1m_resample.py)
2026-09-09 03:36:05,096 [INFO]   STATUS: applied 2026-08-29 (Sat, market closed). Item (1) is offline-verified
2026-09-09 03:36:05,096 [INFO]           only and MUST be confirmed against the live feed at the next open:
2026-09-09 03:36:05,096 [INFO]           [STALE] events should drop to zero. Items (2)-(4) are cosmetic/report
2026-09-09 03:36:05,096 [INFO]           paths and are proven by rendering tests, but (2) only fires on an
2026-09-09 03:36:05,096 [INFO]           expiry day — next Nifty expiry Tue 2026-09-01.
2026-09-09 03:36:05,096 [INFO] 
2026-09-09 03:36:05,096 [INFO] V2.5.20 [FLIGHT-RECORDER LOG FIX — 2026-08-29]
2026-09-09 03:36:05,096 [INFO]   WHAT : logging.basicConfig(filename=LOG_FN) -> logging.handlers.
2026-09-09 03:36:05,096 [INFO]          WatchedFileHandler(LOG_FN). One handler swap in the LOGGING block;
2026-09-09 03:36:05,096 [INFO]          added `import logging.handlers`. No engine/strategy code touched.
2026-09-09 03:36:05,097 [INFO]   WHY  : every Nifty & Sensex FlightRecorder *.log had been BOOT-BANNER-ONLY
2026-09-09 03:36:05,097 [INFO]          for ~a week (08-20 -> 08-28): 32,891 bytes, last line 8 seconds after
2026-09-09 03:36:05,097 [INFO]          boot, while the BarLevel CSV ran to 15:25. push_logs_to_github() runs
2026-09-09 03:36:05,097 [INFO]          `git rebase --autostash` every 5 min; with a dirty tree the autostash
2026-09-09 03:36:05,097 [INFO]          push/pop deletes and recreates every modified tracked file, including
2026-09-09 03:36:05,097 [INFO]          the log being written. The plain FileHandler held its fd on the old
2026-09-09 03:36:05,097 [INFO]          inode, so all later lines went to an orphaned inode. This is why the
2026-09-09 03:36:05,097 [INFO]          "check the Thursday log" instructions left for EXP2W / EXP12-relax /
2026-09-09 03:36:05,097 [INFO]          Upstox were all uncheckable. Real record was ~/orion_*_run.log (stdout).
2026-09-09 03:36:05,097 [INFO]   EVIDENCE : reproduced against a REAL two-bot `git rebase --autostash` cycle
2026-09-09 03:36:05,097 [INFO]          (scratchpad/wfhtest/repro3.py): FileHandler -> on-disk log holds ONLY
2026-09-09 03:36:05,097 [INFO]          the boot banner (inode swapped mid-run); WatchedFileHandler -> all
2026-09-09 03:36:05,097 [INFO]          lines through EOD survive the identical swap. Control that confirms
2026-09-09 03:36:05,097 [INFO]          the diagnosis in production: stocks_run.log is NOT git-tracked, is
2026-09-09 03:36:05,097 [INFO]          never touched by the push, and is complete through 15:30 IST on the
2026-09-09 03:36:05,097 [INFO]          same sessions. csv_append() and the Telegram fallback log open by
2026-09-09 03:36:05,097 [INFO]          name per write and were never affected.
2026-09-09 03:36:05,097 [INFO]   NOT DONE : dropping --autostash. It was added 2026-07-27 to fix a different
2026-09-09 03:36:05,097 [INFO]          failure (365+ push rejects/day since 07-20). Do not remove it.
2026-09-09 03:36:05,097 [INFO]   REVERT : ORION_PAPER_V2_5_20_BACKUP_20260829_pre_watchedfilehandler.py /
2026-09-09 03:36:05,097 [INFO]            ORION_SENSEX_V2520_BACKUP_20260829_pre_watchedfilehandler.py
2026-09-09 03:36:05,097 [INFO]   STATUS : code-applied 2026-08-29 (Sat, market closed). NOT yet proven live —
2026-09-09 03:36:05,097 [INFO]            confirm on the next session's boot that the FlightRecorder log keeps
2026-09-09 03:36:05,097 [INFO]            growing past 09:07 and its last line is ~15:25, not ~09:02.
2026-09-09 03:36:05,097 [INFO] 
2026-09-09 03:36:05,097 [INFO] === REJECTED DECISIONS (DO NOT RE-ADD WITHOUT NEW BACKTEST EVIDENCE) ===
2026-09-09 03:36:05,097 [INFO]   SKIP_HOUR_13         : -Rs 46k (kills profitable flips in that window)
2026-09-09 03:36:05,097 [INFO]   SKIP_TUESDAYS        : +Rs 56k but calendar-overfit; RSI gate replaces
2026-09-09 03:36:05,097 [INFO]   ADX<20 filter        : -Rs 16k
2026-09-09 03:36:05,097 [INFO]   ADX<25 filter        : -Rs 34k
2026-09-09 03:36:05,097 [INFO]   BE armor at +15%     : net negative
2026-09-09 03:36:05,097 [INFO]   Same-side flip       : -Rs 191k CATASTROPHIC
2026-09-09 03:36:05,097 [INFO]   REVERSAL_FLIP=True   : WR 12% vs 33%
2026-09-09 03:36:05,097 [INFO]   K cap on CE          : hurts WR (no cap is better)
2026-09-09 03:36:05,098 [INFO]   V2.5.10 macro SMA50  : -Rs 2.3L vs V2.5.9; lagging filter blocked PE in bear phases
2026-09-09 03:36:05,098 [INFO]   V2.5.11 straddle halt: straddle expansion days WR 69.8% > normal 66.9%;
2026-09-09 03:36:05,098 [INFO]                          halting on expansion removed profitable trades (+Rs 2,54,234 phantom)
2026-09-09 03:36:06,836 [INFO] [CHANGELOG] up to date (last entry 2026-09-02)
2026-09-09 03:36:10,016 [INFO] [boot] Logs pushed to GitHub: Sensex_FlightRecorder_V2_5_20-SENSEX_20260909_090604.log, Sensex_BarLevel_V2_5_20-SENSEX_20260909_090604.csv
2026-09-09 03:36:10,285 [INFO] [APEX] open=0 trades=0 realized=+0.0pt/Rs+0 unreal=+0.0pt/Rs+0
2026-09-09 03:36:10,285 [INFO] [T5] open=0 trades=0 realized=+0.0pt/Rs+0 unreal=+0.0pt/Rs+0
2026-09-09 03:36:10,286 [INFO] [INDICATORS] spot=75577.6 | 1h: close=75594.7 sma20=76177.5 sma50=76518.2 rsi=28.7 macd=-273.19/-223.69(bear) | 15m: K=64.4↓(prev 80.1) | regime=PE-eligible any_active=False
2026-09-09 03:36:10,286 [INFO] [SIGNAL] CE: reg=False K=False(K=64.4>=38,rising) Kextr=False RSI=False(28.7>53) MACD=False(gate off) => BLOCK | PE: reg=True K=True(K=64.4<=80,falling) Kextr=True RSI=True(28.7<47) MACD=True(gate off) => PASS
2026-09-09 03:41:13,843 [INFO] [APEX] open=0 trades=0 realized=+0.0pt/Rs+0 unreal=+0.0pt/Rs+0
2026-09-09 03:41:13,843 [INFO] [T5] open=0 trades=0 realized=+0.0pt/Rs+0 unreal=+0.0pt/Rs+0
2026-09-09 03:41:13,844 [INFO] [INDICATORS] spot=75577.6 | 1h: close=75594.7 sma20=76177.5 sma50=76518.2 rsi=28.7 macd=-273.19/-223.69(bear) | 15m: K=64.4↓(prev 80.1) | regime=PE-eligible any_active=False
2026-09-09 03:41:13,844 [INFO] [SIGNAL] CE: reg=False K=False(K=64.4>=38,rising) Kextr=False RSI=False(28.7>53) MACD=False(gate off) => BLOCK | PE: reg=True K=True(K=64.4<=80,falling) Kextr=True RSI=True(28.7<47) MACD=True(gate off) => PASS
2026-09-09 03:41:16,386 [INFO] [periodic] Logs pushed to GitHub: Sensex_FlightRecorder_V2_5_20-SENSEX_20260909_090604.log, Sensex_BarLevel_V2_5_20-SENSEX_20260909_090604.csv
2026-09-09 03:46:19,225 [INFO] [APEX] open=0 trades=0 realized=+0.0pt/Rs+0 unreal=+0.0pt/Rs+0
2026-09-09 03:46:19,225 [INFO] [T5] open=0 trades=0 realized=+0.0pt/Rs+0 unreal=+0.0pt/Rs+0
2026-09-09 03:46:19,226 [INFO] [INDICATORS] spot=75055.1 | 1h: close=75577.6 sma20=76124.1 sma50=76485.9 rsi=28.3 macd=-277.43/-234.44(bear) | 15m: K=48.6↓(prev 64.4) | regime=PE-eligible any_active=False
2026-09-09 03:46:19,226 [INFO] [SIGNAL] CE: reg=False K=False(K=48.6>=38,rising) Kextr=False RSI=False(28.3>53) MACD=False(gate off) => BLOCK | PE: reg=True K=True(K=48.6<=80,falling) Kextr=True RSI=True(28.3<47) MACD=True(gate off) => PASS
2026-09-09 03:46:21,735 [INFO] [periodic] Logs pushed to GitHub: Sensex_FlightRecorder_V2_5_20-SENSEX_20260909_090604.log, Sensex_BarLevel_V2_5_20-SENSEX_20260909_090604.csv
2026-09-09 03:50:29,589 [INFO] [STRADDLE] Reference: ₹539.4 at 09:20
2026-09-09 03:51:30,196 [INFO] [APEX] open=0 trades=0 realized=+0.0pt/Rs+0 unreal=+0.0pt/Rs+0
2026-09-09 03:51:30,196 [INFO] [T5] open=0 trades=0 realized=+0.0pt/Rs+0 unreal=+0.0pt/Rs+0
2026-09-09 03:51:30,197 [INFO] [INDICATORS] spot=75059.0 | 1h: close=75577.6 sma20=76124.1 sma50=76485.9 rsi=28.3 macd=-277.43/-234.44(bear) | 15m: K=48.6↓(prev 64.4) | regime=PE-eligible any_active=False
2026-09-09 03:51:30,197 [INFO] [SIGNAL] CE: reg=False K=False(K=48.6>=38,rising) Kextr=False RSI=False(28.3>53) MACD=False(gate off) => BLOCK | PE: reg=True K=True(K=48.6<=80,falling) Kextr=True RSI=True(28.3<47) MACD=True(gate off) => PASS
2026-09-09 03:51:33,358 [INFO] [periodic] Logs pushed to GitHub: Sensex_FlightRecorder_V2_5_20-SENSEX_20260909_090604.log, Sensex_BarLevel_V2_5_20-SENSEX_20260909_090604.csv
2026-09-09 03:56:36,520 [INFO] [APEX] open=0 trades=0 realized=+0.0pt/Rs+0 unreal=+0.0pt/Rs+0
2026-09-09 03:56:36,520 [INFO] [T5] open=0 trades=0 realized=+0.0pt/Rs+0 unreal=+0.0pt/Rs+0
2026-09-09 03:56:36,521 [INFO] [INDICATORS] spot=75065.6 | 1h: close=75577.6 sma20=76124.1 sma50=76485.9 rsi=28.3 macd=-277.43/-234.44(bear) | 15m: K=48.6↓(prev 64.4) | regime=PE-eligible any_active=False
2026-09-09 03:56:36,521 [INFO] [SIGNAL] CE: reg=False K=False(K=48.6>=38,rising) Kextr=False RSI=False(28.3>53) MACD=False(gate off) => BLOCK | PE: reg=True K=True(K=48.6<=80,falling) Kextr=True RSI=True(28.3<47) MACD=True(gate off) => PASS
2026-09-09 03:56:38,891 [INFO] [periodic] Logs pushed to GitHub: Sensex_FlightRecorder_V2_5_20-SENSEX_20260909_090604.log, Sensex_BarLevel_V2_5_20-SENSEX_20260909_090604.csv
2026-09-09 04:01:11,656 [INFO] [MVWAP] Signal — 75531<75604 body=84% side=PE (morning exception)
2026-09-09 04:01:11,739 [INFO] ENTRY: BFO:SENSEX2691075100PE @ 235.30  engine=VWAP  detail=MORNING FUT VWAP 75531<75604 body=84% pivΔ=114pt | bar=182
2026-09-09 04:01:42,985 [INFO] [APEX] open=0 trades=0 realized=+0.0pt/Rs+0 unreal=+0.0pt/Rs+0
2026-09-09 04:01:42,985 [INFO] [T5] open=0 trades=0 realized=+0.0pt/Rs+0 unreal=+0.0pt/Rs+0
2026-09-09 04:01:42,986 [INFO] [INDICATORS] spot=75066.6 | 1h: close=75577.6 sma20=76124.1 sma50=76485.9 rsi=28.3 macd=-277.43/-234.44(bear) | 15m: K=29.3↓(prev 48.6) | regime=PE-eligible any_active=True
2026-09-09 04:01:42,987 [INFO] [SIGNAL] CE: reg=False K=False(K=29.3>=38,rising) Kextr=False RSI=False(28.3>53) MACD=False(gate off) => BLOCK | PE: reg=True K=True(K=29.3<=80,falling) Kextr=True RSI=True(28.3<47) MACD=True(gate off) => PASS
2026-09-09 04:01:42,987 [INFO] [STATE][VWAP] PE BFO:SENSEX2691075100PE ltp=226.60 entry=235.30 pnl=-8.70(-3.7%) sl=192.95 peak=235.30 tr_armed=False elapsed=0min
2026-09-09 04:01:45,594 [INFO] [periodic] Logs pushed to GitHub: Sensex_FlightRecorder_V2_5_20-SENSEX_20260909_090604.log, Sensex_BarLevel_V2_5_20-SENSEX_20260909_090604.csv
2026-09-09 04:06:49,452 [INFO] [APEX] open=0 trades=0 realized=+0.0pt/Rs+0 unreal=+0.0pt/Rs+0
2026-09-09 04:06:49,453 [INFO] [T5] open=0 trades=0 realized=+0.0pt/Rs+0 unreal=+0.0pt/Rs+0
2026-09-09 04:06:49,454 [INFO] [INDICATORS] spot=75062.5 | 1h: close=75577.6 sma20=76124.1 sma50=76485.9 rsi=28.3 macd=-277.43/-234.44(bear) | 15m: K=29.3↓(prev 48.6) | regime=PE-eligible any_active=True
2026-09-09 04:06:49,454 [INFO] [SIGNAL] CE: reg=False K=False(K=29.3>=38,rising) Kextr=False RSI=False(28.3>53) MACD=False(gate off) => BLOCK | PE: reg=True K=True(K=29.3<=80,falling) Kextr=True RSI=True(28.3<47) MACD=True(gate off) => PASS
2026-09-09 04:06:49,455 [INFO] [STATE][VWAP] PE BFO:SENSEX2691075100PE ltp=226.45 entry=235.30 pnl=-8.85(-3.8%) sl=192.95 peak=235.30 tr_armed=False elapsed=5min
2026-09-09 04:06:52,778 [INFO] [periodic] Logs pushed to GitHub: Sensex_FlightRecorder_V2_5_20-SENSEX_20260909_090604.log, Sensex_BarLevel_V2_5_20-SENSEX_20260909_090604.csv
2026-09-09 04:11:56,832 [INFO] [APEX] open=0 trades=0 realized=+0.0pt/Rs+0 unreal=+0.0pt/Rs+0
2026-09-09 04:11:56,832 [INFO] [T5] open=0 trades=0 realized=+0.0pt/Rs+0 unreal=+0.0pt/Rs+0
2026-09-09 04:11:56,833 [INFO] [INDICATORS] spot=75141.1 | 1h: close=75577.6 sma20=76124.1 sma50=76485.9 rsi=28.3 macd=-277.43/-234.44(bear) | 15m: K=29.3↓(prev 48.6) | regime=PE-eligible any_active=True
2026-09-09 04:11:56,833 [INFO] [SIGNAL] CE: reg=False K=False(K=29.3>=38,rising) Kextr=False RSI=False(28.3>53) MACD=False(gate off) => BLOCK | PE: reg=True K=True(K=29.3<=80,falling) Kextr=True RSI=True(28.3<47) MACD=True(gate off) => PASS
2026-09-09 04:11:56,833 [INFO] [STATE][VWAP] PE BFO:SENSEX2691075100PE ltp=211.15 entry=235.30 pnl=-24.15(-10.3%) sl=192.95 peak=235.30 tr_armed=False elapsed=10min
2026-09-09 04:11:59,267 [INFO] [periodic] Logs pushed to GitHub: Sensex_FlightRecorder_V2_5_20-SENSEX_20260909_090604.log, Sensex_BarLevel_V2_5_20-SENSEX_20260909_090604.csv
2026-09-09 04:15:02,198 [INFO] ENTRY: BFO:SENSEX2691075100PE @ 209.35  engine=V2  detail=K=29.3↓ RSI=28.3 MACD✓
2026-09-09 04:17:04,605 [INFO] [APEX] open=0 trades=0 realized=+0.0pt/Rs+0 unreal=+0.0pt/Rs+0
2026-09-09 04:17:04,652 [INFO] [T5] open=0 trades=0 realized=+0.0pt/Rs+0 unreal=+0.0pt/Rs+0
2026-09-09 04:17:04,653 [INFO] [INDICATORS] spot=75108.3 | 1h: close=75577.6 sma20=76124.1 sma50=76485.9 rsi=28.3 macd=-277.43/-234.44(bear) | 15m: K=22.2↓(prev 29.3) | regime=PE-eligible any_active=True
2026-09-09 04:17:04,653 [INFO] [SIGNAL] CE: reg=False K=False(K=22.2>=38,rising) Kextr=True RSI=False(28.3>53) MACD=False(gate off) => BLOCK | PE: reg=True K=False(K=22.2<=80,falling) Kextr=False RSI=True(28.3<47) MACD=True(gate off) => BLOCK
2026-09-09 04:17:04,653 [INFO] [STATE][BASE] PE BFO:SENSEX2691075100PE ltp=218.55 entry=209.35 pnl=+9.20(+4.4%) sl=159.35 peak=222.15 tr_armed=False elapsed=2min
2026-09-09 04:17:04,653 [INFO] [STATE][VWAP] PE BFO:SENSEX2691075100PE ltp=218.55 entry=235.30 pnl=-16.75(-7.1%) sl=192.95 peak=235.30 tr_armed=False elapsed=15min
2026-09-09 04:17:07,165 [INFO] [periodic] Logs pushed to GitHub: Sensex_FlightRecorder_V2_5_20-SENSEX_20260909_090604.log, Sensex_BarLevel_V2_5_20-SENSEX_20260909_090604.csv
2026-09-09 04:21:41,174 [INFO] [TRAIL] SL ratcheted 230.48 → 236.03  (peak=246.50)
2026-09-09 04:22:11,696 [INFO] [APEX] open=0 trades=0 realized=+0.0pt/Rs+0 unreal=+0.0pt/Rs+0
2026-09-09 04:22:11,745 [INFO] [T5] open=0 trades=0 realized=+0.0pt/Rs+0 unreal=+0.0pt/Rs+0
2026-09-09 04:22:11,746 [INFO] [INDICATORS] spot=75007.2 | 1h: close=75577.6 sma20=76124.1 sma50=76485.9 rsi=28.3 macd=-277.43/-234.44(bear) | 15m: K=22.2↓(prev 29.3) | regime=PE-eligible any_active=True
2026-09-09 04:22:11,746 [INFO] [SIGNAL] CE: reg=False K=False(K=22.2>=38,rising) Kextr=True RSI=False(28.3>53) MACD=False(gate off) => BLOCK | PE: reg=True K=False(K=22.2<=80,falling) Kextr=False RSI=True(28.3<47) MACD=True(gate off) => BLOCK
2026-09-09 04:22:11,746 [INFO] [STATE][BASE] PE BFO:SENSEX2691075100PE ltp=244.05 entry=209.35 pnl=+34.70(+16.6%) sl=236.03 peak=246.50 tr_armed=True elapsed=7min
2026-09-09 04:22:11,746 [INFO] [STATE][VWAP] PE BFO:SENSEX2691075100PE ltp=244.05 entry=235.30 pnl=+8.75(+3.7%) sl=192.95 peak=246.50 tr_armed=False elapsed=21min
2026-09-09 04:22:15,147 [INFO] [periodic] Logs pushed to GitHub: Sensex_FlightRecorder_V2_5_20-SENSEX_20260909_090604.log, Sensex_BarLevel_V2_5_20-SENSEX_20260909_090604.csv
2026-09-09 04:22:45,380 [INFO] EXIT: BFO:SENSEX2691075100PE @ 236.03 reason=TRAIL_+27 pnl/sh=+26.68 is_flip=False losses=0/4
2026-09-09 04:26:18,620 [INFO] [V3PROBE] PLACED PE BFO:SENSEX2691075000PE limit=186.20 (LTP=199.20 - 13) window=25min — EARLY(10m) Grade B R-cluster BREAK-PE at 75040
2026-09-09 04:27:20,378 [INFO] [APEX] open=0 trades=0 realized=+0.0pt/Rs+0 unreal=+0.0pt/Rs+0
2026-09-09 04:27:20,425 [INFO] [T5] open=0 trades=0 realized=+0.0pt/Rs+0 unreal=+0.0pt/Rs+0
2026-09-09 04:27:20,426 [INFO] [INDICATORS] spot=75009.4 | 1h: close=75577.6 sma20=76124.1 sma50=76485.9 rsi=28.3 macd=-277.43/-234.44(bear) | 15m: K=22.2↓(prev 29.3) | regime=PE-eligible any_active=True
2026-09-09 04:27:20,426 [INFO] [SIGNAL] CE: reg=False K=False(K=22.2>=38,rising) Kextr=True RSI=False(28.3>53) MACD=False(gate off) => BLOCK | PE: reg=True K=False(K=22.2<=80,falling) Kextr=False RSI=True(28.3<47) MACD=True(gate off) => BLOCK
2026-09-09 04:27:20,426 [INFO] [STATE][VWAP] PE BFO:SENSEX2691075100PE ltp=246.40 entry=235.30 pnl=+11.10(+4.7%) sl=192.95 peak=246.95 tr_armed=False elapsed=26min
2026-09-09 04:27:23,238 [INFO] [periodic] Logs pushed to GitHub: Sensex_FlightRecorder_V2_5_20-SENSEX_20260909_090604.log, Sensex_BarLevel_V2_5_20-SENSEX_20260909_090604.csv
2026-09-09 04:32:26,973 [INFO] [APEX] open=0 trades=0 realized=+0.0pt/Rs+0 unreal=+0.0pt/Rs+0
2026-09-09 04:32:26,973 [INFO] [T5] open=0 trades=0 realized=+0.0pt/Rs+0 unreal=+0.0pt/Rs+0
2026-09-09 04:32:26,974 [INFO] [INDICATORS] spot=74946.0 | 1h: close=75577.6 sma20=76124.1 sma50=76485.9 rsi=28.3 macd=-277.43/-234.44(bear) | 15m: K=17.0↓(prev 22.2) | regime=PE-eligible any_active=True
2026-09-09 04:32:26,974 [INFO] [SIGNAL] CE: reg=False K=False(K=17.0>=38,rising) Kextr=True RSI=False(28.3>53) MACD=False(gate off) => BLOCK | PE: reg=True K=False(K=17.0<=80,falling) Kextr=False RSI=True(28.3<47) MACD=True(gate off) => BLOCK
2026-09-09 04:32:26,974 [INFO] [STATE][VWAP] PE BFO:SENSEX2691075100PE ltp=257.55 entry=235.30 pnl=+22.25(+9.5%) sl=192.95 peak=264.25 tr_armed=False elapsed=31min
2026-09-09 04:32:29,340 [INFO] [periodic] Logs pushed to GitHub: Sensex_FlightRecorder_V2_5_20-SENSEX_20260909_090604.log, Sensex_BarLevel_V2_5_20-SENSEX_20260909_090604.csv
2026-09-09 04:35:31,427 [INFO] [ORB] Signal — close 74957.5 broke OR[74969.0,75220.9] side=PE
2026-09-09 04:35:31,490 [INFO] ENTRY: BFO:SENSEX2691075000PE @ 214.95  engine=ORB  detail=ORB break 74958 vs OR[74969,75221]
2026-09-09 04:35:32,325 [INFO] [GAPBREAK] Range-break detected — close 74957.5 broke [74969.0,75220.9] side=PE (gap=-361.4)
2026-09-09 04:36:33,077 [INFO] [GAPBREAK] Confirmed — bar close 74969.1 > ref 74957.5
2026-09-09 04:36:33,131 [INFO] ENTRY: BFO:SENSEX2691075000PE @ 216.50  engine=GAPBREAK  detail=GAP break confirmed, gap=-361
2026-09-09 04:37:34,699 [INFO] [APEX] open=0 trades=0 realized=+0.0pt/Rs+0 unreal=+0.0pt/Rs+0
2026-09-09 04:37:34,699 [INFO] [T5] open=0 trades=0 realized=+0.0pt/Rs+0 unreal=+0.0pt/Rs+0
2026-09-09 04:37:34,699 [INFO] [INDICATORS] spot=74948.7 | 1h: close=75577.6 sma20=76124.1 sma50=76485.9 rsi=28.3 macd=-277.43/-234.44(bear) | 15m: K=17.0↓(prev 22.2) | regime=PE-eligible any_active=True
2026-09-09 04:37:34,699 [INFO] [SIGNAL] CE: reg=False K=False(K=17.0>=38,rising) Kextr=True RSI=False(28.3>53) MACD=False(gate off) => BLOCK | PE: reg=True K=False(K=17.0<=80,falling) Kextr=False RSI=True(28.3<47) MACD=True(gate off) => BLOCK
2026-09-09 04:37:34,700 [INFO] [STATE][VWAP] PE BFO:SENSEX2691075100PE ltp=278.40 entry=235.30 pnl=+43.10(+18.3%) sl=192.95 peak=278.40 tr_armed=False elapsed=36min
2026-09-09 04:37:34,700 [INFO] [STATE][ORB] PE BFO:SENSEX2691075000PE ltp=228.75 entry=214.95 pnl=+13.80(+6.4%) sl=0.00 peak=228.75 tr_armed=False elapsed=2min
2026-09-09 04:37:34,700 [INFO] [STATE][GAPBREAK] PE BFO:SENSEX2691075000PE ltp=228.75 entry=216.50 pnl=+12.25(+5.7%) sl=0.00 peak=228.75 tr_armed=False elapsed=1min
2026-09-09 04:37:38,182 [INFO] [periodic] Logs pushed to GitHub: Sensex_FlightRecorder_V2_5_20-SENSEX_20260909_090604.log, Sensex_BarLevel_V2_5_20-SENSEX_20260909_090604.csv
2026-09-09 04:42:42,169 [INFO] [APEX] open=0 trades=0 realized=+0.0pt/Rs+0 unreal=+0.0pt/Rs+0
2026-09-09 04:42:42,170 [INFO] [T5] open=0 trades=0 realized=+0.0pt/Rs+0 unreal=+0.0pt/Rs+0
2026-09-09 04:42:42,170 [INFO] [INDICATORS] spot=74938.9 | 1h: close=75577.6 sma20=76124.1 sma50=76485.9 rsi=28.3 macd=-277.43/-234.44(bear) | 15m: K=17.0↓(prev 22.2) | regime=PE-eligible any_active=True
2026-09-09 04:42:42,170 [INFO] [SIGNAL] CE: reg=False K=False(K=17.0>=38,rising) Kextr=True RSI=False(28.3>53) MACD=False(gate off) => BLOCK | PE: reg=True K=False(K=17.0<=80,falling) Kextr=False RSI=True(28.3<47) MACD=True(gate off) => BLOCK
2026-09-09 04:42:42,171 [INFO] [STATE][VWAP] PE BFO:SENSEX2691075100PE ltp=266.90 entry=235.30 pnl=+31.60(+13.4%) sl=192.95 peak=284.15 tr_armed=False elapsed=41min
2026-09-09 04:42:42,171 [INFO] [STATE][ORB] PE BFO:SENSEX2691075000PE ltp=219.90 entry=214.95 pnl=+4.95(+2.3%) sl=0.00 peak=234.20 tr_armed=False elapsed=7min
2026-09-09 04:42:42,171 [INFO] [STATE][GAPBREAK] PE BFO:SENSEX2691075000PE ltp=219.90 entry=216.50 pnl=+3.40(+1.6%) sl=0.00 peak=233.25 tr_armed=False elapsed=6min
2026-09-09 04:42:44,669 [INFO] [periodic] Logs pushed to GitHub: Sensex_FlightRecorder_V2_5_20-SENSEX_20260909_090604.log, Sensex_BarLevel_V2_5_20-SENSEX_20260909_090604.csv
2026-09-09 04:47:48,666 [INFO] [APEX] open=0 trades=0 realized=+0.0pt/Rs+0 unreal=+0.0pt/Rs+0
2026-09-09 04:47:48,732 [INFO] [T5] open=0 trades=0 realized=+0.0pt/Rs+0 unreal=+0.0pt/Rs+0
2026-09-09 04:47:48,733 [INFO] [INDICATORS] spot=74999.9 | 1h: close=74968.1 sma20=76035.1 sma50=76439.9 rsi=19.1 macd=-326.22/-252.80(bear) | 15m: K=22.7↑(prev 17.0) | regime=PE-eligible any_active=True
2026-09-09 04:47:48,733 [INFO] [SIGNAL] CE: reg=False K=False(K=22.7>=38,rising) Kextr=True RSI=False(19.1>53) MACD=False(gate off) => BLOCK | PE: reg=True K=False(K=22.7<=80,falling) Kextr=False RSI=True(19.1<47) MACD=True(gate off) => BLOCK
2026-09-09 04:47:48,733 [INFO] [STATE][VWAP] PE BFO:SENSEX2691075100PE ltp=247.45 entry=235.30 pnl=+12.15(+5.2%) sl=192.95 peak=284.15 tr_armed=False elapsed=46min
2026-09-09 04:47:48,733 [INFO] [STATE][ORB] PE BFO:SENSEX2691075000PE ltp=202.00 entry=214.95 pnl=-12.95(-6.0%) sl=0.00 peak=234.20 tr_armed=False elapsed=12min
2026-09-09 04:47:48,734 [INFO] [STATE][GAPBREAK] PE BFO:SENSEX2691075000PE ltp=202.00 entry=216.50 pnl=-14.50(-6.7%) sl=0.00 peak=233.25 tr_armed=False elapsed=11min
2026-09-09 04:47:51,130 [INFO] [periodic] Logs pushed to GitHub: Sensex_FlightRecorder_V2_5_20-SENSEX_20260909_090604.log, Sensex_BarLevel_V2_5_20-SENSEX_20260909_090604.csv
2026-09-09 04:49:52,523 [INFO] [V3PROBE] FILLED PE BFO:SENSEX2691075000PE @ 186.20 (LTP touched 184.85)
2026-09-09 04:49:52,570 [INFO] ENTRY: BFO:SENSEX2691075000PE @ 186.20  engine=V3  detail=EARLY(10m) Grade B R-cluster BREAK-PE at 75040
2026-09-09 04:52:56,289 [INFO] [APEX] open=0 trades=0 realized=+0.0pt/Rs+0 unreal=+0.0pt/Rs+0
2026-09-09 04:52:56,289 [INFO] [T5] open=0 trades=0 realized=+0.0pt/Rs+0 unreal=+0.0pt/Rs+0
2026-09-09 04:52:56,289 [INFO] [INDICATORS] spot=75074.6 | 1h: close=74968.1 sma20=76035.1 sma50=76439.9 rsi=19.1 macd=-326.22/-252.80(bear) | 15m: K=22.7↑(prev 17.0) | regime=PE-eligible any_active=True
2026-09-09 04:52:56,289 [INFO] [SIGNAL] CE: reg=False K=False(K=22.7>=38,rising) Kextr=True RSI=False(19.1>53) MACD=False(gate off) => BLOCK | PE: reg=True K=False(K=22.7<=80,falling) Kextr=False RSI=True(19.1<47) MACD=True(gate off) => BLOCK
2026-09-09 04:52:56,290 [INFO] [STATE][BASE] PE BFO:SENSEX2691075000PE ltp=182.70 entry=186.20 pnl=-3.50(-1.9%) sl=152.68 peak=186.20 tr_armed=False elapsed=3min
2026-09-09 04:52:56,290 [INFO] [STATE][VWAP] PE BFO:SENSEX2691075100PE ltp=223.75 entry=235.30 pnl=-11.55(-4.9%) sl=192.95 peak=284.15 tr_armed=False elapsed=51min
2026-09-09 04:52:56,290 [INFO] [STATE][ORB] PE BFO:SENSEX2691075000PE ltp=182.70 entry=214.95 pnl=-32.25(-15.0%) sl=0.00 peak=234.20 tr_armed=False elapsed=17min
2026-09-09 04:52:56,290 [INFO] [STATE][GAPBREAK] PE BFO:SENSEX2691075000PE ltp=182.70 entry=216.50 pnl=-33.80(-15.6%) sl=0.00 peak=233.25 tr_armed=False elapsed=16min
2026-09-09 04:52:59,896 [INFO] [periodic] Logs pushed to GitHub: Sensex_FlightRecorder_V2_5_20-SENSEX_20260909_090604.log, Sensex_BarLevel_V2_5_20-SENSEX_20260909_090604.csv
2026-09-09 04:54:31,099 [INFO] [CB] V3 loss (own count 1) — TOTAL across all engines=1/4 (reason=V3_FAST_STOP)
2026-09-09 04:54:31,101 [INFO] EXIT: BFO:SENSEX2691075000PE @ 160.20 reason=V3_FAST_STOP pnl/sh=-26.00 is_flip=False losses=1/4
2026-09-09 04:54:32,000 [INFO] [CB] ORB loss (own count 1) — TOTAL across all engines=2/4 (reason=ORB_STOP)
2026-09-09 04:54:32,000 [INFO] EXIT: BFO:SENSEX2691075000PE @ 164.95 reason=ORB_STOP pnl/sh=-50.00 is_flip=False losses=1/4
2026-09-09 04:54:32,909 [INFO] ENTRY: BFO:SENSEX2691075000CE @ 389.70  engine=ORB  detail=ORB flip-on-stop
2026-09-09 04:55:04,070 [INFO] [V3PROBE] PLACED CE BFO:SENSEX2691075100CE limit=296.15 (LTP=309.15 - 13) window=25min — Grade B R-cluster REJECT-CE at 74940
2026-09-09 04:56:05,778 [INFO] [FUT5VWAP] Signal — 75584>75544 body=81% side=CE (fixed +40pt target)
2026-09-09 04:56:05,780 [INFO] [VETO] FUT5VWAP CE BLOCKED — CE into a DOWNtrend: spot 75132.5 is -411.2 below FUT VWAP 75543.7 (buffer 16)
2026-09-09 04:58:08,314 [INFO] [APEX] open=0 trades=0 realized=+0.0pt/Rs+0 unreal=+0.0pt/Rs+0
2026-09-09 04:58:08,314 [INFO] [T5] open=0 trades=0 realized=+0.0pt/Rs+0 unreal=+0.0pt/Rs+0
2026-09-09 04:58:08,315 [INFO] [INDICATORS] spot=75112.3 | 1h: close=74968.1 sma20=76035.1 sma50=76439.9 rsi=19.1 macd=-326.22/-252.80(bear) | 15m: K=22.7↑(prev 17.0) | regime=PE-eligible any_active=True
2026-09-09 04:58:08,315 [INFO] [SIGNAL] CE: reg=False K=False(K=22.7>=38,rising) Kextr=True RSI=False(19.1>53) MACD=False(gate off) => BLOCK | PE: reg=True K=False(K=22.7<=80,falling) Kextr=False RSI=True(19.1<47) MACD=True(gate off) => BLOCK
2026-09-09 04:58:08,315 [INFO] [STATE][VWAP] PE BFO:SENSEX2691075100PE ltp=210.35 entry=235.30 pnl=-24.95(-10.6%) sl=192.95 peak=284.15 tr_armed=False elapsed=56min
2026-09-09 04:58:08,315 [INFO] [STATE][ORB] CE BFO:SENSEX2691075000CE ltp=377.75 entry=389.70 pnl=-11.95(-3.1%) sl=0.00 peak=389.70 tr_armed=False elapsed=3min
2026-09-09 04:58:08,316 [INFO] [STATE][GAPBREAK] PE BFO:SENSEX2691075000PE ltp=171.65 entry=216.50 pnl=-44.85(-20.7%) sl=0.00 peak=233.25 tr_armed=False elapsed=21min
2026-09-09 04:58:10,824 [INFO] [periodic] Logs pushed to GitHub: Sensex_FlightRecorder_V2_5_20-SENSEX_20260909_090604.log, Sensex_BarLevel_V2_5_20-SENSEX_20260909_090604.csv
2026-09-09 05:00:12,183 [INFO] [CHOPGATE] Clear to trade — ER=0.21 crosses=1 range=394pt
2026-09-09 05:01:13,089 [INFO] [VWAP_TRAIL] Option 15m close 210.65 < VWAP 226.63 — exiting
2026-09-09 05:01:13,090 [INFO] [CB] VWAP loss (own count 1) — TOTAL across all engines=3/4 (reason=VWAP_TRAIL)
2026-09-09 05:01:13,092 [INFO] EXIT: BFO:SENSEX2691075100PE @ 210.85 reason=VWAP_TRAIL pnl/sh=-24.45 is_flip=False losses=1/4
2026-09-09 05:01:44,234 [INFO] [VWAP] Signal — FUT 75588>75563 body=69% side=CE | persist_gate=dist=+43.8pt persist=True (last 2x5m vs FUTvwap=75544.2)
2026-09-09 05:01:44,236 [INFO] [VETO] VWAP CE BLOCKED — CE into a DOWNtrend: spot 75130.5 is -413.7 below FUT VWAP 75544.2 (buffer 16)
2026-09-09 05:02:15,353 [INFO] [V3PROBE] FILLED CE BFO:SENSEX2691075100CE @ 296.15 (LTP touched 291.60)
2026-09-09 05:02:15,356 [INFO] [VETO] V3 CE BLOCKED — CE into a DOWNtrend: spot 75130.5 is -413.7 below FUT VWAP 75544.2 (buffer 16)
2026-09-09 05:03:16,817 [INFO] [APEX] open=0 trades=0 realized=+0.0pt/Rs+0 unreal=+0.0pt/Rs+0
2026-09-09 05:03:16,817 [INFO] [T5] open=0 trades=0 realized=+0.0pt/Rs+0 unreal=+0.0pt/Rs+0
2026-09-09 05:03:16,818 [INFO] [INDICATORS] spot=75116.1 | 1h: close=74968.1 sma20=76035.1 sma50=76439.9 rsi=19.1 macd=-326.22/-252.80(bear) | 15m: K=36.8↑(prev 22.7) | regime=PE-eligible any_active=True
2026-09-09 05:03:16,818 [INFO] [SIGNAL] CE: reg=False K=False(K=36.8>=38,rising) Kextr=True RSI=False(19.1>53) MACD=False(gate off) => BLOCK | PE: reg=True K=False(K=36.8<=80,falling) Kextr=False RSI=True(19.1<47) MACD=True(gate off) => BLOCK
2026-09-09 05:03:16,818 [INFO] [STATE][ORB] CE BFO:SENSEX2691075000CE ltp=360.00 entry=389.70 pnl=-29.70(-7.6%) sl=0.00 peak=389.70 tr_armed=False elapsed=8min
2026-09-09 05:03:16,818 [INFO] [STATE][GAPBREAK] PE BFO:SENSEX2691075000PE ltp=178.45 entry=216.50 pnl=-38.05(-17.6%) sl=0.00 peak=233.25 tr_armed=False elapsed=26min
2026-09-09 05:03:19,303 [INFO] [periodic] Logs pushed to GitHub: Sensex_FlightRecorder_V2_5_20-SENSEX_20260909_090604.log, Sensex_BarLevel_V2_5_20-SENSEX_20260909_090604.csv
2026-09-09 05:07:21,885 [INFO] [CB] ORB loss (own count 2) — TOTAL across all engines=4/4 (reason=ORB_STOP)
2026-09-09 05:07:22,772 [INFO] EXIT: BFO:SENSEX2691075000CE @ 339.70 reason=ORB_STOP pnl/sh=-50.00 is_flip=False losses=2/4
2026-09-09 05:08:24,232 [INFO] [APEX] open=0 trades=0 realized=+0.0pt/Rs+0 unreal=+0.0pt/Rs+0
2026-09-09 05:08:24,232 [INFO] [T5] open=0 trades=0 realized=+0.0pt/Rs+0 unreal=+0.0pt/Rs+0
2026-09-09 05:08:24,232 [INFO] [INDICATORS] spot=75053.9 | 1h: close=74968.1 sma20=76035.1 sma50=76439.9 rsi=19.1 macd=-326.22/-252.80(bear) | 15m: K=36.8↑(prev 22.7) | regime=PE-eligible any_active=True
2026-09-09 05:08:24,233 [INFO] [SIGNAL] CE: reg=False K=False(K=36.8>=38,rising) Kextr=True RSI=False(19.1>53) MACD=False(gate off) => BLOCK | PE: reg=True K=False(K=36.8<=80,falling) Kextr=False RSI=True(19.1<47) MACD=True(gate off) => BLOCK
2026-09-09 05:08:24,233 [INFO] [STATE][GAPBREAK] PE BFO:SENSEX2691075000PE ltp=188.15 entry=216.50 pnl=-28.35(-13.1%) sl=0.00 peak=233.25 tr_armed=False elapsed=31min
2026-09-09 05:08:27,372 [INFO] [periodic] Logs pushed to GitHub: Sensex_FlightRecorder_V2_5_20-SENSEX_20260909_090604.log, Sensex_BarLevel_V2_5_20-SENSEX_20260909_090604.csv
2026-09-09 05:11:28,746 [INFO] [V3PROBE] PLACED PE BFO:SENSEX2691075000PE limit=185.70 (LTP=198.70 - 13) window=25min — EARLY(10m) Grade B R-cluster BREAK-PE at 75140
2026-09-09 05:13:30,601 [INFO] [APEX] open=0 trades=0 realized=+0.0pt/Rs+0 unreal=+0.0pt/Rs+0
2026-09-09 05:13:30,647 [INFO] [T5] open=0 trades=0 realized=+0.0pt/Rs+0 unreal=+0.0pt/Rs+0
2026-09-09 05:13:30,648 [INFO] [INDICATORS] spot=75010.5 | 1h: close=74968.1 sma20=76035.1 sma50=76439.9 rsi=19.1 macd=-326.22/-252.80(bear) | 15m: K=36.8↑(prev 22.7) | regime=PE-eligible any_active=True
2026-09-09 05:13:30,648 [INFO] [SIGNAL] CE: reg=False K=False(K=36.8>=38,rising) Kextr=True RSI=False(19.1>53) MACD=False(gate off) => BLOCK | PE: reg=True K=False(K=36.8<=80,falling) Kextr=False RSI=True(19.1<47) MACD=True(gate off) => BLOCK
2026-09-09 05:13:30,649 [INFO] [STATE][GAPBREAK] PE BFO:SENSEX2691075000PE ltp=204.25 entry=216.50 pnl=-12.25(-5.7%) sl=0.00 peak=233.25 tr_armed=False elapsed=36min
2026-09-09 05:13:33,152 [INFO] [periodic] Logs pushed to GitHub: Sensex_FlightRecorder_V2_5_20-SENSEX_20260909_090604.log, Sensex_BarLevel_V2_5_20-SENSEX_20260909_090604.csv
2026-09-09 05:16:04,404 [INFO] [VWAP] Climax skip — body=93% >= 87%
2026-09-09 05:16:34,665 [INFO] [VWAP] Climax skip — body=93% >= 87%
2026-09-09 05:17:04,987 [INFO] [VWAP] Climax skip — body=93% >= 87%
2026-09-09 05:17:35,240 [INFO] [VWAP] Climax skip — body=93% >= 87%
2026-09-09 05:18:05,486 [INFO] [VWAP] Climax skip — body=93% >= 87%
2026-09-09 05:18:35,737 [INFO] [VWAP] Climax skip — body=93% >= 87%
2026-09-09 05:18:35,778 [INFO] [APEX] open=0 trades=0 realized=+0.0pt/Rs+0 unreal=+0.0pt/Rs+0
2026-09-09 05:18:35,778 [INFO] [T5] open=0 trades=0 realized=+0.0pt/Rs+0 unreal=+0.0pt/Rs+0
2026-09-09 05:18:35,779 [INFO] [INDICATORS] spot=75053.5 | 1h: close=74968.1 sma20=76035.1 sma50=76439.9 rsi=19.1 macd=-326.22/-252.80(bear) | 15m: K=50.4↑(prev 36.8) | regime=PE-eligible any_active=True
2026-09-09 05:18:35,779 [INFO] [SIGNAL] CE: reg=False K=True(K=50.4>=38,rising) Kextr=True RSI=False(19.1>53) MACD=False(gate off) => BLOCK | PE: reg=True K=False(K=50.4<=80,falling) Kextr=False RSI=True(19.1<47) MACD=True(gate off) => BLOCK
2026-09-09 05:18:35,779 [INFO] [STATE][GAPBREAK] PE BFO:SENSEX2691075000PE ltp=188.95 entry=216.50 pnl=-27.55(-12.7%) sl=0.00 peak=233.25 tr_armed=False elapsed=42min
2026-09-09 05:18:38,319 [INFO] [periodic] Logs pushed to GitHub: Sensex_FlightRecorder_V2_5_20-SENSEX_20260909_090604.log, Sensex_BarLevel_V2_5_20-SENSEX_20260909_090604.csv
2026-09-09 05:19:08,514 [INFO] [V3PROBE] FILLED PE BFO:SENSEX2691075000PE @ 185.70 (LTP touched 182.30)
2026-09-09 05:19:08,545 [INFO] [MOMGATE] BLOCKED V3 PE #3 mv=+35pt thr=40 — 3rd+ same-direction entry without momentum
2026-09-09 05:19:09,364 [INFO] [VWAP] Climax skip — body=93% >= 87%
2026-09-09 05:19:39,583 [INFO] [VETO] FLIP CE BLOCKED — CE into a DOWNtrend: spot 75063.3 is -479.9 below FUT VWAP 75543.2 (buffer 16)
2026-09-09 05:19:40,406 [INFO] [VWAP] Climax skip — body=93% >= 87%
2026-09-09 05:20:10,635 [INFO] [VETO] FLIP CE BLOCKED — CE into a DOWNtrend: spot 75063.3 is -479.9 below FUT VWAP 75543.2 (buffer 16)
2026-09-09 05:20:10,637 [INFO] [VWAP] Climax skip — body=93% >= 87%
2026-09-09 05:20:40,859 [INFO] [VETO] FLIP CE BLOCKED — CE into a DOWNtrend: spot 75068.9 is -474.3 below FUT VWAP 75543.2 (buffer 16)
2026-09-09 05:20:40,862 [INFO] [VWAP] Climax skip — body=93% >= 87%
2026-09-09 05:21:11,087 [INFO] [VETO] FLIP CE BLOCKED — CE into a DOWNtrend: spot 75068.9 is -474.3 below FUT VWAP 75543.2 (buffer 16)
2026-09-09 05:21:11,089 [INFO] [VWAP] Climax skip — body=93% >= 87%
2026-09-09 05:21:41,314 [INFO] [VETO] FLIP CE BLOCKED — CE into a DOWNtrend: spot 75058.9 is -484.4 below FUT VWAP 75543.2 (buffer 16)
2026-09-09 05:21:41,316 [INFO] [VWAP] Climax skip — body=93% >= 87%
2026-09-09 05:22:11,539 [INFO] [VETO] FLIP CE BLOCKED — CE into a DOWNtrend: spot 75058.9 is -484.2 below FUT VWAP 75543.0 (buffer 16)
2026-09-09 05:22:11,541 [INFO] [VWAP] Climax skip — body=93% >= 87%
2026-09-09 05:22:41,764 [INFO] [VETO] FLIP CE BLOCKED — CE into a DOWNtrend: spot 75050.4 is -492.6 below FUT VWAP 75543.0 (buffer 16)
2026-09-09 05:22:41,766 [INFO] [VWAP] Climax skip — body=93% >= 87%
2026-09-09 05:23:11,999 [INFO] [VETO] FLIP CE BLOCKED — CE into a DOWNtrend: spot 75050.4 is -492.6 below FUT VWAP 75543.0 (buffer 16)
2026-09-09 05:23:12,001 [INFO] [VWAP] Climax skip — body=93% >= 87%
2026-09-09 05:23:42,234 [INFO] [VETO] FLIP CE BLOCKED — CE into a DOWNtrend: spot 75052.9 is -490.1 below FUT VWAP 75543.0 (buffer 16)
2026-09-09 05:23:42,235 [INFO] [VWAP] Climax skip — body=93% >= 87%
2026-09-09 05:23:42,272 [INFO] [APEX] open=0 trades=0 realized=+0.0pt/Rs+0 unreal=+0.0pt/Rs+0
2026-09-09 05:23:42,272 [INFO] [T5] open=0 trades=0 realized=+0.0pt/Rs+0 unreal=+0.0pt/Rs+0
2026-09-09 05:23:42,272 [INFO] [INDICATORS] spot=75052.9 | 1h: close=74968.1 sma20=76035.1 sma50=76439.9 rsi=19.1 macd=-326.22/-252.80(bear) | 15m: K=50.4↑(prev 36.8) | regime=PE-eligible any_active=True
2026-09-09 05:23:42,273 [INFO] [SIGNAL] CE: reg=False K=True(K=50.4>=38,rising) Kextr=True RSI=False(19.1>53) MACD=False(gate off) => BLOCK | PE: reg=True K=False(K=50.4<=80,falling) Kextr=False RSI=True(19.1<47) MACD=True(gate off) => BLOCK
2026-09-09 05:23:42,273 [INFO] [STATE][GAPBREAK] PE BFO:SENSEX2691075000PE ltp=187.85 entry=216.50 pnl=-28.65(-13.2%) sl=0.00 peak=233.25 tr_armed=False elapsed=47min
2026-09-09 05:23:45,555 [INFO] [periodic] Logs pushed to GitHub: Sensex_FlightRecorder_V2_5_20-SENSEX_20260909_090604.log, Sensex_BarLevel_V2_5_20-SENSEX_20260909_090604.csv
2026-09-09 05:24:15,758 [INFO] [VETO] FLIP CE BLOCKED — CE into a DOWNtrend: spot 75052.9 is -490.1 below FUT VWAP 75543.0 (buffer 16)
2026-09-09 05:24:15,760 [INFO] [VWAP] Climax skip — body=93% >= 87%
2026-09-09 05:24:45,987 [INFO] [VETO] FLIP CE BLOCKED — CE into a DOWNtrend: spot 75062.5 is -480.5 below FUT VWAP 75543.0 (buffer 16)
2026-09-09 05:24:45,989 [INFO] [VWAP] Climax skip — body=93% >= 87%
2026-09-09 05:25:16,214 [INFO] [VETO] FLIP CE BLOCKED — CE into a DOWNtrend: spot 75062.5 is -480.5 below FUT VWAP 75543.0 (buffer 16)
2026-09-09 05:25:16,217 [INFO] [VWAP] Climax skip — body=93% >= 87%
2026-09-09 05:25:46,442 [INFO] [VETO] FLIP CE BLOCKED — CE into a DOWNtrend: spot 75068.6 is -474.4 below FUT VWAP 75543.0 (buffer 16)
2026-09-09 05:25:46,444 [INFO] [VWAP] Climax skip — body=93% >= 87%
2026-09-09 05:26:16,684 [INFO] [VETO] FLIP CE BLOCKED — CE into a DOWNtrend: spot 75068.6 is -474.4 below FUT VWAP 75543.0 (buffer 16)
2026-09-09 05:26:16,686 [INFO] [VWAP] Climax skip — body=93% >= 87%
2026-09-09 05:26:46,923 [INFO] [VETO] FLIP CE BLOCKED — CE into a DOWNtrend: spot 75085.2 is -457.7 below FUT VWAP 75543.0 (buffer 16)
2026-09-09 05:26:46,926 [INFO] [VWAP] Climax skip — body=93% >= 87%
2026-09-09 05:27:17,149 [INFO] [VETO] FLIP CE BLOCKED — CE into a DOWNtrend: spot 75085.2 is -457.7 below FUT VWAP 75543.0 (buffer 16)
2026-09-09 05:27:17,151 [INFO] [VWAP] Climax skip — body=93% >= 87%
2026-09-09 05:27:47,393 [INFO] [VETO] FLIP CE BLOCKED — CE into a DOWNtrend: spot 75081.8 is -461.1 below FUT VWAP 75543.0 (buffer 16)
2026-09-09 05:27:47,395 [INFO] [VWAP] Climax skip — body=93% >= 87%
2026-09-09 05:28:17,626 [INFO] [VETO] FLIP CE BLOCKED — CE into a DOWNtrend: spot 75081.8 is -461.1 below FUT VWAP 75543.0 (buffer 16)
2026-09-09 05:28:17,628 [INFO] [VWAP] Climax skip — body=93% >= 87%
2026-09-09 05:28:47,854 [INFO] [VETO] FLIP CE BLOCKED — CE into a DOWNtrend: spot 75088.9 is -454.1 below FUT VWAP 75543.0 (buffer 16)
2026-09-09 05:28:47,855 [INFO] [VWAP] Climax skip — body=93% >= 87%
2026-09-09 05:28:47,893 [INFO] [APEX] open=0 trades=0 realized=+0.0pt/Rs+0 unreal=+0.0pt/Rs+0
2026-09-09 05:28:47,939 [INFO] [T5] open=0 trades=0 realized=+0.0pt/Rs+0 unreal=+0.0pt/Rs+0
2026-09-09 05:28:47,940 [INFO] [INDICATORS] spot=75088.9 | 1h: close=74968.1 sma20=76035.1 sma50=76439.9 rsi=19.1 macd=-326.22/-252.80(bear) | 15m: K=50.4↑(prev 36.8) | regime=PE-eligible any_active=True
2026-09-09 05:28:47,940 [INFO] [SIGNAL] CE: reg=False K=True(K=50.4>=38,rising) Kextr=True RSI=False(19.1>53) MACD=False(gate off) => BLOCK | PE: reg=True K=False(K=50.4<=80,falling) Kextr=False RSI=True(19.1<47) MACD=True(gate off) => BLOCK
2026-09-09 05:28:47,940 [INFO] [STATE][GAPBREAK] PE BFO:SENSEX2691075000PE ltp=178.15 entry=216.50 pnl=-38.35(-17.7%) sl=0.00 peak=233.25 tr_armed=False elapsed=52min
2026-09-09 05:28:50,302 [INFO] [periodic] Logs pushed to GitHub: Sensex_FlightRecorder_V2_5_20-SENSEX_20260909_090604.log, Sensex_BarLevel_V2_5_20-SENSEX_20260909_090604.csv
2026-09-09 05:29:20,488 [INFO] [VETO] FLIP CE BLOCKED — CE into a DOWNtrend: spot 75088.9 is -454.0 below FUT VWAP 75542.9 (buffer 16)
2026-09-09 05:29:20,490 [INFO] [VWAP] Climax skip — body=93% >= 87%
2026-09-09 05:29:50,761 [INFO] [VETO] FLIP CE BLOCKED — CE into a DOWNtrend: spot 75095.5 is -447.4 below FUT VWAP 75542.9 (buffer 16)
2026-09-09 05:29:50,763 [INFO] [VWAP] Climax skip — body=93% >= 87%
2026-09-09 05:30:21,043 [INFO] [VETO] FLIP CE BLOCKED — CE into a DOWNtrend: spot 75095.5 is -447.4 below FUT VWAP 75542.9 (buffer 16)
2026-09-09 05:30:21,045 [INFO] [VWAP] Climax skip — body=93% >= 87%
2026-09-09 05:30:21,050 [INFO] [ORB] CHOP-KILL @11:00 — range-so-far 0.39% < p33 0.51% and 4 TWAP flips >= 4. ORB entries+flips OFF for the day.
2026-09-09 05:30:52,142 [INFO] [VETO] FLIP CE BLOCKED — CE into a DOWNtrend: spot 75111.8 is -431.1 below FUT VWAP 75542.9 (buffer 16)
2026-09-09 05:30:52,144 [INFO] [VWAP] Climax skip — body=93% >= 87%
2026-09-09 05:31:22,430 [INFO] [VETO] FLIP CE BLOCKED — CE into a DOWNtrend: spot 75111.8 is -431.1 below FUT VWAP 75542.9 (buffer 16)
2026-09-09 05:31:52,705 [INFO] [VETO] FLIP CE BLOCKED — CE into a DOWNtrend: spot 75122.5 is -420.4 below FUT VWAP 75542.9 (buffer 16)
2026-09-09 05:32:22,941 [INFO] [VETO] FLIP CE BLOCKED — CE into a DOWNtrend: spot 75122.5 is -420.5 below FUT VWAP 75543.0 (buffer 16)
2026-09-09 05:32:53,178 [INFO] [VETO] FLIP CE BLOCKED — CE into a DOWNtrend: spot 75119.1 is -423.9 below FUT VWAP 75543.0 (buffer 16)
2026-09-09 05:33:23,413 [INFO] [VETO] FLIP CE BLOCKED — CE into a DOWNtrend: spot 75119.1 is -423.9 below FUT VWAP 75543.0 (buffer 16)
2026-09-09 05:33:53,660 [INFO] [VETO] FLIP CE BLOCKED — CE into a DOWNtrend: spot 75116.3 is -426.7 below FUT VWAP 75543.0 (buffer 16)
2026-09-09 05:33:53,701 [INFO] [APEX] open=0 trades=0 realized=+0.0pt/Rs+0 unreal=+0.0pt/Rs+0
2026-09-09 05:33:53,701 [INFO] [T5] open=0 trades=0 realized=+0.0pt/Rs+0 unreal=+0.0pt/Rs+0
2026-09-09 05:33:53,701 [INFO] [INDICATORS] spot=75116.3 | 1h: close=74968.1 sma20=76035.1 sma50=76439.9 rsi=19.1 macd=-326.22/-252.80(bear) | 15m: K=73.1↑(prev 50.4) | regime=PE-eligible any_active=True
2026-09-09 05:33:53,701 [INFO] [SIGNAL] CE: reg=False K=True(K=73.1>=38,rising) Kextr=True RSI=False(19.1>53) MACD=False(gate off) => BLOCK | PE: reg=True K=False(K=73.1<=80,falling) Kextr=False RSI=True(19.1<47) MACD=True(gate off) => BLOCK
2026-09-09 05:33:53,702 [INFO] [STATE][GAPBREAK] PE BFO:SENSEX2691075000PE ltp=166.75 entry=216.50 pnl=-49.75(-23.0%) sl=0.00 peak=233.25 tr_armed=False elapsed=57min
2026-09-09 05:33:56,138 [INFO] [periodic] Logs pushed to GitHub: Sensex_FlightRecorder_V2_5_20-SENSEX_20260909_090604.log, Sensex_BarLevel_V2_5_20-SENSEX_20260909_090604.csv
2026-09-09 05:34:26,330 [INFO] [VETO] FLIP CE BLOCKED — CE into a DOWNtrend: spot 75116.3 is -426.7 below FUT VWAP 75543.0 (buffer 16)
2026-09-09 05:34:56,555 [INFO] [VETO] FLIP CE BLOCKED — CE into a DOWNtrend: spot 75125.7 is -417.3 below FUT VWAP 75543.0 (buffer 16)
2026-09-09 05:35:27,706 [INFO] [VETO] FLIP CE BLOCKED — CE into a DOWNtrend: spot 75125.7 is -417.4 below FUT VWAP 75543.1 (buffer 16)
2026-09-09 05:35:57,938 [INFO] [VETO] FLIP CE BLOCKED — CE into a DOWNtrend: spot 75118.1 is -424.9 below FUT VWAP 75543.1 (buffer 16)
2026-09-09 05:36:28,170 [INFO] [VETO] FLIP CE BLOCKED — CE into a DOWNtrend: spot 75118.1 is -425.0 below FUT VWAP 75543.2 (buffer 16)
2026-09-09 05:36:58,397 [INFO] [VETO] FLIP CE BLOCKED — CE into a DOWNtrend: spot 75115.0 is -428.1 below FUT VWAP 75543.2 (buffer 16)
2026-09-09 05:37:28,640 [INFO] [VETO] FLIP CE BLOCKED — CE into a DOWNtrend: spot 75115.0 is -428.1 below FUT VWAP 75543.2 (buffer 16)
2026-09-09 05:37:58,867 [INFO] [VETO] FLIP CE BLOCKED — CE into a DOWNtrend: spot 75098.2 is -445.0 below FUT VWAP 75543.2 (buffer 16)
2026-09-09 05:38:29,148 [INFO] [VETO] FLIP CE BLOCKED — CE into a DOWNtrend: spot 75098.2 is -445.0 below FUT VWAP 75543.2 (buffer 16)
2026-09-09 05:38:59,453 [INFO] [VETO] FLIP CE BLOCKED — CE into a DOWNtrend: spot 75107.4 is -435.8 below FUT VWAP 75543.2 (buffer 16)
2026-09-09 05:38:59,490 [INFO] [APEX] open=0 trades=0 realized=+0.0pt/Rs+0 unreal=+0.0pt/Rs+0
2026-09-09 05:38:59,538 [INFO] [T5] open=0 trades=0 realized=+0.0pt/Rs+0 unreal=+0.0pt/Rs+0
2026-09-09 05:38:59,539 [INFO] [INDICATORS] spot=75107.4 | 1h: close=74968.1 sma20=76035.1 sma50=76439.9 rsi=19.1 macd=-326.22/-252.80(bear) | 15m: K=73.1↑(prev 50.4) | regime=PE-eligible any_active=True
2026-09-09 05:38:59,539 [INFO] [SIGNAL] CE: reg=False K=True(K=73.1>=38,rising) Kextr=True RSI=False(19.1>53) MACD=False(gate off) => BLOCK | PE: reg=True K=False(K=73.1<=80,falling) Kextr=False RSI=True(19.1<47) MACD=True(gate off) => BLOCK
2026-09-09 05:38:59,539 [INFO] [STATE][GAPBREAK] PE BFO:SENSEX2691075000PE ltp=173.20 entry=216.50 pnl=-43.30(-20.0%) sl=0.00 peak=233.25 tr_armed=False elapsed=62min
2026-09-09 05:39:02,837 [INFO] [periodic] Logs pushed to GitHub: Sensex_FlightRecorder_V2_5_20-SENSEX_20260909_090604.log, Sensex_BarLevel_V2_5_20-SENSEX_20260909_090604.csv
2026-09-09 05:39:33,023 [INFO] [VETO] FLIP CE BLOCKED — CE into a DOWNtrend: spot 75102.4 is -440.8 below FUT VWAP 75543.2 (buffer 16)
2026-09-09 05:40:03,302 [INFO] [VETO] FLIP CE BLOCKED — CE into a DOWNtrend: spot 75102.4 is -440.8 below FUT VWAP 75543.2 (buffer 16)
2026-09-09 05:40:33,578 [INFO] [VETO] FLIP CE BLOCKED — CE into a DOWNtrend: spot 75100.7 is -442.5 below FUT VWAP 75543.2 (buffer 16)
2026-09-09 05:41:03,857 [INFO] [VETO] FLIP CE BLOCKED — CE into a DOWNtrend: spot 75100.7 is -442.5 below FUT VWAP 75543.2 (buffer 16)
2026-09-09 05:41:34,308 [INFO] [VETO] FLIP CE BLOCKED — CE into a DOWNtrend: spot 75098.9 is -444.4 below FUT VWAP 75543.2 (buffer 16)
2026-09-09 05:42:05,119 [INFO] [VETO] FLIP CE BLOCKED — CE into a DOWNtrend: spot 75098.9 is -444.4 below FUT VWAP 75543.2 (buffer 16)
2026-09-09 05:42:35,706 [INFO] [VETO] FLIP CE BLOCKED — CE into a DOWNtrend: spot 75098.6 is -444.6 below FUT VWAP 75543.2 (buffer 16)
2026-09-09 05:43:06,152 [INFO] [VETO] FLIP CE BLOCKED — CE into a DOWNtrend: spot 75098.6 is -444.6 below FUT VWAP 75543.2 (buffer 16)
2026-09-09 05:43:36,585 [INFO] [VETO] FLIP CE BLOCKED — CE into a DOWNtrend: spot 75087.6 is -455.7 below FUT VWAP 75543.2 (buffer 16)
2026-09-09 05:44:06,938 [INFO] [VETO] FLIP CE BLOCKED — CE into a DOWNtrend: spot 75087.6 is -455.7 below FUT VWAP 75543.2 (buffer 16)
2026-09-09 05:44:06,998 [INFO] [APEX] open=0 trades=0 realized=+0.0pt/Rs+0 unreal=+0.0pt/Rs+0
2026-09-09 05:44:06,998 [INFO] [T5] open=0 trades=0 realized=+0.0pt/Rs+0 unreal=+0.0pt/Rs+0
2026-09-09 05:44:06,999 [INFO] [INDICATORS] spot=75087.6 | 1h: close=74968.1 sma20=76035.1 sma50=76439.9 rsi=19.1 macd=-326.22/-252.80(bear) | 15m: K=73.1↑(prev 50.4) | regime=PE-eligible any_active=True
2026-09-09 05:44:06,999 [INFO] [SIGNAL] CE: reg=False K=True(K=73.1>=38,rising) Kextr=True RSI=False(19.1>53) MACD=False(gate off) => BLOCK | PE: reg=True K=False(K=73.1<=80,falling) Kextr=False RSI=True(19.1<47) MACD=True(gate off) => BLOCK
2026-09-09 05:44:06,999 [INFO] [STATE][GAPBREAK] PE BFO:SENSEX2691075000PE ltp=173.00 entry=216.50 pnl=-43.50(-20.1%) sl=0.00 peak=233.25 tr_armed=False elapsed=67min
2026-09-09 05:44:09,642 [INFO] [periodic] Logs pushed to GitHub: Sensex_FlightRecorder_V2_5_20-SENSEX_20260909_090604.log, Sensex_BarLevel_V2_5_20-SENSEX_20260909_090604.csv
2026-09-09 05:44:39,973 [INFO] [VETO] FLIP CE BLOCKED — CE into a DOWNtrend: spot 75087.8 is -455.4 below FUT VWAP 75543.2 (buffer 16)
2026-09-09 05:45:10,323 [INFO] [VETO] FLIP CE BLOCKED — CE into a DOWNtrend: spot 75087.8 is -455.4 below FUT VWAP 75543.2 (buffer 16)
2026-09-09 05:45:40,690 [INFO] [VETO] FLIP CE BLOCKED — CE into a DOWNtrend: spot 75089.3 is -453.9 below FUT VWAP 75543.2 (buffer 16)
2026-09-09 05:46:11,099 [INFO] [VETO] FLIP CE BLOCKED — CE into a DOWNtrend: spot 75089.3 is -453.9 below FUT VWAP 75543.2 (buffer 16)
2026-09-09 05:46:11,103 [INFO] [VWAP] Persistence-gate BLOCK — CE dist=+25.1pt persist=True (last 2x5m vs FUTvwap=75543.2)
2026-09-09 05:46:41,521 [INFO] [VETO] FLIP CE BLOCKED — CE into a DOWNtrend: spot 75096.7 is -446.5 below FUT VWAP 75543.2 (buffer 16)
2026-09-09 05:46:41,525 [INFO] [VWAP] Persistence-gate BLOCK — CE dist=+25.1pt persist=True (last 2x5m vs FUTvwap=75543.2)
2026-09-09 05:47:11,959 [INFO] [VETO] FLIP CE BLOCKED — CE into a DOWNtrend: spot 75096.7 is -446.5 below FUT VWAP 75543.2 (buffer 16)
2026-09-09 05:47:11,963 [INFO] [VWAP] Persistence-gate BLOCK — CE dist=+25.1pt persist=True (last 2x5m vs FUTvwap=75543.2)
2026-09-09 05:47:42,398 [INFO] [VETO] FLIP CE BLOCKED — CE into a DOWNtrend: spot 75086.3 is -457.0 below FUT VWAP 75543.2 (buffer 16)
2026-09-09 05:47:42,401 [INFO] [VWAP] Persistence-gate BLOCK — CE dist=+25.1pt persist=True (last 2x5m vs FUTvwap=75543.2)
2026-09-09 05:48:12,750 [INFO] [VETO] FLIP CE BLOCKED — CE into a DOWNtrend: spot 75086.3 is -457.1 below FUT VWAP 75543.3 (buffer 16)
2026-09-09 05:48:12,754 [INFO] [VWAP] Persistence-gate BLOCK — CE dist=+25.0pt persist=True (last 2x5m vs FUTvwap=75543.3)
2026-09-09 05:48:43,229 [INFO] [VETO] FLIP CE BLOCKED — CE into a DOWNtrend: spot 75090.0 is -453.4 below FUT VWAP 75543.3 (buffer 16)
2026-09-09 05:48:43,233 [INFO] [VWAP] Persistence-gate BLOCK — CE dist=+25.0pt persist=True (last 2x5m vs FUTvwap=75543.3)
2026-09-09 05:49:13,689 [INFO] [VETO] FLIP CE BLOCKED — CE into a DOWNtrend: spot 75090.0 is -453.4 below FUT VWAP 75543.3 (buffer 16)
2026-09-09 05:49:13,692 [INFO] [VWAP] Persistence-gate BLOCK — CE dist=+25.0pt persist=True (last 2x5m vs FUTvwap=75543.3)
2026-09-09 05:49:13,744 [INFO] [APEX] open=0 trades=0 realized=+0.0pt/Rs+0 unreal=+0.0pt/Rs+0
2026-09-09 05:49:13,800 [INFO] [T5] open=0 trades=0 realized=+0.0pt/Rs+0 unreal=+0.0pt/Rs+0
2026-09-09 05:49:13,801 [INFO] [INDICATORS] spot=75090.0 | 1h: close=75086.4 sma20=75953.0 sma50=76404.8 rsi=24.3 macd=-351.28/-272.49(bear) | 15m: K=75.9↑(prev 73.1) | regime=PE-eligible any_active=True
2026-09-09 05:49:13,801 [INFO] [SIGNAL] CE: reg=False K=True(K=75.9>=38,rising) Kextr=False RSI=False(24.3>53) MACD=False(gate off) => BLOCK | PE: reg=True K=False(K=75.9<=80,falling) Kextr=True RSI=True(24.3<47) MACD=True(gate off) => BLOCK
2026-09-09 05:49:13,801 [INFO] [STATE][GAPBREAK] PE BFO:SENSEX2691075000PE ltp=177.25 entry=216.50 pnl=-39.25(-18.1%) sl=0.00 peak=233.25 tr_armed=False elapsed=72min
2026-09-09 05:49:16,347 [INFO] [periodic] Logs pushed to GitHub: Sensex_FlightRecorder_V2_5_20-SENSEX_20260909_090604.log, Sensex_BarLevel_V2_5_20-SENSEX_20260909_090604.csv
2026-09-09 05:49:46,676 [INFO] [VETO] FLIP CE BLOCKED — CE into a DOWNtrend: spot 75080.4 is -462.9 below FUT VWAP 75543.3 (buffer 16)
2026-09-09 05:49:46,680 [INFO] [VWAP] Persistence-gate BLOCK — CE dist=+25.0pt persist=True (last 2x5m vs FUTvwap=75543.3)
2026-09-09 05:50:17,088 [INFO] [VETO] FLIP CE BLOCKED — CE into a DOWNtrend: spot 75079.9 is -463.5 below FUT VWAP 75543.3 (buffer 16)
2026-09-09 05:50:17,913 [INFO] [VWAP] Persistence-gate BLOCK — CE dist=+25.0pt persist=True (last 2x5m vs FUTvwap=75543.3)
2026-09-09 05:50:48,314 [INFO] [VETO] FLIP CE BLOCKED — CE into a DOWNtrend: spot 75093.5 is -449.8 below FUT VWAP 75543.3 (buffer 16)
2026-09-09 05:50:48,317 [INFO] [VWAP] Persistence-gate BLOCK — CE dist=+25.0pt persist=True (last 2x5m vs FUTvwap=75543.3)
2026-09-09 05:51:18,825 [INFO] [VETO] FLIP CE BLOCKED — CE into a DOWNtrend: spot 75101.2 is -442.1 below FUT VWAP 75543.3 (buffer 16)
2026-09-09 05:51:18,829 [INFO] [VWAP] Persistence-gate BLOCK — CE dist=+12.2pt persist=True (last 2x5m vs FUTvwap=75543.3)
2026-09-09 05:51:49,255 [INFO] [VETO] FLIP CE BLOCKED — CE into a DOWNtrend: spot 75101.2 is -442.1 below FUT VWAP 75543.3 (buffer 16)
2026-09-09 05:51:49,259 [INFO] [VWAP] Persistence-gate BLOCK — CE dist=+12.2pt persist=True (last 2x5m vs FUTvwap=75543.3)
2026-09-09 05:52:19,718 [INFO] [VETO] FLIP CE BLOCKED — CE into a DOWNtrend: spot 75078.0 is -465.4 below FUT VWAP 75543.4 (buffer 16)
2026-09-09 05:52:19,722 [INFO] [VWAP] Persistence-gate BLOCK — CE dist=+12.1pt persist=True (last 2x5m vs FUTvwap=75543.4)
2026-09-09 05:52:50,105 [INFO] [VETO] FLIP CE BLOCKED — CE into a DOWNtrend: spot 75078.0 is -465.4 below FUT VWAP 75543.4 (buffer 16)
2026-09-09 05:52:50,108 [INFO] [VWAP] Persistence-gate BLOCK — CE dist=+12.1pt persist=True (last 2x5m vs FUTvwap=75543.4)
2026-09-09 05:53:20,454 [INFO] [VETO] FLIP CE BLOCKED — CE into a DOWNtrend: spot 75066.3 is -477.1 below FUT VWAP 75543.3 (buffer 16)
2026-09-09 05:53:20,458 [INFO] [VWAP] Persistence-gate BLOCK — CE dist=+12.2pt persist=True (last 2x5m vs FUTvwap=75543.3)
2026-09-09 05:53:50,892 [INFO] [VETO] FLIP CE BLOCKED — CE into a DOWNtrend: spot 75066.3 is -477.1 below FUT VWAP 75543.3 (buffer 16)
2026-09-09 05:53:50,895 [INFO] [VWAP] Persistence-gate BLOCK — CE dist=+12.2pt persist=True (last 2x5m vs FUTvwap=75543.3)
2026-09-09 05:54:21,347 [INFO] [VETO] FLIP CE BLOCKED — CE into a DOWNtrend: spot 75066.6 is -476.8 below FUT VWAP 75543.3 (buffer 16)
2026-09-09 05:54:21,351 [INFO] [VWAP] Persistence-gate BLOCK — CE dist=+12.2pt persist=True (last 2x5m vs FUTvwap=75543.3)
2026-09-09 05:54:21,426 [INFO] [APEX] open=0 trades=0 realized=+0.0pt/Rs+0 unreal=+0.0pt/Rs+0
2026-09-09 05:54:21,427 [INFO] [T5] open=0 trades=0 realized=+0.0pt/Rs+0 unreal=+0.0pt/Rs+0
2026-09-09 05:54:21,427 [INFO] [INDICATORS] spot=75066.6 | 1h: close=75086.4 sma20=75953.0 sma50=76404.8 rsi=24.3 macd=-351.28/-272.49(bear) | 15m: K=75.9↑(prev 73.1) | regime=PE-eligible any_active=True
2026-09-09 05:54:21,427 [INFO] [SIGNAL] CE: reg=False K=True(K=75.9>=38,rising) Kextr=False RSI=False(24.3>53) MACD=False(gate off) => BLOCK | PE: reg=True K=False(K=75.9<=80,falling) Kextr=True RSI=True(24.3<47) MACD=True(gate off) => BLOCK
2026-09-09 05:54:21,427 [INFO] [STATE][GAPBREAK] PE BFO:SENSEX2691075000PE ltp=178.60 entry=216.50 pnl=-37.90(-17.5%) sl=0.00 peak=233.25 tr_armed=False elapsed=77min
2026-09-09 05:54:25,057 [INFO] [periodic] Logs pushed to GitHub: Sensex_FlightRecorder_V2_5_20-SENSEX_20260909_090604.log, Sensex_BarLevel_V2_5_20-SENSEX_20260909_090604.csv
2026-09-09 05:54:55,369 [INFO] [VWAP] Persistence-gate BLOCK — CE dist=+12.2pt persist=True (last 2x5m vs FUTvwap=75543.3)
2026-09-09 05:55:25,767 [INFO] [VWAP] Persistence-gate BLOCK — CE dist=+12.0pt persist=True (last 2x5m vs FUTvwap=75543.5)
2026-09-09 05:55:56,433 [INFO] [VWAP] Persistence-gate BLOCK — CE dist=+12.0pt persist=True (last 2x5m vs FUTvwap=75543.5)
2026-09-09 05:56:26,776 [INFO] [VWAP] Persistence-gate BLOCK — CE dist=+11.7pt persist=True (last 2x5m vs FUTvwap=75543.5)
2026-09-09 05:56:57,163 [INFO] [VWAP] Persistence-gate BLOCK — CE dist=+11.7pt persist=True (last 2x5m vs FUTvwap=75543.5)
2026-09-09 05:57:27,501 [INFO] [VWAP] Persistence-gate BLOCK — CE dist=+11.7pt persist=True (last 2x5m vs FUTvwap=75543.5)
2026-09-09 05:57:57,827 [INFO] [VWAP] Persistence-gate BLOCK — CE dist=+11.7pt persist=True (last 2x5m vs FUTvwap=75543.5)
2026-09-09 05:58:28,171 [INFO] [VWAP] Persistence-gate BLOCK — CE dist=+11.7pt persist=True (last 2x5m vs FUTvwap=75543.5)
2026-09-09 05:58:58,536 [INFO] [VWAP] Persistence-gate BLOCK — CE dist=+11.7pt persist=True (last 2x5m vs FUTvwap=75543.5)
2026-09-09 05:59:28,857 [INFO] [VWAP] Persistence-gate BLOCK — CE dist=+11.7pt persist=True (last 2x5m vs FUTvwap=75543.5)
2026-09-09 05:59:28,906 [INFO] [APEX] open=0 trades=0 realized=+0.0pt/Rs+0 unreal=+0.0pt/Rs+0
2026-09-09 05:59:28,907 [INFO] [T5] open=0 trades=0 realized=+0.0pt/Rs+0 unreal=+0.0pt/Rs+0
2026-09-09 05:59:28,907 [INFO] [INDICATORS] spot=75063.1 | 1h: close=75086.4 sma20=75953.0 sma50=76404.8 rsi=24.3 macd=-351.28/-272.49(bear) | 15m: K=75.9↑(prev 73.1) | regime=PE-eligible any_active=True
2026-09-09 05:59:28,907 [INFO] [SIGNAL] CE: reg=False K=True(K=75.9>=38,rising) Kextr=False RSI=False(24.3>53) MACD=False(gate off) => BLOCK | PE: reg=True K=False(K=75.9<=80,falling) Kextr=True RSI=True(24.3<47) MACD=True(gate off) => BLOCK
2026-09-09 05:59:28,907 [INFO] [STATE][GAPBREAK] PE BFO:SENSEX2691075000PE ltp=176.50 entry=216.50 pnl=-40.00(-18.5%) sl=0.00 peak=233.25 tr_armed=False elapsed=82min
2026-09-09 05:59:31,301 [INFO] [periodic] Logs pushed to GitHub: Sensex_FlightRecorder_V2_5_20-SENSEX_20260909_090604.log, Sensex_BarLevel_V2_5_20-SENSEX_20260909_090604.csv
2026-09-09 06:00:02,704 [INFO] [VWAP] Persistence-gate BLOCK — CE dist=+11.7pt persist=True (last 2x5m vs FUTvwap=75543.5)
2026-09-09 06:00:33,137 [INFO] [VWAP] Persistence-gate BLOCK — CE dist=+11.7pt persist=True (last 2x5m vs FUTvwap=75543.5)
2026-09-09 06:04:36,793 [INFO] [APEX] open=0 trades=0 realized=+0.0pt/Rs+0 unreal=+0.0pt/Rs+0
2026-09-09 06:04:36,794 [INFO] [T5] open=0 trades=0 realized=+0.0pt/Rs+0 unreal=+0.0pt/Rs+0
2026-09-09 06:04:36,794 [INFO] [INDICATORS] spot=75065.0 | 1h: close=75086.4 sma20=75953.0 sma50=76404.8 rsi=24.3 macd=-351.28/-272.49(bear) | 15m: K=82.1↑(prev 75.9) | regime=PE-eligible any_active=True
2026-09-09 06:04:36,794 [INFO] [SIGNAL] CE: reg=False K=True(K=82.1>=38,rising) Kextr=False RSI=False(24.3>53) MACD=False(gate off) => BLOCK | PE: reg=True K=False(K=82.1<=80,falling) Kextr=True RSI=True(24.3<47) MACD=True(gate off) => BLOCK
2026-09-09 06:04:36,795 [INFO] [STATE][GAPBREAK] PE BFO:SENSEX2691075000PE ltp=172.30 entry=216.50 pnl=-44.20(-20.4%) sl=0.00 peak=233.25 tr_armed=False elapsed=88min
2026-09-09 06:04:39,301 [INFO] [periodic] Logs pushed to GitHub: Sensex_FlightRecorder_V2_5_20-SENSEX_20260909_090604.log, Sensex_BarLevel_V2_5_20-SENSEX_20260909_090604.csv
2026-09-09 06:09:43,119 [INFO] [APEX] open=0 trades=0 realized=+0.0pt/Rs+0 unreal=+0.0pt/Rs+0
2026-09-09 06:09:43,120 [INFO] [T5] open=0 trades=0 realized=+0.0pt/Rs+0 unreal=+0.0pt/Rs+0
2026-09-09 06:09:43,121 [INFO] [INDICATORS] spot=75062.6 | 1h: close=75086.4 sma20=75953.0 sma50=76404.8 rsi=24.3 macd=-351.28/-272.49(bear) | 15m: K=82.1↑(prev 75.9) | regime=PE-eligible any_active=True
2026-09-09 06:09:43,121 [INFO] [SIGNAL] CE: reg=False K=True(K=82.1>=38,rising) Kextr=False RSI=False(24.3>53) MACD=False(gate off) => BLOCK | PE: reg=True K=False(K=82.1<=80,falling) Kextr=True RSI=True(24.3<47) MACD=True(gate off) => BLOCK
2026-09-09 06:09:43,121 [INFO] [STATE][GAPBREAK] PE BFO:SENSEX2691075000PE ltp=176.35 entry=216.50 pnl=-40.15(-18.5%) sl=0.00 peak=233.25 tr_armed=False elapsed=93min
2026-09-09 06:09:46,488 [INFO] [periodic] Logs pushed to GitHub: Sensex_FlightRecorder_V2_5_20-SENSEX_20260909_090604.log, Sensex_BarLevel_V2_5_20-SENSEX_20260909_090604.csv
2026-09-09 06:14:50,729 [INFO] [APEX] open=0 trades=0 realized=+0.0pt/Rs+0 unreal=+0.0pt/Rs+0
2026-09-09 06:14:50,816 [INFO] [T5] open=0 trades=0 realized=+0.0pt/Rs+0 unreal=+0.0pt/Rs+0
2026-09-09 06:14:50,817 [INFO] [INDICATORS] spot=75102.9 | 1h: close=75086.4 sma20=75953.0 sma50=76404.8 rsi=24.3 macd=-351.28/-272.49(bear) | 15m: K=82.1↑(prev 75.9) | regime=PE-eligible any_active=True
2026-09-09 06:14:50,817 [INFO] [SIGNAL] CE: reg=False K=True(K=82.1>=38,rising) Kextr=False RSI=False(24.3>53) MACD=False(gate off) => BLOCK | PE: reg=True K=False(K=82.1<=80,falling) Kextr=True RSI=True(24.3<47) MACD=True(gate off) => BLOCK
2026-09-09 06:14:50,818 [INFO] [STATE][GAPBREAK] PE BFO:SENSEX2691075000PE ltp=163.85 entry=216.50 pnl=-52.65(-24.3%) sl=0.00 peak=233.25 tr_armed=False elapsed=98min
2026-09-09 06:14:53,249 [INFO] [periodic] Logs pushed to GitHub: Sensex_FlightRecorder_V2_5_20-SENSEX_20260909_090604.log, Sensex_BarLevel_V2_5_20-SENSEX_20260909_090604.csv
2026-09-09 06:19:57,269 [INFO] [APEX] open=0 trades=0 realized=+0.0pt/Rs+0 unreal=+0.0pt/Rs+0
2026-09-09 06:19:57,270 [INFO] [T5] open=0 trades=0 realized=+0.0pt/Rs+0 unreal=+0.0pt/Rs+0
2026-09-09 06:19:57,270 [INFO] [INDICATORS] spot=75081.3 | 1h: close=75086.4 sma20=75953.0 sma50=76404.8 rsi=24.3 macd=-351.28/-272.49(bear) | 15m: K=85.8↑(prev 82.1) | regime=PE-eligible any_active=True
2026-09-09 06:19:57,271 [INFO] [SIGNAL] CE: reg=False K=True(K=85.8>=38,rising) Kextr=False RSI=False(24.3>53) MACD=False(gate off) => BLOCK | PE: reg=True K=False(K=85.8<=80,falling) Kextr=True RSI=True(24.3<47) MACD=True(gate off) => BLOCK
2026-09-09 06:19:57,271 [INFO] [STATE][GAPBREAK] PE BFO:SENSEX2691075000PE ltp=174.40 entry=216.50 pnl=-42.10(-19.4%) sl=0.00 peak=233.25 tr_armed=False elapsed=103min
2026-09-09 06:19:59,763 [INFO] [periodic] Logs pushed to GitHub: Sensex_FlightRecorder_V2_5_20-SENSEX_20260909_090604.log, Sensex_BarLevel_V2_5_20-SENSEX_20260909_090604.csv
2026-09-09 06:25:02,920 [INFO] [APEX] open=0 trades=0 realized=+0.0pt/Rs+0 unreal=+0.0pt/Rs+0
2026-09-09 06:25:02,920 [INFO] [T5] open=0 trades=0 realized=+0.0pt/Rs+0 unreal=+0.0pt/Rs+0
2026-09-09 06:25:02,921 [INFO] [INDICATORS] spot=75020.7 | 1h: close=75086.4 sma20=75953.0 sma50=76404.8 rsi=24.3 macd=-351.28/-272.49(bear) | 15m: K=85.8↑(prev 82.1) | regime=PE-eligible any_active=True
2026-09-09 06:25:02,921 [INFO] [SIGNAL] CE: reg=False K=True(K=85.8>=38,rising) Kextr=False RSI=False(24.3>53) MACD=False(gate off) => BLOCK | PE: reg=True K=False(K=85.8<=80,falling) Kextr=True RSI=True(24.3<47) MACD=True(gate off) => BLOCK
2026-09-09 06:25:02,921 [INFO] [STATE][GAPBREAK] PE BFO:SENSEX2691075000PE ltp=191.35 entry=216.50 pnl=-25.15(-11.6%) sl=0.00 peak=233.25 tr_armed=False elapsed=108min
2026-09-09 06:25:06,240 [INFO] [periodic] Logs pushed to GitHub: Sensex_FlightRecorder_V2_5_20-SENSEX_20260909_090604.log, Sensex_BarLevel_V2_5_20-SENSEX_20260909_090604.csv
2026-09-09 06:26:37,129 [INFO] [V3PROBE] PLACED PE BFO:SENSEX2691075000PE limit=181.80 (LTP=194.80 - 13) window=25min — EARLY(10m) Grade B R-cluster BREAK-PE at 75240
2026-09-09 06:30:10,836 [INFO] [APEX] open=0 trades=0 realized=+0.0pt/Rs+0 unreal=+0.0pt/Rs+0
2026-09-09 06:30:10,837 [INFO] [T5] open=0 trades=0 realized=+0.0pt/Rs+0 unreal=+0.0pt/Rs+0
2026-09-09 06:30:10,838 [INFO] [INDICATORS] spot=74973.8 | 1h: close=75086.4 sma20=75953.0 sma50=76404.8 rsi=24.3 macd=-351.28/-272.49(bear) | 15m: K=84.6↓(prev 85.8) | regime=PE-eligible any_active=True
2026-09-09 06:30:10,838 [INFO] [SIGNAL] CE: reg=False K=False(K=84.6>=38,rising) Kextr=False RSI=False(24.3>53) MACD=False(gate off) => BLOCK | PE: reg=True K=False(K=84.6<=80,falling) Kextr=True RSI=True(24.3<47) MACD=True(gate off) => BLOCK
2026-09-09 06:30:10,838 [INFO] [STATE][GAPBREAK] PE BFO:SENSEX2691075000PE ltp=211.00 entry=216.50 pnl=-5.50(-2.5%) sl=0.00 peak=233.25 tr_armed=False elapsed=113min
2026-09-09 06:30:13,465 [INFO] [periodic] Logs pushed to GitHub: Sensex_FlightRecorder_V2_5_20-SENSEX_20260909_090604.log, Sensex_BarLevel_V2_5_20-SENSEX_20260909_090604.csv
2026-09-09 06:31:14,095 [INFO] [VWAP] Climax skip — body=100% >= 87%
2026-09-09 06:31:44,443 [INFO] [VWAP] Climax skip — body=100% >= 87%
2026-09-09 06:32:14,822 [INFO] [VWAP] Climax skip — body=100% >= 87%
2026-09-09 06:32:45,138 [INFO] [VWAP] Climax skip — body=100% >= 87%
2026-09-09 06:33:15,493 [INFO] [VWAP] Climax skip — body=100% >= 87%
2026-09-09 06:33:45,841 [INFO] [VWAP] Climax skip — body=100% >= 87%
2026-09-09 06:34:16,169 [INFO] [VWAP] Climax skip — body=100% >= 87%
2026-09-09 06:34:46,536 [INFO] [VWAP] Climax skip — body=100% >= 87%
2026-09-09 06:35:16,886 [INFO] [VWAP] Climax skip — body=100% >= 87%
2026-09-09 06:35:16,935 [INFO] [APEX] open=0 trades=0 realized=+0.0pt/Rs+0 unreal=+0.0pt/Rs+0
2026-09-09 06:35:16,936 [INFO] [T5] open=0 trades=0 realized=+0.0pt/Rs+0 unreal=+0.0pt/Rs+0
2026-09-09 06:35:16,939 [INFO] [INDICATORS] spot=74952.3 | 1h: close=75086.4 sma20=75953.0 sma50=76404.8 rsi=24.3 macd=-351.28/-272.49(bear) | 15m: K=84.7↓(prev 85.8) | regime=PE-eligible any_active=True
2026-09-09 06:35:16,939 [INFO] [SIGNAL] CE: reg=False K=False(K=84.7>=38,rising) Kextr=False RSI=False(24.3>53) MACD=False(gate off) => BLOCK | PE: reg=True K=False(K=84.7<=80,falling) Kextr=True RSI=True(24.3<47) MACD=True(gate off) => BLOCK
2026-09-09 06:35:16,940 [INFO] [STATE][GAPBREAK] PE BFO:SENSEX2691075000PE ltp=216.05 entry=216.50 pnl=-0.45(-0.2%) sl=0.00 peak=233.25 tr_armed=False elapsed=118min
2026-09-09 06:35:19,606 [INFO] [periodic] Logs pushed to GitHub: Sensex_FlightRecorder_V2_5_20-SENSEX_20260909_090604.log, Sensex_BarLevel_V2_5_20-SENSEX_20260909_090604.csv
2026-09-09 06:35:49,896 [INFO] [VWAP] Climax skip — body=100% >= 87%
2026-09-09 06:36:20,201 [INFO] [VWAP] Climax skip — body=100% >= 87%
2026-09-09 06:36:50,502 [INFO] [VWAP] Climax skip — body=100% >= 87%
2026-09-09 06:37:20,839 [INFO] [VWAP] Climax skip — body=100% >= 87%
2026-09-09 06:37:51,161 [INFO] [VWAP] Climax skip — body=100% >= 87%
2026-09-09 06:38:21,641 [INFO] [VWAP] Climax skip — body=100% >= 87%
2026-09-09 06:38:51,981 [INFO] [VWAP] Climax skip — body=100% >= 87%
2026-09-09 06:39:22,359 [INFO] [VWAP] Climax skip — body=100% >= 87%
2026-09-09 06:39:52,707 [INFO] [VWAP] Climax skip — body=100% >= 87%
2026-09-09 06:40:23,047 [INFO] [VWAP] Climax skip — body=100% >= 87%
2026-09-09 06:40:23,089 [INFO] [APEX] open=0 trades=0 realized=+0.0pt/Rs+0 unreal=+0.0pt/Rs+0
2026-09-09 06:40:23,090 [INFO] [T5] open=0 trades=0 realized=+0.0pt/Rs+0 unreal=+0.0pt/Rs+0
2026-09-09 06:40:23,090 [INFO] [INDICATORS] spot=74933.6 | 1h: close=75086.4 sma20=75953.0 sma50=76404.8 rsi=24.3 macd=-351.28/-272.49(bear) | 15m: K=84.7↓(prev 85.8) | regime=PE-eligible any_active=True
2026-09-09 06:40:23,090 [INFO] [SIGNAL] CE: reg=False K=False(K=84.7>=38,rising) Kextr=False RSI=False(24.3>53) MACD=False(gate off) => BLOCK | PE: reg=True K=False(K=84.7<=80,falling) Kextr=True RSI=True(24.3<47) MACD=True(gate off) => BLOCK
2026-09-09 06:40:23,090 [INFO] [STATE][GAPBREAK] PE BFO:SENSEX2691075000PE ltp=228.90 entry=216.50 pnl=+12.40(+5.7%) sl=0.00 peak=233.25 tr_armed=False elapsed=123min
2026-09-09 06:40:26,426 [INFO] [periodic] Logs pushed to GitHub: Sensex_FlightRecorder_V2_5_20-SENSEX_20260909_090604.log, Sensex_BarLevel_V2_5_20-SENSEX_20260909_090604.csv
2026-09-09 06:40:56,715 [INFO] [VWAP] Climax skip — body=100% >= 87%
2026-09-09 06:41:27,042 [INFO] [VWAP] Climax skip — body=100% >= 87%
2026-09-09 06:41:57,375 [INFO] [VWAP] Climax skip — body=100% >= 87%
2026-09-09 06:42:27,736 [INFO] [VWAP] Climax skip — body=100% >= 87%
2026-09-09 06:42:58,128 [INFO] [VWAP] Climax skip — body=100% >= 87%
2026-09-09 06:43:28,544 [INFO] [VWAP] Climax skip — body=100% >= 87%
2026-09-09 06:43:58,883 [INFO] [VWAP] Climax skip — body=100% >= 87%
2026-09-09 06:44:29,224 [INFO] [VWAP] Climax skip — body=100% >= 87%
2026-09-09 06:44:59,634 [INFO] [VWAP] Climax skip — body=100% >= 87%
2026-09-09 06:45:30,082 [INFO] [VWAP] Climax skip — body=100% >= 87%
2026-09-09 06:45:30,142 [INFO] [APEX] open=0 trades=0 realized=+0.0pt/Rs+0 unreal=+0.0pt/Rs+0
2026-09-09 06:45:30,142 [INFO] [T5] open=0 trades=0 realized=+0.0pt/Rs+0 unreal=+0.0pt/Rs+0
2026-09-09 06:45:30,143 [INFO] [INDICATORS] spot=74947.9 | 1h: close=74947.9 sma20=75865.5 sma50=76368.0 rsi=24.3 macd=-351.28/-272.49(bear) | 15m: K=83.2↓(prev 84.7) | regime=PE-eligible any_active=True
2026-09-09 06:45:30,143 [INFO] [SIGNAL] CE: reg=False K=False(K=83.2>=38,rising) Kextr=False RSI=False(24.3>53) MACD=False(gate off) => BLOCK | PE: reg=True K=False(K=83.2<=80,falling) Kextr=True RSI=True(24.3<47) MACD=True(gate off) => BLOCK
2026-09-09 06:45:30,143 [INFO] [STATE][GAPBREAK] PE BFO:SENSEX2691075000PE ltp=212.75 entry=216.50 pnl=-3.75(-1.7%) sl=0.00 peak=233.25 tr_armed=False elapsed=128min
2026-09-09 06:45:32,907 [INFO] [periodic] Logs pushed to GitHub: Sensex_FlightRecorder_V2_5_20-SENSEX_20260909_090604.log, Sensex_BarLevel_V2_5_20-SENSEX_20260909_090604.csv
2026-09-09 06:46:03,291 [INFO] [VWAP] Climax skip — body=100% >= 87%
2026-09-09 06:50:36,556 [INFO] [APEX] open=0 trades=0 realized=+0.0pt/Rs+0 unreal=+0.0pt/Rs+0
2026-09-09 06:50:36,556 [INFO] [T5] open=0 trades=0 realized=+0.0pt/Rs+0 unreal=+0.0pt/Rs+0
2026-09-09 06:50:36,557 [INFO] [INDICATORS] spot=74944.3 | 1h: close=74946.7 sma20=75865.4 sma50=76368.0 rsi=22.5 macd=-378.06/-293.61(bear) | 15m: K=83.2↓(prev 84.7) | regime=PE-eligible any_active=True
2026-09-09 06:50:36,557 [INFO] [SIGNAL] CE: reg=False K=False(K=83.2>=38,rising) Kextr=False RSI=False(22.5>53) MACD=False(gate off) => BLOCK | PE: reg=True K=False(K=83.2<=80,falling) Kextr=True RSI=True(22.5<47) MACD=True(gate off) => BLOCK
2026-09-09 06:50:36,557 [INFO] [STATE][GAPBREAK] PE BFO:SENSEX2691075000PE ltp=223.00 entry=216.50 pnl=+6.50(+3.0%) sl=0.00 peak=233.25 tr_armed=False elapsed=134min
2026-09-09 06:50:39,132 [INFO] [periodic] Logs pushed to GitHub: Sensex_FlightRecorder_V2_5_20-SENSEX_20260909_090604.log, Sensex_BarLevel_V2_5_20-SENSEX_20260909_090604.csv
2026-09-09 06:51:39,604 [INFO] [V3PROBE] EXPIRED unfilled PE BFO:SENSEX2691075000PE limit=181.80
2026-09-09 06:55:42,420 [INFO] [APEX] open=0 trades=0 realized=+0.0pt/Rs+0 unreal=+0.0pt/Rs+0
2026-09-09 06:55:42,420 [INFO] [T5] open=0 trades=0 realized=+0.0pt/Rs+0 unreal=+0.0pt/Rs+0
2026-09-09 06:55:42,421 [INFO] [INDICATORS] spot=74953.3 | 1h: close=74946.7 sma20=75865.4 sma50=76368.0 rsi=22.5 macd=-378.06/-293.61(bear) | 15m: K=83.2↓(prev 84.7) | regime=PE-eligible any_active=True
2026-09-09 06:55:42,421 [INFO] [SIGNAL] CE: reg=False K=False(K=83.2>=38,rising) Kextr=False RSI=False(22.5>53) MACD=False(gate off) => BLOCK | PE: reg=True K=False(K=83.2<=80,falling) Kextr=True RSI=True(22.5<47) MACD=True(gate off) => BLOCK
2026-09-09 06:55:42,421 [INFO] [STATE][GAPBREAK] PE BFO:SENSEX2691075000PE ltp=212.85 entry=216.50 pnl=-3.65(-1.7%) sl=0.00 peak=233.25 tr_armed=False elapsed=139min
2026-09-09 06:55:45,892 [INFO] [periodic] Logs pushed to GitHub: Sensex_FlightRecorder_V2_5_20-SENSEX_20260909_090604.log, Sensex_BarLevel_V2_5_20-SENSEX_20260909_090604.csv
2026-09-09 07:00:48,658 [INFO] [APEX] open=0 trades=0 realized=+0.0pt/Rs+0 unreal=+0.0pt/Rs+0
2026-09-09 07:00:48,658 [INFO] [T5] open=0 trades=0 realized=+0.0pt/Rs+0 unreal=+0.0pt/Rs+0
2026-09-09 07:00:48,659 [INFO] [INDICATORS] spot=75025.1 | 1h: close=74946.7 sma20=75865.4 sma50=76368.0 rsi=22.5 macd=-378.06/-293.61(bear) | 15m: K=84.5↑(prev 83.2) | regime=PE-eligible any_active=True
2026-09-09 07:00:48,659 [INFO] [SIGNAL] CE: reg=False K=True(K=84.5>=38,rising) Kextr=False RSI=False(22.5>53) MACD=False(gate off) => BLOCK | PE: reg=True K=False(K=84.5<=80,falling) Kextr=True RSI=True(22.5<47) MACD=True(gate off) => BLOCK
2026-09-09 07:00:48,659 [INFO] [STATE][GAPBREAK] PE BFO:SENSEX2691075000PE ltp=181.55 entry=216.50 pnl=-34.95(-16.1%) sl=0.00 peak=233.25 tr_armed=False elapsed=144min
2026-09-09 07:00:51,232 [INFO] [periodic] Logs pushed to GitHub: Sensex_FlightRecorder_V2_5_20-SENSEX_20260909_090604.log, Sensex_BarLevel_V2_5_20-SENSEX_20260909_090604.csv
2026-09-09 07:01:21,428 [INFO] [VWAP] Climax skip — body=89% >= 87%
2026-09-09 07:01:51,667 [INFO] [VWAP] Climax skip — body=89% >= 87%
2026-09-09 07:02:21,904 [INFO] [VWAP] Climax skip — body=89% >= 87%
2026-09-09 07:02:52,157 [INFO] [VWAP] Climax skip — body=89% >= 87%
2026-09-09 07:03:22,397 [INFO] [VWAP] Climax skip — body=89% >= 87%
2026-09-09 07:03:52,677 [INFO] [VWAP] Climax skip — body=89% >= 87%
2026-09-09 07:04:22,947 [INFO] [VWAP] Climax skip — body=89% >= 87%
2026-09-09 07:04:53,197 [INFO] [VWAP] Climax skip — body=89% >= 87%
2026-09-09 07:05:23,468 [INFO] [VWAP] Climax skip — body=89% >= 87%
2026-09-09 07:05:53,730 [INFO] [VWAP] Climax skip — body=89% >= 87%
2026-09-09 07:05:53,768 [INFO] [APEX] open=0 trades=0 realized=+0.0pt/Rs+0 unreal=+0.0pt/Rs+0
2026-09-09 07:05:53,768 [INFO] [T5] open=0 trades=0 realized=+0.0pt/Rs+0 unreal=+0.0pt/Rs+0
2026-09-09 07:05:53,769 [INFO] [INDICATORS] spot=75168.1 | 1h: close=74946.7 sma20=75865.4 sma50=76368.0 rsi=22.5 macd=-378.06/-293.61(bear) | 15m: K=84.5↑(prev 83.2) | regime=PE-eligible any_active=True
2026-09-09 07:05:53,769 [INFO] [SIGNAL] CE: reg=False K=True(K=84.5>=38,rising) Kextr=False RSI=False(22.5>53) MACD=False(gate off) => BLOCK | PE: reg=True K=False(K=84.5<=80,falling) Kextr=True RSI=True(22.5<47) MACD=True(gate off) => BLOCK
2026-09-09 07:05:53,769 [INFO] [STATE][GAPBREAK] PE BFO:SENSEX2691075000PE ltp=136.15 entry=216.50 pnl=-80.35(-37.1%) sl=0.00 peak=233.25 tr_armed=False elapsed=149min
2026-09-09 07:05:56,297 [INFO] [periodic] Logs pushed to GitHub: Sensex_FlightRecorder_V2_5_20-SENSEX_20260909_090604.log, Sensex_BarLevel_V2_5_20-SENSEX_20260909_090604.csv
2026-09-09 07:06:26,503 [INFO] [VWAP] Climax skip — body=89% >= 87%
2026-09-09 07:06:56,794 [INFO] [VWAP] Climax skip — body=89% >= 87%
2026-09-09 07:07:27,073 [INFO] [VWAP] Climax skip — body=89% >= 87%
2026-09-09 07:07:57,342 [INFO] [VWAP] Climax skip — body=89% >= 87%
2026-09-09 07:08:27,601 [INFO] [VWAP] Climax skip — body=89% >= 87%
2026-09-09 07:08:57,862 [INFO] [VWAP] Climax skip — body=89% >= 87%
2026-09-09 07:09:28,105 [INFO] [VWAP] Climax skip — body=89% >= 87%
2026-09-09 07:09:58,337 [INFO] [VWAP] Climax skip — body=89% >= 87%
2026-09-09 07:10:28,598 [INFO] [VWAP] Climax skip — body=89% >= 87%
2026-09-09 07:10:58,854 [INFO] [VWAP] Climax skip — body=89% >= 87%
2026-09-09 07:10:58,895 [INFO] [APEX] open=0 trades=0 realized=+0.0pt/Rs+0 unreal=+0.0pt/Rs+0
2026-09-09 07:10:58,895 [INFO] [T5] open=0 trades=0 realized=+0.0pt/Rs+0 unreal=+0.0pt/Rs+0
2026-09-09 07:10:58,895 [INFO] [INDICATORS] spot=75182.5 | 1h: close=74946.7 sma20=75865.4 sma50=76368.0 rsi=22.5 macd=-378.06/-293.61(bear) | 15m: K=84.5↑(prev 83.2) | regime=PE-eligible any_active=True
2026-09-09 07:10:58,896 [INFO] [SIGNAL] CE: reg=False K=True(K=84.5>=38,rising) Kextr=False RSI=False(22.5>53) MACD=False(gate off) => BLOCK | PE: reg=True K=False(K=84.5<=80,falling) Kextr=True RSI=True(22.5<47) MACD=True(gate off) => BLOCK
2026-09-09 07:10:58,896 [INFO] [STATE][GAPBREAK] PE BFO:SENSEX2691075000PE ltp=141.75 entry=216.50 pnl=-74.75(-34.5%) sl=0.00 peak=233.25 tr_armed=False elapsed=154min
2026-09-09 07:11:02,212 [INFO] [periodic] Logs pushed to GitHub: Sensex_FlightRecorder_V2_5_20-SENSEX_20260909_090604.log, Sensex_BarLevel_V2_5_20-SENSEX_20260909_090604.csv
2026-09-09 07:11:32,412 [INFO] [VWAP] Climax skip — body=89% >= 87%
2026-09-09 07:12:02,660 [INFO] [VWAP] Climax skip — body=89% >= 87%
2026-09-09 07:12:32,897 [INFO] [VWAP] Climax skip — body=89% >= 87%
2026-09-09 07:13:03,188 [INFO] [VWAP] Climax skip — body=89% >= 87%
2026-09-09 07:13:33,487 [INFO] [VWAP] Climax skip — body=89% >= 87%
2026-09-09 07:14:03,772 [INFO] [VWAP] Climax skip — body=89% >= 87%
2026-09-09 07:14:34,074 [INFO] [VWAP] Climax skip — body=89% >= 87%
2026-09-09 07:15:04,322 [INFO] [VWAP] Climax skip — body=89% >= 87%
2026-09-09 07:15:34,566 [INFO] [VWAP] Climax skip — body=89% >= 87%
2026-09-09 07:16:04,851 [INFO] [VWAP] Climax skip — body=91% >= 87%
2026-09-09 07:16:04,889 [INFO] [APEX] open=0 trades=0 realized=+0.0pt/Rs+0 unreal=+0.0pt/Rs+0
2026-09-09 07:16:04,952 [INFO] [T5] open=0 trades=0 realized=+0.0pt/Rs+0 unreal=+0.0pt/Rs+0
2026-09-09 07:16:04,952 [INFO] [INDICATORS] spot=75207.8 | 1h: close=74946.7 sma20=75865.4 sma50=76368.0 rsi=22.5 macd=-378.06/-293.61(bear) | 15m: K=91.5↑(prev 84.5) | regime=PE-eligible any_active=True
2026-09-09 07:16:04,952 [INFO] [SIGNAL] CE: reg=False K=True(K=91.5>=38,rising) Kextr=False RSI=False(22.5>53) MACD=False(gate off) => BLOCK | PE: reg=True K=False(K=91.5<=80,falling) Kextr=True RSI=True(22.5<47) MACD=True(gate off) => BLOCK
2026-09-09 07:16:04,954 [INFO] [STATE][GAPBREAK] PE BFO:SENSEX2691075000PE ltp=138.45 entry=216.50 pnl=-78.05(-36.1%) sl=0.00 peak=233.25 tr_armed=False elapsed=159min
2026-09-09 07:16:07,649 [INFO] [periodic] Logs pushed to GitHub: Sensex_FlightRecorder_V2_5_20-SENSEX_20260909_090604.log, Sensex_BarLevel_V2_5_20-SENSEX_20260909_090604.csv
2026-09-09 07:16:37,853 [INFO] [VWAP] Climax skip — body=91% >= 87%
2026-09-09 07:17:08,164 [INFO] [VWAP] Climax skip — body=91% >= 87%
2026-09-09 07:17:38,462 [INFO] [VWAP] Climax skip — body=91% >= 87%
2026-09-09 07:18:08,777 [INFO] [VWAP] Climax skip — body=91% >= 87%
2026-09-09 07:18:39,103 [INFO] [VWAP] Climax skip — body=91% >= 87%
2026-09-09 07:19:09,412 [INFO] [VWAP] Climax skip — body=91% >= 87%
2026-09-09 07:19:39,664 [INFO] [VWAP] Climax skip — body=91% >= 87%
2026-09-09 07:20:09,919 [INFO] [VWAP] Climax skip — body=91% >= 87%
2026-09-09 07:20:40,208 [INFO] [VWAP] Climax skip — body=91% >= 87%
2026-09-09 07:21:10,500 [INFO] [VWAP] Climax skip — body=91% >= 87%
2026-09-09 07:21:10,537 [INFO] [APEX] open=0 trades=0 realized=+0.0pt/Rs+0 unreal=+0.0pt/Rs+0
2026-09-09 07:21:10,591 [INFO] [T5] open=0 trades=0 realized=+0.0pt/Rs+0 unreal=+0.0pt/Rs+0
2026-09-09 07:21:10,592 [INFO] [INDICATORS] spot=75199.4 | 1h: close=74946.7 sma20=75865.4 sma50=76368.0 rsi=22.5 macd=-378.06/-293.61(bear) | 15m: K=91.5↑(prev 84.5) | regime=PE-eligible any_active=True
2026-09-09 07:21:10,592 [INFO] [SIGNAL] CE: reg=False K=True(K=91.5>=38,rising) Kextr=False RSI=False(22.5>53) MACD=False(gate off) => BLOCK | PE: reg=True K=False(K=91.5<=80,falling) Kextr=True RSI=True(22.5<47) MACD=True(gate off) => BLOCK
2026-09-09 07:21:10,592 [INFO] [STATE][GAPBREAK] PE BFO:SENSEX2691075000PE ltp=140.05 entry=216.50 pnl=-76.45(-35.3%) sl=0.00 peak=233.25 tr_armed=False elapsed=164min
2026-09-09 07:21:13,209 [INFO] [periodic] Logs pushed to GitHub: Sensex_FlightRecorder_V2_5_20-SENSEX_20260909_090604.log, Sensex_BarLevel_V2_5_20-SENSEX_20260909_090604.csv
2026-09-09 07:21:43,413 [INFO] [VWAP] Climax skip — body=91% >= 87%
2026-09-09 07:22:13,702 [INFO] [VWAP] Climax skip — body=91% >= 87%
2026-09-09 07:22:44,000 [INFO] [VWAP] Climax skip — body=91% >= 87%
2026-09-09 07:23:14,288 [INFO] [VWAP] Climax skip — body=91% >= 87%
2026-09-09 07:23:44,579 [INFO] [VWAP] Climax skip — body=91% >= 87%
2026-09-09 07:24:14,880 [INFO] [VWAP] Climax skip — body=91% >= 87%
2026-09-09 07:24:45,241 [INFO] [VWAP] Climax skip — body=91% >= 87%
2026-09-09 07:25:15,668 [INFO] [VWAP] Climax skip — body=91% >= 87%
2026-09-09 07:25:46,136 [INFO] [VWAP] Climax skip — body=91% >= 87%
2026-09-09 07:26:16,559 [INFO] [V3PROBE] PLACED PE BFO:SENSEX2691075200PE limit=205.70 (LTP=218.70 - 13) window=25min — EARLY(10m) Grade B R-cluster BREAK-PE at 75340
2026-09-09 07:26:17,420 [INFO] [VWAP] Climax skip — body=91% >= 87%
2026-09-09 07:26:17,479 [INFO] [APEX] open=0 trades=0 realized=+0.0pt/Rs+0 unreal=+0.0pt/Rs+0
2026-09-09 07:26:17,479 [INFO] [T5] open=0 trades=0 realized=+0.0pt/Rs+0 unreal=+0.0pt/Rs+0
2026-09-09 07:26:17,479 [INFO] [INDICATORS] spot=75158.3 | 1h: close=74946.7 sma20=75865.4 sma50=76368.0 rsi=22.5 macd=-378.06/-293.61(bear) | 15m: K=91.5↑(prev 84.5) | regime=PE-eligible any_active=True
2026-09-09 07:26:17,479 [INFO] [SIGNAL] CE: reg=False K=True(K=91.5>=38,rising) Kextr=False RSI=False(22.5>53) MACD=False(gate off) => BLOCK | PE: reg=True K=False(K=91.5<=80,falling) Kextr=True RSI=True(22.5<47) MACD=True(gate off) => BLOCK
2026-09-09 07:26:17,481 [INFO] [STATE][GAPBREAK] PE BFO:SENSEX2691075000PE ltp=140.25 entry=216.50 pnl=-76.25(-35.2%) sl=0.00 peak=233.25 tr_armed=False elapsed=169min
2026-09-09 07:26:20,972 [INFO] [periodic] Logs pushed to GitHub: Sensex_FlightRecorder_V2_5_20-SENSEX_20260909_090604.log, Sensex_BarLevel_V2_5_20-SENSEX_20260909_090604.csv
2026-09-09 07:26:51,351 [INFO] [VWAP] Climax skip — body=91% >= 87%
2026-09-09 07:27:21,805 [INFO] [VWAP] Climax skip — body=91% >= 87%
2026-09-09 07:27:52,301 [INFO] [V3PROBE] FILLED PE BFO:SENSEX2691075200PE @ 205.70 (LTP touched 205.65)
2026-09-09 07:27:52,405 [INFO] [PAPER-FALLBACK] CB hit — logging as paper trade (no real order): SENSEX2691075200PE
2026-09-09 07:27:52,408 [INFO] ENTRY: BFO:SENSEX2691075200PE @ 205.70  engine=V3  detail=EARLY(10m) Grade B R-cluster BREAK-PE at 75340
2026-09-09 07:27:53,250 [INFO] [VWAP] Climax skip — body=91% >= 87%
2026-09-09 07:28:23,920 [INFO] [VWAP] Climax skip — body=91% >= 87%
2026-09-09 07:28:54,585 [INFO] [VWAP] Climax skip — body=91% >= 87%
2026-09-09 07:29:25,254 [INFO] [VWAP] Climax skip — body=91% >= 87%
2026-09-09 07:29:55,982 [INFO] [VWAP] Climax skip — body=91% >= 87%
2026-09-09 07:30:26,668 [INFO] [VWAP] Climax skip — body=91% >= 87%
2026-09-09 07:30:57,299 [INFO] [VWAP] Climax skip — body=91% >= 87%
2026-09-09 07:31:27,934 [INFO] [APEX] open=0 trades=0 realized=+0.0pt/Rs+0 unreal=+0.0pt/Rs+0
2026-09-09 07:31:28,011 [INFO] [T5] open=0 trades=0 realized=+0.0pt/Rs+0 unreal=+0.0pt/Rs+0
2026-09-09 07:31:28,012 [INFO] [INDICATORS] spot=75203.1 | 1h: close=74946.7 sma20=75865.4 sma50=76368.0 rsi=22.5 macd=-378.06/-293.61(bear) | 15m: K=100.0↑(prev 91.5) | regime=PE-eligible any_active=True
2026-09-09 07:31:28,012 [INFO] [SIGNAL] CE: reg=False K=True(K=100.0>=38,rising) Kextr=False RSI=False(22.5>53) MACD=False(gate off) => BLOCK | PE: reg=True K=False(K=100.0<=80,falling) Kextr=True RSI=True(22.5<47) MACD=True(gate off) => BLOCK
2026-09-09 07:31:28,012 [INFO] [STATE][BASE] PE BFO:SENSEX2691075200PE ltp=211.75 entry=205.70 pnl=+6.05(+2.9%) sl=168.67 peak=211.75 tr_armed=False elapsed=3min
2026-09-09 07:31:28,012 [INFO] [STATE][GAPBREAK] PE BFO:SENSEX2691075000PE ltp=136.30 entry=216.50 pnl=-80.20(-37.0%) sl=0.00 peak=233.25 tr_armed=False elapsed=174min
2026-09-09 07:31:30,655 [INFO] [periodic] Logs pushed to GitHub: Sensex_FlightRecorder_V2_5_20-SENSEX_20260909_090604.log, Sensex_BarLevel_V2_5_20-SENSEX_20260909_090604.csv
2026-09-09 07:36:36,014 [INFO] [APEX] open=0 trades=0 realized=+0.0pt/Rs+0 unreal=+0.0pt/Rs+0
2026-09-09 07:36:36,015 [INFO] [T5] open=0 trades=0 realized=+0.0pt/Rs+0 unreal=+0.0pt/Rs+0
2026-09-09 07:36:36,015 [INFO] [INDICATORS] spot=75170.1 | 1h: close=74946.7 sma20=75865.4 sma50=76368.0 rsi=22.5 macd=-378.06/-293.61(bear) | 15m: K=100.0↑(prev 91.5) | regime=PE-eligible any_active=True
2026-09-09 07:36:36,015 [INFO] [SIGNAL] CE: reg=False K=True(K=100.0>=38,rising) Kextr=False RSI=False(22.5>53) MACD=False(gate off) => BLOCK | PE: reg=True K=False(K=100.0<=80,falling) Kextr=True RSI=True(22.5<47) MACD=True(gate off) => BLOCK
2026-09-09 07:36:36,016 [INFO] [STATE][BASE] PE BFO:SENSEX2691075200PE ltp=211.15 entry=205.70 pnl=+5.45(+2.6%) sl=168.67 peak=222.25 tr_armed=False elapsed=8min
2026-09-09 07:36:36,016 [INFO] [STATE][GAPBREAK] PE BFO:SENSEX2691075000PE ltp=136.40 entry=216.50 pnl=-80.10(-37.0%) sl=0.00 peak=233.25 tr_armed=False elapsed=180min
2026-09-09 07:36:38,912 [INFO] [periodic] Logs pushed to GitHub: Sensex_FlightRecorder_V2_5_20-SENSEX_20260909_090604.log, Sensex_BarLevel_V2_5_20-SENSEX_20260909_090604.csv
2026-09-09 07:41:43,898 [INFO] [APEX] open=0 trades=0 realized=+0.0pt/Rs+0 unreal=+0.0pt/Rs+0
2026-09-09 07:41:43,898 [INFO] [T5] open=0 trades=0 realized=+0.0pt/Rs+0 unreal=+0.0pt/Rs+0
2026-09-09 07:41:43,899 [INFO] [INDICATORS] spot=75160.8 | 1h: close=74946.7 sma20=75865.4 sma50=76368.0 rsi=22.5 macd=-378.06/-293.61(bear) | 15m: K=100.0↑(prev 91.5) | regime=PE-eligible any_active=True
2026-09-09 07:41:43,899 [INFO] [SIGNAL] CE: reg=False K=True(K=100.0>=38,rising) Kextr=False RSI=False(22.5>53) MACD=False(gate off) => BLOCK | PE: reg=True K=False(K=100.0<=80,falling) Kextr=True RSI=True(22.5<47) MACD=True(gate off) => BLOCK
2026-09-09 07:41:43,899 [INFO] [STATE][BASE] PE BFO:SENSEX2691075200PE ltp=219.80 entry=205.70 pnl=+14.10(+6.9%) sl=168.67 peak=224.10 tr_armed=False elapsed=13min
2026-09-09 07:41:43,899 [INFO] [STATE][GAPBREAK] PE BFO:SENSEX2691075000PE ltp=140.90 entry=216.50 pnl=-75.60(-34.9%) sl=0.00 peak=233.25 tr_armed=False elapsed=185min
2026-09-09 07:41:47,399 [INFO] [periodic] Logs pushed to GitHub: Sensex_FlightRecorder_V2_5_20-SENSEX_20260909_090604.log, Sensex_BarLevel_V2_5_20-SENSEX_20260909_090604.csv
2026-09-09 07:46:22,047 [INFO] [VWAP] Climax skip — body=90% >= 87%
2026-09-09 07:46:52,530 [INFO] [VWAP] Climax skip — body=90% >= 87%
2026-09-09 07:46:52,589 [INFO] [APEX] open=0 trades=0 realized=+0.0pt/Rs+0 unreal=+0.0pt/Rs+0
2026-09-09 07:46:52,589 [INFO] [T5] open=0 trades=0 realized=+0.0pt/Rs+0 unreal=+0.0pt/Rs+0
2026-09-09 07:46:52,590 [INFO] [INDICATORS] spot=75136.9 | 1h: close=75143.3 sma20=75787.5 sma50=76331.9 rsi=30.3 macd=-379.05/-310.69(bear) | 15m: K=96.5↓(prev 100.0) | regime=PE-eligible any_active=True
2026-09-09 07:46:52,590 [INFO] [SIGNAL] CE: reg=False K=False(K=96.5>=38,rising) Kextr=False RSI=False(30.3>53) MACD=False(gate off) => BLOCK | PE: reg=True K=False(K=96.5<=80,falling) Kextr=True RSI=True(30.3<47) MACD=True(gate off) => BLOCK
2026-09-09 07:46:52,590 [INFO] [STATE][BASE] PE BFO:SENSEX2691075200PE ltp=225.35 entry=205.70 pnl=+19.65(+9.6%) sl=168.67 peak=228.90 tr_armed=False elapsed=19min
2026-09-09 07:46:52,591 [INFO] [STATE][GAPBREAK] PE BFO:SENSEX2691075000PE ltp=144.75 entry=216.50 pnl=-71.75(-33.1%) sl=0.00 peak=233.25 tr_armed=False elapsed=190min
2026-09-09 07:46:55,172 [INFO] [periodic] Logs pushed to GitHub: Sensex_FlightRecorder_V2_5_20-SENSEX_20260909_090604.log, Sensex_BarLevel_V2_5_20-SENSEX_20260909_090604.csv
2026-09-09 07:47:26,342 [INFO] [VWAP] Climax skip — body=90% >= 87%
2026-09-09 07:47:56,958 [INFO] [VWAP] Climax skip — body=90% >= 87%
2026-09-09 07:48:27,441 [INFO] [VWAP] Climax skip — body=90% >= 87%
2026-09-09 07:48:57,901 [INFO] [VWAP] Climax skip — body=90% >= 87%
2026-09-09 07:49:28,360 [INFO] [VWAP] Climax skip — body=90% >= 87%
2026-09-09 07:49:58,926 [INFO] [VWAP] Climax skip — body=90% >= 87%
2026-09-09 07:50:29,391 [INFO] [VWAP] Climax skip — body=90% >= 87%
2026-09-09 07:50:59,901 [INFO] [VWAP] Climax skip — body=90% >= 87%
2026-09-09 07:51:30,415 [INFO] [VWAP] Climax skip — body=90% >= 87%
2026-09-09 07:52:01,071 [INFO] [VWAP] Climax skip — body=90% >= 87%
2026-09-09 07:52:01,184 [INFO] [APEX] open=0 trades=0 realized=+0.0pt/Rs+0 unreal=+0.0pt/Rs+0
2026-09-09 07:52:01,184 [INFO] [T5] open=0 trades=0 realized=+0.0pt/Rs+0 unreal=+0.0pt/Rs+0
2026-09-09 07:52:01,185 [INFO] [INDICATORS] spot=75140.9 | 1h: close=75143.3 sma20=75787.5 sma50=76331.9 rsi=30.3 macd=-379.05/-310.69(bear) | 15m: K=96.5↓(prev 100.0) | regime=PE-eligible any_active=True
2026-09-09 07:52:01,185 [INFO] [SIGNAL] CE: reg=False K=False(K=96.5>=38,rising) Kextr=False RSI=False(30.3>53) MACD=False(gate off) => BLOCK | PE: reg=True K=False(K=96.5<=80,falling) Kextr=True RSI=True(30.3<47) MACD=True(gate off) => BLOCK
2026-09-09 07:52:01,185 [INFO] [STATE][BASE] PE BFO:SENSEX2691075200PE ltp=213.25 entry=205.70 pnl=+7.55(+3.7%) sl=168.67 peak=229.40 tr_armed=False elapsed=24min
2026-09-09 07:52:01,185 [INFO] [STATE][GAPBREAK] PE BFO:SENSEX2691075000PE ltp=135.65 entry=216.50 pnl=-80.85(-37.3%) sl=0.00 peak=233.25 tr_armed=False elapsed=195min
2026-09-09 07:52:03,816 [INFO] [periodic] Logs pushed to GitHub: Sensex_FlightRecorder_V2_5_20-SENSEX_20260909_090604.log, Sensex_BarLevel_V2_5_20-SENSEX_20260909_090604.csv
2026-09-09 07:52:34,287 [INFO] [VWAP] Climax skip — body=90% >= 87%
2026-09-09 07:53:04,746 [INFO] [VWAP] Climax skip — body=90% >= 87%
2026-09-09 07:53:35,238 [INFO] [VWAP] Climax skip — body=90% >= 87%
2026-09-09 07:54:05,720 [INFO] [VWAP] Climax skip — body=90% >= 87%
2026-09-09 07:54:36,367 [INFO] [VWAP] Climax skip — body=90% >= 87%
2026-09-09 07:55:07,140 [INFO] [VWAP] Climax skip — body=90% >= 87%
2026-09-09 07:55:37,762 [INFO] [VWAP] Climax skip — body=90% >= 87%
2026-09-09 07:56:08,289 [INFO] [VWAP] Climax skip — body=90% >= 87%
2026-09-09 07:56:38,782 [INFO] [VWAP] Climax skip — body=90% >= 87%
2026-09-09 07:57:09,235 [INFO] [VWAP] Climax skip — body=90% >= 87%
2026-09-09 07:57:09,290 [INFO] [APEX] open=0 trades=0 realized=+0.0pt/Rs+0 unreal=+0.0pt/Rs+0
2026-09-09 07:57:09,291 [INFO] [T5] open=0 trades=0 realized=+0.0pt/Rs+0 unreal=+0.0pt/Rs+0
2026-09-09 07:57:09,291 [INFO] [INDICATORS] spot=75170.3 | 1h: close=75143.3 sma20=75787.5 sma50=76331.9 rsi=30.3 macd=-379.05/-310.69(bear) | 15m: K=96.5↓(prev 100.0) | regime=PE-eligible any_active=True
2026-09-09 07:57:09,291 [INFO] [SIGNAL] CE: reg=False K=False(K=96.5>=38,rising) Kextr=False RSI=False(30.3>53) MACD=False(gate off) => BLOCK | PE: reg=True K=False(K=96.5<=80,falling) Kextr=True RSI=True(30.3<47) MACD=True(gate off) => BLOCK
2026-09-09 07:57:09,291 [INFO] [STATE][BASE] PE BFO:SENSEX2691075200PE ltp=211.20 entry=205.70 pnl=+5.50(+2.7%) sl=168.67 peak=229.40 tr_armed=False elapsed=29min
2026-09-09 07:57:09,296 [INFO] [STATE][GAPBREAK] PE BFO:SENSEX2691075000PE ltp=134.10 entry=216.50 pnl=-82.40(-38.1%) sl=0.00 peak=233.25 tr_armed=False elapsed=200min
2026-09-09 07:57:12,932 [INFO] [periodic] Logs pushed to GitHub: Sensex_FlightRecorder_V2_5_20-SENSEX_20260909_090604.log, Sensex_BarLevel_V2_5_20-SENSEX_20260909_090604.csv
2026-09-09 07:57:43,415 [INFO] [VWAP] Climax skip — body=90% >= 87%
2026-09-09 07:58:13,897 [INFO] [VWAP] Climax skip — body=90% >= 87%
2026-09-09 07:58:44,361 [INFO] [VWAP] Climax skip — body=90% >= 87%
2026-09-09 07:59:14,871 [INFO] [VWAP] Climax skip — body=90% >= 87%
2026-09-09 07:59:45,339 [INFO] [VWAP] Climax skip — body=90% >= 87%
2026-09-09 08:00:15,909 [INFO] [VWAP] Climax skip — body=90% >= 87%
2026-09-09 08:00:46,518 [INFO] [VWAP] Climax skip — body=90% >= 87%
2026-09-09 08:01:17,045 [INFO] [VWAP] Climax skip — body=100% >= 87%
2026-09-09 08:01:47,658 [INFO] [VWAP] Climax skip — body=100% >= 87%
2026-09-09 08:02:18,328 [INFO] [VWAP] Climax skip — body=100% >= 87%
2026-09-09 08:02:18,396 [INFO] [APEX] open=0 trades=0 realized=+0.0pt/Rs+0 unreal=+0.0pt/Rs+0
2026-09-09 08:02:18,472 [INFO] [T5] open=0 trades=0 realized=+0.0pt/Rs+0 unreal=+0.0pt/Rs+0
2026-09-09 08:02:18,473 [INFO] [INDICATORS] spot=75194.0 | 1h: close=75143.3 sma20=75787.5 sma50=76331.9 rsi=30.3 macd=-379.05/-310.69(bear) | 15m: K=96.5↓(prev 96.5) | regime=PE-eligible any_active=True
2026-09-09 08:02:18,473 [INFO] [SIGNAL] CE: reg=False K=False(K=96.5>=38,rising) Kextr=False RSI=False(30.3>53) MACD=False(gate off) => BLOCK | PE: reg=True K=False(K=96.5<=80,falling) Kextr=True RSI=True(30.3<47) MACD=True(gate off) => BLOCK
2026-09-09 08:02:18,473 [INFO] [STATE][BASE] PE BFO:SENSEX2691075200PE ltp=214.05 entry=205.70 pnl=+8.35(+4.1%) sl=168.67 peak=229.40 tr_armed=False elapsed=34min
2026-09-09 08:02:18,474 [INFO] [STATE][GAPBREAK] PE BFO:SENSEX2691075000PE ltp=136.55 entry=216.50 pnl=-79.95(-36.9%) sl=0.00 peak=233.25 tr_armed=False elapsed=205min
2026-09-09 08:02:21,078 [INFO] [periodic] Logs pushed to GitHub: Sensex_FlightRecorder_V2_5_20-SENSEX_20260909_090604.log, Sensex_BarLevel_V2_5_20-SENSEX_20260909_090604.csv
2026-09-09 08:02:51,560 [INFO] [VWAP] Climax skip — body=100% >= 87%
2026-09-09 08:03:22,278 [INFO] [VWAP] Climax skip — body=100% >= 87%
2026-09-09 08:03:52,850 [INFO] [VWAP] Climax skip — body=100% >= 87%
2026-09-09 08:04:23,404 [INFO] [VWAP] Climax skip — body=100% >= 87%
2026-09-09 08:04:53,985 [INFO] [VWAP] Climax skip — body=100% >= 87%
2026-09-09 08:05:24,481 [INFO] [VWAP] Climax skip — body=100% >= 87%
2026-09-09 08:05:54,985 [INFO] [VWAP] Climax skip — body=100% >= 87%
2026-09-09 08:06:25,471 [INFO] [VWAP] Climax skip — body=100% >= 87%
2026-09-09 08:06:55,959 [INFO] [VWAP] Climax skip — body=100% >= 87%
2026-09-09 08:07:26,405 [INFO] [VWAP] Climax skip — body=100% >= 87%
2026-09-09 08:07:26,462 [INFO] [APEX] open=0 trades=0 realized=+0.0pt/Rs+0 unreal=+0.0pt/Rs+0
2026-09-09 08:07:26,463 [INFO] [T5] open=0 trades=0 realized=+0.0pt/Rs+0 unreal=+0.0pt/Rs+0
2026-09-09 08:07:26,463 [INFO] [INDICATORS] spot=75157.1 | 1h: close=75143.3 sma20=75787.5 sma50=76331.9 rsi=30.3 macd=-379.05/-310.69(bear) | 15m: K=96.5↓(prev 96.5) | regime=PE-eligible any_active=True
2026-09-09 08:07:26,463 [INFO] [SIGNAL] CE: reg=False K=False(K=96.5>=38,rising) Kextr=False RSI=False(30.3>53) MACD=False(gate off) => BLOCK | PE: reg=True K=False(K=96.5<=80,falling) Kextr=True RSI=True(30.3<47) MACD=True(gate off) => BLOCK
2026-09-09 08:07:26,463 [INFO] [STATE][BASE] PE BFO:SENSEX2691075200PE ltp=217.85 entry=205.70 pnl=+12.15(+5.9%) sl=168.67 peak=229.40 tr_armed=False elapsed=39min
2026-09-09 08:07:26,464 [INFO] [STATE][GAPBREAK] PE BFO:SENSEX2691075000PE ltp=137.95 entry=216.50 pnl=-78.55(-36.3%) sl=0.00 peak=233.25 tr_armed=False elapsed=210min
2026-09-09 08:07:29,050 [INFO] [periodic] Logs pushed to GitHub: Sensex_FlightRecorder_V2_5_20-SENSEX_20260909_090604.log, Sensex_BarLevel_V2_5_20-SENSEX_20260909_090604.csv
2026-09-09 08:07:59,485 [INFO] [VWAP] Climax skip — body=100% >= 87%
2026-09-09 08:08:30,008 [INFO] [VWAP] Climax skip — body=100% >= 87%
2026-09-09 08:09:00,470 [INFO] [VWAP] Climax skip — body=100% >= 87%
2026-09-09 08:09:30,971 [INFO] [VWAP] Climax skip — body=100% >= 87%
2026-09-09 08:10:01,564 [INFO] [VWAP] Climax skip — body=100% >= 87%
2026-09-09 08:10:32,088 [INFO] [VWAP] Climax skip — body=100% >= 87%
2026-09-09 08:11:02,573 [INFO] [VWAP] Climax skip — body=100% >= 87%
2026-09-09 08:11:33,030 [INFO] [VWAP] Climax skip — body=100% >= 87%
2026-09-09 08:12:03,535 [INFO] [VWAP] Climax skip — body=100% >= 87%
2026-09-09 08:12:34,095 [INFO] [VWAP] Climax skip — body=100% >= 87%
2026-09-09 08:12:34,150 [INFO] [APEX] open=0 trades=0 realized=+0.0pt/Rs+0 unreal=+0.0pt/Rs+0
2026-09-09 08:12:34,222 [INFO] [T5] open=0 trades=0 realized=+0.0pt/Rs+0 unreal=+0.0pt/Rs+0
2026-09-09 08:12:34,222 [INFO] [INDICATORS] spot=75191.2 | 1h: close=75143.3 sma20=75787.5 sma50=76331.9 rsi=30.3 macd=-379.05/-310.69(bear) | 15m: K=96.5↓(prev 96.5) | regime=PE-eligible any_active=True
2026-09-09 08:12:34,222 [INFO] [SIGNAL] CE: reg=False K=False(K=96.5>=38,rising) Kextr=False RSI=False(30.3>53) MACD=False(gate off) => BLOCK | PE: reg=True K=False(K=96.5<=80,falling) Kextr=True RSI=True(30.3<47) MACD=True(gate off) => BLOCK
2026-09-09 08:12:34,222 [INFO] [STATE][BASE] PE BFO:SENSEX2691075200PE ltp=209.30 entry=205.70 pnl=+3.60(+1.8%) sl=168.67 peak=229.40 tr_armed=False elapsed=44min
2026-09-09 08:12:34,223 [INFO] [STATE][GAPBREAK] PE BFO:SENSEX2691075000PE ltp=132.35 entry=216.50 pnl=-84.15(-38.9%) sl=0.00 peak=233.25 tr_armed=False elapsed=216min
2026-09-09 08:12:37,557 [INFO] [periodic] Logs pushed to GitHub: Sensex_FlightRecorder_V2_5_20-SENSEX_20260909_090604.log, Sensex_BarLevel_V2_5_20-SENSEX_20260909_090604.csv
2026-09-09 08:13:07,954 [INFO] [VWAP] Climax skip — body=100% >= 87%
2026-09-09 08:13:38,567 [INFO] [VWAP] Climax skip — body=100% >= 87%
2026-09-09 08:14:09,108 [INFO] [VWAP] Climax skip — body=100% >= 87%
2026-09-09 08:14:39,605 [INFO] [VWAP] Climax skip — body=100% >= 87%
2026-09-09 08:15:10,066 [INFO] [VWAP] Climax skip — body=100% >= 87%
2026-09-09 08:15:40,551 [INFO] [VWAP] Climax skip — body=100% >= 87%
2026-09-09 08:17:42,604 [INFO] [APEX] open=0 trades=0 realized=+0.0pt/Rs+0 unreal=+0.0pt/Rs+0
2026-09-09 08:17:42,605 [INFO] [T5] open=0 trades=0 realized=+0.0pt/Rs+0 unreal=+0.0pt/Rs+0
2026-09-09 08:17:42,605 [INFO] [INDICATORS] spot=75170.2 | 1h: close=75143.3 sma20=75787.5 sma50=76331.9 rsi=30.3 macd=-379.05/-310.69(bear) | 15m: K=94.9↓(prev 96.5) | regime=PE-eligible any_active=True
2026-09-09 08:17:42,605 [INFO] [SIGNAL] CE: reg=False K=False(K=94.9>=38,rising) Kextr=False RSI=False(30.3>53) MACD=False(gate off) => BLOCK | PE: reg=True K=False(K=94.9<=80,falling) Kextr=True RSI=True(30.3<47) MACD=True(gate off) => BLOCK
2026-09-09 08:17:42,605 [INFO] [STATE][BASE] PE BFO:SENSEX2691075200PE ltp=215.65 entry=205.70 pnl=+9.95(+4.8%) sl=168.67 peak=229.40 tr_armed=False elapsed=49min
2026-09-09 08:17:42,606 [INFO] [STATE][GAPBREAK] PE BFO:SENSEX2691075000PE ltp=136.75 entry=216.50 pnl=-79.75(-36.8%) sl=0.00 peak=233.25 tr_armed=False elapsed=221min
2026-09-09 08:17:45,259 [INFO] [periodic] Logs pushed to GitHub: Sensex_FlightRecorder_V2_5_20-SENSEX_20260909_090604.log, Sensex_BarLevel_V2_5_20-SENSEX_20260909_090604.csv
2026-09-09 08:22:50,382 [INFO] [APEX] open=0 trades=0 realized=+0.0pt/Rs+0 unreal=+0.0pt/Rs+0
2026-09-09 08:22:50,383 [INFO] [T5] open=0 trades=0 realized=+0.0pt/Rs+0 unreal=+0.0pt/Rs+0
2026-09-09 08:22:50,384 [INFO] [INDICATORS] spot=75184.3 | 1h: close=75143.3 sma20=75787.5 sma50=76331.9 rsi=30.3 macd=-379.05/-310.69(bear) | 15m: K=94.9↓(prev 96.5) | regime=PE-eligible any_active=True
2026-09-09 08:22:50,384 [INFO] [SIGNAL] CE: reg=False K=False(K=94.9>=38,rising) Kextr=False RSI=False(30.3>53) MACD=False(gate off) => BLOCK | PE: reg=True K=False(K=94.9<=80,falling) Kextr=True RSI=True(30.3<47) MACD=True(gate off) => BLOCK
2026-09-09 08:22:50,384 [INFO] [STATE][BASE] PE BFO:SENSEX2691075200PE ltp=211.60 entry=205.70 pnl=+5.90(+2.9%) sl=168.67 peak=229.40 tr_armed=False elapsed=54min
2026-09-09 08:22:50,384 [INFO] [STATE][GAPBREAK] PE BFO:SENSEX2691075000PE ltp=133.55 entry=216.50 pnl=-82.95(-38.3%) sl=0.00 peak=233.25 tr_armed=False elapsed=226min
2026-09-09 08:22:53,018 [INFO] [periodic] Logs pushed to GitHub: Sensex_FlightRecorder_V2_5_20-SENSEX_20260909_090604.log, Sensex_BarLevel_V2_5_20-SENSEX_20260909_090604.csv
2026-09-09 08:27:57,089 [INFO] [APEX] open=0 trades=0 realized=+0.0pt/Rs+0 unreal=+0.0pt/Rs+0
2026-09-09 08:27:57,089 [INFO] [T5] open=0 trades=0 realized=+0.0pt/Rs+0 unreal=+0.0pt/Rs+0
2026-09-09 08:27:57,090 [INFO] [INDICATORS] spot=75137.8 | 1h: close=75143.3 sma20=75787.5 sma50=76331.9 rsi=30.3 macd=-379.05/-310.69(bear) | 15m: K=94.9↓(prev 96.5) | regime=PE-eligible any_active=True
2026-09-09 08:27:57,090 [INFO] [SIGNAL] CE: reg=False K=False(K=94.9>=38,rising) Kextr=False RSI=False(30.3>53) MACD=False(gate off) => BLOCK | PE: reg=True K=False(K=94.9<=80,falling) Kextr=True RSI=True(30.3<47) MACD=True(gate off) => BLOCK
2026-09-09 08:27:57,090 [INFO] [STATE][BASE] PE BFO:SENSEX2691075200PE ltp=223.75 entry=205.70 pnl=+18.05(+8.8%) sl=168.67 peak=229.40 tr_armed=False elapsed=60min
2026-09-09 08:27:57,090 [INFO] [STATE][GAPBREAK] PE BFO:SENSEX2691075000PE ltp=142.80 entry=216.50 pnl=-73.70(-34.0%) sl=0.00 peak=233.25 tr_armed=False elapsed=231min
2026-09-09 08:28:00,541 [INFO] [periodic] Logs pushed to GitHub: Sensex_FlightRecorder_V2_5_20-SENSEX_20260909_090604.log, Sensex_BarLevel_V2_5_20-SENSEX_20260909_090604.csv
2026-09-09 08:31:03,068 [INFO] [VWAP] Climax skip — body=100% >= 87%
2026-09-09 08:31:33,461 [INFO] [VWAP] Climax skip — body=100% >= 87%
2026-09-09 08:32:03,917 [INFO] [VWAP] Climax skip — body=100% >= 87%
2026-09-09 08:32:34,417 [INFO] [VWAP] Climax skip — body=100% >= 87%
2026-09-09 08:33:04,831 [INFO] [VWAP] Climax skip — body=100% >= 87%
2026-09-09 08:33:04,893 [INFO] [APEX] open=0 trades=0 realized=+0.0pt/Rs+0 unreal=+0.0pt/Rs+0
2026-09-09 08:33:04,893 [INFO] [T5] open=0 trades=0 realized=+0.0pt/Rs+0 unreal=+0.0pt/Rs+0
2026-09-09 08:33:04,893 [INFO] [INDICATORS] spot=75187.1 | 1h: close=75143.3 sma20=75787.5 sma50=76331.9 rsi=30.3 macd=-379.05/-310.69(bear) | 15m: K=95.5↑(prev 94.9) | regime=PE-eligible any_active=True
2026-09-09 08:33:04,893 [INFO] [SIGNAL] CE: reg=False K=True(K=95.5>=38,rising) Kextr=False RSI=False(30.3>53) MACD=False(gate off) => BLOCK | PE: reg=True K=False(K=95.5<=80,falling) Kextr=True RSI=True(30.3<47) MACD=True(gate off) => BLOCK
2026-09-09 08:33:04,894 [INFO] [STATE][BASE] PE BFO:SENSEX2691075200PE ltp=197.05 entry=205.70 pnl=-8.65(-4.2%) sl=168.67 peak=229.40 tr_armed=False elapsed=65min
2026-09-09 08:33:04,894 [INFO] [STATE][GAPBREAK] PE BFO:SENSEX2691075000PE ltp=124.05 entry=216.50 pnl=-92.45(-42.7%) sl=0.00 peak=233.25 tr_armed=False elapsed=236min
2026-09-09 08:33:07,465 [INFO] [periodic] Logs pushed to GitHub: Sensex_FlightRecorder_V2_5_20-SENSEX_20260909_090604.log, Sensex_BarLevel_V2_5_20-SENSEX_20260909_090604.csv
2026-09-09 08:33:37,814 [INFO] [VWAP] Climax skip — body=100% >= 87%
2026-09-09 08:34:08,308 [INFO] [VWAP] Climax skip — body=100% >= 87%
2026-09-09 08:34:38,842 [INFO] [VWAP] Climax skip — body=100% >= 87%
2026-09-09 08:35:09,272 [INFO] [VWAP] Climax skip — body=100% >= 87%
2026-09-09 08:35:39,693 [INFO] [VWAP] Climax skip — body=100% >= 87%
2026-09-09 08:36:10,146 [INFO] [VWAP] Climax skip — body=100% >= 87%
2026-09-09 08:36:40,650 [INFO] [VWAP] Climax skip — body=100% >= 87%
2026-09-09 08:37:11,146 [INFO] [VWAP] Climax skip — body=100% >= 87%
2026-09-09 08:37:41,638 [INFO] [VWAP] Climax skip — body=100% >= 87%
2026-09-09 08:38:12,137 [INFO] [VWAP] Climax skip — body=100% >= 87%
2026-09-09 08:38:12,183 [INFO] [APEX] open=0 trades=0 realized=+0.0pt/Rs+0 unreal=+0.0pt/Rs+0
2026-09-09 08:38:12,248 [INFO] [T5] open=0 trades=0 realized=+0.0pt/Rs+0 unreal=+0.0pt/Rs+0
2026-09-09 08:38:12,248 [INFO] [INDICATORS] spot=75203.4 | 1h: close=75143.3 sma20=75787.5 sma50=76331.9 rsi=30.3 macd=-379.05/-310.69(bear) | 15m: K=95.5↑(prev 94.9) | regime=PE-eligible any_active=True
2026-09-09 08:38:12,248 [INFO] [SIGNAL] CE: reg=False K=True(K=95.5>=38,rising) Kextr=False RSI=False(30.3>53) MACD=False(gate off) => BLOCK | PE: reg=True K=False(K=95.5<=80,falling) Kextr=True RSI=True(30.3<47) MACD=True(gate off) => BLOCK
2026-09-09 08:38:12,249 [INFO] [STATE][BASE] PE BFO:SENSEX2691075200PE ltp=205.75 entry=205.70 pnl=+0.05(+0.0%) sl=168.67 peak=229.40 tr_armed=False elapsed=70min
2026-09-09 08:38:12,250 [INFO] [STATE][GAPBREAK] PE BFO:SENSEX2691075000PE ltp=129.85 entry=216.50 pnl=-86.65(-40.0%) sl=0.00 peak=233.25 tr_armed=False elapsed=241min
2026-09-09 08:38:15,185 [INFO] [periodic] Logs pushed to GitHub: Sensex_FlightRecorder_V2_5_20-SENSEX_20260909_090604.log, Sensex_BarLevel_V2_5_20-SENSEX_20260909_090604.csv
2026-09-09 08:38:45,528 [INFO] [VWAP] Climax skip — body=100% >= 87%
2026-09-09 08:39:15,970 [INFO] [VWAP] Climax skip — body=100% >= 87%
2026-09-09 08:39:46,465 [INFO] [VWAP] Climax skip — body=100% >= 87%
2026-09-09 08:40:16,935 [INFO] [VWAP] Climax skip — body=100% >= 87%
2026-09-09 08:40:47,548 [INFO] [VWAP] Climax skip — body=100% >= 87%
2026-09-09 08:41:18,064 [INFO] [VWAP] Climax skip — body=100% >= 87%
2026-09-09 08:41:48,444 [INFO] [VWAP] Climax skip — body=100% >= 87%
2026-09-09 08:42:18,834 [INFO] [VWAP] Climax skip — body=100% >= 87%
2026-09-09 08:42:49,232 [INFO] [VWAP] Climax skip — body=100% >= 87%
2026-09-09 08:43:19,621 [INFO] [VWAP] Climax skip — body=100% >= 87%
2026-09-09 08:43:19,668 [INFO] [APEX] open=0 trades=0 realized=+0.0pt/Rs+0 unreal=+0.0pt/Rs+0
2026-09-09 08:43:19,669 [INFO] [T5] open=0 trades=0 realized=+0.0pt/Rs+0 unreal=+0.0pt/Rs+0
2026-09-09 08:43:19,669 [INFO] [INDICATORS] spot=75171.2 | 1h: close=75143.3 sma20=75787.5 sma50=76331.9 rsi=30.3 macd=-379.05/-310.69(bear) | 15m: K=95.5↑(prev 94.9) | regime=PE-eligible any_active=True
2026-09-09 08:43:19,669 [INFO] [SIGNAL] CE: reg=False K=True(K=95.5>=38,rising) Kextr=False RSI=False(30.3>53) MACD=False(gate off) => BLOCK | PE: reg=True K=False(K=95.5<=80,falling) Kextr=True RSI=True(30.3<47) MACD=True(gate off) => BLOCK
2026-09-09 08:43:19,669 [INFO] [STATE][BASE] PE BFO:SENSEX2691075200PE ltp=215.95 entry=205.70 pnl=+10.25(+5.0%) sl=168.67 peak=229.40 tr_armed=False elapsed=75min
2026-09-09 08:43:19,670 [INFO] [STATE][GAPBREAK] PE BFO:SENSEX2691075000PE ltp=136.55 entry=216.50 pnl=-79.95(-36.9%) sl=0.00 peak=233.25 tr_armed=False elapsed=246min
2026-09-09 08:43:23,018 [INFO] [periodic] Logs pushed to GitHub: Sensex_FlightRecorder_V2_5_20-SENSEX_20260909_090604.log, Sensex_BarLevel_V2_5_20-SENSEX_20260909_090604.csv
2026-09-09 08:43:53,401 [INFO] [VWAP] Climax skip — body=100% >= 87%
2026-09-09 08:44:23,781 [INFO] [VWAP] Climax skip — body=100% >= 87%
2026-09-09 08:44:54,172 [INFO] [VWAP] Climax skip — body=100% >= 87%
2026-09-09 08:45:24,573 [INFO] [VWAP] Climax skip — body=100% >= 87%
2026-09-09 08:45:54,955 [INFO] [VWAP] Climax skip — body=100% >= 87%
2026-09-09 08:46:25,354 [INFO] [VWAP] Persistence-gate BLOCK — PE dist=-19.3pt persist=False (last 2x5m vs FUTvwap=75553.1)
2026-09-09 08:47:01,742 [WARNING] Kite call failed (ltp) attempt 1: Upstox GET /v2/market-quote/quotes failed: HTTP 429: {"status":"error","errors":[{"errorCode":"UDAPI10005","message":"Too Many Request Sent","propertyPath":null,"invalidValue":null,"error_code":"UDAPI10005","property_path":null,"invalid_value":null}]}
2026-09-09 08:47:08,818 [WARNING] Kite call failed (ltp) attempt 2: Upstox GET /v2/market-quote/quotes failed: HTTP 429: {"status":"error","errors":[{"errorCode":"UDAPI10005","message":"Too Many Request Sent","propertyPath":null,"invalidValue":null,"error_code":"UDAPI10005","property_path":null,"invalid_value":null}]}
2026-09-09 08:47:16,886 [WARNING] Kite call failed (ltp) attempt 3: Upstox GET /v2/market-quote/quotes failed: HTTP 429: {"status":"error","errors":[{"errorCode":"UDAPI10005","message":"Too Many Request Sent","propertyPath":null,"invalidValue":null,"error_code":"UDAPI10005","property_path":null,"invalid_value":null}]}
2026-09-09 08:47:20,886 [ERROR] Kite call ltp terminal failure
2026-09-09 08:47:20,890 [INFO] [VWAP] Persistence-gate BLOCK — PE dist=-19.3pt persist=False (last 2x5m vs FUTvwap=75553.1)
2026-09-09 08:47:26,965 [WARNING] Kite call failed (ltp) attempt 1: Upstox GET /v2/market-quote/quotes failed: HTTP 429: {"status":"error","errors":[{"errorCode":"UDAPI10005","message":"Too Many Request Sent","propertyPath":null,"invalidValue":null,"error_code":"UDAPI10005","property_path":null,"invalid_value":null}]}
2026-09-09 08:47:34,025 [WARNING] Kite call failed (ltp) attempt 2: Upstox GET /v2/market-quote/quotes failed: HTTP 429: {"status":"error","errors":[{"errorCode":"UDAPI10005","message":"Too Many Request Sent","propertyPath":null,"invalidValue":null,"error_code":"UDAPI10005","property_path":null,"invalid_value":null}]}
2026-09-09 08:47:42,091 [WARNING] Kite call failed (ltp) attempt 3: Upstox GET /v2/market-quote/quotes failed: HTTP 429: {"status":"error","errors":[{"errorCode":"UDAPI10005","message":"Too Many Request Sent","propertyPath":null,"invalidValue":null,"error_code":"UDAPI10005","property_path":null,"invalid_value":null}]}
2026-09-09 08:47:46,092 [ERROR] Kite call ltp terminal failure
2026-09-09 08:48:22,455 [WARNING] Kite call failed (ltp) attempt 1: Upstox GET /v2/market-quote/quotes failed: HTTP 429: {"status":"error","errors":[{"errorCode":"UDAPI10005","message":"Too Many Request Sent","propertyPath":null,"invalidValue":null,"error_code":"UDAPI10005","property_path":null,"invalid_value":null}]}
2026-09-09 08:48:29,525 [WARNING] Kite call failed (ltp) attempt 2: Upstox GET /v2/market-quote/quotes failed: HTTP 429: {"status":"error","errors":[{"errorCode":"UDAPI10005","message":"Too Many Request Sent","propertyPath":null,"invalidValue":null,"error_code":"UDAPI10005","property_path":null,"invalid_value":null}]}
2026-09-09 08:48:37,585 [WARNING] Kite call failed (ltp) attempt 3: Upstox GET /v2/market-quote/quotes failed: HTTP 429: {"status":"error","errors":[{"errorCode":"UDAPI10005","message":"Too Many Request Sent","propertyPath":null,"invalidValue":null,"error_code":"UDAPI10005","property_path":null,"invalid_value":null}]}
2026-09-09 08:48:41,585 [ERROR] Kite call ltp terminal failure
2026-09-09 08:48:41,590 [INFO] [VWAP] Persistence-gate BLOCK — PE dist=-19.3pt persist=False (last 2x5m vs FUTvwap=75553.1)
2026-09-09 08:48:47,661 [WARNING] Kite call failed (ltp) attempt 1: Upstox GET /v2/market-quote/quotes failed: HTTP 429: {"status":"error","errors":[{"errorCode":"UDAPI10005","message":"Too Many Request Sent","propertyPath":null,"invalidValue":null,"error_code":"UDAPI10005","property_path":null,"invalid_value":null}]}
2026-09-09 08:48:54,729 [WARNING] Kite call failed (ltp) attempt 2: Upstox GET /v2/market-quote/quotes failed: HTTP 429: {"status":"error","errors":[{"errorCode":"UDAPI10005","message":"Too Many Request Sent","propertyPath":null,"invalidValue":null,"error_code":"UDAPI10005","property_path":null,"invalid_value":null}]}
2026-09-09 08:49:02,798 [WARNING] Kite call failed (ltp) attempt 3: Upstox GET /v2/market-quote/quotes failed: HTTP 429: {"status":"error","errors":[{"errorCode":"UDAPI10005","message":"Too Many Request Sent","propertyPath":null,"invalidValue":null,"error_code":"UDAPI10005","property_path":null,"invalid_value":null}]}
2026-09-09 08:49:06,798 [ERROR] Kite call ltp terminal failure
2026-09-09 08:49:06,823 [INFO] [APEX] open=0 trades=0 realized=+0.0pt/Rs+0 unreal=+0.0pt/Rs+0
2026-09-09 08:49:06,824 [INFO] [T5] open=0 trades=0 realized=+0.0pt/Rs+0 unreal=+0.0pt/Rs+0
2026-09-09 08:49:06,824 [INFO] [INDICATORS] spot=75140.1 | 1h: close=75145.7 sma20=75712.4 sma50=76294.6 rsi=30.4 macd=-375.31/-323.62(bear) | 15m: K=90.4↓(prev 95.5) | regime=PE-eligible any_active=True
2026-09-09 08:49:06,824 [INFO] [SIGNAL] CE: reg=False K=False(K=90.4>=38,rising) Kextr=False RSI=False(30.4>53) MACD=False(gate off) => BLOCK | PE: reg=True K=False(K=90.4<=80,falling) Kextr=True RSI=True(30.4<47) MACD=True(gate off) => BLOCK
2026-09-09 08:49:06,824 [INFO] [STATE][BASE] PE BFO:SENSEX2691075200PE ltp=223.60 entry=205.70 pnl=+17.90(+8.7%) sl=168.67 peak=229.40 tr_armed=False elapsed=81min
2026-09-09 08:49:06,825 [INFO] [STATE][GAPBREAK] PE BFO:SENSEX2691075000PE ltp=141.95 entry=216.50 pnl=-74.55(-34.4%) sl=0.00 peak=233.25 tr_armed=False elapsed=252min
2026-09-09 08:49:09,898 [INFO] [periodic] Logs pushed to GitHub: Sensex_FlightRecorder_V2_5_20-SENSEX_20260909_090604.log, Sensex_BarLevel_V2_5_20-SENSEX_20260909_090604.csv
2026-09-09 08:49:46,294 [WARNING] Kite call failed (ltp) attempt 1: Upstox GET /v2/market-quote/quotes failed: HTTP 429: {"status":"error","errors":[{"errorCode":"UDAPI10005","message":"Too Many Request Sent","propertyPath":null,"invalidValue":null,"error_code":"UDAPI10005","property_path":null,"invalid_value":null}]}
2026-09-09 08:49:53,362 [WARNING] Kite call failed (ltp) attempt 2: Upstox GET /v2/market-quote/quotes failed: HTTP 429: {"status":"error","errors":[{"errorCode":"UDAPI10005","message":"Too Many Request Sent","propertyPath":null,"invalidValue":null,"error_code":"UDAPI10005","property_path":null,"invalid_value":null}]}
2026-09-09 08:49:55,446 [INFO] [VWAP] Persistence-gate BLOCK — PE dist=-19.3pt persist=False (last 2x5m vs FUTvwap=75553.1)
2026-09-09 08:50:25,850 [INFO] [VWAP] Persistence-gate BLOCK — PE dist=-19.3pt persist=False (last 2x5m vs FUTvwap=75553.1)
2026-09-09 08:50:56,280 [INFO] [VWAP] Persistence-gate BLOCK — PE dist=-19.3pt persist=False (last 2x5m vs FUTvwap=75553.1)
2026-09-09 08:51:26,670 [INFO] [VWAP] Persistence-gate BLOCK — PE dist=-8.1pt persist=True (last 2x5m vs FUTvwap=75553.1)
2026-09-09 08:51:57,067 [INFO] [VWAP] Persistence-gate BLOCK — PE dist=-8.1pt persist=True (last 2x5m vs FUTvwap=75553.1)
2026-09-09 08:52:27,469 [INFO] [VWAP] Persistence-gate BLOCK — PE dist=-8.2pt persist=True (last 2x5m vs FUTvwap=75553.2)
2026-09-09 08:52:57,883 [INFO] [VWAP] Persistence-gate BLOCK — PE dist=-8.2pt persist=True (last 2x5m vs FUTvwap=75553.2)
2026-09-09 08:53:28,252 [INFO] [VWAP] Persistence-gate BLOCK — PE dist=-8.1pt persist=True (last 2x5m vs FUTvwap=75553.1)
2026-09-09 08:53:58,681 [INFO] [VWAP] Persistence-gate BLOCK — PE dist=-8.1pt persist=True (last 2x5m vs FUTvwap=75553.1)
2026-09-09 08:54:29,065 [INFO] [VWAP] Persistence-gate BLOCK — PE dist=-8.1pt persist=True (last 2x5m vs FUTvwap=75553.1)
2026-09-09 08:54:29,102 [INFO] [APEX] open=0 trades=0 realized=+0.0pt/Rs+0 unreal=+0.0pt/Rs+0
2026-09-09 08:54:29,102 [INFO] [T5] open=0 trades=0 realized=+0.0pt/Rs+0 unreal=+0.0pt/Rs+0
2026-09-09 08:54:29,103 [INFO] [INDICATORS] spot=75139.2 | 1h: close=75145.7 sma20=75712.4 sma50=76294.6 rsi=30.4 macd=-375.31/-323.62(bear) | 15m: K=90.4↓(prev 95.5) | regime=PE-eligible any_active=True
2026-09-09 08:54:29,103 [INFO] [SIGNAL] CE: reg=False K=False(K=90.4>=38,rising) Kextr=False RSI=False(30.4>53) MACD=False(gate off) => BLOCK | PE: reg=True K=False(K=90.4<=80,falling) Kextr=True RSI=True(30.4<47) MACD=True(gate off) => BLOCK
2026-09-09 08:54:29,103 [INFO] [STATE][BASE] PE BFO:SENSEX2691075200PE ltp=225.20 entry=205.70 pnl=+19.50(+9.5%) sl=168.67 peak=230.45 tr_armed=False elapsed=86min
2026-09-09 08:54:29,103 [INFO] [STATE][GAPBREAK] PE BFO:SENSEX2691075000PE ltp=142.15 entry=216.50 pnl=-74.35(-34.3%) sl=0.00 peak=233.25 tr_armed=False elapsed=257min
2026-09-09 08:54:31,791 [INFO] [periodic] Logs pushed to GitHub: Sensex_FlightRecorder_V2_5_20-SENSEX_20260909_090604.log, Sensex_BarLevel_V2_5_20-SENSEX_20260909_090604.csv
2026-09-09 08:55:02,081 [INFO] [VWAP] Persistence-gate BLOCK — PE dist=-8.2pt persist=True (last 2x5m vs FUTvwap=75553.2)
2026-09-09 08:55:32,498 [INFO] [VWAP] Persistence-gate BLOCK — PE dist=-8.2pt persist=True (last 2x5m vs FUTvwap=75553.2)
2026-09-09 08:56:02,838 [INFO] [VWAP] Persistence-gate BLOCK — PE dist=+16.8pt persist=False (last 2x5m vs FUTvwap=75553.2)
2026-09-09 08:56:02,840 [INFO] [FUT5VWAP] Signal — 75570>75553 body=76% side=CE (fixed +40pt target)
2026-09-09 08:56:02,842 [INFO] [VETO] FUT5VWAP CE BLOCKED — CE into a DOWNtrend: spot 75126.2 is -427.0 below FUT VWAP 75553.2 (buffer 16)
2026-09-09 08:56:33,970 [INFO] [VWAP] Persistence-gate BLOCK — PE dist=+16.8pt persist=False (last 2x5m vs FUTvwap=75553.2)
2026-09-09 08:57:04,283 [INFO] [VWAP] Persistence-gate BLOCK — PE dist=+16.8pt persist=False (last 2x5m vs FUTvwap=75553.2)
2026-09-09 08:57:34,595 [INFO] [VWAP] Persistence-gate BLOCK — PE dist=+16.8pt persist=False (last 2x5m vs FUTvwap=75553.2)
2026-09-09 08:58:04,906 [INFO] [VWAP] Persistence-gate BLOCK — PE dist=+16.8pt persist=False (last 2x5m vs FUTvwap=75553.2)
2026-09-09 08:58:35,223 [INFO] [VWAP] Persistence-gate BLOCK — PE dist=+16.8pt persist=False (last 2x5m vs FUTvwap=75553.2)
2026-09-09 08:59:06,488 [INFO] [VWAP] Persistence-gate BLOCK — PE dist=+16.7pt persist=False (last 2x5m vs FUTvwap=75553.3)
2026-09-09 08:59:36,857 [INFO] [VWAP] Persistence-gate BLOCK — PE dist=+16.7pt persist=False (last 2x5m vs FUTvwap=75553.3)
2026-09-09 08:59:36,894 [INFO] [APEX] open=0 trades=0 realized=+0.0pt/Rs+0 unreal=+0.0pt/Rs+0
2026-09-09 08:59:36,968 [INFO] [T5] open=0 trades=0 realized=+0.0pt/Rs+0 unreal=+0.0pt/Rs+0
2026-09-09 08:59:36,969 [INFO] [INDICATORS] spot=75110.5 | 1h: close=75145.7 sma20=75712.4 sma50=76294.6 rsi=30.4 macd=-375.31/-323.62(bear) | 15m: K=90.4↓(prev 95.5) | regime=PE-eligible any_active=True
2026-09-09 08:59:36,969 [INFO] [SIGNAL] CE: reg=False K=False(K=90.4>=38,rising) Kextr=False RSI=False(30.4>53) MACD=False(gate off) => BLOCK | PE: reg=True K=False(K=90.4<=80,falling) Kextr=True RSI=True(30.4<47) MACD=True(gate off) => BLOCK
2026-09-09 08:59:36,969 [INFO] [STATE][BASE] PE BFO:SENSEX2691075200PE ltp=230.75 entry=205.70 pnl=+25.05(+12.2%) sl=168.67 peak=234.80 tr_armed=False elapsed=91min
2026-09-09 08:59:36,970 [INFO] [STATE][GAPBREAK] PE BFO:SENSEX2691075000PE ltp=145.90 entry=216.50 pnl=-70.60(-32.6%) sl=0.00 peak=233.25 tr_armed=False elapsed=263min
2026-09-09 08:59:39,724 [INFO] [periodic] Logs pushed to GitHub: Sensex_FlightRecorder_V2_5_20-SENSEX_20260909_090604.log, Sensex_BarLevel_V2_5_20-SENSEX_20260909_090604.csv
2026-09-09 09:00:09,974 [INFO] [VWAP] Persistence-gate BLOCK — PE dist=+16.7pt persist=False (last 2x5m vs FUTvwap=75553.3)
2026-09-09 09:00:40,301 [INFO] EXIT: BFO:SENSEX2691075200PE @ 238.70 reason=V3_FAST_TARGET pnl/sh=+33.00 is_flip=False losses=1/4
2026-09-09 09:00:41,158 [INFO] [VWAP] Persistence-gate BLOCK — PE dist=+16.7pt persist=False (last 2x5m vs FUTvwap=75553.3)
2026-09-09 09:01:11,475 [INFO] [VWAP] Climax skip — body=97% >= 87%
2026-09-09 09:01:41,819 [INFO] [V3PROBE] PLACED PE BFO:SENSEX2691075100PE limit=190.85 (LTP=203.85 - 13) window=25min — Grade B R-cluster BREAK-PE at 75440
2026-09-09 09:01:42,638 [INFO] [VWAP] Climax skip — body=97% >= 87%
2026-09-09 09:02:12,926 [INFO] [VWAP] Climax skip — body=97% >= 87%
2026-09-09 09:02:43,203 [INFO] [VWAP] Climax skip — body=97% >= 87%
2026-09-09 09:03:13,489 [INFO] [VWAP] Climax skip — body=97% >= 87%
2026-09-09 09:03:43,761 [INFO] [VWAP] Climax skip — body=97% >= 87%
2026-09-09 09:04:14,039 [INFO] [VWAP] Climax skip — body=97% >= 87%
2026-09-09 09:04:44,303 [INFO] [VWAP] Climax skip — body=97% >= 87%
2026-09-09 09:04:44,345 [INFO] [APEX] open=0 trades=0 realized=+0.0pt/Rs+0 unreal=+0.0pt/Rs+0
2026-09-09 09:04:44,345 [INFO] [T5] open=0 trades=0 realized=+0.0pt/Rs+0 unreal=+0.0pt/Rs+0
2026-09-09 09:04:44,345 [INFO] [INDICATORS] spot=75046.6 | 1h: close=75145.7 sma20=75712.4 sma50=76294.6 rsi=30.4 macd=-375.31/-323.62(bear) | 15m: K=82.6↓(prev 90.4) | regime=PE-eligible any_active=True
2026-09-09 09:04:44,345 [INFO] [SIGNAL] CE: reg=False K=False(K=82.6>=38,rising) Kextr=False RSI=False(30.4>53) MACD=False(gate off) => BLOCK | PE: reg=True K=False(K=82.6<=80,falling) Kextr=True RSI=True(30.4<47) MACD=True(gate off) => BLOCK
2026-09-09 09:04:44,346 [INFO] [STATE][GAPBREAK] PE BFO:SENSEX2691075000PE ltp=176.75 entry=216.50 pnl=-39.75(-18.4%) sl=0.00 peak=233.25 tr_armed=False elapsed=268min
2026-09-09 09:04:46,961 [INFO] [periodic] Logs pushed to GitHub: Sensex_FlightRecorder_V2_5_20-SENSEX_20260909_090604.log, Sensex_BarLevel_V2_5_20-SENSEX_20260909_090604.csv
2026-09-09 09:05:17,186 [INFO] [VWAP] Climax skip — body=97% >= 87%
2026-09-09 09:05:47,450 [INFO] [VWAP] Climax skip — body=97% >= 87%
2026-09-09 09:06:17,715 [INFO] [VWAP] Climax skip — body=97% >= 87%
2026-09-09 09:06:47,981 [INFO] [VWAP] Climax skip — body=97% >= 87%
2026-09-09 09:07:18,258 [INFO] [VWAP] Climax skip — body=97% >= 87%
2026-09-09 09:07:48,576 [INFO] [VWAP] Climax skip — body=97% >= 87%
2026-09-09 09:08:18,904 [INFO] [VWAP] Climax skip — body=97% >= 87%
2026-09-09 09:08:49,231 [INFO] [VWAP] Climax skip — body=97% >= 87%
2026-09-09 09:09:19,570 [INFO] [VWAP] Climax skip — body=97% >= 87%
2026-09-09 09:09:49,844 [INFO] [VWAP] Climax skip — body=97% >= 87%
2026-09-09 09:09:49,884 [INFO] [APEX] open=0 trades=0 realized=+0.0pt/Rs+0 unreal=+0.0pt/Rs+0
2026-09-09 09:09:49,884 [INFO] [T5] open=0 trades=0 realized=+0.0pt/Rs+0 unreal=+0.0pt/Rs+0
2026-09-09 09:09:49,884 [INFO] [INDICATORS] spot=74965.6 | 1h: close=75145.7 sma20=75712.4 sma50=76294.6 rsi=30.4 macd=-375.31/-323.62(bear) | 15m: K=82.6↓(prev 90.4) | regime=PE-eligible any_active=True
2026-09-09 09:09:49,884 [INFO] [SIGNAL] CE: reg=False K=False(K=82.6>=38,rising) Kextr=False RSI=False(30.4>53) MACD=False(gate off) => BLOCK | PE: reg=True K=False(K=82.6<=80,falling) Kextr=True RSI=True(30.4<47) MACD=True(gate off) => BLOCK
2026-09-09 09:09:49,885 [INFO] [STATE][GAPBREAK] PE BFO:SENSEX2691075000PE ltp=193.15 entry=216.50 pnl=-23.35(-10.8%) sl=0.00 peak=233.25 tr_armed=False elapsed=273min
2026-09-09 09:09:52,487 [INFO] [periodic] Logs pushed to GitHub: Sensex_FlightRecorder_V2_5_20-SENSEX_20260909_090604.log, Sensex_BarLevel_V2_5_20-SENSEX_20260909_090604.csv
2026-09-09 09:10:22,720 [INFO] [VWAP] Climax skip — body=97% >= 87%
2026-09-09 09:10:52,987 [INFO] [VWAP] Climax skip — body=97% >= 87%
2026-09-09 09:11:23,266 [INFO] [VWAP] Climax skip — body=97% >= 87%
2026-09-09 09:11:53,548 [INFO] [VWAP] Climax skip — body=97% >= 87%
2026-09-09 09:12:23,825 [INFO] [VWAP] Climax skip — body=97% >= 87%
2026-09-09 09:12:54,089 [INFO] [VWAP] Climax skip — body=97% >= 87%
2026-09-09 09:13:24,350 [INFO] [VWAP] Climax skip — body=97% >= 87%
2026-09-09 09:13:54,630 [INFO] [VWAP] Climax skip — body=97% >= 87%
2026-09-09 09:14:25,773 [INFO] [VWAP] Climax skip — body=97% >= 87%
2026-09-09 09:14:56,048 [INFO] [VWAP] Climax skip — body=97% >= 87%
2026-09-09 09:14:56,088 [INFO] [APEX] open=0 trades=0 realized=+0.0pt/Rs+0 unreal=+0.0pt/Rs+0
2026-09-09 09:14:56,088 [INFO] [T5] open=0 trades=0 realized=+0.0pt/Rs+0 unreal=+0.0pt/Rs+0
2026-09-09 09:14:56,089 [INFO] [INDICATORS] spot=74960.1 | 1h: close=75145.7 sma20=75712.4 sma50=76294.6 rsi=30.4 macd=-375.31/-323.62(bear) | 15m: K=82.6↓(prev 90.4) | regime=PE-eligible any_active=True
2026-09-09 09:14:56,089 [INFO] [SIGNAL] CE: reg=False K=False(K=82.6>=38,rising) Kextr=False RSI=False(30.4>53) MACD=False(gate off) => BLOCK | PE: reg=True K=False(K=82.6<=80,falling) Kextr=True RSI=True(30.4<47) MACD=True(gate off) => BLOCK
2026-09-09 09:14:56,089 [INFO] [STATE][GAPBREAK] PE BFO:SENSEX2691075000PE ltp=201.45 entry=216.50 pnl=-15.05(-7.0%) sl=0.00 peak=233.25 tr_armed=False elapsed=278min
2026-09-09 09:14:58,739 [INFO] [periodic] Logs pushed to GitHub: Sensex_FlightRecorder_V2_5_20-SENSEX_20260909_090604.log, Sensex_BarLevel_V2_5_20-SENSEX_20260909_090604.csv
2026-09-09 09:15:29,004 [INFO] [VWAP] Climax skip — body=97% >= 87%
2026-09-09 09:15:59,281 [INFO] [VWAP] Climax skip — body=97% >= 87%
2026-09-09 09:16:35,579 [WARNING] Kite call failed (ltp) attempt 1: Upstox GET /v2/market-quote/quotes failed: HTTP 429: {"status":"error","errors":[{"errorCode":"UDAPI10005","message":"Too Many Request Sent","propertyPath":null,"invalidValue":null,"error_code":"UDAPI10005","property_path":null,"invalid_value":null}]}
2026-09-09 09:16:42,627 [WARNING] Kite call failed (ltp) attempt 2: Upstox GET /v2/market-quote/quotes failed: HTTP 429: {"status":"error","errors":[{"errorCode":"UDAPI10005","message":"Too Many Request Sent","propertyPath":null,"invalidValue":null,"error_code":"UDAPI10005","property_path":null,"invalid_value":null}]}
2026-09-09 09:16:50,680 [WARNING] Kite call failed (ltp) attempt 3: Upstox GET /v2/market-quote/quotes failed: HTTP 429: {"status":"error","errors":[{"errorCode":"UDAPI10005","message":"Too Many Request Sent","propertyPath":null,"invalidValue":null,"error_code":"UDAPI10005","property_path":null,"invalid_value":null}]}
2026-09-09 09:16:54,681 [ERROR] Kite call ltp terminal failure
2026-09-09 09:16:54,684 [INFO] [VWAP] Climax skip — body=100% >= 87%
2026-09-09 09:17:00,733 [WARNING] Kite call failed (ltp) attempt 1: Upstox GET /v2/market-quote/quotes failed: HTTP 429: {"status":"error","errors":[{"errorCode":"UDAPI10005","message":"Too Many Request Sent","propertyPath":null,"invalidValue":null,"error_code":"UDAPI10005","property_path":null,"invalid_value":null}]}
2026-09-09 09:17:07,781 [WARNING] Kite call failed (ltp) attempt 2: Upstox GET /v2/market-quote/quotes failed: HTTP 429: {"status":"error","errors":[{"errorCode":"UDAPI10005","message":"Too Many Request Sent","propertyPath":null,"invalidValue":null,"error_code":"UDAPI10005","property_path":null,"invalid_value":null}]}
2026-09-09 09:17:15,833 [WARNING] Kite call failed (ltp) attempt 3: Upstox GET /v2/market-quote/quotes failed: HTTP 429: {"status":"error","errors":[{"errorCode":"UDAPI10005","message":"Too Many Request Sent","propertyPath":null,"invalidValue":null,"error_code":"UDAPI10005","property_path":null,"invalid_value":null}]}
2026-09-09 09:17:19,833 [ERROR] Kite call ltp terminal failure
2026-09-09 09:17:56,113 [WARNING] Kite call failed (ltp) attempt 1: Upstox GET /v2/market-quote/quotes failed: HTTP 429: {"status":"error","errors":[{"errorCode":"UDAPI10005","message":"Too Many Request Sent","propertyPath":null,"invalidValue":null,"error_code":"UDAPI10005","property_path":null,"invalid_value":null}]}
2026-09-09 09:18:03,162 [WARNING] Kite call failed (ltp) attempt 2: Upstox GET /v2/market-quote/quotes failed: HTTP 429: {"status":"error","errors":[{"errorCode":"UDAPI10005","message":"Too Many Request Sent","propertyPath":null,"invalidValue":null,"error_code":"UDAPI10005","property_path":null,"invalid_value":null}]}
2026-09-09 09:18:11,217 [WARNING] Kite call failed (ltp) attempt 3: Upstox GET /v2/market-quote/quotes failed: HTTP 429: {"status":"error","errors":[{"errorCode":"UDAPI10005","message":"Too Many Request Sent","propertyPath":null,"invalidValue":null,"error_code":"UDAPI10005","property_path":null,"invalid_value":null}]}
2026-09-09 09:18:15,217 [ERROR] Kite call ltp terminal failure
2026-09-09 09:18:15,220 [INFO] [VWAP] Climax skip — body=100% >= 87%
2026-09-09 09:18:21,273 [WARNING] Kite call failed (ltp) attempt 1: Upstox GET /v2/market-quote/quotes failed: HTTP 429: {"status":"error","errors":[{"errorCode":"UDAPI10005","message":"Too Many Request Sent","propertyPath":null,"invalidValue":null,"error_code":"UDAPI10005","property_path":null,"invalid_value":null}]}
2026-09-09 09:18:28,324 [WARNING] Kite call failed (ltp) attempt 2: Upstox GET /v2/market-quote/quotes failed: HTTP 429: {"status":"error","errors":[{"errorCode":"UDAPI10005","message":"Too Many Request Sent","propertyPath":null,"invalidValue":null,"error_code":"UDAPI10005","property_path":null,"invalid_value":null}]}
2026-09-09 09:18:36,377 [WARNING] Kite call failed (ltp) attempt 3: Upstox GET /v2/market-quote/quotes failed: HTTP 429: {"status":"error","errors":[{"errorCode":"UDAPI10005","message":"Too Many Request Sent","propertyPath":null,"invalidValue":null,"error_code":"UDAPI10005","property_path":null,"invalid_value":null}]}
2026-09-09 09:18:40,377 [ERROR] Kite call ltp terminal failure
2026-09-09 09:19:16,648 [WARNING] Kite call failed (ltp) attempt 1: Upstox GET /v2/market-quote/quotes failed: HTTP 429: {"status":"error","errors":[{"errorCode":"UDAPI10005","message":"Too Many Request Sent","propertyPath":null,"invalidValue":null,"error_code":"UDAPI10005","property_path":null,"invalid_value":null}]}
2026-09-09 09:19:23,696 [WARNING] Kite call failed (ltp) attempt 2: Upstox GET /v2/market-quote/quotes failed: HTTP 429: {"status":"error","errors":[{"errorCode":"UDAPI10005","message":"Too Many Request Sent","propertyPath":null,"invalidValue":null,"error_code":"UDAPI10005","property_path":null,"invalid_value":null}]}
2026-09-09 09:19:31,745 [WARNING] Kite call failed (ltp) attempt 3: Upstox GET /v2/market-quote/quotes failed: HTTP 429: {"status":"error","errors":[{"errorCode":"UDAPI10005","message":"Too Many Request Sent","propertyPath":null,"invalidValue":null,"error_code":"UDAPI10005","property_path":null,"invalid_value":null}]}
2026-09-09 09:19:35,746 [ERROR] Kite call ltp terminal failure
2026-09-09 09:19:35,749 [INFO] [VWAP] Climax skip — body=100% >= 87%
2026-09-09 09:19:41,801 [WARNING] Kite call failed (ltp) attempt 1: Upstox GET /v2/market-quote/quotes failed: HTTP 429: {"status":"error","errors":[{"errorCode":"UDAPI10005","message":"Too Many Request Sent","propertyPath":null,"invalidValue":null,"error_code":"UDAPI10005","property_path":null,"invalid_value":null}]}
2026-09-09 09:19:48,853 [WARNING] Kite call failed (ltp) attempt 2: Upstox GET /v2/market-quote/quotes failed: HTTP 429: {"status":"error","errors":[{"errorCode":"UDAPI10005","message":"Too Many Request Sent","propertyPath":null,"invalidValue":null,"error_code":"UDAPI10005","property_path":null,"invalid_value":null}]}
2026-09-09 09:19:56,906 [WARNING] Kite call failed (ltp) attempt 3: Upstox GET /v2/market-quote/quotes failed: HTTP 429: {"status":"error","errors":[{"errorCode":"UDAPI10005","message":"Too Many Request Sent","propertyPath":null,"invalidValue":null,"error_code":"UDAPI10005","property_path":null,"invalid_value":null}]}
2026-09-09 09:20:00,906 [ERROR] Kite call ltp terminal failure
2026-09-09 09:20:00,932 [INFO] [APEX] open=0 trades=0 realized=+0.0pt/Rs+0 unreal=+0.0pt/Rs+0
2026-09-09 09:20:00,932 [INFO] [T5] open=0 trades=0 realized=+0.0pt/Rs+0 unreal=+0.0pt/Rs+0
2026-09-09 09:20:00,933 [INFO] [INDICATORS] spot=74929.5 | 1h: close=75145.7 sma20=75712.4 sma50=76294.6 rsi=30.4 macd=-375.31/-323.62(bear) | 15m: K=63.0↓(prev 82.6) | regime=PE-eligible any_active=True
2026-09-09 09:20:00,933 [INFO] [SIGNAL] CE: reg=False K=False(K=63.0>=38,rising) Kextr=False RSI=False(30.4>53) MACD=False(gate off) => BLOCK | PE: reg=True K=True(K=63.0<=80,falling) Kextr=True RSI=True(30.4<47) MACD=True(gate off) => PASS
2026-09-09 09:20:00,934 [INFO] [STATE][GAPBREAK] PE BFO:SENSEX2691075000PE ltp=205.30 entry=216.50 pnl=-11.20(-5.2%) sl=0.00 peak=233.25 tr_armed=False elapsed=283min
2026-09-09 09:20:03,637 [INFO] [periodic] Logs pushed to GitHub: Sensex_FlightRecorder_V2_5_20-SENSEX_20260909_090604.log, Sensex_BarLevel_V2_5_20-SENSEX_20260909_090604.csv
2026-09-09 09:20:33,877 [INFO] [VWAP] Climax skip — body=100% >= 87%
2026-09-09 09:21:04,177 [INFO] [VWAP] Climax skip — body=100% >= 87%
2026-09-09 09:21:34,454 [INFO] [VWAP] Climax skip — body=100% >= 87%
2026-09-09 09:22:04,770 [INFO] [VWAP] Climax skip — body=100% >= 87%
2026-09-09 09:22:35,055 [INFO] [VWAP] Climax skip — body=100% >= 87%
2026-09-09 09:23:05,343 [INFO] [VWAP] Climax skip — body=100% >= 87%
2026-09-09 09:23:35,655 [INFO] [VWAP] Climax skip — body=100% >= 87%
2026-09-09 09:24:05,952 [INFO] [VWAP] Climax skip — body=100% >= 87%
2026-09-09 09:24:36,235 [INFO] [VWAP] Climax skip — body=100% >= 87%
2026-09-09 09:25:06,508 [INFO] [VWAP] Climax skip — body=100% >= 87%
2026-09-09 09:25:06,545 [INFO] [APEX] open=0 trades=0 realized=+0.0pt/Rs+0 unreal=+0.0pt/Rs+0
2026-09-09 09:25:06,545 [INFO] [T5] open=0 trades=0 realized=+0.0pt/Rs+0 unreal=+0.0pt/Rs+0
2026-09-09 09:25:06,546 [INFO] [INDICATORS] spot=74949.5 | 1h: close=75145.7 sma20=75712.4 sma50=76294.6 rsi=30.4 macd=-375.31/-323.62(bear) | 15m: K=63.0↓(prev 82.6) | regime=PE-eligible any_active=True
2026-09-09 09:25:06,546 [INFO] [SIGNAL] CE: reg=False K=False(K=63.0>=38,rising) Kextr=False RSI=False(30.4>53) MACD=False(gate off) => BLOCK | PE: reg=True K=True(K=63.0<=80,falling) Kextr=True RSI=True(30.4<47) MACD=True(gate off) => PASS
2026-09-09 09:25:06,547 [INFO] [STATE][GAPBREAK] PE BFO:SENSEX2691075000PE ltp=192.25 entry=216.50 pnl=-24.25(-11.2%) sl=0.00 peak=233.25 tr_armed=False elapsed=288min
2026-09-09 09:25:09,278 [INFO] [periodic] Logs pushed to GitHub: Sensex_FlightRecorder_V2_5_20-SENSEX_20260909_090604.log, Sensex_BarLevel_V2_5_20-SENSEX_20260909_090604.csv
2026-09-09 09:25:39,499 [INFO] [VWAP] Climax skip — body=100% >= 87%
2026-09-09 09:26:09,750 [INFO] [VWAP] Climax skip — body=100% >= 87%
2026-09-09 09:26:40,009 [INFO] [VWAP] Climax skip — body=100% >= 87%
2026-09-09 09:27:10,270 [INFO] [V3PROBE] EXPIRED unfilled PE BFO:SENSEX2691075100PE limit=190.85
2026-09-09 09:27:11,092 [INFO] [VWAP] Climax skip — body=100% >= 87%
2026-09-09 09:27:41,478 [INFO] [PAPER-FALLBACK] CB hit — logging as paper trade (no real order): SENSEX2691074900PE
2026-09-09 09:27:41,480 [INFO] ENTRY: BFO:SENSEX2691074900PE @ 155.75  engine=V2  detail=K=63.0↓ RSI=30.4 MACD✓
2026-09-09 09:27:42,307 [INFO] [VWAP] Climax skip — body=100% >= 87%
2026-09-09 09:28:12,639 [INFO] [VWAP] Climax skip — body=100% >= 87%
2026-09-09 09:28:42,986 [INFO] [VWAP] Climax skip — body=100% >= 87%
2026-09-09 09:29:13,334 [INFO] [VWAP] Climax skip — body=100% >= 87%
2026-09-09 09:29:44,550 [INFO] [VWAP] Climax skip — body=100% >= 87%
2026-09-09 09:30:14,961 [INFO] [APEX] open=0 trades=0 realized=+0.0pt/Rs+0 unreal=+0.0pt/Rs+0
2026-09-09 09:30:14,962 [INFO] [T5] open=0 trades=0 realized=+0.0pt/Rs+0 unreal=+0.0pt/Rs+0
2026-09-09 09:30:14,962 [INFO] [INDICATORS] spot=74935.6 | 1h: close=75145.7 sma20=75712.4 sma50=76294.6 rsi=30.4 macd=-375.31/-323.62(bear) | 15m: K=43.9↓(prev 63.0) | regime=PE-eligible any_active=True
2026-09-09 09:30:14,962 [INFO] [SIGNAL] CE: reg=False K=False(K=43.9>=38,rising) Kextr=False RSI=False(30.4>53) MACD=False(gate off) => BLOCK | PE: reg=True K=True(K=43.9<=80,falling) Kextr=True RSI=True(30.4<47) MACD=True(gate off) => PASS
2026-09-09 09:30:14,962 [INFO] [STATE][BASE] PE BFO:SENSEX2691074900PE ltp=153.45 entry=155.75 pnl=-2.30(-1.5%) sl=105.75 peak=155.75 tr_armed=False elapsed=2min
2026-09-09 09:30:14,963 [INFO] [STATE][GAPBREAK] PE BFO:SENSEX2691075000PE ltp=195.30 entry=216.50 pnl=-21.20(-9.8%) sl=0.00 peak=233.25 tr_armed=False elapsed=293min
2026-09-09 09:30:17,765 [INFO] [periodic] Logs pushed to GitHub: Sensex_FlightRecorder_V2_5_20-SENSEX_20260909_090604.log, Sensex_BarLevel_V2_5_20-SENSEX_20260909_090604.csv
2026-09-09 09:34:51,730 [INFO] [TRAIL] SL ratcheted 173.71 → 175.71  (peak=183.50)
2026-09-09 09:35:22,136 [INFO] [TRAIL] SL ratcheted 175.71 → 220.36  (peak=228.15)
2026-09-09 09:35:22,219 [INFO] [APEX] open=0 trades=0 realized=+0.0pt/Rs+0 unreal=+0.0pt/Rs+0
2026-09-09 09:35:22,288 [INFO] [T5] open=0 trades=0 realized=+0.0pt/Rs+0 unreal=+0.0pt/Rs+0
2026-09-09 09:35:22,288 [INFO] [INDICATORS] spot=74906.8 | 1h: close=75145.7 sma20=75712.4 sma50=76294.6 rsi=30.4 macd=-375.31/-323.62(bear) | 15m: K=43.9↓(prev 63.0) | regime=PE-eligible any_active=True
2026-09-09 09:35:22,288 [INFO] [SIGNAL] CE: reg=False K=False(K=43.9>=38,rising) Kextr=False RSI=False(30.4>53) MACD=False(gate off) => BLOCK | PE: reg=True K=True(K=43.9<=80,falling) Kextr=True RSI=True(30.4<47) MACD=True(gate off) => PASS
2026-09-09 09:35:22,289 [INFO] [STATE][BASE] PE BFO:SENSEX2691074900PE ltp=228.15 entry=155.75 pnl=+72.40(+46.5%) sl=220.36 peak=228.15 tr_armed=True elapsed=7min
2026-09-09 09:35:22,289 [INFO] [STATE][GAPBREAK] PE BFO:SENSEX2691075000PE ltp=283.05 entry=216.50 pnl=+66.55(+30.7%) sl=0.00 peak=283.05 tr_armed=False elapsed=298min
2026-09-09 09:35:24,853 [INFO] [periodic] Logs pushed to GitHub: Sensex_FlightRecorder_V2_5_20-SENSEX_20260909_090604.log, Sensex_BarLevel_V2_5_20-SENSEX_20260909_090604.csv
2026-09-09 09:35:55,111 [INFO] EXIT: BFO:SENSEX2691074900PE @ 220.36 reason=TRAIL_+65 pnl/sh=+64.61 is_flip=False losses=1/4
2026-09-09 09:38:57,620 [INFO] EXIT: BFO:SENSEX2691075000PE @ 243.20 reason=GAPBREAK_LOCK_FLOOR pnl/sh=+26.70 is_flip=False losses=0/4
2026-09-09 09:40:29,275 [INFO] [APEX] open=0 trades=0 realized=+0.0pt/Rs+0 unreal=+0.0pt/Rs+0
2026-09-09 09:40:29,339 [INFO] [T5] open=0 trades=0 realized=+0.0pt/Rs+0 unreal=+0.0pt/Rs+0
2026-09-09 09:40:29,340 [INFO] [INDICATORS] spot=74902.3 | 1h: close=75145.7 sma20=75712.4 sma50=76294.6 rsi=30.4 macd=-375.31/-323.62(bear) | 15m: K=43.9↓(prev 63.0) | regime=PE-eligible any_active=False
2026-09-09 09:40:29,340 [INFO] [SIGNAL] CE: reg=False K=False(K=43.9>=38,rising) Kextr=False RSI=False(30.4>53) MACD=False(gate off) => BLOCK | PE: reg=True K=True(K=43.9<=80,falling) Kextr=True RSI=True(30.4<47) MACD=True(gate off) => PASS
2026-09-09 09:40:31,954 [INFO] [periodic] Logs pushed to GitHub: Sensex_FlightRecorder_V2_5_20-SENSEX_20260909_090604.log, Sensex_BarLevel_V2_5_20-SENSEX_20260909_090604.csv
2026-09-09 09:45:35,876 [INFO] [APEX] open=0 trades=0 realized=+0.0pt/Rs+0 unreal=+0.0pt/Rs+0
2026-09-09 09:45:35,952 [INFO] [T5] open=0 trades=0 realized=+0.0pt/Rs+0 unreal=+0.0pt/Rs+0
2026-09-09 09:45:35,953 [INFO] [INDICATORS] spot=74891.5 | 1h: close=74891.5 sma20=75631.2 sma50=76255.2 rsi=30.4 macd=-375.31/-323.61(bear) | 15m: K=25.6↓(prev 43.9) | regime=PE-eligible any_active=False
2026-09-09 09:45:35,953 [INFO] [SIGNAL] CE: reg=False K=False(K=25.6>=38,rising) Kextr=False RSI=False(30.4>53) MACD=False(gate off) => BLOCK | PE: reg=True K=True(K=25.6<=80,falling) Kextr=True RSI=True(30.4<47) MACD=True(gate off) => PASS
2026-09-09 09:45:38,626 [INFO] [periodic] Logs pushed to GitHub: Sensex_FlightRecorder_V2_5_20-SENSEX_20260909_090604.log, Sensex_BarLevel_V2_5_20-SENSEX_20260909_090604.csv
2026-09-09 09:50:42,046 [INFO] [APEX] open=0 trades=0 realized=+0.0pt/Rs+0 unreal=+0.0pt/Rs+0
2026-09-09 09:50:42,150 [INFO] [T5] open=0 trades=0 realized=+0.0pt/Rs+0 unreal=+0.0pt/Rs+0
2026-09-09 09:50:42,150 [INFO] [INDICATORS] spot=74895.4 | 1h: close=74895.4 sma20=75631.4 sma50=76255.3 rsi=26.5 macd=-388.08/-336.51(bear) | 15m: K=25.9↓(prev 43.9) | regime=PE-eligible any_active=False
2026-09-09 09:50:42,150 [INFO] [SIGNAL] CE: reg=False K=False(K=25.9>=38,rising) Kextr=False RSI=False(26.5>53) MACD=False(gate off) => BLOCK | PE: reg=True K=True(K=25.9<=80,falling) Kextr=True RSI=True(26.5<47) MACD=True(gate off) => PASS
2026-09-09 09:50:44,718 [INFO] [periodic] Logs pushed to GitHub: Sensex_FlightRecorder_V2_5_20-SENSEX_20260909_090604.log, Sensex_BarLevel_V2_5_20-SENSEX_20260909_090604.csv
2026-09-09 09:55:48,193 [INFO] [APEX] open=0 trades=0 realized=+0.0pt/Rs+0 unreal=+0.0pt/Rs+0
2026-09-09 09:55:48,193 [INFO] [T5] open=0 trades=0 realized=+0.0pt/Rs+0 unreal=+0.0pt/Rs+0
2026-09-09 09:55:48,194 [INFO] [INDICATORS] spot=74895.4 | 1h: close=74895.4 sma20=75631.4 sma50=76255.3 rsi=26.5 macd=-388.08/-336.51(bear) | 15m: K=25.9↓(prev 43.9) | regime=PE-eligible any_active=False
2026-09-09 09:55:48,194 [INFO] [SIGNAL] CE: reg=False K=False(K=25.9>=38,rising) Kextr=False RSI=False(26.5>53) MACD=False(gate off) => BLOCK | PE: reg=True K=True(K=25.9<=80,falling) Kextr=True RSI=True(26.5<47) MACD=True(gate off) => PASS
2026-09-09 09:55:50,937 [INFO] [periodic] Logs pushed to GitHub: Sensex_FlightRecorder_V2_5_20-SENSEX_20260909_090604.log, Sensex_BarLevel_V2_5_20-SENSEX_20260909_090604.csv
2026-09-09 10:00:28,735 [INFO] [periodic] Logs pushed to GitHub: Sensex_FlightRecorder_V2_5_20-SENSEX_20260909_090604.log, Sensex_BarLevel_V2_5_20-SENSEX_20260909_090604.csv
