2026-09-18 03:36:04,392 [INFO] [STATE][BASE] State from 2026-09-17 — resetting trades_today for 2026-09-18
2026-09-18 03:36:04,393 [INFO] [STATE][BASE] Circuit breaker was halted (losses=0) — RESET on bot restart.
2026-09-18 03:36:04,393 [INFO] [STATE][BASE] Loaded prior state. active=False losses=0
2026-09-18 03:36:04,393 [INFO] [STATE][VWAP] State from 2026-09-17 — resetting trades_today for 2026-09-18
2026-09-18 03:36:04,393 [INFO] [STATE][VWAP] Circuit breaker was halted (losses=0) — RESET on bot restart.
2026-09-18 03:36:04,393 [INFO] [STATE][VWAP] Loaded prior state. active=False losses=0
2026-09-18 03:36:04,393 [INFO] [STATE][FUT5VWAP] State from 2026-09-17 — resetting trades_today for 2026-09-18
2026-09-18 03:36:04,393 [INFO] [STATE][FUT5VWAP] Circuit breaker was halted (losses=0) — RESET on bot restart.
2026-09-18 03:36:04,393 [INFO] [STATE][FUT5VWAP] Loaded prior state. active=False losses=0
2026-09-18 03:36:04,393 [INFO] [STATE][ORB] State from 2026-09-17 — resetting trades_today for 2026-09-18
2026-09-18 03:36:04,393 [INFO] [STATE][ORB] Circuit breaker was halted (losses=0) — RESET on bot restart.
2026-09-18 03:36:04,393 [INFO] [STATE][ORB] Loaded prior state. active=False losses=0
2026-09-18 03:36:04,393 [INFO] [STATE][GAPBREAK] State from 2026-09-17 — resetting trades_today for 2026-09-18
2026-09-18 03:36:04,393 [INFO] [STATE][GAPBREAK] Circuit breaker was halted (losses=0) — RESET on bot restart.
2026-09-18 03:36:04,394 [INFO] [STATE][GAPBREAK] Loaded prior state. active=False losses=0
2026-09-18 03:36:04,394 [INFO] [STATE][EXPIRY] State from 2026-09-17 — resetting trades_today for 2026-09-18
2026-09-18 03:36:04,394 [INFO] [STATE][EXPIRY] Circuit breaker was halted (losses=0) — RESET on bot restart.
2026-09-18 03:36:04,394 [INFO] [STATE][EXPIRY] Loaded prior state. active=False losses=0
2026-09-18 03:36:04,763 [INFO] [BOOT] Nifty FUT token: BSE_FO|844615 expiry=2026-09-24 sym=SENSEX26SEPFUT
2026-09-18 03:36:04,764 [INFO] [BOOT] Expiry: 2026-09-24, 164 strikes, 328 option contracts
2026-09-18 03:36:04,764 [INFO] [BOOT] PAPER mode (kite_paper) — mStock init + self-test SKIPPED (bypassed).
2026-09-18 03:36:04,938 [INFO] [PIVOTS] P=74385 R1=74607 R2=74899 S1=74093 S2=73872
2026-09-18 03:36:04,938 [INFO] [OI Plan] No valid plan found — running without OI levels (normal mode)
2026-09-18 03:36:04,938 [INFO] [GAP] +1.42% gap; suppressing entries until 10:15
2026-09-18 03:36:04,938 [INFO] [V2.5.20] 6 independent engines armed: BASE, VWAP, FUT5VWAP, ORB, GAPBREAK, EXPIRY (regime=CHOP, gap_suppress_until=10:15)
2026-09-18 03:36:04,938 [INFO] 
2026-09-18 03:36:04,939 [INFO] +========================================================================+
2026-09-18 03:36:04,939 [INFO] | ORION V2.5.15 — STRATEGY DESIGN                                        |
2026-09-18 03:36:04,939 [INFO] | Backtest: 363 trades | PnL Rs +6,88,158 | WR 64.5% | MaxDD -1,119     |
2026-09-18 03:36:04,939 [INFO] +========================================================================+
2026-09-18 03:36:04,939 [INFO] | ENGINE V2 (fires every 15m close — regime: BULL/BEAR/TRANSITION only)  |
2026-09-18 03:36:04,939 [INFO] |   CE: 1h close>SMA20>SMA50 | K>=38 rising | K<25 recently             |
2026-09-18 03:36:04,939 [INFO] |        RSI>53 | MACD bull | premium 30-180                             |
2026-09-18 03:36:04,939 [INFO] |   PE: 1h close<SMA20<SMA50 | K<=80 falling K>=25 | K>75 recently      |
2026-09-18 03:36:04,939 [INFO] |        RSI<47 | MACD bear | premium 30-300                             |
2026-09-18 03:36:04,939 [INFO] |                                                                         |
2026-09-18 03:36:04,940 [INFO] | ENGINE V3 (15m G/R cluster break/reject — fires in any regime)         |
2026-09-18 03:36:04,940 [INFO] |   Grade A (>=3 source kinds) / Grade B (>=2)                           |
2026-09-18 03:36:04,940 [INFO] |   PDC excluded from clusters; G/R need >=25pt buffer from PDC          |
2026-09-18 03:36:04,940 [INFO] |   premium 30-180 CE / 30-300 PE                                        |
2026-09-18 03:36:04,940 [INFO] |                                                                         |
2026-09-18 03:36:04,940 [INFO] | ENGINE VWAP (triple confirmation — fires in any regime)                 |
2026-09-18 03:36:04,940 [INFO] |   1. Nifty FUTURES 15m close crosses FUT VWAP, body>=65% (PRIMARY)     |
2026-09-18 03:36:04,940 [INFO] |   2. Nifty SPOT 15m close same direction above/below spot VWAP         |
2026-09-18 03:36:04,940 [INFO] |   3. ATM CE/PE LTP also above/below its daily VWAP simultaneously      |
2026-09-18 03:36:04,940 [INFO] |   premium 30-180 CE / 30-300 PE                                        |
2026-09-18 03:36:04,940 [INFO] |                                                                         |
2026-09-18 03:36:04,940 [INFO] | ENGINE FLIP (opposite-side only, max 3/day, excluded from CB)          |
2026-09-18 03:36:04,940 [INFO] |   Path A (in-trade): elapsed>=30 + peak>=entry+15 + LTP<=entry+10      |
2026-09-18 03:36:04,940 [INFO] |   Path B (post-exit): K reversal within 60min                          |
2026-09-18 03:36:04,940 [INFO] |                                                                         |
2026-09-18 03:36:04,940 [INFO] | UNIVERSAL EXIT (priority order):                                        |
2026-09-18 03:36:04,941 [INFO] |   1. HARDSL -18%                                                        |
2026-09-18 03:36:04,941 [INFO] |   2. Continuous trail: arms when peak>=entry+15, SL=peak-5             |
2026-09-18 03:36:04,941 [INFO] |      floor=entry+10, ratchets up with peak (never down)                |
2026-09-18 03:36:04,941 [INFO] |   3. VWAP trades: exit when opt 15m close < opt VWAP                  |
2026-09-18 03:36:04,941 [INFO] |   4. V2/V3/FLIP trades: SMA8(low) trail on 15m                        |
2026-09-18 03:36:04,941 [INFO] |   5. Force close 15:25  6. CB=3 non-flip losses                        |
2026-09-18 03:36:04,941 [INFO] |                                                                         |
2026-09-18 03:36:04,941 [INFO] | INFORMATIONAL (no trade gate): Straddle alerts | Options VWAP          |
2026-09-18 03:36:04,941 [INFO] +========================================================================+
2026-09-18 03:36:04,941 [INFO] 
2026-09-18 03:36:04,941 [INFO] V2.5.20 [2026-09-16] *** TRADEREC: expiry restored from state is a str -> trade row silently lost ***
2026-09-18 03:36:04,941 [INFO]   WHY: 2026-09-15 the VWAP 23400PE trend-hold (72.20 -> FORCE_CLOSE_15_25 @254.60,
2026-09-18 03:36:04,941 [INFO]   +182.40/sh = Rs+11,856, the best trade of the month) never reached the trades CSV.
2026-09-18 03:36:04,942 [INFO]   run.log: "[TRADEREC] could not record trade: unsupported operand type(s) for -:
2026-09-18 03:36:04,942 [INFO]   'str' and 'datetime.date'". The position had been restored across the 13:56
2026-09-18 03:36:04,942 [INFO]   restart; state_*.json stores expiry_date as an ISO string and the restore does
2026-09-18 03:36:04,942 [INFO]   not parse it back, so record_trade()'s dte = exp - today raised and the whole
2026-09-18 03:36:04,942 [INFO]   row was dropped (record_trade swallows exceptions by design so the exit path
2026-09-18 03:36:04,942 [INFO]   never breaks). Same failure at 14:12 on the phantom SHUTDOWN_SQUAREOFF.
2026-09-18 03:36:04,942 [INFO]   CHANGE: record_trade() coerces a str expiry to date before the dte subtraction.
2026-09-18 03:36:04,942 [INFO]   CSV: the missing 09-15 row was appended by hand from run.log/FlightRecorder
2026-09-18 03:36:04,942 [INFO]   (entry 10:01:15, exit 15:25:14, mfe 303.20, mae 67.45, spots 23383.1/23172.3);
2026-09-18 03:36:04,942 [INFO]   backup Nifty_Trades_V2_5_20_BACKUP_20260916_pre_23400PE_fix.csv.
2026-09-18 03:36:04,942 [INFO]   CHANGE 2 (same day, user: "fix the state restore also"): load_state() now parses
2026-09-18 03:36:04,942 [INFO]   expiry_date back to a date when restoring a position, so POS.expiry_date is a
2026-09-18 03:36:04,942 [INFO]   date everywhere again; the record_trade() coercion stays as a belt-and-braces.
2026-09-18 03:36:04,942 [INFO]   REVERT: remove the isinstance(exp, str) block and the expiry_date elif in
2026-09-18 03:36:04,942 [INFO]   load_state(). Applies to NIFTY and SENSEX.
2026-09-18 03:36:04,942 [INFO]   PROOF: next restored-position exit writes its row; no [TRADEREC] warning.
2026-09-18 03:36:04,942 [INFO] 
2026-09-18 03:36:04,943 [INFO] V2.5.20 [2026-09-16] *** EXP1/EXP2 BUYING WINDOW OPENS 14:45, NOT 14:30 (SENSEX ONLY) ***
2026-09-18 03:36:04,943 [INFO]   WHY: user instruction "change the existing window to 14:45 directly, for
2026-09-18 03:36:04,943 [INFO]   sensex". Study ~/Amol/expiry_bt/entry_features_sensex.py on 20 SENSEX
2026-09-18 03:36:04,943 [INFO]   expiries 2026-04-30..09-10, real 1-min premiums, buy-on-signal hold-15:28:
2026-09-18 03:36:04,943 [INFO]     signals fired 14:30-14:44 : 44 of 100 unique, 9 winners (20%), Rs-15,264
2026-09-18 03:36:04,943 [INFO]     signals fired 14:45+      : 56,  25 winners (45%),               Rs+25,958
2026-09-18 03:36:04,943 [INFO]   Mechanism: EXP2 has no trigger beyond premium band + OI15 + distance, so at
2026-09-18 03:36:04,943 [INFO]   window-open every leg already in band fires at once (inventory, not signal);
2026-09-18 03:36:04,943 [INFO]   nothing measurable at 14:30 separates the 9 early winners from the 35 losers
2026-09-18 03:36:04,943 [INFO]   (only the FUTURE spot move does). Full shadow book: Rs+10,882 -> +32,101,
2026-09-18 03:36:04,943 [INFO]   17 expiries better/unchanged, 3 worse (09-03 -5,844, 07-30 -2,459, 06-25 -911:
2026-09-18 03:36:04,943 [INFO]   the move started before 14:45; late window still caught part of it on 2 of 3).
2026-09-18 03:36:04,943 [INFO]   Both halves of the sample improve (first 10: -14,852 -> positive).
2026-09-18 03:36:04,943 [INFO]   CAVEAT: in-sample on the same 20 expiries as every SENSEX result; no OOS.
2026-09-18 03:36:04,943 [INFO]   NIFTY NOT CHANGED: same test on 48 NIFTY expiries is WORSE (-3,411 -> -11,326;
2026-09-18 03:36:04,943 [INFO]   NIFTY early signals are net +7,915, 01-13 +22k came from 14:3x).
2026-09-18 03:36:04,943 [INFO]   Rejected on the same data today: buy after 30% decay from signal price
2026-09-18 03:36:04,943 [INFO]   (-4,704), every profit lock/target/ladder, hold past 15:28, tight stops.
2026-09-18 03:36:04,943 [INFO]   CHANGE: EXP1_WIN_LO and EXP2_WIN_LO (14,30) -> (14,45). Nothing else.
2026-09-18 03:36:04,944 [INFO]   REVERT: set both back to (14, 30), or restore
2026-09-18 03:36:04,944 [INFO]           ORION_SENSEX_V2520_BACKUP_20260916_pre_exp12_win1445.py
2026-09-18 03:36:04,944 [INFO]   PROOF: boot 2026-09-17 09:02 "[CHANGELOG] up to date (last entry 2026-09-16)";
2026-09-18 03:36:04,944 [INFO]          first behaviour proof = Thu 09-17 expiry, EXP2 why-not lines
2026-09-18 03:36:04,944 [INFO]          "outside (14, 45)-(15, 25) window" between 14:30 and 14:44.
2026-09-18 03:36:04,944 [INFO]   STATUS: applied 2026-09-16 17:2x IST, market closed, no bot process running;
2026-09-18 03:36:04,944 [INFO]           picked up by the 09:02 cron boot. NOT boot-proven, NOT trade-proven.
2026-09-18 03:36:04,944 [INFO] 
2026-09-18 03:36:04,944 [INFO] V2.5.20 [2026-09-11] *** EXPIRY EXITS — NO PRE-15:28 EXIT ON A WINNER ***
2026-09-18 03:36:04,944 [INFO]   WHY: user instruction "ok now deploy both, restart bots, now", after a two-
2026-09-18 03:36:04,944 [INFO]   session forensic on the 6 expiry sessions 2026-08-25 .. 2026-09-10 (NIFTY
2026-09-18 03:36:04,944 [INFO]   08-25/09-01/09-08, SENSEX 08-27/09-03/09-10), every trade re-priced against
2026-09-18 03:36:04,944 [INFO]   real Upstox expired-instrument 1-min option candles and real index closes.
2026-09-18 03:36:04,944 [INFO]   Finding: every repairable loss on the expiry books came from a PROFIT-LOCK or
2026-09-18 03:36:04,944 [INFO]   TRAIL closing a WINNER before the 15:28 force close. Three mechanisms did it:
2026-09-18 03:36:04,944 [INFO]     * EXP12 EXP2 LADDER_TRAIL_20pct — SENSEX 09-03 76400PE entry 62.70 trailed
2026-09-18 03:36:04,944 [INFO]       out 104.05 (+Rs827) while 15:28 was 246.50 (+Rs3,676): +Rs2,849 left.
2026-09-18 03:36:04,944 [INFO]       SENSEX 09-10 74700CE entry 296.50 trailed out 212.70 (-Rs1,676) while
2026-09-18 03:36:04,945 [INFO]       15:28 was 303.95 (+Rs149): +Rs1,825 left.
2026-09-18 03:36:04,945 [INFO]     * EXP12 EXP1 trail — NIFTY 08-25 24150CE entry 38.55 trailed out 30.00
2026-09-18 03:36:04,945 [INFO]       (-Rs556) while 15:28 was 184.60 (+Rs9,493): +Rs10,049 left. (That day the
2026-09-18 03:36:04,945 [INFO]       trail was TRAIL_10pct; it is now TRAIL_20pct_after_2x — removed as well.)
2026-09-18 03:36:04,945 [INFO]     * EXPIRY EXPIRY_VELVET_1.7x — SENSEX 09-03 76800PE entry 144.70, peak
2026-09-18 03:36:04,945 [INFO]       243.15: velvet armed at the 1.5x tier, which sets SL = ENTRY (breakeven),
2026-09-18 03:36:04,945 [INFO]       and closed the trade at 144.70 for Rs0 at 11:23 IST. A lock that arms
2026-09-18 03:36:04,945 [INFO]       after a 1.5x run and then protects ZERO profit is never right.
2026-09-18 03:36:04,945 [INFO] 
2026-09-18 03:36:04,945 [INFO]   WHAT (both bots, identical edits):
2026-09-18 03:36:04,945 [INFO]   (1) EXP12_HOLD_TO_1528 = True — EXP12 positions (EXP1/EXP2/EXP2W) no longer
2026-09-18 03:36:04,945 [INFO]       take ANY trail exit; the only exit is the existing 15:28 force close
2026-09-18 03:36:04,945 [INFO]       (EOD_1528). EXP12 legs already carry no stop-loss by design, so that is
2026-09-18 03:36:04,945 [INFO]       now the whole exit path. Revert = set False.
2026-09-18 03:36:04,945 [INFO]   (2) EXPIRY_VELVET_ARM_LOCK = False — the 1.5x tier that locked SL at breakeven
2026-09-18 03:36:04,945 [INFO]       no longer arms. UNCHANGED: T2 (peak>=2.0x -> SL=entry*1.5), T3 (peak>=3.0x
2026-09-18 03:36:04,945 [INFO]       -> SL=entry*2.0), the beyond-T3 30%-giveback ride trail, and HARDSL_-18pct.
2026-09-18 03:36:04,945 [INFO]       Revert = set True.
2026-09-18 03:36:04,945 [INFO] 
2026-09-18 03:36:04,946 [INFO]   NOT DEPLOYED, AND WHY — moving EXPIRY_SQOFF 15:15 -> 15:28. The Rs10,050 first
2026-09-18 03:36:04,946 [INFO]   quoted for the 09-03 velvet trade required a 15:28 square-off. The NIFTY
2026-09-18 03:36:04,946 [INFO]   live-EXPIRY history REFUTES that: across the 6 NIFTY EXPIRY legs in
2026-09-18 03:36:04,946 [INFO]   ~/orion_v2520_run.log, squaring off at 15:15 totals -Rs270 vs -Rs9,217 at
2026-09-18 03:36:04,946 [INFO]   15:28, driven by 08-04 24600PE (+Rs5,353 at 15:15, -Rs2,252 at 15:28 — it
2026-09-18 03:36:04,946 [INFO]   expired worthless). EXPIRY_SQOFF STAYS 15:15. With sqoff at 15:15 the velvet
2026-09-18 03:36:04,946 [INFO]   fix is worth +Rs1,549 on the 09-03 trade (222.15 at 15:15), not +Rs10,050.
2026-09-18 03:36:04,946 [INFO] 
2026-09-18 03:36:04,946 [INFO]   ALSO NOT IN THIS CHANGE: the NIFTY 09-08 EXP2 stale entry fill (filled 36.10
2026-09-18 03:36:04,946 [INFO]   while the 15:15 bar it cited was o30.35 h32.20 c14.60 — Rs36.10 only exists in
2026-09-18 03:36:04,946 [INFO]   the 15:14 bar). Separate fix, not yet applied.
2026-09-18 03:36:04,946 [INFO] 
2026-09-18 03:36:04,946 [INFO]   EVIDENCE / SIZE over the 6 expiry sessions: (1) touches 3 trades and improves
2026-09-18 03:36:04,946 [INFO]   all 3 (+Rs2,849 +Rs1,825 +Rs10,049 = +Rs14,723). (2) touches 1 trade
2026-09-18 03:36:04,946 [INFO]   (+Rs1,549). Total +Rs16,272. Verified: the -18% hard stop on the 09-03
2026-09-18 03:36:04,946 [INFO]   76800PE was never breached after the velvet exit (low 126.60 vs SL 118.65), so
2026-09-18 03:36:04,946 [INFO]   the trade really does survive to the square-off; all booked fills sit inside
2026-09-18 03:36:04,946 [INFO]   the real 1-min bar.
2026-09-18 03:36:04,947 [INFO] 
2026-09-18 03:36:04,947 [INFO]   STATUS / RISK: n = 4 repaired trades on 6 expiry sessions and Rs10,049 of the
2026-09-18 03:36:04,947 [INFO]   Rs16,272 is ONE NIFTY trade. EXP12 now has NO exit of any kind before 15:28 —
2026-09-18 03:36:04,947 [INFO]   a winner that round-trips gives it all back. This is NOT a validated edge; it
2026-09-18 03:36:04,947 [INFO]   is deployed on explicit user instruction. Next step: full-expiry-history replay.
2026-09-18 03:36:04,947 [INFO]   REVERT: ORION_PAPER_V2_5_20_BACKUP_20260911_pre_expiry_exit_repair.py /
2026-09-18 03:36:04,947 [INFO]           ORION_SENSEX_V2520_BACKUP_20260911_pre_expiry_exit_repair.py
2026-09-18 03:36:04,947 [INFO] 
2026-09-18 03:36:04,947 [INFO] V2.5.20 [2026-09-02] ORB ENTRY premium floor lowered — user instruction.
2026-09-18 03:36:04,947 [INFO]   WHAT: ORB_PREM_MIN NIFTY 60.0 -> 20.0, SENSEX 200.0 -> 66.7 (proportional carry
2026-09-18 03:36:04,947 [INFO]   at the 3.333x port scaling). This is the ENTRY strike-pick floor read by
2026-09-18 03:36:04,947 [INFO]   check_orb_signal() -> pick_strike_by_premium(). ORB_FLIP_PREM_MIN (added
2026-09-18 03:36:04,947 [INFO]   earlier today) is unchanged at 20.0 / 66.7.
2026-09-18 03:36:04,947 [INFO]   EFFECT: pick_strike_by_premium walks 50pt rings outward from ATM and takes the
2026-09-18 03:36:04,947 [INFO]   FIRST strike whose premium is in band, so a lower floor means ORB now buys a
2026-09-18 03:36:04,947 [INFO]   strike much CLOSER to ATM and much cheaper (10-expiry replay: entries move from
2026-09-18 03:36:04,947 [INFO]   ~Rs73-97 to ~Rs20-47).
2026-09-18 03:36:04,947 [INFO]   MEASURED, and deployed anyway on explicit user instruction: over the same 10
2026-09-18 03:36:04,948 [INFO]   NIFTY expiries on the bug-fixed engine this scores -Rs1,605 vs -Rs653 for the
2026-09-18 03:36:04,948 [INFO]   floor-60 config, i.e. Rs952 WORSE. Cause is that the fixed-POINT exits stop
2026-09-18 03:36:04,948 [INFO]   scaling: the -15pt stop is 19.5% of a Rs76.90 entry but 72.5% of a Rs20.70
2026-09-18 03:36:04,948 [INFO]   entry. Making the exits percentage-of-premium instead was tested at three
2026-09-18 03:36:04,948 [INFO]   calibrations and is worse still in both floors (-Rs1,430 / -Rs2,272 / -Rs1,780
2026-09-18 03:36:04,948 [INFO]   at floor 20). The floor-60 + fixed-point config was the best of all 8 tested
2026-09-18 03:36:04,948 [INFO]   combinations. n=10 expiry days only — thin sample, NIFTY-only, and ORB runs
2026-09-18 03:36:04,948 [INFO]   daily, so live forward evidence may differ from the replay.
2026-09-18 03:36:04,948 [INFO]   REVERT (one line, restores the best-measured config):
2026-09-18 03:36:04,948 [INFO]     ORION_PAPER_V2_5_20_BACKUP_20260902_035530_pre_entryfloor20.py /
2026-09-18 03:36:04,948 [INFO]     ORION_SENSEX_V2520_BACKUP_20260902_035530_pre_entryfloor20.py
2026-09-18 03:36:04,948 [INFO]   STATUS: applied 2026-09-02 ~09:20 IST, bots restarted same minute. NOT
2026-09-18 03:36:04,948 [INFO]           live-proven. WATCH the ORB entry premium in the next [ORB] Signal /
2026-09-18 03:36:04,948 [INFO]           ENTRY pair — expect a near-ATM strike at Rs20-50 rather than Rs60-100.
2026-09-18 03:36:04,948 [INFO] V2.5.20 [2026-09-02] (A) FORMING-BAR FIX — ORB/GAPBREAK could fire off an
2026-09-18 03:36:04,948 [INFO]   INCOMPLETE 5m bar.  (B) ORB flip-on-stop premium floor lowered.
2026-09-18 03:36:04,948 [INFO]   --- (A) FORMING-BAR ---
2026-09-18 03:36:04,948 [INFO]   WHAT: check_orb_signal() and check_gapbreak_signal() both scan
2026-09-18 03:36:04,949 [INFO]   `for _, b in df5.iterrows()` filtering only on minute-of-day, so df5's LAST
2026-09-18 03:36:04,949 [INFO]   row — the still-forming bucket — was a valid signal bar. With a 30s loop that
2026-09-18 03:36:04,949 [INFO]   bucket can hold as little as ONE 1m candle. For ORB this defeats the
2026-09-18 03:36:04,949 [INFO]   `body > 50% of range` filter entirely: that test exists to demand a decisive
2026-09-18 03:36:04,949 [INFO]   FIVE-minute bar, and a single 1m candle passes it trivially. For GAPBREAK the
2026-09-18 03:36:04,949 [INFO]   range-break was tested against an intra-bar tick, not a settled 5m close.
2026-09-18 03:36:04,949 [INFO]   FIX: both loops skip any bucket whose end time has not passed
2026-09-18 03:36:04,949 [INFO]   (`if b_min + 5 > _now_min: continue`). Mirrors the two sites that already did
2026-09-18 03:36:04,949 [INFO]   this correctly — check_fut5m_vwap_scalp_signal() reads iloc[-2] (last CLOSED
2026-09-18 03:36:04,949 [INFO]   bar) and is_orb_day_chop_killed() drops the forming bar via d15.iloc[:-1].
2026-09-18 03:36:04,949 [INFO]   FUT5VWAP was checked and is NOT affected.
2026-09-18 03:36:04,949 [INFO]   EVIDENCE (2026-09-01, reproduced from ~/orion_v2520_run.log): ORB logged
2026-09-18 03:36:04,949 [INFO]   "[ORB] Signal — close 24026.6 broke OR[24027.8,24082.6] side=PE" at 09:45 and
2026-09-18 03:36:04,949 [INFO]   entered 24100PE @83.00 at 09:46:34, stopping for -Rs975. 24026.6 is the
2026-09-18 03:36:04,949 [INFO]   1-MINUTE close at 09:45; the bucket held exactly one candle (body 0.664).
2026-09-18 03:36:04,949 [INFO]   NEITHER completed 5m bar qualified: 09:40-09:44 closed 24028.35, ABOVE the OR
2026-09-18 03:36:04,949 [INFO]   low, no break; 09:45-09:49 had body 0.433 < 0.5. That trade should never have
2026-09-18 03:36:04,950 [INFO]   existed. Loop simulation on 09-01 1m data: BEFORE fires 09:45 off 1 candle
2026-09-18 03:36:04,950 [INFO]   (PE); AFTER fires 10:55 off 5 candles (CE) — worth +Rs1,170 instead of -Rs975.
2026-09-18 03:36:04,950 [INFO]   SCALE: replay of the last 10 NIFTY expiries (harness G1-verified against the
2026-09-18 03:36:04,950 [INFO]   09-01 log) — the bug flips the traded SIDE on 3 of 10 days (07-14, 08-18,
2026-09-18 03:36:04,950 [INFO]   09-01). Net P&L similar (-Rs2,145 buggy vs -Rs2,018 clean) but only by luck.
2026-09-18 03:36:04,950 [INFO]   --- (B) FLIP FLOOR ---
2026-09-18 03:36:04,950 [INFO]   WHAT: new constant ORB_FLIP_PREM_MIN, read by _touch_flip_reentry() for ORB.
2026-09-18 03:36:04,950 [INFO]   NIFTY 20.0, SENSEX 66.7 (proportional carry at the 3.333x port scaling, same
2026-09-18 03:36:04,950 [INFO]   convention as the 08-31 GAP_THRESH and lock-arm entries).
2026-09-18 03:36:04,950 [INFO]   WHY A SEPARATE CONSTANT: ORB_PREM_MIN is read in TWO places — the ENTRY strike
2026-09-18 03:36:04,950 [INFO]   pick in check_orb_signal() and the FLIP in _touch_flip_reentry(). The replay
2026-09-18 03:36:04,950 [INFO]   held the ENTRY floor at 60 and varied ONLY the flip floor, so lowering
2026-09-18 03:36:04,950 [INFO]   ORB_PREM_MIN itself would have deployed an untested combination and changed
2026-09-18 03:36:04,950 [INFO]   which strike every ORB entry buys. Entry floor is UNCHANGED (60 / 200).
2026-09-18 03:36:04,950 [INFO]   EVIDENCE: 10 NIFTY expiries. Flip floor 60 -> 20 gains +Rs2,535 on the
2026-09-18 03:36:04,950 [INFO]   as-is engine and +Rs1,365 on the bug-fixed engine — the gain survives the fix,
2026-09-18 03:36:04,950 [INFO]   which was the check that mattered. Decomposition: ORB ENTRIES lose -Rs3,315
2026-09-18 03:36:04,950 [INFO]   (3/10 win); the FLIPS make +Rs3,705 (4/5). The flip carries the engine.
2026-09-18 03:36:04,951 [INFO]   CAVEATS, stated plainly: n=10 with only 5 flips — CIs include zero. Every
2026-09-18 03:36:04,951 [INFO]   winner exits at EXACTLY +18 (ORB_LOCK_PTS); the +40 ride trigger never engaged
2026-09-18 03:36:04,951 [INFO]   once in 10 expiries, so ORB is a +18/-15 coin flip. Left as-is per user
2026-09-18 03:36:04,951 [INFO]   2026-09-02. Floor 20 is still NET NEGATIVE on the bug-fixed engine (-Rs653):
2026-09-18 03:36:04,951 [INFO]   this makes ORB less bad, not profitable. Expiry days only; ORB runs daily.
2026-09-18 03:36:04,951 [INFO]   SENSEX has NO supporting replay — NIFTY-only evidence, carried on convention.
2026-09-18 03:36:04,951 [INFO]   REVERT: ORION_PAPER_V2_5_20_BACKUP_20260902_034429_pre_formingbar_flipfloor.py /
2026-09-18 03:36:04,951 [INFO]           ORION_SENSEX_V2520_BACKUP_20260902_034429_pre_formingbar_flipfloor.py
2026-09-18 03:36:04,951 [INFO]   STATUS: applied 2026-09-02 ~09:15 IST and bots RESTARTED the same minute on
2026-09-18 03:36:04,951 [INFO]           user instruction (both were flat, 0 trades, market had just opened;
2026-09-18 03:36:04,951 [INFO]           ORB entry window opens 09:25 so the restart preceded any signal).
2026-09-18 03:36:04,951 [INFO]           NOT live-proven. VERIFY today: grep "[ORB] Signal" in the run log —
2026-09-18 03:36:04,951 [INFO]           the quoted close must be a COMPLETED 5m bar close, never a bare 1m
2026-09-18 03:36:04,951 [INFO]           close mid-bucket; and any flip must show a premium >= the new floor.
2026-09-18 03:36:04,951 [INFO] V2.5.20 [2026-08-31] GAP_THRESH 75->50 + ORB REGIME GATE OPENED TO CHOP.
2026-09-18 03:36:04,951 [INFO]   (A) GAP_THRESH_PTS 250.0 -> 166.7 (proportional carry of the NIFTY
2026-09-18 03:36:04,951 [INFO]   75->50 at this port's 3.333x scaling). User: "it was 75 when nifty shares a lot=75,
2026-09-18 03:36:04,951 [INFO]   current is 65, so it should be 65, but considering nifty small but sharp
2026-09-18 03:36:04,951 [INFO]   movement, i am asking u to set it to 50." GAPBREAK stands down for the whole
2026-09-18 03:36:04,951 [INFO]   day when abs(today_open - prev_close) <= GAP_THRESH_PTS, so this is the gate
2026-09-18 03:36:04,952 [INFO]   that decides whether GAPBREAK exists at all on a given day. 08-31 gapped
2026-09-18 03:36:04,952 [INFO]   -58.10 and was skipped under 75; under 50 it would have traded.
2026-09-18 03:36:04,952 [INFO]   (B) ORB_ALLOWED_REGIMES ('BULL','BEAR','TRANSITION') -> + 'CHOP'. Only
2026-09-18 03:36:04,952 [INFO]   is_orb_day_sideways_live() reads this constant and only check_orb_signal()
2026-09-18 03:36:04,952 [INFO]   calls that, so the blast radius is ORB alone. ADX_CHOP_MAX was deliberately
2026-09-18 03:36:04,952 [INFO]   NOT touched: it feeds classify_regime() -> DAY.regime, which V2 also gates on
2026-09-18 03:36:04,952 [INFO]   via regime_allows_trade(), so moving it would silently loosen V2 too.
2026-09-18 03:36:04,952 [INFO]   MEASUREMENT (145 sessions, 2026-01-19..08-31, bot's own classify_regime on
2026-09-18 03:36:04,952 [INFO]   the same prior-1h bar the live boot uses): ORB stood down on 43/145 = 29.7%
2026-09-18 03:36:04,952 [INFO]   of sessions, rising to 35.0% over the last 40 and 62.5% since 08-20.
2026-09-18 03:36:04,952 [INFO]   Spot-excursion outcome of the ORB breakout (entry -> 15:15), by regime:
2026-09-18 03:36:04,952 [INFO]       regime        n   medMFE  medMAE  med-edge  MFE>=25  win%
2026-09-18 03:36:04,952 [INFO]       BULL         17     36.9    51.9      +0.5     76%    53%
2026-09-18 03:36:04,952 [INFO]       BEAR         23     70.2   157.8    -119.0     70%    22%
2026-09-18 03:36:04,952 [INFO]       TRANSITION   44     78.5    60.9     +39.9     82%    57%
2026-09-18 03:36:04,952 [INFO]       CHOP         39     71.5    78.6     -17.2     90%    46%
2026-09-18 03:36:04,952 [INFO]       ALLOWED-now  84     70.3    69.6      -9.9     77%    46%
2026-09-18 03:36:04,952 [INFO]   CHOP is NOT separable from the days already allowed: same win rate (46% vs
2026-09-18 03:36:04,952 [INFO]   46%), higher median MFE (71.5 vs 70.3), and it reaches +25 spot points MORE
2026-09-18 03:36:04,952 [INFO]   often than the allowed set (90% vs 77%). The gate was removing days that look
2026-09-18 03:36:04,953 [INFO]   like the ones it keeps. Note also that BEAR -- the regime the older notes call
2026-09-18 03:36:04,953 [INFO]   ORB's edge -- is by far the WORST bucket here (win 22%, edge -119).
2026-09-18 03:36:04,953 [INFO]   LIMITS: the metric is a SPOT-excursion proxy (max favourable/adverse move to
2026-09-18 03:36:04,953 [INFO]   15:15), NOT a premium-level ORB P&L replay -- it ignores stop/lock sequencing,
2026-09-18 03:36:04,953 [INFO]   so a day with large MFE can still have hit the stop first. It says the gate
2026-09-18 03:36:04,953 [INFO]   does not DISCRIMINATE; it does NOT prove ORB is profitable in CHOP. This
2026-09-18 03:36:04,953 [INFO]   loosens rather than tightens, so it will increase trade count and drawdown
2026-09-18 03:36:04,953 [INFO]   exposure. The in-day ORB_CHOP_KILL (>=4 VWAP crosses, ORB_CHOP_MIN_CROSSES=4)
2026-09-18 03:36:04,953 [INFO]   is UNCHANGED and remains the intraday chop protection.
2026-09-18 03:36:04,953 [INFO]   SENSEX-SPECIFIC LIMIT: the 145-session measurement above was run on NIFTY
2026-09-18 03:36:04,953 [INFO]   ONLY. There is NO SENSEX evidence for either change; both are proportional /
2026-09-18 03:36:04,953 [INFO]   mirrored carry-overs onto a port whose 3.3x scaling was never backtested.
2026-09-18 03:36:04,953 [INFO]   REVERT: ORION_SENSEX_V2520_BACKUP_20260831_pre_orbgate_gapthresh.py
2026-09-18 03:36:04,953 [INFO]   STATUS: code applied 2026-08-31 post-close, boot-verified, NOT trade-proven.
2026-09-18 03:36:04,953 [INFO] V2.5.20 [2026-08-31] ORB/GAPBREAK LOCK-ARM THRESHOLDS LOWERED (80->57.6, 50->26.7).
2026-09-18 03:36:04,953 [INFO]   WHAT: ORB_LOCK_PTS 80.0 -> 57.6; GAP_LOCK_PTS 50.0 -> 26.7. SENSEX mirror
2026-09-18 03:36:04,954 [INFO]   of the NIFTY change, scaled proportionally at this port's existing index
2026-09-18 03:36:04,954 [INFO]   ratios (18 * 80/25 = 57.6; 8 * 50/15 = 26.7). These are the
2026-09-18 03:36:04,954 [INFO]   lock-FLOOR ARM thresholds in _manage_touch_exit(), not targets: while
2026-09-18 03:36:04,954 [INFO]   DAY.floor is None the position is exposed to the full stop; once premium
2026-09-18 03:36:04,954 [INFO]   touches entry+lock the floor arms and the stop is bypassed entirely.
2026-09-18 03:36:04,954 [INFO]   WHY (user instruction 2026-08-31, after the 08-31 replay): both engines were
2026-09-18 03:36:04,954 [INFO]   replayed on 08-31 NIFTY using the live functions with a replay-clock ltp()
2026-09-18 03:36:04,954 [INFO]   override. ORB signalled 09:40 PE 24050 @64.40 (OR 09:15-09:20 =
2026-09-18 03:36:04,954 [INFO]   [24038.40,24128.70], break bar body 95%); GAPBREAK at a 50pt threshold
2026-09-18 03:36:04,954 [INFO]   signalled 09:55 PE 24050 @74.45. The 24050PE peaked at 83.30 -- i.e. +18.90
2026-09-18 03:36:04,954 [INFO]   over the ORB entry and +8.85 over the GAPBREAK entry. Both arms (89.40 /
2026-09-18 03:36:04,955 [INFO]   89.45) were missed by ~6 premium points, so NEITHER floor armed, both sat
2026-09-18 03:36:04,955 [INFO]   fully exposed, and both took the full stop at 11:54 on the reversal:
2026-09-18 03:36:04,955 [INFO]   ORB -15pt/-Rs975, GAPBREAK -30pt/-Rs1950. 18 and 8 sit just under those
2026-09-18 03:36:04,955 [INFO]   observed peaks and would have armed (82.40 / 82.45 vs peak 83.30).
2026-09-18 03:36:04,955 [INFO]   EVIDENCE / LIMITS: n=1. ONE day, one trade per engine, replayed not traded --
2026-09-18 03:36:04,955 [INFO]   neither signal could have been taken live on 08-31 because the bot was dead
2026-09-18 03:36:04,955 [INFO]   09:15-10:21 IST (see the SCRIPT_DIR hotfix entry above). The thresholds were
2026-09-18 03:36:04,955 [INFO]   chosen to clear a single observed peak, which is curve-fitting to one sample;
2026-09-18 03:36:04,955 [INFO]   a 30/60/90-day replay has NOT been run. Lowering the arm also banks smaller
2026-09-18 03:36:04,955 [INFO]   wins more often and cuts the number of trades that survive to the RIDE stage
2026-09-18 03:36:04,955 [INFO]   (ORB_RIDE_TRIGGER_PTS 40 / GAP 65 are unchanged), so mean win size should be
2026-09-18 03:36:04,955 [INFO]   expected to FALL even if win-rate rises. Watch giveback and win-rate over the
2026-09-18 03:36:04,955 [INFO]   next several ORB/GAPBREAK trades, not one.
2026-09-18 03:36:04,955 [INFO]   EXTRA LIMIT (SENSEX): the 08-31 replay was run on NIFTY ONLY. No SENSEX
2026-09-18 03:36:04,955 [INFO]   ORB/GAPBREAK replay supports these numbers; they are a pure proportional
2026-09-18 03:36:04,955 [INFO]   carry-over of a NIFTY-derived, n=1 result, on a port whose 3.3x scaling was
2026-09-18 03:36:04,955 [INFO]   itself never backtested.
2026-09-18 03:36:04,955 [INFO]   REVERT: ORION_SENSEX_V2520_BACKUP_20260831_pre_lock_change.py
2026-09-18 03:36:04,955 [INFO]   STATUS: code applied 2026-08-31 post-close. NOT live-proven -- bots exited
2026-09-18 03:36:04,956 [INFO]   cleanly at 15:30 IST and next boot is the 09:02 IST cron on 2026-09-01.
2026-09-18 03:36:04,956 [INFO] V2.5.20 [2026-08-31] STALE-DATA GUARD THRESHOLD 16 -> 20 MIN (15m + fut15).
2026-09-18 03:36:04,956 [INFO]   WHAT : in the V2.5.15 stale-data guard, _fresh_limit = now - 16min becomes
2026-09-18 03:36:04,956 [INFO]          now - _stale_max_min (20). The [STALE] log line now prints the
2026-09-18 03:36:04,956 [INFO]          constant instead of a hardcoded ">16min". NO entry/exit RULE, no
2026-09-18 03:36:04,956 [INFO]          engine, no indicator touched -- this only changes when the guard
2026-09-18 03:36:04,956 [INFO]          declares the frame unusable and blocks entries for one cycle.
2026-09-18 03:36:04,956 [INFO]   WHY  : a bar's LABEL is its bucket START, so a perfectly current 15m bar is
2026-09-18 03:36:04,956 [INFO]          already 15 min old by label the instant the next bucket opens. 16 min
2026-09-18 03:36:04,956 [INFO]          left only ~60s of headroom, and the tick samples the new bucket a few
2026-09-18 03:36:04,956 [INFO]          seconds BEFORE its first 1m candle exists, so the shim (correctly) has
2026-09-18 03:36:04,956 [INFO]          no bar to build yet and returns the previous bucket. The guard then
2026-09-18 03:36:04,956 [INFO]          fired once per bucket, always at :01/:16/:31/:46, always recovering on
2026-09-18 03:36:04,956 [INFO]          the very next tick. This is a threshold artefact, NOT stale data.
2026-09-18 03:36:04,956 [INFO]          Supersedes the 08-29 note "Deliberately NOT raising the 16-min stale
2026-09-18 03:36:04,956 [INFO]          guard": that reasoning assumed the shim would make the forming bar
2026-09-18 03:36:04,956 [INFO]          available immediately, which it cannot do inside the first ~60s of a
2026-09-18 03:36:04,956 [INFO]          bucket. 20 = 15 (bar width) + 5 (publish/tick tolerance).
2026-09-18 03:36:04,956 [INFO]   EVIDENCE: 2026-08-31 live logs, first full day on the resampling shim.
2026-09-18 03:36:04,957 [INFO]          Nifty 18 [STALE] events, Sensex 18 -- each one blocking entries for a
2026-09-18 03:36:04,957 [INFO]          cycle. Replayed every one of the 36 against the recorded tick time and
2026-09-18 03:36:04,957 [INFO]          bar label: bar-label age ranged 16.00-16.45 min, i.e. ALL 36 sat
2026-09-18 03:36:04,957 [INFO]          inside a 0.45-min band just past the old line. Under 20 min: 0 of 36
2026-09-18 03:36:04,957 [INFO]          trip. Margin to the new line is 3.55 min.
2026-09-18 03:36:04,957 [INFO]          The failure this guard exists for is untouched: the 2026-06-12
2026-09-18 03:36:04,957 [INFO]          incident served bars HOURS in the past (13:30 PE entry into a +68pt
2026-09-18 03:36:04,957 [INFO]          rally, HARDSL) and is still caught by a wide margin.
2026-09-18 03:36:04,957 [INFO]   DIAGNOSIS NOTE: the shim itself was verified NOT to be at fault -- a live
2026-09-18 03:36:04,957 [INFO]          probe at 14:02:04 IST on 08-31 returned the 14:00 15m bar (fresh) and
2026-09-18 03:36:04,957 [INFO]          1m candles through 14:01, resampling correctly. The bug was only ever
2026-09-18 03:36:04,957 [INFO]          the guard's threshold.
2026-09-18 03:36:04,957 [INFO]   SECOND, DEPENDENT CHANGE -- _completed_idx() (REQUIRED, not optional):
2026-09-18 03:36:04,957 [INFO]          raising the threshold ALONE would have been a net regression, and the
2026-09-18 03:36:04,957 [INFO]          08-29 note "raising the guard is the WRONG FIX" was right about why.
2026-09-18 03:36:04,957 [INFO]          The engines read df15['K'].iloc[-2] (and df1h iloc[-2]) assuming
2026-09-18 03:36:04,957 [INFO]          iloc[-1] is ALWAYS the forming bar. In the boundary window it is not,
2026-09-18 03:36:04,957 [INFO]          so simply unblocking those cycles would have had the engines evaluate
2026-09-18 03:36:04,958 [INFO]          a K one bar (15 min) STALE -- silently. Measured: the guard's instant
2026-09-18 03:36:04,958 [INFO]          refetch, 28ms later, recovered 0 of 18 trips, confirming the forming
2026-09-18 03:36:04,958 [INFO]          bar is genuinely absent, not merely slow.
2026-09-18 03:36:04,958 [INFO]          New module-level _completed_idx(df, now, minutes) returns the offset of
2026-09-18 03:36:04,958 [INFO]          the last COMPLETED bar: -2 when the forming bar is present, -1 in the
2026-09-18 03:36:04,958 [INFO]          boundary window. Wired into the 2 K/1h read sites (main tick + the
2026-09-18 03:36:04,958 [INFO]          guard's recovery branch). The boot-time read at the "Live state + first
2026-09-18 03:36:04,958 [INFO]          pulse" block is left on -2 deliberately (one-shot, pre-market-loop).
2026-09-18 03:36:04,958 [INFO]          SAFETY PROPERTY: it returns -2 on every tick that today reaches the
2026-09-18 03:36:04,958 [INFO]          engines, so it CANNOT change any tick that currently produces a trade;
2026-09-18 03:36:04,958 [INFO]          it only differs inside the window that today is unconditionally
2026-09-18 03:36:04,958 [INFO]          blocked. Unit-tested 8 cases + a 96-tick sweep: 0 normal ticks return
2026-09-18 03:36:04,958 [INFO]          anything but -2.
2026-09-18 03:36:04,958 [INFO]   REVERT: ORION_PAPER_V2_5_20_BACKUP_20260831_pre_stale_threshold.py /
2026-09-18 03:36:04,958 [INFO]           ORION_SENSEX_V2520_BACKUP_20260831_pre_stale_threshold.py
2026-09-18 03:36:04,958 [INFO]           (both changes are in these backups -- revert restores 16-min + iloc[-2])
2026-09-18 03:36:04,958 [INFO]   STATUS: applied 2026-08-31 14:2x IST during market hours. The RUNNING
2026-09-18 03:36:04,958 [INFO]           processes still hold the old 16-min value (Python loaded the file at
2026-09-18 03:36:04,958 [INFO]           the 10:21 IST restart) -- this takes effect at the next boot, Tue
2026-09-18 03:36:04,959 [INFO]           2026-09-01. NOT live-proven. Confirm on 09-01 by grepping the
2026-09-18 03:36:04,959 [INFO]           FlightRecorder for [STALE]: expect ZERO. If any remain, the cause is
2026-09-18 03:36:04,959 [INFO]           NOT this threshold and the shim/feed must be re-examined.
2026-09-18 03:36:04,959 [INFO] V2.5.20 [2026-08-31] HOTFIX: NameError SCRIPT_DIR crashed the bot on every boot.
2026-09-18 03:36:04,959 [INFO]   The 2026-08-29 trade-recorder addition referenced `SCRIPT_DIR`, but this file
2026-09-18 03:36:04,959 [INFO]   only ever defines `_SCRIPT_DIR` (underscore). Bot died in <2s on all 50 restart
2026-09-18 03:36:04,959 [INFO]   attempts this morning and gave up before EOD -- no trades taken 08-31 09:19-10:21
2026-09-18 03:36:04,959 [INFO]   IST. Fixed TRADES_CSV to use `_SCRIPT_DIR`. Evidence: ~/orion_sensex_run.log,
2026-09-18 03:36:04,959 [INFO]   attempts 1-50, all identical traceback at line 5855. Revert:
2026-09-18 03:36:04,959 [INFO]   ORION_SENSEX_V2520_BACKUP_20260831_pre_scriptdir_fix.py. Status: fixed,
2026-09-18 03:36:04,959 [INFO]   restarted manually intraday 10:21 IST -- pending confirmation of clean boot.
2026-09-18 03:36:04,959 [INFO] V2.5.20 [2026-08-30] ORB + EXPIRY EXEMPTED FROM THE CROSS-ENGINE CIRCUIT BREAKER.
2026-09-18 03:36:04,959 [INFO]   User, after the 08-29 changelog review: "no. of trades limit or sl hit
2026-09-18 03:36:04,959 [INFO]   halting should not be applied to orb and expiry engines. these are
2026-09-18 03:36:04,959 [INFO]   required." (Also confirmed the 08-29 stacking fix does NOT need to change:
2026-09-18 03:36:04,959 [INFO]   ORB/EXPIRY were never in _OVERLAP_ENGINES = [BASE, VWAP, FUT5VWAP], so they
2026-09-18 03:36:04,959 [INFO]   never stacked and nothing there needed touching. EXP12/EXP1/EXP2 shadow book
2026-09-18 03:36:04,959 [INFO]   already runs with no gates at all, unaffected either way.)
2026-09-18 03:36:04,960 [INFO]   WHAT: added _halt_exempt = (_base in ("ORB", "EXPIRY")) to the entry gate;
2026-09-18 03:36:04,960 [INFO]   _entry_allowed now ignores DAY.halted / GLOBAL_HALTED for these two engines
2026-09-18 03:36:04,960 [INFO]   unconditionally, in both PAPER and LIVE broker modes. Previously the global
2026-09-18 03:36:04,960 [INFO]   4-loss circuit breaker (any engine's losses, not just its own) set
2026-09-18 03:36:04,960 [INFO]   DAY.halted=True on every engine including these two, and in LIVE mode that
2026-09-18 03:36:04,960 [INFO]   fully blocked their new entries (paper mode already happened to be
2026-09-18 03:36:04,960 [INFO]   permissive via _cb_paper_mode, but only incidentally -- this makes it
2026-09-18 03:36:04,960 [INFO]   explicit and mode-independent). BASE/VWAP/FUT5VWAP/GAPBREAK are UNCHANGED
2026-09-18 03:36:04,960 [INFO]   and still halt normally.
2026-09-18 03:36:04,960 [INFO]   NO BACKTEST -- pure gating change per explicit user instruction, not a
2026-09-18 03:36:04,960 [INFO]   measured edge claim.
2026-09-18 03:36:04,960 [INFO]   REVERT: delete the _halt_exempt line and its `or _halt_exempt` use, or
2026-09-18 03:36:04,960 [INFO]           ORION_SENSEX_V2520_BACKUP_20260830_pre_halt_exempt.py
2026-09-18 03:36:04,960 [INFO]   STATUS: [USER] live on the next boot, Mon 2026-08-31.
2026-09-18 03:36:04,960 [INFO] 
2026-09-18 03:36:04,960 [INFO] V2.5.20 [2026-08-29] CE_BUY_ENABLED flag added (default True, NO behaviour change).
2026-09-18 03:36:04,960 [INFO]   Buying a CALL measured EV -1.067 pts over 91 sessions / 262,911 CE option-
2026-09-18 03:36:04,961 [INFO]   minutes, 95% CI [-2.179,-0.192] -- excludes zero, an ESTABLISHED loser. Puts
2026-09-18 03:36:04,961 [INFO]   are -0.088 (CI includes zero). Half-sizing was tried first and is a NO-OP:
2026-09-18 03:36:04,961 [INFO]   every engine is at 1 lot, so max(1, round(1*0.5)) == 1. At 1-lot sizing this
2026-09-18 03:36:04,961 [INFO]   is binary. Left ENABLED because disabling halves trade count and the user
2026-09-18 03:36:04,961 [INFO]   wants trades firing, and because the PE-minus-CE difference CI still includes
2026-09-18 03:36:04,961 [INFO]   zero -- only the CE loss is established, not the asymmetry.
2026-09-18 03:36:04,961 [INFO]   Set CE_BUY_ENABLED = False to act on it. Flag is declared and documented but
2026-09-18 03:36:04,961 [INFO]   NOT yet wired into the entry path -- wiring it is the next step if chosen.
2026-09-18 03:36:04,961 [INFO]   REVERT: *_BACKUP_20260829_pre_ce_halfsize.py
2026-09-18 03:36:04,961 [INFO]   STATUS: [BT] measured; flag inert by default.
2026-09-18 03:36:04,961 [INFO] 
2026-09-18 03:36:04,961 [INFO] V2.5.20 [2026-08-29] MAKE THE SILENT ENGINES FIRE — ORB regime gate + V3 probe fills.
2026-09-18 03:36:04,962 [INFO]   User: "i want all engines repaired and trades should be firing."
2026-09-18 03:36:04,962 [INFO]   Two engines were producing signals that never became trades.
2026-09-18 03:36:04,962 [INFO]   (1) ORB — was standing down on 27 of 40 live days (TRANSITION 14, CHOP 13) and
2026-09-18 03:36:04,962 [INFO]       there had been NO BULL/BEAR day since 08-17, so it fired zero times for six
2026-09-18 03:36:04,962 [INFO]       straight sessions, including 08-27 (NIFTY -187 closing on the low, SENSEX
2026-09-18 03:36:04,962 [INFO]       -643 on the low) which is the exact one-way trend an opening-range break is
2026-09-18 03:36:04,962 [INFO]       built for. The gate was also stricter than anything validated: only
2026-09-18 03:36:04,962 [INFO]       SIDEWAYS-skip was ever backtested; the live proxy collapsed TRANSITION AND
2026-09-18 03:36:04,962 [INFO]       CHOP into skip and its own comment admits it is "stricter (skip-more)".
2026-09-18 03:36:04,962 [INFO]       V2's regime_allows_trade() already permits TRANSITION.
2026-09-18 03:36:04,962 [INFO]       198-session check (spot pts, OR break, live ORB exit params):
2026-09-18 03:36:04,962 [INFO]         SENSEX BULL +8.71  BEAR +10.52  TRANSITION +3.34  CHOP +1.75
2026-09-18 03:36:04,962 [INFO]         NIFTY  BULL +1.30  BEAR  -0.88  TRANSITION +0.19  CHOP +2.62
2026-09-18 03:36:04,962 [INFO]       TRANSITION is positive on both, lower quality than BULL/BEAR but not
2026-09-18 03:36:04,962 [INFO]       harmful. => ORB_ALLOWED_REGIMES = (BULL, BEAR, TRANSITION); CHOP still out.
2026-09-18 03:36:04,962 [INFO]       Expected effect: ORB active on ~68% of days instead of ~32%.
2026-09-18 03:36:04,962 [INFO]   (2) V3 PROBE — the engine committed to a signal, placed a resting limit, then
2026-09-18 03:36:04,963 [INFO]       never got filled. NIFTY filled 13 of 30 (43%); SENSEX filled 0 of 8.
2026-09-18 03:36:04,963 [INFO]       Pullback NIFTY 8.0 -> 4.0, SENSEX 26.0 -> 13.0, window 15 -> 25 min.
2026-09-18 03:36:04,963 [INFO]       Trades a slightly worse entry price for actually being in the trade.
2026-09-18 03:36:04,963 [INFO]   NOT VALIDATED AS PROFIT. Both are frequency fixes measured in spot points;
2026-09-18 03:36:04,963 [INFO]   forward paper is the only referee. If ORB's win rate on TRANSITION days comes
2026-09-18 03:36:04,963 [INFO]   in worse than on BULL/BEAR over a real forward sample, revert first.
2026-09-18 03:36:04,963 [INFO]   REVERT: ORB_ALLOWED_REGIMES = ('BULL','BEAR'); probe pullback 8.0/26.0,
2026-09-18 03:36:04,963 [INFO]           window 15; or *_BACKUP_20260829_pre_firing.py
2026-09-18 03:36:04,963 [INFO]   STATUS: [USER][FWD] live on the next boot, Mon 2026-08-31.
2026-09-18 03:36:04,963 [INFO] 
2026-09-18 03:36:04,963 [INFO] V2.5.20 [2026-08-29] VWAP REPAIR — LEGACY_OVERLAP_SLOTS 4 -> 0 (both bots).
2026-09-18 03:36:04,963 [INFO]   User: "but also repair vwap".
2026-09-18 03:36:04,963 [INFO]   WHAT WAS ACTUALLY WRONG (measured, all 165 live trades 07-06..08-28):
2026-09-18 03:36:04,963 [INFO]   BASE/VWAP/FUT5VWAP each had 5 concurrent position slots and dedup ran per-BAR
2026-09-18 03:36:04,963 [INFO]   only -- nothing checked whether that strike was already open. Result:
2026-09-18 03:36:04,963 [INFO]       single positions  n=41  win 46%  mean +0.74pt
2026-09-18 03:36:04,963 [INFO]       stacked positions n=124 win 48%  mean +0.68pt
2026-09-18 03:36:04,964 [INFO]   Identical per-trade expectancy => the extra slots add NO EDGE, they only
2026-09-18 03:36:04,964 [INFO]   multiply size and variance. 24 of 40 stack events finished worse than the
2026-09-18 03:36:04,964 [INFO]   first slot alone; net cost Rs2,261; the damage is all in the tails (07-23
2026-09-18 03:36:04,964 [INFO]   stacked 4x into 24000CE -Rs7,248 vs -Rs1,398 for one slot; 08-13 stacked 7x
2026-09-18 03:36:04,964 [INFO]   -Rs7,213 vs -Rs959). 08-28 bought 24100PE twice 14 minutes apart and stopped
2026-09-18 03:36:04,964 [INFO]   both: -Rs1,739 instead of -Rs875. It also silently broke the standing 1-LOT
2026-09-18 03:36:04,964 [INFO]   rule -- VWAP could hold 5 lots at once. SLOT_LIST goes 18 -> 6.
2026-09-18 03:36:04,964 [INFO]   WHAT I DID **NOT** CHANGE, AND WHY:
2026-09-18 03:36:04,964 [INFO]    * CLIMAX FILTER (body>=87%) -- a 6-session n=14 sample suggested it was
2026-09-18 03:36:04,964 [INFO]      vetoing the best bars (79% continuation, +47pt/60m vs 52%/+13pt). RE-TESTED
2026-09-18 03:36:04,964 [INFO]      on 147 sessions (2025-12-24..2026-08-28, 3,381 15m bars/index): NIFTY shows
2026-09-18 03:36:04,964 [INFO]      NO difference (+60m +3.74 vetoed vs +4.37 kept, t=-0.14); SENSEX is
2026-09-18 03:36:04,964 [INFO]      suggestive but NOT significant (+14.27 vs +3.01, t=+0.77). The n=14 result
2026-09-18 03:36:04,964 [INFO]      was noise. Filter left exactly as is.
2026-09-18 03:36:04,964 [INFO]    * HARDSL_PCT -- the 08-29 study showed -18% sits inside the option's own
2026-09-18 03:36:04,964 [INFO]      noise (5 of 7 stops fired on index moves <0.1%), but the ATR-stop backtest
2026-09-18 03:36:04,964 [INFO]      could not clear G1 (34/53 entries locatable) and its baseline was Rs8,037
2026-09-18 03:36:04,964 [INFO]      from live, so NO stop change is justified yet. The trade recorder added the
2026-09-18 03:36:04,964 [INFO]      same day is what will settle it.
2026-09-18 03:36:04,965 [INFO]   REVERT: ORION_PAPER_V2_5_20_BACKUP_20260829_pre_overlapslots.py
2026-09-18 03:36:04,965 [INFO]           ORION_SENSEX_V2520_BACKUP_20260829_pre_overlapslots.py
2026-09-18 03:36:04,965 [INFO]   STATUS: [BT][USER] effective on the next boot, Mon 2026-08-31.
2026-09-18 03:36:04,965 [INFO] 
2026-09-18 03:36:04,965 [INFO] V2.5.20 [2026-08-29] TRADE RECORDER — per-trade CSV with DTE, MFE/MAE, option ATR.
2026-09-18 03:36:04,965 [INFO]   User: "write its expiry-1 days also, so will know the decay part also."
2026-09-18 03:36:04,965 [INFO]   WHY: the ENTRY: log line carries NO timestamp, so a closed trade cannot be
2026-09-18 03:36:04,965 [INFO]   located on the option's 1-minute tape afterwards. Reconstructing entries by
2026-09-18 03:36:04,965 [INFO]   price-matching failed for 19 of 53 VWAP trades (64%), which is exactly why the
2026-09-18 03:36:04,965 [INFO]   2026-08-29 ATR-stop backtest could not clear its G1 gate (and its baseline came
2026-09-18 03:36:04,965 [INFO]   out Rs8,037 away from the live result, because it had to discard the 19 TRAIL
2026-09-18 03:36:04,965 [INFO]   exits worth +Rs18,807 that it could not model). Bar-level CSVs cannot recover
2026-09-18 03:36:04,965 [INFO]   this either -- they sample ~5min and hold only ONE position, so with 5 overlap
2026-09-18 03:36:04,965 [INFO]   slots they produced 32 phantom entries for 3 real trades on 08-26.
2026-09-18 03:36:04,965 [INFO]   WHAT: Nifty_Trades_V2_5_20.csv / Sensex_Trades_V2_5_20.csv, one row per closed
2026-09-18 03:36:04,965 [INFO]   trade: entry_ts, exit_ts, held_min, engine+detail, symbol/side/strike,
2026-09-18 03:36:04,965 [INFO]   expiry, DTE, lots, entry/exit premium, reason, pts, rupees, MFE/MAE premium
2026-09-18 03:36:04,965 [INFO]   and points, the OPTION's own 14x1min ATR at entry and as % of premium,
2026-09-18 03:36:04,966 [INFO]   sl_level, entry/exit spot and spot_move.
2026-09-18 03:36:04,966 [INFO]   DTE answers the decay question: whether a stop was hit by direction or by
2026-09-18 03:36:04,966 [INFO]   theta as expiry approached. MFE/MAE answers whether a stop cut a real loser
2026-09-18 03:36:04,966 [INFO]   or ejected a trade that was working.
2026-09-18 03:36:04,966 [INFO]   EXPIRY IS TAKEN FROM TARGET_EXPIRY_DATE, NOT PARSED from the tradingsymbol:
2026-09-18 03:36:04,966 [INFO]   a monthly symbol does not encode the day, and "last Thursday" is wrong on both
2026-09-18 03:36:04,966 [INFO]   exchanges now (NSE weekly = Tuesday, BSE = Thursday) -- an end-to-end test
2026-09-18 03:36:04,966 [INFO]   decoded NIFTY26AUG as 2026-08-31 when the real expiry was 08-25.
2026-09-18 03:36:04,966 [INFO]   _expiry_from_symbol() is a weekly-only fallback and returns None for monthly
2026-09-18 03:36:04,966 [INFO]   rather than guessing.
2026-09-18 03:36:04,966 [INFO]   RECORDING ONLY -- no entry, exit or sizing behaviour changes. POS gains
2026-09-18 03:36:04,966 [INFO]   trough_premium (MAE), atr_entry, expiry_date; LAST_SPOT global refreshed each
2026-09-18 03:36:04,966 [INFO]   pulse in check_exits() so the recorder has a spot at every call site; the whole
2026-09-18 03:36:04,966 [INFO]   writer is wrapped in try/except so a logging fault can never break an exit.
2026-09-18 03:36:04,966 [INFO]   VERIFIED end-to-end against the real 2026-08-28 VWAP trade (74.80 -> 61.34,
2026-09-18 03:36:04,966 [INFO]   -Rs875): every field reproduced, DTE=2, atr_pct=4.36%.
2026-09-18 03:36:04,966 [INFO]   REVERT: ORION_PAPER_V2_5_20_BACKUP_20260829_pre_traderecorder.py
2026-09-18 03:36:04,966 [INFO]           ORION_SENSEX_V2520_BACKUP_20260829_pre_traderecorder.py
2026-09-18 03:36:04,967 [INFO]   STATUS: [USER][FWD] first rows land Mon 2026-08-31. Nothing recoverable for the
2026-09-18 03:36:04,967 [INFO]   37 days already logged.
2026-09-18 03:36:04,967 [INFO] 
2026-09-18 03:36:04,967 [INFO] V2.5.20 [2026-08-29] FUT5VWAP 3 lots -> 1 lot (BOTH bots), user-directed.
2026-09-18 03:36:04,967 [INFO]   User: "i want that one engine which takes 3 lots, is it working fine, if not
2026-09-18 03:36:04,967 [INFO]   reduce to 1 lot."  It is not working fine.
2026-09-18 03:36:04,967 [INFO]   EVIDENCE (live log 2026-07-06..08-28, orion_v2520_run.log, 155 exits parsed):
2026-09-18 03:36:04,967 [INFO]     FUT5VWAP  18 trades  14 wins (77.8%)  net -42.88pt  = -Rs8,362 at 3 lots
2026-09-18 03:36:04,967 [INFO]   The high win rate is an artifact of the exit shape, not edge: wins are capped
2026-09-18 03:36:04,967 [INFO]   at the +4.00pt LOCK_FLOOR (avg win +5.51pt) while the 4 losses each ran the
2026-09-18 03:36:04,967 [INFO]   full -30.00pt stop. Break-even win rate at that payoff = 84.5%; actual 77.8%.
2026-09-18 03:36:04,967 [INFO]   It was the single worst engine in the book by rupees, purely because of the 3x.
2026-09-18 03:36:04,967 [INFO]   NUANCE, stated so it is not lost: all 4 losses are BEFORE the 08-17 stop
2026-09-18 03:36:04,967 [INFO]   tightening (30->25pt). Since then only 2 trades have closed (08-25 +4.00,
2026-09-18 03:36:04,967 [INFO]   08-28 +4.00), both wins. So the 08-17 fix may well work -- but n=2 is not
2026-09-18 03:36:04,967 [INFO]   evidence, and an unproven engine should not carry triple size. Re-raise to 3
2026-09-18 03:36:04,967 [INFO]   only after a forward sample large enough to beat the 84.5% break-even bar.
2026-09-18 03:36:04,967 [INFO]   REVERT: ORION_PAPER_V2_5_20_BACKUP_20260829_pre_fut5_1lot.py
2026-09-18 03:36:04,968 [INFO]           ORION_SENSEX_V2520_BACKUP_20260829_pre_fut5_1lot.py
2026-09-18 03:36:04,968 [INFO]   STATUS: [USER][FWD] takes effect on the next boot (Mon 2026-08-31).
2026-09-18 03:36:04,968 [INFO] 
2026-09-18 03:36:04,968 [INFO] === ORION CHANGE HISTORY (V2.2.2 -> V2.5.9) ===
2026-09-18 03:36:04,968 [INFO] 
2026-09-18 03:36:04,968 [INFO] V2.2.2 [PRODUCTION BASELINE — T10]
2026-09-18 03:36:04,968 [INFO]   Entry : 1h SMA20/50 regime + 15m StochRSI K (CE>=38 rising, PE<=80 falling)
2026-09-18 03:36:04,968 [INFO]   Exit  : HARDSL -35%, TIME_SL 210min/-20%, BE +15% -> option SMA8(low) trail
2026-09-18 03:36:04,968 [INFO]   CB=2, 1 lot, no flip, no V3, no chop filter
2026-09-18 03:36:04,968 [INFO] 
2026-09-18 03:36:04,968 [INFO] V2.3  [+V3 CLUSTER LEVELS]
2026-09-18 03:36:04,968 [INFO]   + PDH/PDL/round_50/round_100/PDC/1h swing pivots clustered within 20pts
2026-09-18 03:36:04,968 [INFO]   + Grade A (>=3 source kinds) / Grade B (>=2)
2026-09-18 03:36:04,968 [INFO]   + ADX regime classifier (BULL/BEAR/CHOP/TRANSITION)
2026-09-18 03:36:04,968 [INFO] 
2026-09-18 03:36:04,968 [INFO] V2.4  [+EXIT UPGRADES]
2026-09-18 03:36:04,968 [INFO]   + 15m option SMA8(low) trail (KEPT in all future versions)
2026-09-18 03:36:04,969 [INFO]   + ATR-based exits (REMOVED — not robust enough)
2026-09-18 03:36:04,969 [INFO]   + BE armor at +15% (REMOVED later — net negative in backtest)
2026-09-18 03:36:04,969 [INFO] 
2026-09-18 03:36:04,969 [INFO] V2.5.0  [HYBRID V2+V3 + TIME-RATCHET]
2026-09-18 03:36:04,969 [INFO]   + Hybrid V2+V3 entry (V2 priority on same-bar tiebreak)
2026-09-18 03:36:04,969 [INFO]   + Time-ratchet exit: 90min / +20 step
2026-09-18 03:36:04,969 [INFO] 
2026-09-18 03:36:04,969 [INFO] V2.5.1  [ENTRY REFINEMENT]
2026-09-18 03:36:04,969 [INFO]   + V2 PE_floor=25 (K>=25 required for PE entry)
2026-09-18 03:36:04,969 [INFO]   + V2 CE: no upper K cap (cap tested and REJECTED — hurts WR)
2026-09-18 03:36:04,969 [INFO]   + V2 priority confirmed: +Rs 52k vs V3-priority
2026-09-18 03:36:04,969 [INFO] 
2026-09-18 03:36:04,969 [INFO] V2.5.2  [FLIP RULE +Rs 130k]
2026-09-18 03:36:04,969 [INFO]   + Path A flip (in-trade): elapsed>=30 + peak>=entry+15 + LTP<=entry+10 + K reversed
2026-09-18 03:36:04,969 [INFO]   + Path B flip (post-exit): K reversal within 60min
2026-09-18 03:36:04,969 [INFO]   + Opposite-side only (same-side continuation REJECTED: -Rs 191k CATASTROPHIC)
2026-09-18 03:36:04,969 [INFO]   + CE->PE: K falling, 25<=K<=80 | PE->CE: K rising, K>=38
2026-09-18 03:36:04,969 [INFO] 
2026-09-18 03:36:04,970 [INFO] V2.5.3  [V3 SINGLETONS + HARDSL LOCKED]
2026-09-18 03:36:04,970 [INFO]   + Promoted singletons: PDH/PDL/round_100(+-200 PDC)/swing pivots standalone Grade B
2026-09-18 03:36:04,970 [INFO]   + HARDSL locked at -25% (swept -35% to -15%; -25% optimal)
2026-09-18 03:36:04,970 [INFO]   + PnL Rs +3,14,418
2026-09-18 03:36:04,970 [INFO] 
2026-09-18 03:36:04,970 [INFO] V2.5.4  [FLIP CAP]
2026-09-18 03:36:04,970 [INFO]   + MAX_FLIPS_PER_DAY=3 (flips 1-3 win Rs 131k; flips 4+ lose Rs 21k)
2026-09-18 03:36:04,970 [INFO]   + PnL Rs +3,23,851
2026-09-18 03:36:04,970 [INFO] 
2026-09-18 03:36:04,970 [INFO] V2.5.5  [CHOP FILTER +Rs 49k]
2026-09-18 03:36:04,970 [INFO]   + RSI [47,53] indecision band blocks ALL entries
2026-09-18 03:36:04,970 [INFO]   + PnL Rs +3,72,598
2026-09-18 03:36:04,970 [INFO] 
2026-09-18 03:36:04,970 [INFO] V2.5.6  [V3 PDC CONTAMINATION FIX — LOCKED Rs 3,85,724 / WR 35.7%]
2026-09-18 03:36:04,970 [INFO]   + Exclude PDC from clustering (PDC is reference, not tradeable level)
2026-09-18 03:36:04,970 [INFO]   + G/R require >=25pt buffer from PDC (motivated by 2026-05-18 bad paper trade)
2026-09-18 03:36:04,970 [INFO]   + PnL Rs +3,85,724 / MaxDD -1,331 / Red 5/18
2026-09-18 03:36:04,970 [INFO] 
2026-09-18 03:36:04,971 [INFO] V2.5.7  [VELVET ROPE + RATCHET +Rs 1,14,324 / WR 35.7%->55.4%]
2026-09-18 03:36:04,971 [INFO]   + Velvet Rope: premium hits entry+15 -> SL immediately to entry+2
2026-09-18 03:36:04,971 [INFO]   + Ratchet Gate: 30min elapsed + entry+25 -> SL to entry+15
2026-09-18 03:36:04,971 [INFO]   + Runner Trail: +20 per +20pts peak (one-way)
2026-09-18 03:36:04,971 [INFO]   + Trade-off: Red months 5->10/18, MaxDD -1,331->-1,885
2026-09-18 03:36:04,971 [INFO] 
2026-09-18 03:36:04,971 [INFO] V2.5.8  [K EXTREME + FULL SMA ALIGNMENT]
2026-09-18 03:36:04,971 [INFO]   + K extreme filter: CE entry only if K<25 recently (3 bars); PE if K>75 recently
2026-09-18 03:36:04,971 [INFO]   + Full SMA alignment: CE needs close>SMA20>SMA50 (was just close>SMA20)
2026-09-18 03:36:04,971 [INFO] 
2026-09-18 03:36:04,971 [INFO] V2.5.9  [Rs 6,70,425 / WR 66.9% / 357 trades / MaxDD -1,485 / Red 8/18]
2026-09-18 03:36:04,971 [INFO]   + RSI DIRECTIONAL GATE replaces RSI [47,53] chop filter:
2026-09-18 03:36:04,971 [INFO]       CE: 1h RSI>53 required | PE: 1h RSI<47 required
2026-09-18 03:36:04,971 [INFO]   + MACD 1h alignment: CE needs MACD_line>signal; PE needs MACD_line<signal
2026-09-18 03:36:04,971 [INFO]   + Premium gate: 30<=entry_LTP<=180 (blocks deep OTM and IV-spike entries)
2026-09-18 03:36:04,971 [INFO]   + Tightened exit params: RI=12 (was 15), RT=20 (was 30), RS=25 (was 20)
2026-09-18 03:36:04,971 [INFO]   + CB=3 (was 4)
2026-09-18 03:36:04,971 [INFO]   + Straddle monitoring: informational Telegram at 9:45 and 11:30
2026-09-18 03:36:04,972 [INFO]   + Options VWAP: informational context at entry/pulse/exit
2026-09-18 03:36:04,972 [INFO] 
2026-09-18 03:36:04,972 [INFO] V2.5.12 [CURRENT LOCKED — Rs 6,88,158 / WR 64.5% / 363 trades / MaxDD -1,119 / Red 5/18]
2026-09-18 03:36:04,972 [INFO]   SOURCE: VRL (Vishal Rajput) code analysis — peak-based ratchet ladder
2026-09-18 03:36:04,972 [INFO]   + HARDSL tightened -25% → -18% (faster loss cut, less capital exposed)
2026-09-18 03:36:04,972 [INFO]   + 20-min time gate REMOVED — purely peak-based ladder (no waiting)
2026-09-18 03:36:04,972 [INFO]   + Ladder Tier2: peak >= entry+24 → SL = entry+12 (immediate)
2026-09-18 03:36:04,972 [INFO]   + Ladder Tier3: peak >= entry+36 → SL = entry+24 (immediate)
2026-09-18 03:36:04,972 [INFO]   + Entry logic UNCHANGED from V2.5.9
2026-09-18 03:36:04,972 [INFO]   + Validated: real option data (May 4-21 2026, 12 days)
2026-09-18 03:36:04,972 [INFO]   + Key improvement: MaxDD -1,485 → -1,119 (-25%), Red months 8 → 5
2026-09-18 03:36:04,972 [INFO] 
2026-09-18 03:36:04,972 [INFO] V2.5.12-LIVE [2026-05-29 — FIRST LIVE TRADING SESSION WITH mSTOCK EXECUTION]
2026-09-18 03:36:04,972 [INFO]   + EXECUTION_BROKER switched from kite_paper → mstock_live
2026-09-18 03:36:04,972 [INFO]   + mStock Type B API integrated: login → set_access_token → verify_totp (TOTP auto)
2026-09-18 03:36:04,972 [INFO]   + Instrument master: direct fetch from OpenAPIScripMaster (173k symbols, name field)
2026-09-18 03:36:04,972 [INFO]   + order_status: mStock returns 'Traded' status (not 'COMPLETE') — mapped correctly
2026-09-18 03:36:04,972 [INFO]   + place_order: disclosedquantity="0" required (blank causes IA400 rejection)
2026-09-18 03:36:04,972 [INFO]   + IP 18.212.243.203 (PythonAnywhere) whitelisted in mStock API settings
2026-09-18 03:36:04,973 [INFO]   + BUY: 15s timeout, cancel-and-check on timeout, abort if not filled
2026-09-18 03:36:04,973 [INFO]   + SELL: 3 retries × 5s, 🚨 CRITICAL Telegram alert if all fail, POS.active stays True
2026-09-18 03:36:04,973 [INFO]   + V3 REGIME GATE REMOVED: V3 now fires in CHOP/INSUFFICIENT regime
2026-09-18 03:36:04,973 [INFO]       Root cause of bug: regime gate wrapped ALL signals including V3;
2026-09-18 03:36:04,973 [INFO]       V3 uses cluster break/reject as its own confirmation — ADX not needed
2026-09-18 03:36:04,973 [INFO]       V2 and FLIP remain regime-gated (BULL/BEAR/TRANSITION only)
2026-09-18 03:36:04,973 [INFO]   + V3 engine: acts on ALL Grade A/B clusters simultaneously (not just nearest)
2026-09-18 03:36:04,973 [INFO]   + PREMIUM_MAX asymmetric: CE=180 (unchanged), PE=300 (was 180, captures panic moves)
2026-09-18 03:36:04,973 [INFO]   + VWAP double confirmation engine (new):
2026-09-18 03:36:04,973 [INFO]       Fires when Nifty 15m bar crosses daily VWAP with body>=50% range
2026-09-18 03:36:04,973 [INFO]       AND ATM CE/PE LTP is also above/below its daily VWAP simultaneously
2026-09-18 03:36:04,973 [INFO]       Self-confirming like V3 — no regime gate
2026-09-18 03:36:04,973 [INFO]   + LOTS_PER_TRADE = 2 (live)
2026-09-18 03:36:04,973 [INFO] 
2026-09-18 03:36:04,973 [INFO] V2.5.13 [VWAP TRAIL EXIT + BOOT SELF-TEST + STABILITY FIXES]
2026-09-18 03:36:04,973 [INFO]   + VWAP engine trades: trail exit uses option's own VWAP (15m close < option VWAP)
2026-09-18 03:36:04,973 [INFO]     instead of SMA8(low) trail — holds through pullbacks better on VWAP-confirmed moves
2026-09-18 03:36:04,973 [INFO]   + V2/V3/FLIP trades: keep original SMA8(low) trail (unchanged)
2026-09-18 03:36:04,973 [INFO]   + Boot self-test: BUY (LIMIT ₹0.05) + SELL (LIMIT ₹9999) on deep OTM option at startup
2026-09-18 03:36:04,974 [INFO]     Both must succeed and cancel cleanly or bot aborts — confirms mStock connectivity + IP
2026-09-18 03:36:04,974 [INFO]   + MStockBroker class inlined into single .py file (no separate mstock_broker.py)
2026-09-18 03:36:04,974 [INFO]   + IA403 recovery: rebuilds SDK client from scratch on IP mismatch, 3 consecutive → halt
2026-09-18 03:36:04,974 [INFO]   + Position sync cooldown: 180s → 300s (avoids false MANUAL_EXIT on slow fills)
2026-09-18 03:36:04,974 [INFO]   + MANUAL_EXIT fix: clears buy_order_id before close_trade to prevent duplicate SELL
2026-09-18 03:36:04,974 [INFO]   + State file: added date field, resets trades_today/losses on new day boundary
2026-09-18 03:36:04,974 [INFO]   + VWAP dedup log spam removed (silent return on same-bar re-fire)
2026-09-18 03:36:04,974 [INFO] 
2026-09-18 03:36:04,974 [INFO] V2.5.14 [TIERED PROFIT LOCK LADDER — inspired by VRL]
2026-09-18 03:36:04,974 [INFO]   + Replaced sparse 3-tier ratchet (Velvet Rope + T2 + T3 + Runner) with 7-tier ladder
2026-09-18 03:36:04,974 [INFO]   + Ladder: +12→+2, +18→+8, +24→+12, +30→+20, +36→+24, +40→+30, +50→+40
2026-09-18 03:36:04,974 [INFO]   + More tiers = less profit give-back on sharp reversals
2026-09-18 03:36:04,974 [INFO]   + Checked every tick (not candle-based) — same as before but tighter protection
2026-09-18 03:36:04,974 [INFO]   + Unified code: single loop replaces 3 separate sections (3a/3b/3c → 3)
2026-09-18 03:36:04,974 [INFO]   + VWAP engine upgraded to TRIPLE confirmation:
2026-09-18 03:36:04,974 [INFO]     Gate 1 (PRIMARY): Nifty FUTURES 15m close crosses futures VWAP, body >= 50%
2026-09-18 03:36:04,974 [INFO]     Gate 2: Nifty SPOT 15m close same direction above/below spot VWAP
2026-09-18 03:36:04,974 [INFO]     Gate 3: ATM option LTP above/below option's own VWAP
2026-09-18 03:36:04,975 [INFO]   + Futures VWAP is now the primary decision criterion — real margin-backed money
2026-09-18 03:36:04,975 [INFO]   + Nifty FUT token auto-resolved from Kite instruments at boot (no hardcoding)
2026-09-18 03:36:04,975 [INFO] 
2026-09-18 03:36:04,975 [INFO] V2.5.15 [STALE DATA GUARD — 2026-06-12]
2026-09-18 03:36:04,975 [INFO]   + ROOT CAUSE FOUND: Kite intermittently returned a 15m series ending ~2h in
2026-09-18 03:36:04,975 [INFO]     the past. Evidence: VWAP entry logged bar=198 at 11:30 but bar=197 at 13:30
2026-09-18 03:36:04,975 [INFO]     (bar index went BACKWARDS); the 13:30 entry cited a 67% bearish bar +
2026-09-18 03:36:04,975 [INFO]     FUT 23375 while the live tape was +68 pts off the low in 4 min → bought PE
2026-09-18 03:36:04,975 [INFO]     into a V-reversal → HARDSL -21.73. Fresh-data replay confirms the signal
2026-09-18 03:36:04,975 [INFO]     does NOT fire at 13:30 with up-to-date frames. Likely also suppressed valid
2026-09-18 03:36:04,975 [INFO]     signals (Jun-11 zero-trade day: fresh-data replay finds 4 trades / +35 pts).
2026-09-18 03:36:04,975 [INFO]   + Guard (active 09:32+): if last 15m bar (spot or futures) is older than
2026-09-18 03:36:04,975 [INFO]     16 min → instant refetch from Kite; if recovered, continue + Telegram info;
2026-09-18 03:36:04,975 [INFO]     if still stale → Telegram alert + ENTRIES blocked for that cycle only.
2026-09-18 03:36:04,975 [INFO]   + EXITS are never blocked on data quality.
2026-09-18 03:36:04,975 [INFO]   + Telegram alerts rate-limited to 1 per 10 min; log line every cycle.
2026-09-18 03:36:04,975 [INFO] 
2026-09-18 03:36:04,975 [INFO] V2.5.16 [MOMENTUM GATE ON SAME-SIDE STREAKS + SMA8 TODAY-ONLY FIX — 2026-06-17]
2026-09-18 03:36:04,975 [INFO]   + PROBLEM: in choppy markets the bot ran 3+ rapid same-direction trades —
2026-09-18 03:36:04,976 [INFO]     first 1-2 win small, the 3rd buys into the reversal and takes the full
2026-09-18 03:36:04,976 [INFO]     -18% HARDSL, then keeps buying the same side, wiping the day's gains.
2026-09-18 03:36:04,976 [INFO]     Diagnosis (May+June real-opt data): the persistence is the VWAP engine
2026-09-18 03:36:04,976 [INFO]     (no regime filter, re-fires same side each 15m bar). The 1st/2nd winners
2026-09-18 03:36:04,976 [INFO]     exit on the peak ladder (TRAIL_+N); the 3rd dies on HARDSL/VWAP_TRAIL.
2026-09-18 03:36:04,976 [INFO]   + MOMENTUM GATE: the 3rd+ CONSECUTIVE same-direction entry (any engine) is
2026-09-18 03:36:04,976 [INFO]     blocked unless spot has moved >= MOM_GATE_PTS (12) WITH the trade over the
2026-09-18 03:36:04,976 [INFO]     last MOM_GATE_BARS (5) closed 1m bars. 1st/2nd same-side entries untouched.
2026-09-18 03:36:04,976 [INFO]     Run counted from DAY.trades_today (closed trades). New fetch_nifty_1m() +
2026-09-18 03:36:04,976 [INFO]     momentum_gate_ok(); fails OPEN if 1m data unavailable; "🚧 Momentum-gate
2026-09-18 03:36:04,976 [INFO]     BLOCK" Telegram on a block. Backtest (May real-opt): baseline -7.3 pt →
2026-09-18 03:36:04,976 [INFO]     gate +104.0 pt, 0 winners blocked (blocks only flat-momentum |mv|<=8 chop).
2026-09-18 03:36:04,976 [INFO]   + SMA8 TODAY-ONLY FIX: sma8_low_of_option() now averages ONLY today's closed
2026-09-18 03:36:04,976 [INFO]     15m option lows (arms after SMA_TRAIL_MIN_BARS=4 today-bars). Previously it
2026-09-18 03:36:04,976 [INFO]     averaged 8 bars from a 10-day fetch, mixing yesterday's different-level /
2026-09-18 03:36:04,976 [INFO]     illiquid lows → false trail exits. NOT removed: backtest showed deleting
2026-09-18 03:36:04,976 [INFO]     SMA8 costs -66 pt (it is a tighter stop than the -18% HARDSL).
2026-09-18 03:36:04,976 [INFO]   + Ladder exit, HARDSL, flip logic, stale-data guard all UNCHANGED.
2026-09-18 03:36:04,976 [INFO]   + start_orion.sh now launches V2.5.16 (90s crash-fallback still → V2.5.14).
2026-09-18 03:36:04,976 [INFO] 
2026-09-18 03:36:04,977 [INFO] V2.5.17 [3 CHOP-BLEED GUARDS — 2026-06-18]
2026-09-18 03:36:04,977 [INFO]   + CONTEXT: 06-16 (-20.4pt/7trades) and 06-17 (-44.0pt/4trades) were both
2026-09-18 03:36:04,977 [INFO]     compressed chop days (full range 141pt & 107pt; 06-17 had 9 mean-crosses in
2026-09-18 03:36:04,977 [INFO]     a 107pt box). The regime classifier stayed BULL all 76 bars both days and
2026-09-18 03:36:04,977 [INFO]     chop_block fired 0 times, so the breakout engines kept firing into noise.
2026-09-18 03:36:04,977 [INFO]     See ~/orion_backtest_lab/results/RESULTS.md (2026-06-18 post-mortem).
2026-09-18 03:36:04,977 [INFO]   + #1 MORNING CHOP GATE (CHOP_GATE_ENABLED): decided ONCE after ~10:30 IST from
2026-09-18 03:36:04,977 [INFO]     the first-hour (09:15-10:15) FUT bars. Stand aside (block ALL new entries for
2026-09-18 03:36:04,977 [INFO]     the day) when early efficiency-ratio <= CHOP_ER_MAX (0.25) AND (first-hour
2026-09-18 03:36:04,977 [INFO]     FUT-VWAP cross-count >= CHOP_VWAP_CROSSES_MIN (3) OR first-hour range <
2026-09-18 03:36:04,977 [INFO]     CHOP_RANGE_PT_MAX (110pt)). Exits always allowed. Fails OPEN (not enough
2026-09-18 03:36:04,977 [INFO]     bars yet -> no decision -> trade normally). morning_chop_verdict().
2026-09-18 03:36:04,977 [INFO]   + #2 VWAP BODY BAND (VWAP_BODY_CLIMAX_PCT): VWAP entry now takes only the
2026-09-18 03:36:04,977 [INFO]     65-86% body band — existing >=65% min kept, NEW >=87% climax/exhaustion bars
2026-09-18 03:36:04,977 [INFO]     skipped (climax bars fade). One added guard line in check_vwap_signal().
2026-09-18 03:36:04,977 [INFO]   + #3 MOMENTUM-FADE GATE (FADE_GATE_ENABLED): for a 3rd+ consecutive same-side
2026-09-18 03:36:04,977 [INFO]     entry that follows >= FADE_MIN_PRIOR_WINS (2) consecutive same-side WINS,
2026-09-18 03:36:04,977 [INFO]     inspect 3-min option premiums of BOTH the trend-side and opposite-side ATM
2026-09-18 03:36:04,978 [INFO]     strikes over the last FADE_OPT_BARS (3) closed bars. Enter ONLY IF the
2026-09-18 03:36:04,978 [INFO]     trend-side option is NOT decaying AND the opposite-side option IS decaying;
2026-09-18 03:36:04,978 [INFO]     otherwise skip (momentum has faded / is rotating to the other side). Fails
2026-09-18 03:36:04,978 [INFO]     OPEN on missing data. fade_gate_ok() + fetch_option_3m(). Complements the
2026-09-18 03:36:04,978 [INFO]     V2.5.16 spot-move momentum gate (both must pass).
2026-09-18 03:36:04,978 [INFO]   + All three guards are ADDITIVE; ladder/HARDSL/flip/SMA8/stale-guard UNCHANGED.
2026-09-18 03:36:04,978 [INFO]   + NOT yet sim-A/B'd — shipped on user direction; 2026-06-18 is paper-only, so
2026-09-18 03:36:04,978 [INFO]     the live paper session is the first validation. WATCH first CHOP-GATE day +
2026-09-18 03:36:04,978 [INFO]     first FADE block + that #2 climax-skip doesn't starve VWAP.
2026-09-18 03:36:04,978 [INFO]   + start_orion.sh now launches V2.5.17 (pkill pattern V2_5_1[567];
2026-09-18 03:36:04,978 [INFO]     90s crash-fallback still → V2.5.14 archive).
2026-09-18 03:36:04,978 [INFO] 
2026-09-18 03:36:04,978 [INFO] V2.5.18 [SMA8 ENTRY-AWARE FIX + CHOP-GATE RE-ARM — 2026-06-19]
2026-09-18 03:36:04,978 [INFO]   + CONTEXT: 2026-06-19 (paper) — gap-down day. One V3 PE (24000PE @114) entered
2026-09-18 03:36:04,978 [INFO]     correctly at 10:15 on a Grade-A R-cluster break, but SMA8_LOW_TRAIL exited it
2026-09-18 03:36:04,978 [INFO]     31s later at +1.6 (the trail evaluated the 10:00 bar — which CLOSED BEFORE
2026-09-18 03:36:04,978 [INFO]     entry — against today's lows-avg). Spot then fell 24040->23926 without us;
2026-09-18 03:36:04,978 [INFO]     morning chop-gate (ER=0.01, range=70pt) then stood aside the rest of the day.
2026-09-18 03:36:04,978 [INFO]   + FIX A (SMA8 pre-entry bar): the SMA8(low) trail now NEVER acts on a 15m bar
2026-09-18 03:36:04,979 [INFO]     whose CLOSE time (bar-start + 15m) is <= POS.entry_time. A fresh entry can no
2026-09-18 03:36:04,979 [INFO]     longer be ejected on price action that happened before it was opened.
2026-09-18 03:36:04,979 [INFO]   + FIX C (SMA8 arm window): trail arms on bars-SINCE-ENTRY, not bars-of-day.
2026-09-18 03:36:04,979 [INFO]     sma8_low_of_option() now averages only TODAY's closed bars that closed AFTER
2026-09-18 03:36:04,979 [INFO]     entry and needs >= SMA_TRAIL_MIN_BARS_SINCE_ENTRY (1) of them. With 1 own bar
2026-09-18 03:36:04,979 [INFO]     SMA8L == that bar's own low, so close(>=low) can't trigger -> first real
2026-09-18 03:36:04,979 [INFO]     trigger needs >=2 own bars. SMA_TRAIL_MIN_BARS (4, bars-of-day) is now only
2026-09-18 03:36:04,979 [INFO]     the fallback when entry_time is unknown (state-load edge). NOT a BE-gate.
2026-09-18 03:36:04,979 [INFO]   + CHOP-GATE RE-ARM (CHOP_REARM_ENABLED): after a morning stand-aside, release
2026-09-18 03:36:04,979 [INFO]     the block when a CLOSED FUT 15m bar breaks the recorded first-hour range by
2026-09-18 03:36:04,979 [INFO]     >= CHOP_REARM_BUFFER_PT (15pt) with body >= CHOP_REARM_BODY_MIN (65%), in the
2026-09-18 03:36:04,979 [INFO]     regime direction (BULL=>up-break only, BEAR=>down-break only, else either).
2026-09-18 03:36:04,979 [INFO]     FUT leads spot, so this triggers earlier than a spot-range break. Re-arm is
2026-09-18 03:36:04,979 [INFO]     one-way for the day (stays live once released); per-trade momentum/fade/CB
2026-09-18 03:36:04,979 [INFO]     guards still apply. _morning_chop_verdict_impl() stashes FH hi/lo;
2026-09-18 03:36:04,979 [INFO]     chop_rearm_check() evaluated each cycle while blocked. Logs [CHOPGATE] RE-ARMED.
2026-09-18 03:36:04,979 [INFO]   + Ladder/HARDSL/flip/VWAP-trail/stale-guard UNCHANGED. SMA8 KEPT (deleting it
2026-09-18 03:36:04,979 [INFO]     cost -66pt, V2.5.16) — this only changes WHEN it may fire, not whether.
2026-09-18 03:36:04,980 [INFO]   + NOT yet sim-A/B'd — shipped on user direction 2026-06-19; backtest the
2026-09-18 03:36:04,980 [INFO]     re-arm thresholds on post-chop trend days before relying on it live.
2026-09-18 03:36:04,980 [INFO] 
2026-09-18 03:36:04,980 [INFO] V2.5.19 [THREE FUT-VWAP ENTRY PATHWAYS — 2026-06-21]
2026-09-18 03:36:04,980 [INFO]   + Built on user direction 2026-06-21. THREE new VWAP-cross entry pathways.
2026-09-18 03:36:04,980 [INFO]     NOT yet sim-A/B'd — BACKTEST before flipping start_orion.sh to V2.5.19.
2026-09-18 03:36:04,980 [INFO]     All three are flag-gated (default ON). Existing V2/V3/FLIP UNCHANGED.
2026-09-18 03:36:04,980 [INFO] 
2026-09-18 03:36:04,980 [INFO]   + FEATURE 1 — FUT 15m VWAP cross + CONFIRMATION CANDLE (all-day).
2026-09-18 03:36:04,980 [INFO]     VWAP15_CONFIRM_ENABLED. The existing VWAP engine no longer fires on the
2026-09-18 03:36:04,980 [INFO]     cross bar alone: it now requires the cross bar (iloc[-3], body 65-86% band)
2026-09-18 03:36:04,980 [INFO]     PLUS the next closed bar (iloc[-2]) to CONFIRM in the same direction —
2026-09-18 03:36:04,980 [INFO]     same-colour candle that still closes on the same side of FUT-VWAP. Fires in
2026-09-18 03:36:04,980 [INFO]     either direction, any time in the entry window. Re-entries are governed by
2026-09-18 03:36:04,980 [INFO]     the existing momentum gate (no extra cap). check_vwap_signal().
2026-09-18 03:36:04,980 [INFO]     INTERPRETATION: "confirmation candle in same direction" = next 15m candle
2026-09-18 03:36:04,980 [INFO]     closes same side of its open (same colour) AND same side of VWAP as the
2026-09-18 03:36:04,980 [INFO]     cross. Confirmation candle has NO body-size requirement (only the cross bar
2026-09-18 03:36:04,980 [INFO]     does). If wrong, adjust _vwap15_confirm_ok().
2026-09-18 03:36:04,980 [INFO] 
2026-09-18 03:36:04,981 [INFO]   + FEATURE 2 — FUT 5m VWAP cross + S/R distance, FIXED +12 TARGET scalp.
2026-09-18 03:36:04,981 [INFO]     FUT5_SCALP_ENABLED. New engine 'FUT5VWAP'. On each closed FUT 5m bar that
2026-09-18 03:36:04,981 [INFO]     CROSSES its session VWAP (bar opens one side, closes the other) with body
2026-09-18 03:36:04,981 [INFO]     65-86% AND whose close is > FUT5_SCALP_SR_MIN_DIST (20pt) from EVERY one of
2026-09-18 03:36:04,981 [INFO]     yesterday's classic pivots S1/R1/S2/R2 → buy in the cross direction. Exit is
2026-09-18 03:36:04,981 [INFO]     a FIXED +FUT5_SCALP_TARGET_PTS (12) option points (HARDSL + 15:25 force-close
2026-09-18 03:36:04,981 [INFO]     still apply; NO trail/SMA8). One trade per event: deduped on the 5m bar ts,
2026-09-18 03:36:04,981 [INFO]     so the next entry needs a fresh qualifying cross. check_fut5m_vwap_scalp_signal().
2026-09-18 03:36:04,981 [INFO]     INTERPRETATION: ">20 points away from s1/r1/s2/r2" = min distance to ALL four
2026-09-18 03:36:04,981 [INFO]     pivots > 20pt (price in clear space, not hugging a pivot). "cross" = bar
2026-09-18 03:36:04,981 [INFO]     open & close on opposite sides of VWAP. Pivots = classic floor-trader pivots
2026-09-18 03:36:04,981 [INFO]     from the prior trading day's H/L/C. If wrong, adjust compute_classic_pivots()
2026-09-18 03:36:04,981 [INFO]     / check_fut5m_vwap_scalp_signal().
2026-09-18 03:36:04,981 [INFO] 
2026-09-18 03:36:04,981 [INFO]   + FEATURE 3 — MORNING 09:15-10:15 exception (bypasses the 09:45 start gate).
2026-09-18 03:36:04,981 [INFO]     MORNING_VWAP_ENABLED. Before the normal 09:45 entry start, between
2026-09-18 03:36:04,981 [INFO]     MORNING_WIN_START (09:15) and MORNING_WIN_END (10:15): if a closed FUT 15m
2026-09-18 03:36:04,981 [INFO]     bar crosses its VWAP (body 65-86%) AND its close is > MORNING_VWAP_SR_MIN_DIST
2026-09-18 03:36:04,982 [INFO]     (20pt) from every pivot S1/R1/S2/R2 → buy in the cross direction. Re-entries
2026-09-18 03:36:04,982 [INFO]     per momentum gate. Uses engine 'VWAP' (so it inherits the VWAP option-VWAP
2026-09-18 03:36:04,982 [INFO]     trail exit). Runs even when in_entry_window() is False; still respects
2026-09-18 03:36:04,982 [INFO]     stale-guard, gap-suppress, CB/halt, manual cooldown. check_morning_vwap15_signal().
2026-09-18 03:36:04,982 [INFO]     INTERPRETATION: this only ADDS the pre-09:45 window; from 09:45 on, the
2026-09-18 03:36:04,982 [INFO]     normal engines (incl. Feature 1) already run. No confirmation candle is
2026-09-18 03:36:04,982 [INFO]     required here (spec did not ask for one).
2026-09-18 03:36:04,982 [INFO] 
2026-09-18 03:36:04,982 [INFO]   + Classic pivots computed at boot from prior-day H/L/C → DAY.pivots
2026-09-18 03:36:04,982 [INFO]     {P,S1,R1,S2,R2}; min_dist_to_pivots() helper. New fetch_nifty_fut_5m().
2026-09-18 03:36:04,982 [INFO] 
2026-09-18 03:36:04,982 [INFO] =========================================================================
2026-09-18 03:36:04,982 [INFO] BACKFILL 2026-08-29 — V2.5.19 (06-21) -> 2026-08-28
2026-09-18 03:36:04,982 [INFO] =========================================================================
2026-09-18 03:36:04,982 [INFO] Reconstructed 2026-08-29 from the dated inline comments at each code site and
2026-09-18 03:36:04,982 [INFO] the research notes. The banner below had not been updated since V2.5.19
2026-09-18 03:36:04,982 [INFO] (2026-06-21) while 24 changes went in; an audit on 2026-08-27 confirmed NO
2026-09-18 03:36:04,982 [INFO] engine was silently removed or disabled, but the history was unreadable from
2026-09-18 03:36:04,983 [INFO] the top of the file. Enforcement now exists (see CODE_FINGERPRINT / the boot
2026-09-18 03:36:04,983 [INFO] UNDOCUMENTED-CHANGE check) so this cannot silently recur.
2026-09-18 03:36:04,983 [INFO] 
2026-09-18 03:36:04,983 [INFO] KNOWN GAP, stated plainly: the *_BACKUP_*.py chain jumps from 2026-08-01 to
2026-09-18 03:36:04,983 [INFO] 2026-08-25. The nine changes dated 08-08 through 08-20 have NO pre-change
2026-09-18 03:36:04,983 [INFO] backup file. They are reconstructable from the inline comments below, but they
2026-09-18 03:36:04,983 [INFO] cannot be diffed back to their exact prior code. Every change from 08-25 on has
2026-09-18 03:36:04,983 [INFO] a backup.
2026-09-18 03:36:04,983 [INFO] 
2026-09-18 03:36:04,983 [INFO] STATUS legend: [BT] backtested   [FWD] forward-paper only, no backtest
2026-09-18 03:36:04,983 [INFO]                [USER] user-directed   [FIX] bug fix   [UNVAL] unvalidated
2026-09-18 03:36:04,983 [INFO] 
2026-09-18 03:36:04,983 [INFO] V2.5.20 [2026-06-23] Same-direction re-entry cooldown.
2026-09-18 03:36:04,983 [INFO]   WHY: 06-23 a PE won +42 and re-entered PE 33 s later straight into HARDSL.
2026-09-18 03:36:04,983 [INFO]   The momentum/fade gates only look at the signal, not at how the last trade in
2026-09-18 03:36:04,983 [INFO]   that direction ended.  [FIX]
2026-09-18 03:36:04,983 [INFO] 
2026-09-18 03:36:04,983 [INFO] V2.5.20 [2026-06-24] VWAP15_CONFIRM_ENABLED = False.
2026-09-18 03:36:04,983 [INFO]   WHY: user call. The V2.5.19 confirmation candle delayed entries into already-
2026-09-18 03:36:04,983 [INFO]   declining trends. VWAP now fires on the FUT 15m VWAP cross bar itself.
2026-09-18 03:36:04,984 [INFO]   RE-REVIEW TRIGGER: if a chop regime returns and VWAP false-starts rise, the
2026-09-18 03:36:04,984 [INFO]   confirm candle is the first thing to switch back on.  [USER]
2026-09-18 03:36:04,984 [INFO] 
2026-09-18 03:36:04,984 [INFO] V2.5.20 [2026-06-29] Paper-mode order bypass — kite_paper places no real orders.
2026-09-18 03:36:04,984 [INFO] 
2026-09-18 03:36:04,984 [INFO] V2.5.20 [2026-07-06] Rebuilt on the concurrent-backtest architecture; all
2026-09-18 03:36:04,984 [INFO]   engines run simultaneously with no suppression. Plus two CRITICAL fixes:
2026-09-18 03:36:04,984 [INFO]   (a) ORB/GAPBREAK stale-data — fetch_nifty_1m/5m returned frames whose last
2026-09-18 03:36:04,984 [INFO]       bar was days old; a 2-lot PE went in on a close from 07-03. (b) position-
2026-09-18 03:36:04,984 [INFO]       sync false MANUAL_EXIT.  [FIX]
2026-09-18 03:36:04,984 [INFO] 
2026-09-18 03:36:04,984 [INFO] V2.5.20 [2026-07-07] LOTS_PER_TRADE 2 -> 1 (user instruction). ATM strike
2026-09-18 03:36:04,984 [INFO]   resolution fix (old round_to_atm(24000)+2000 path).  [USER][FIX]
2026-09-18 03:36:04,984 [INFO] 
2026-09-18 03:36:04,984 [INFO] V2.5.20 [2026-07-08] V2.5.20 given its OWN Telegram bot (was sharing V2.5.19's).
2026-09-18 03:36:04,984 [INFO]   MANUAL_EXIT detected via the bot's own order-ids, never account-wide net_qty.
2026-09-18 03:36:04,984 [INFO]   [FIX]
2026-09-18 03:36:04,984 [INFO] 
2026-09-18 03:36:04,984 [INFO] V2.5.20 [2026-07-10 .. 07-14] Broker-integrity hardening after the 07-09
2026-09-18 03:36:04,985 [INFO]   NIFTY24000CE incident and the 07-14 stranded lots: order-book/RMS race fixes
2026-09-18 03:36:04,985 [INFO]   on both BUY and SELL, per-position is_paper flag, unconfirmed_fill flag,
2026-09-18 03:36:04,985 [INFO]   bot order-id registry, orphan-position resume, HALT_NEW_ENTRIES_ON_DATE
2026-09-18 03:36:04,985 [INFO]   replacing a bare NO_NEW_ENTRIES_TODAY that had been left True since 07-09.
2026-09-18 03:36:04,985 [INFO]   [FIX]
2026-09-18 03:36:04,985 [INFO] 
2026-09-18 03:36:04,985 [INFO] V2.5.20 [2026-07-12] V2 params from the real-30-day grid search (k_extreme=ON,
2026-09-18 03:36:04,985 [INFO]   rsi_gate=ON, macd_align=OFF) on 05-15..07-10 — 7 trades / 71.4% WR / +45.96pt.
2026-09-18 03:36:04,985 [INFO]   CAVEAT RECORDED AT THE TIME: 7-trade sample. MACD gate left in the code behind
2026-09-18 03:36:04,985 [INFO]   V2_MACD_GATE_ENABLED so it can be flipped back.
2026-09-18 03:36:04,985 [INFO]   Also: V3 probe entry (limit, replacing market entry, user instruction), V3
2026-09-18 03:36:04,985 [INFO]   early-entry + fast exit, ORB in-day CHOPPY kill, MOM_GATE_V3 re-enable.
2026-09-18 03:36:04,985 [INFO]   [BT-weak][USER]
2026-09-18 03:36:04,985 [INFO] 
2026-09-18 03:36:04,985 [INFO] V2.5.20 [2026-07-13] PUT-FLIP QUALITY GATE — V2.5.19 flipped a winning CE to PE
2026-09-18 03:36:04,985 [INFO]   on a 0.5pt K move (58.9 -> 58.4). Gate requires a real reversal.  [FIX]
2026-09-18 03:36:04,985 [INFO] V2.5.20 [2026-07-13] *** COUNTER-TREND VETO *** — single choke point for EVERY
2026-09-18 03:36:04,985 [INFO]   engine. The day's low printed 09:15 and Nifty ran one-way to 24259 while the
2026-09-18 03:36:04,985 [INFO]   bot kept buying PEs. BIGGEST VALIDATED EDGE TO DATE: +697.9 pts / +Rs45,362
2026-09-18 03:36:04,986 [INFO]   out-of-sample. Do not weaken without equivalent evidence.  [BT]
2026-09-18 03:36:04,986 [INFO] 
2026-09-18 03:36:04,986 [INFO] V2.5.20 [2026-07-20] EXECUTION_BROKER LIVE -> PAPER, explicit user instruction;
2026-09-18 03:36:04,986 [INFO]   no real orders since. T5 engine (levels + premium-divergence). APEX engine
2026-09-18 03:36:04,986 [INFO]   (the user's actual method) — shadow only. 1-minute capture added (Kite
2026-09-18 03:36:04,986 [INFO]   interval is 'minute', not '1minute'). Unlimited engine overlap in paper.
2026-09-18 03:36:04,986 [INFO]   [USER]
2026-09-18 03:36:04,986 [INFO] 
2026-09-18 03:36:04,986 [INFO] V2.5.20 [2026-07-24] VWAP/APEX frm>now precession fix.  [FIX]
2026-09-18 03:36:04,986 [INFO] 
2026-09-18 03:36:04,986 [INFO] V2.5.20 [2026-07-26] FUT5VWAP dedup fix (<= not ==; a stale/out-of-order refetch
2026-09-18 03:36:04,986 [INFO]   reopened a second real position on an already-seen signal, seen 07-24).
2026-09-18 03:36:04,986 [INFO]   EXPIRY engine — OTM premium-multiplication pop, expiry day only, one shot.
2026-09-18 03:36:04,986 [INFO]   Expiry-specific velvet-rope/ladder expressed as MULTIPLES not points (user
2026-09-18 03:36:04,986 [INFO]   instruction: a Rs8 option cannot use a +12pt ladder).  [FIX][USER]
2026-09-18 03:36:04,986 [INFO] 
2026-09-18 03:36:04,986 [INFO] V2.5.20 [2026-07-27] push_logs_to_github(): added `git rebase --autostash`.
2026-09-18 03:36:04,986 [INFO]   WHY: a dirty tree made plain `git rebase` abort silently, so every push had
2026-09-18 03:36:04,986 [INFO]   been rejected non-fast-forward since 07-20 (~365 rejects/day/bot).
2026-09-18 03:36:04,987 [INFO]   *** SIDE EFFECT DISCOVERED 2026-08-27: this is what orphaned the logging
2026-09-18 03:36:04,987 [INFO]   FileHandler's inode and blanked the FlightRecorder logs. Fixed 08-29 with
2026-09-18 03:36:04,987 [INFO]   WatchedFileHandler. DO NOT remove --autostash. ***  [FIX]
2026-09-18 03:36:04,987 [INFO] 
2026-09-18 03:36:04,987 [INFO] V2.5.20 [2026-07-29] Counter-trend-veto Telegram dedup (spam fix).  [FIX]
2026-09-18 03:36:04,987 [INFO] 
2026-09-18 03:36:04,987 [INFO] V2.5.20 [2026-08-01] APEX entry filter: APEX_RSI_MIN_DELTA = 5.0 — require a
2026-09-18 03:36:04,987 [INFO]   decisive RSI turn, not any turn. Re-sim -3,835 -> +234, IN-SAMPLE ONLY.
2026-09-18 03:36:04,987 [INFO]   [UNVAL]
2026-09-18 03:36:04,987 [INFO] 
2026-09-18 03:36:04,987 [INFO] V2.5.20 [2026-08-08] VWAP same-day loss cap, from the real 3-month simulated
2026-09-18 03:36:04,987 [INFO]   backtest on Upstox real premiums. Same pass disabled PIVOTBREAK.  [BT]
2026-09-18 03:36:04,987 [INFO] 
2026-09-18 03:36:04,987 [INFO] V2.5.20 [2026-08-09] PIVOTBREAK REMOVED ENTIRELY (code deleted, syntax-clean).
2026-09-18 03:36:04,987 [INFO]   WHY: kill-switch (08-08) then a full professional rebuild (08-09) both failed;
2026-09-18 03:36:04,987 [INFO]   losses were structural exit-logic, not day-type. Do not re-add without new
2026-09-18 03:36:04,987 [INFO]   evidence — see the rebuild trail before trying.  [BT]
2026-09-18 03:36:04,987 [INFO] 
2026-09-18 03:36:04,987 [INFO] V2.5.20 [2026-08-13] V2 per-bar dedup on the closed 15m bar, same convention as
2026-09-18 03:36:04,988 [INFO]   VWAP/FUT5VWAP. WHY: V2 had NO dedup, so a Kite rate-limit retry stacked 5 V2
2026-09-18 03:36:04,988 [INFO]   lots on one signal — this is what produced the phantom +Rs8,492 on 08-12 that
2026-09-18 03:36:04,988 [INFO]   looked like edge and was not. Also fixed a POS.engine comparison against the
2026-09-18 03:36:04,988 [INFO]   literal 'BASE'.  [FIX]
2026-09-18 03:36:04,988 [INFO] 
2026-09-18 03:36:04,988 [INFO] V2.5.20 [2026-08-16] V2_DAILY_LOSS_CAP = 1. From a real 3-month re-port of V2's
2026-09-18 03:36:04,988 [INFO]   own logic (05-04..08-06): capping V2 at one loss/day was the only no-trade-
2026-09-18 03:36:04,988 [INFO]   zone variant that survived; all the others failed.  [BT]
2026-09-18 03:36:04,988 [INFO] 
2026-09-18 03:36:04,988 [INFO] V2.5.20 [2026-08-17] FUT5VWAP min pivot distance 30 -> 25 pt, from a real
2026-09-18 03:36:04,988 [INFO]   re-port at native 1-min granularity. NOTE: the corrected FUT5VWAP baseline is
2026-09-18 03:36:04,988 [INFO]   88.9% WR / +Rs53,315 over 380 days — the earlier 94% / +Rs104k figure was a
2026-09-18 03:36:04,988 [INFO]   same-bar exit-ambiguity BUG and is void.  [BT]
2026-09-18 03:36:04,988 [INFO] 
2026-09-18 03:36:04,988 [INFO] V2.5.20 [2026-08-20] Four VWAP/V2/ORB changes from a real 40-trade backtest on
2026-09-18 03:36:04,988 [INFO]   the live 07-07..08-20 log:
2026-09-18 03:36:04,988 [INFO]    (1) VWAP 5m persistence + distance-from-VWAP gate;
2026-09-18 03:36:04,988 [INFO]    (2) VWAP post-loss same-side cooldown;
2026-09-18 03:36:04,988 [INFO]    (3) V2 trail scaled to entry premium (arm = entry x 1.15) instead of fixed
2026-09-18 03:36:04,988 [INFO]        points — V2 entries range from ~Rs73 upward, a fixed +15 is not
2026-09-18 03:36:04,989 [INFO]        comparable across them;  [USER]
2026-09-18 03:36:04,989 [INFO]    (4) V2 hard stop fixed at -15 pt, replacing the generic -18% HARDSL;  [USER]
2026-09-18 03:36:04,989 [INFO]    (5) ORB exit tightened: stop 15 / ride 40 / giveback 20.
2026-09-18 03:36:04,989 [INFO]   Neither VWAP gate alone made VWAP profitable — they reduce the loss. Expect a
2026-09-18 03:36:04,989 [INFO]   smaller drawdown, not profit.  [BT]
2026-09-18 03:36:04,989 [INFO] 
2026-09-18 03:36:04,989 [INFO] V2.5.20 [2026-08-22] *** EXPIRY ENGINES 1 & 2 (EXP12) — SHADOW PAPER BOOK ***
2026-09-18 03:36:04,989 [INFO]   E1 RSI-snap + OI/strike gates: recent 40 expiries 9 trades / 89% WR /
2026-09-18 03:36:04,989 [INFO]   +Rs18,944 (older 57 dormant, -Rs819).
2026-09-18 03:36:04,989 [INFO]   E2 cheap-ladder Rs8-16 + spot-through-strike + OI <= +5%, NO stop, trail 20%
2026-09-18 03:36:04,989 [INFO]   after 40: recent 40 +Rs12,760 (older 57 -Rs4,910).
2026-09-18 03:36:04,989 [INFO]   User instruction: NO restrictions — no trade-count or SL-count limits.
2026-09-18 03:36:04,989 [INFO]   SEPARATE BOOK: own lot size, own CSV, EXCLUDED from fmt_eod_summary by
2026-09-18 03:36:04,989 [INFO]   design. (Reporting confusion this caused was raised 08-27; being fixed in a
2026-09-18 03:36:04,989 [INFO]   later item.)  [BT][USER]
2026-09-18 03:36:04,989 [INFO] 
2026-09-18 03:36:04,989 [INFO] V2.5.20 [2026-08-25] EXP12 relaxed gates, user override after the 08-25 miss
2026-09-18 03:36:04,989 [INFO]   (premium out-ran spot, so E2's "Rs8-16 AND spot>=strike in the SAME minute"
2026-09-18 03:36:04,989 [INFO]   never overlapped): E1 no SL / trail after 2x; entries 14:30-15:25; dist >= -35
2026-09-18 03:36:04,990 [INFO]   (-115 Sensex) OR crossed within 30 min; E2 band hi 20 (66 Sensex); universe
2026-09-18 03:36:04,990 [INFO]   re-resolve every 5 min. Replay on 08-25 = +Rs3,416 vs actual 0.
2026-09-18 03:36:04,990 [INFO]   *** KNOWN REMAINING FLAW (08-27, 2nd confirmation): the universe re-resolves
2026-09-18 03:36:04,990 [INFO]   only when the MAX-OI strike M moves, and max-OI is sticky while spot is not.
2026-09-18 03:36:04,990 [INFO]   On 08-27 legs froze at 77500 while Sensex fell to 77182 — nothing near the
2026-09-18 03:36:04,990 [INFO]   money for two hours. Anchor to SPOT, but re-backtest evaluate_day_e2() first.
2026-09-18 03:36:04,990 [INFO]   ***  [USER][UNVAL]
2026-09-18 03:36:04,990 [INFO] 
2026-09-18 03:36:04,990 [INFO] V2.5.20 [2026-08-26] *** KITE RETIRED — UPSTOX MIGRATION ***
2026-09-18 03:36:04,990 [INFO]   All bots moved to Upstox behind a drop-in Kite-compatible shim
2026-09-18 03:36:04,990 [INFO]   (upstox_kite_shim.py). Long-lived read-only token, no daily login; launchers'
2026-09-18 03:36:04,990 [INFO]   auto_login removed. Candle/quote/OI parity verified live pre-deploy.
2026-09-18 03:36:04,990 [INFO]   *** REGRESSION FOUND 08-27: zero [STALE] events in ~37 Kite days, 50 on the
2026-09-18 03:36:04,990 [INFO]   FIRST Upstox day. CAUSE (corrected 08-29): the shim asks the intraday
2026-09-18 03:36:04,990 [INFO]   endpoint for 15-MINUTE candles, and that endpoint is built around COMPLETED
2026-09-18 03:36:04,990 [INFO]   intervals, so the forming bar appears 0-6 min late; Kite returned the partial
2026-09-18 03:36:04,990 [INFO]   bar from the first tick. Upstox is NOT slower — its 1m/tick data is as fast.
2026-09-18 03:36:04,990 [INFO]   Wrong endpoint granularity, not a vendor fault. Real fix = fetch 1m and
2026-09-18 03:36:04,990 [INFO]   resample to 15m in the shim (raising the 16-min guard is the WRONG fix: it
2026-09-18 03:36:04,991 [INFO]   would let the engines read a 30-45 min old iloc[-2] silently). ***  [FIX]
2026-09-18 03:36:04,991 [INFO] 
2026-09-18 03:36:04,991 [INFO] V2.5.20 [2026-08-26] EXP2W = EXP2 + the user's "was-expensive" SELECTION filter,
2026-09-18 03:36:04,991 [INFO]   run as a PARALLEL tag beside plain EXP2 — same legs, same data, same exits, so
2026-09-18 03:36:04,991 [INFO]   the two isolate the filter's effect. In-sample replay: NIFTY -3,308 -> +1,873,
2026-09-18 03:36:04,991 [INFO]   SENSEX +2,970 -> +2,552, ~60% fewer trades.
2026-09-18 03:36:04,991 [INFO]   *** LIVE A/B DATA POINT #1 (08-27): EXP2W DECLINED the day's only winner
2026-09-18 03:36:04,991 [INFO]   (77100PE, afternoon high 46.95 < the Rs130 floor) — cost Rs3,378. n=1, against
2026-09-18 03:36:04,991 [INFO]   the filter. Do not act on one day. ***  [USER][BT-insample]
2026-09-18 03:36:04,991 [INFO] 
2026-09-18 03:36:04,991 [INFO] V2.5.20 [2026-08-26] SENSEX bot given its own Telegram bot/chat; Nifty chat
2026-09-18 03:36:04,991 [INFO]   unchanged.  [USER]
2026-09-18 03:36:04,991 [INFO] 
2026-09-18 03:36:04,991 [INFO] V2.5.20-SENSEX [2026-08-23] *** SENSEX PORT CREATED ***
2026-09-18 03:36:04,991 [INFO]   Port of ORION_PAPER_V2_5_20.py to SENSEX/BFO. Lot size 20, BFO exchange,
2026-09-18 03:36:04,991 [INFO]   THURSDAY expiry, engine thresholds scaled x3.3 for Sensex's larger point
2026-09-18 03:36:04,991 [INFO]   scale — the x3.3 scaling is UNBACKTESTED, forward paper is its validation.
2026-09-18 03:36:04,991 [INFO]   Every entry ABOVE this line dated before 2026-08-23 was inherited from the
2026-09-18 03:36:04,991 [INFO]   Nifty bot at port time, not applied separately here.
2026-09-18 03:36:04,992 [INFO]   First live run 08-24 confirmed end-to-end: booted 09:06, traded, +Rs1,271.
2026-09-18 03:36:04,992 [INFO]   [USER][UNVAL]
2026-09-18 03:36:04,992 [INFO] 
2026-09-18 03:36:04,992 [INFO] V2.5.20 [EXP12 UNIVERSE ANCHORED TO SPOT — 2026-08-29]  (item 4)
2026-09-18 03:36:04,992 [INFO]   WHAT: EXP12_ANCHOR = 'spot'. _exp12_resolve_m() now returns the strike
2026-09-18 03:36:04,992 [INFO]   NEAREST SPOT instead of the max-OI strike among ATM+/-4. Max-OI is still
2026-09-18 03:36:04,992 [INFO]   computed and logged when it diverges, so the failure mode stays visible.
2026-09-18 03:36:04,992 [INFO]   Set EXP12_ANCHOR='maxoi' to revert the behaviour without touching code.
2026-09-18 03:36:04,992 [INFO] 
2026-09-18 03:36:04,992 [INFO]   WHY: max-OI is sticky, spot is not. 08-25 (Nifty) and 08-27 (Sensex: legs
2026-09-18 03:36:04,992 [INFO]   frozen at 77500 while spot fell to 77182, >200pt below the lowest leg) both
2026-09-18 03:36:04,992 [INFO]   left BOTH engines with no near-the-money contract for hours. The 5-minute
2026-09-18 03:36:04,992 [INFO]   re-resolve added 08-25 only swapped legs when M moved, so it never fired.
2026-09-18 03:36:04,992 [INFO] 
2026-09-18 03:36:04,992 [INFO]   BACKTEST (this gate was NOT skipped — the 08-27 note said re-backtest first):
2026-09-18 03:36:04,992 [INFO]   40 recent Nifty expiries, real Upstox 1-min premiums.
2026-09-18 03:36:04,992 [INFO]   *** The existing step12/step16 datasets could NOT answer this: they contain
2026-09-18 03:36:04,992 [INFO]   ONLY the 3 max-OI-anchored strikes per day, i.e. only the strikes the flawed
2026-09-18 03:36:04,992 [INFO]   rule already picks. A WIDE 11-strike band was pulled specially
2026-09-18 03:36:04,992 [INFO]   (exp_wide_universe_data.json) via the Expired Instruments API. ***
2026-09-18 03:36:04,993 [INFO]     GATE G1 baseline reproduced EXACTLY: max-OI n=26, +Rs12,760 (published)
2026-09-18 03:36:04,993 [INFO]     A max-OI x3          n=26  WR 46.2%  +Rs12,760  median day  -Rs29
2026-09-18 03:36:04,993 [INFO]     C spot x3 @14:30     n=29  WR 51.7%  +Rs13,959  median day +Rs111
2026-09-18 03:36:04,993 [INFO]                          -> 3 days better, 0 WORSE, 21 unchanged
2026-09-18 03:36:04,993 [INFO]     B spot re-anchored   n=32  WR 53.1%  +Rs18,242  5 better, 1 worse
2026-09-18 03:36:04,993 [INFO]   Live behaviour sits between C and B (legs re-resolve every 5 min).
2026-09-18 03:36:04,993 [INFO] 
2026-09-18 03:36:04,993 [INFO]   OUT-OF-WINDOW (older 57 expiries 2024-10..2025-11, the regime where E2 is
2026-09-18 03:36:04,993 [INFO]   known to LOSE). Question was not "does E2 work there" -- it does not -- but
2026-09-18 03:36:04,993 [INFO]   "does spot anchoring make it WORSE". It does not:
2026-09-18 03:36:04,993 [INFO]     A max-OI x3  n=40  WR 35.0%  -Rs3,958
2026-09-18 03:36:04,993 [INFO]     C spot x3    n=43  WR 37.2%  -Rs2,954   (2 days better, 1 worse)
2026-09-18 03:36:04,993 [INFO]     B re-anchor  n=44  WR 36.4%  -Rs3,162
2026-09-18 03:36:04,993 [INFO]   CAVEAT, stated rather than buried: this OOS baseline is -Rs3,958 against the
2026-09-18 03:36:04,993 [INFO]   published -Rs4,910. The Expired-Instruments API returned NO contracts for 1 of
2026-09-18 03:36:04,993 [INFO]   the 57 days and only 15 of 22 for another, so the OOS run covers 56 days with
2026-09-18 03:36:04,993 [INFO]   some gaps. Treat the OOS numbers as DIRECTIONAL. The recent-40 window, which
2026-09-18 03:36:04,993 [INFO]   is what this change is justified on, reproduced its baseline EXACTLY.
2026-09-18 03:36:04,993 [INFO] 
2026-09-18 03:36:04,993 [INFO]   HONEST READING: the in-sample gain is SMALL (+Rs1,199 at equal breadth)
2026-09-18 03:36:04,994 [INFO]   because max-OI and spot-ATM usually COINCIDE — they differed on only 3 of 24
2026-09-18 03:36:04,994 [INFO]   traded days. This change is not an edge improvement; it removes a blind spot
2026-09-18 03:36:04,994 [INFO]   in the tail. Its value is that at equal breadth it was never worse on any of
2026-09-18 03:36:04,994 [INFO]   the 40 expiries, and the two live misses are exactly the case it fixes.
2026-09-18 03:36:04,994 [INFO] 
2026-09-18 03:36:04,994 [INFO]   REVERT: *_BACKUP_20260829_pre_spot_anchor.py, or EXP12_ANCHOR='maxoi'
2026-09-18 03:36:04,994 [INFO]   STATUS: applied 2026-08-29. Confirm on the next expiry that the log shows
2026-09-18 03:36:04,994 [INFO]   "[EXP12] anchor=spot M=..." and that legs track spot.  [BT][USER]
2026-09-18 03:36:04,994 [INFO] 
2026-09-18 03:36:04,994 [INFO] V2.5.20 [EXPIRY REPORTING + INTRADAY BAR FIX — 2026-08-29]
2026-09-18 03:36:04,994 [INFO]   Four changes, all from the user's 2026-08-27 review. NO entry/exit RULE was
2026-09-18 03:36:04,994 [INFO]   changed — these are data-plumbing and reporting only.
2026-09-18 03:36:04,994 [INFO] 
2026-09-18 03:36:04,994 [INFO]   (1) SHIM 1-MINUTE RESAMPLING (item 3). upstox_kite_shim.historical_data() now
2026-09-18 03:36:04,994 [INFO]       builds TODAY's 5m/15m/1h bars from 1-MINUTE intraday instead of asking the
2026-09-18 03:36:04,994 [INFO]       intraday endpoint for them directly, because that endpoint only emits a
2026-09-18 03:36:04,994 [INFO]       forming bar 0-6 min late and the engines read iloc[-2] assuming iloc[-1]
2026-09-18 03:36:04,994 [INFO]       is the forming bar. Deliberately NOT raising the 16-min stale guard —
2026-09-18 03:36:04,994 [INFO]       that would hide stale indicators instead of surfacing them.
2026-09-18 03:36:04,995 [INFO]       52/52 instrument-day-interval combos reproduce Upstox's own O/H/L/C/vol/OI
2026-09-18 03:36:04,995 [INFO]       EXACTLY. See upstox_kite_shim.py CHANGE_HISTORY.  [FIX]
2026-09-18 03:36:04,995 [INFO] 
2026-09-18 03:36:04,995 [INFO]   (2) EXPIRY "WHY / WHY NOT" TELEGRAM at 15:29 (item 5). User: "no message about
2026-09-18 03:36:04,995 [INFO]       why a trade was not taken". Every EXP12 gate now increments a counter
2026-09-18 03:36:04,995 [INFO]       (_exp12_block) and records the closest miss (_exp12_near);
2026-09-18 03:36:04,995 [INFO]       _exp12_eod_report() sends one consolidated per-engine message. On the
2026-09-18 03:36:04,995 [INFO]       08-27 book this renders as "EXP2: no trade — blocked by spot too far from
2026-09-18 03:36:04,995 [INFO]       strike x148 ... closest: 77400CE prem 12.30 OK but dist -318", which is
2026-09-18 03:36:04,995 [INFO]       the universe flaw made visible.  [USER]
2026-09-18 03:36:04,995 [INFO] 
2026-09-18 03:36:04,995 [INFO]   (3) EXP12 TELEGRAM COLOUR + SHADOW TAG (item 7a). Entries/exits were plain
2026-09-18 03:36:04,995 [INFO]       🎯/⚫ with no green/red, so a +Rs3,378 day on 08-27 read like nothing had
2026-09-18 03:36:04,995 [INFO]       happened. Now 🟢/🔴 by CE/PE, 🟩/🟥 by result, and a persistent
2026-09-18 03:36:04,995 [INFO]       "⚫ SHADOW BOOK (not in main PnL)" tag.  [USER]
2026-09-18 03:36:04,995 [INFO] 
2026-09-18 03:36:04,995 [INFO]   (4) SHADOW TOTAL IN THE EOD SUMMARY (item 7b). EXP12 is a separate book (own
2026-09-18 03:36:04,995 [INFO]       lot size, own CSV) and stays EXCLUDED from Net PnL — but it is now printed
2026-09-18 03:36:04,995 [INFO]       as its own clearly-labelled block, so 08-27's "Rs0" on a +Rs3,378 day
2026-09-18 03:36:04,996 [INFO]       cannot recur. The two totals are visible without ever being mixed.  [USER]
2026-09-18 03:36:04,996 [INFO] 
2026-09-18 03:36:04,996 [INFO]   REVERT: *_BACKUP_20260829_pre_changelog_backfill.py (and, for the shim,
2026-09-18 03:36:04,996 [INFO]           upstox_kite_shim_BACKUP_20260829_pre_1m_resample.py)
2026-09-18 03:36:04,996 [INFO]   STATUS: applied 2026-08-29 (Sat, market closed). Item (1) is offline-verified
2026-09-18 03:36:04,996 [INFO]           only and MUST be confirmed against the live feed at the next open:
2026-09-18 03:36:04,996 [INFO]           [STALE] events should drop to zero. Items (2)-(4) are cosmetic/report
2026-09-18 03:36:04,996 [INFO]           paths and are proven by rendering tests, but (2) only fires on an
2026-09-18 03:36:04,996 [INFO]           expiry day — next Nifty expiry Tue 2026-09-01.
2026-09-18 03:36:04,996 [INFO] 
2026-09-18 03:36:04,996 [INFO] V2.5.20 [FLIGHT-RECORDER LOG FIX — 2026-08-29]
2026-09-18 03:36:04,996 [INFO]   WHAT : logging.basicConfig(filename=LOG_FN) -> logging.handlers.
2026-09-18 03:36:04,996 [INFO]          WatchedFileHandler(LOG_FN). One handler swap in the LOGGING block;
2026-09-18 03:36:04,996 [INFO]          added `import logging.handlers`. No engine/strategy code touched.
2026-09-18 03:36:04,996 [INFO]   WHY  : every Nifty & Sensex FlightRecorder *.log had been BOOT-BANNER-ONLY
2026-09-18 03:36:04,996 [INFO]          for ~a week (08-20 -> 08-28): 32,891 bytes, last line 8 seconds after
2026-09-18 03:36:04,996 [INFO]          boot, while the BarLevel CSV ran to 15:25. push_logs_to_github() runs
2026-09-18 03:36:04,996 [INFO]          `git rebase --autostash` every 5 min; with a dirty tree the autostash
2026-09-18 03:36:04,996 [INFO]          push/pop deletes and recreates every modified tracked file, including
2026-09-18 03:36:04,996 [INFO]          the log being written. The plain FileHandler held its fd on the old
2026-09-18 03:36:04,997 [INFO]          inode, so all later lines went to an orphaned inode. This is why the
2026-09-18 03:36:04,997 [INFO]          "check the Thursday log" instructions left for EXP2W / EXP12-relax /
2026-09-18 03:36:04,997 [INFO]          Upstox were all uncheckable. Real record was ~/orion_*_run.log (stdout).
2026-09-18 03:36:04,997 [INFO]   EVIDENCE : reproduced against a REAL two-bot `git rebase --autostash` cycle
2026-09-18 03:36:04,997 [INFO]          (scratchpad/wfhtest/repro3.py): FileHandler -> on-disk log holds ONLY
2026-09-18 03:36:04,997 [INFO]          the boot banner (inode swapped mid-run); WatchedFileHandler -> all
2026-09-18 03:36:04,997 [INFO]          lines through EOD survive the identical swap. Control that confirms
2026-09-18 03:36:04,997 [INFO]          the diagnosis in production: stocks_run.log is NOT git-tracked, is
2026-09-18 03:36:04,997 [INFO]          never touched by the push, and is complete through 15:30 IST on the
2026-09-18 03:36:04,997 [INFO]          same sessions. csv_append() and the Telegram fallback log open by
2026-09-18 03:36:04,997 [INFO]          name per write and were never affected.
2026-09-18 03:36:04,997 [INFO]   NOT DONE : dropping --autostash. It was added 2026-07-27 to fix a different
2026-09-18 03:36:04,997 [INFO]          failure (365+ push rejects/day since 07-20). Do not remove it.
2026-09-18 03:36:04,997 [INFO]   REVERT : ORION_PAPER_V2_5_20_BACKUP_20260829_pre_watchedfilehandler.py /
2026-09-18 03:36:04,997 [INFO]            ORION_SENSEX_V2520_BACKUP_20260829_pre_watchedfilehandler.py
2026-09-18 03:36:04,997 [INFO]   STATUS : code-applied 2026-08-29 (Sat, market closed). NOT yet proven live —
2026-09-18 03:36:04,997 [INFO]            confirm on the next session's boot that the FlightRecorder log keeps
2026-09-18 03:36:04,997 [INFO]            growing past 09:07 and its last line is ~15:25, not ~09:02.
2026-09-18 03:36:04,997 [INFO] 
2026-09-18 03:36:04,998 [INFO] === REJECTED DECISIONS (DO NOT RE-ADD WITHOUT NEW BACKTEST EVIDENCE) ===
2026-09-18 03:36:04,998 [INFO]   SKIP_HOUR_13         : -Rs 46k (kills profitable flips in that window)
2026-09-18 03:36:04,998 [INFO]   SKIP_TUESDAYS        : +Rs 56k but calendar-overfit; RSI gate replaces
2026-09-18 03:36:04,998 [INFO]   ADX<20 filter        : -Rs 16k
2026-09-18 03:36:04,998 [INFO]   ADX<25 filter        : -Rs 34k
2026-09-18 03:36:04,998 [INFO]   BE armor at +15%     : net negative
2026-09-18 03:36:04,998 [INFO]   Same-side flip       : -Rs 191k CATASTROPHIC
2026-09-18 03:36:04,998 [INFO]   REVERSAL_FLIP=True   : WR 12% vs 33%
2026-09-18 03:36:04,998 [INFO]   K cap on CE          : hurts WR (no cap is better)
2026-09-18 03:36:04,998 [INFO]   V2.5.10 macro SMA50  : -Rs 2.3L vs V2.5.9; lagging filter blocked PE in bear phases
2026-09-18 03:36:04,998 [INFO]   V2.5.11 straddle halt: straddle expansion days WR 69.8% > normal 66.9%;
2026-09-18 03:36:04,998 [INFO]                          halting on expansion removed profitable trades (+Rs 2,54,234 phantom)
2026-09-18 03:36:08,547 [INFO] [CHANGELOG] up to date (last entry 2026-09-16)
2026-09-18 03:36:12,827 [INFO] [boot] Logs pushed to GitHub: Sensex_FlightRecorder_V2_5_20-SENSEX_20260918_090604.log, Sensex_BarLevel_V2_5_20-SENSEX_20260918_090604.csv
2026-09-18 03:36:13,014 [INFO] [APEX] open=0 trades=0 realized=+0.0pt/Rs+0 unreal=+0.0pt/Rs+0
2026-09-18 03:36:13,015 [INFO] [T5] open=0 trades=0 realized=+0.0pt/Rs+0 unreal=+0.0pt/Rs+0
2026-09-18 03:36:13,015 [INFO] [INDICATORS] spot=74314.6 | 1h: close=74414.2 sma20=74416.2 sma50=74818.8 rsi=46.0 macd=-109.46/-158.43(bull) | 15m: K=23.3↓(prev 26.2) | regime=PE-eligible any_active=False
2026-09-18 03:36:13,015 [INFO] [SIGNAL] CE: reg=False K=False(K=23.3>=38,rising) Kextr=True RSI=False(46.0>53) MACD=True(gate off) => BLOCK | PE: reg=True K=False(K=23.3<=80,falling) Kextr=False RSI=True(46.0<47) MACD=False(gate off) => BLOCK
2026-09-18 03:41:15,862 [INFO] [APEX] open=0 trades=0 realized=+0.0pt/Rs+0 unreal=+0.0pt/Rs+0
2026-09-18 03:41:15,862 [INFO] [T5] open=0 trades=0 realized=+0.0pt/Rs+0 unreal=+0.0pt/Rs+0
2026-09-18 03:41:15,863 [INFO] [INDICATORS] spot=74314.6 | 1h: close=74414.2 sma20=74416.2 sma50=74818.8 rsi=46.0 macd=-109.46/-158.43(bull) | 15m: K=23.3↓(prev 26.2) | regime=PE-eligible any_active=False
2026-09-18 03:41:15,863 [INFO] [SIGNAL] CE: reg=False K=False(K=23.3>=38,rising) Kextr=True RSI=False(46.0>53) MACD=True(gate off) => BLOCK | PE: reg=True K=False(K=23.3<=80,falling) Kextr=False RSI=True(46.0<47) MACD=False(gate off) => BLOCK
2026-09-18 03:41:18,866 [INFO] [periodic] Logs pushed to GitHub: Sensex_FlightRecorder_V2_5_20-SENSEX_20260918_090604.log, Sensex_BarLevel_V2_5_20-SENSEX_20260918_090604.csv
2026-09-18 03:46:20,697 [INFO] [APEX] open=0 trades=0 realized=+0.0pt/Rs+0 unreal=+0.0pt/Rs+0
2026-09-18 03:46:20,698 [INFO] [T5] open=0 trades=0 realized=+0.0pt/Rs+0 unreal=+0.0pt/Rs+0
2026-09-18 03:46:20,699 [INFO] [INDICATORS] spot=74552.7 | 1h: close=74314.6 sma20=74392.3 sma50=74784.0 rsi=43.5 macd=-110.74/-148.89(bull) | 15m: K=15.4↓(prev 23.3) | regime=PE-eligible any_active=False
2026-09-18 03:46:20,699 [INFO] [SIGNAL] CE: reg=False K=False(K=15.4>=38,rising) Kextr=True RSI=False(43.5>53) MACD=True(gate off) => BLOCK | PE: reg=True K=False(K=15.4<=80,falling) Kextr=False RSI=True(43.5<47) MACD=False(gate off) => BLOCK
2026-09-18 03:46:23,422 [INFO] [periodic] Logs pushed to GitHub: Sensex_FlightRecorder_V2_5_20-SENSEX_20260918_090604.log, Sensex_BarLevel_V2_5_20-SENSEX_20260918_090604.csv
2026-09-18 03:47:24,057 [INFO] [MVWAP] Skip — close 74640 only 33pt from a pivot (need >65)
2026-09-18 03:47:54,258 [INFO] [MVWAP] Skip — close 74640 only 33pt from a pivot (need >65)
2026-09-18 03:48:24,458 [INFO] [MVWAP] Skip — close 74640 only 33pt from a pivot (need >65)
2026-09-18 03:48:54,644 [INFO] [MVWAP] Skip — close 74640 only 33pt from a pivot (need >65)
2026-09-18 03:49:24,835 [INFO] [MVWAP] Skip — close 74640 only 33pt from a pivot (need >65)
2026-09-18 03:49:55,042 [INFO] [MVWAP] Skip — close 74640 only 33pt from a pivot (need >65)
2026-09-18 03:50:25,337 [INFO] [STRADDLE] Reference: ₹952.0 at 09:20
2026-09-18 03:50:25,340 [INFO] [MVWAP] Skip — close 74640 only 33pt from a pivot (need >65)
2026-09-18 03:50:55,584 [INFO] [MVWAP] Skip — close 74640 only 33pt from a pivot (need >65)
2026-09-18 03:51:25,815 [INFO] [MVWAP] Skip — close 74640 only 33pt from a pivot (need >65)
2026-09-18 03:51:25,832 [INFO] [APEX] open=0 trades=0 realized=+0.0pt/Rs+0 unreal=+0.0pt/Rs+0
2026-09-18 03:51:25,832 [INFO] [T5] open=0 trades=0 realized=+0.0pt/Rs+0 unreal=+0.0pt/Rs+0
2026-09-18 03:51:25,833 [INFO] [INDICATORS] spot=74443.6 | 1h: close=74314.6 sma20=74392.3 sma50=74784.0 rsi=43.5 macd=-110.74/-148.89(bull) | 15m: K=15.4↓(prev 23.3) | regime=PE-eligible any_active=False
2026-09-18 03:51:25,833 [INFO] [SIGNAL] CE: reg=False K=False(K=15.4>=38,rising) Kextr=True RSI=False(43.5>53) MACD=True(gate off) => BLOCK | PE: reg=True K=False(K=15.4<=80,falling) Kextr=False RSI=True(43.5<47) MACD=False(gate off) => BLOCK
2026-09-18 03:51:29,857 [INFO] [periodic] Logs pushed to GitHub: Sensex_FlightRecorder_V2_5_20-SENSEX_20260918_090604.log, Sensex_BarLevel_V2_5_20-SENSEX_20260918_090604.csv
2026-09-18 03:52:00,028 [INFO] [MVWAP] Skip — close 74640 only 33pt from a pivot (need >65)
2026-09-18 03:52:30,215 [INFO] [MVWAP] Skip — close 74640 only 33pt from a pivot (need >65)
2026-09-18 03:53:00,414 [INFO] [MVWAP] Skip — close 74640 only 33pt from a pivot (need >65)
2026-09-18 03:53:30,609 [INFO] [MVWAP] Skip — close 74640 only 33pt from a pivot (need >65)
2026-09-18 03:54:00,801 [INFO] [MVWAP] Skip — close 74640 only 33pt from a pivot (need >65)
2026-09-18 03:54:31,002 [INFO] [MVWAP] Skip — close 74640 only 33pt from a pivot (need >65)
2026-09-18 03:55:01,273 [INFO] [MVWAP] Skip — close 74640 only 33pt from a pivot (need >65)
2026-09-18 03:55:31,526 [INFO] [MVWAP] Skip — close 74640 only 33pt from a pivot (need >65)
2026-09-18 03:56:01,730 [INFO] [MVWAP] Skip — close 74640 only 33pt from a pivot (need >65)
2026-09-18 03:56:31,931 [INFO] [MVWAP] Skip — close 74640 only 33pt from a pivot (need >65)
2026-09-18 03:56:31,949 [INFO] [APEX] open=0 trades=0 realized=+0.0pt/Rs+0 unreal=+0.0pt/Rs+0
2026-09-18 03:56:31,991 [INFO] [T5] open=0 trades=0 realized=+0.0pt/Rs+0 unreal=+0.0pt/Rs+0
2026-09-18 03:56:31,991 [INFO] [INDICATORS] spot=74488.2 | 1h: close=74314.6 sma20=74392.3 sma50=74784.0 rsi=43.5 macd=-110.74/-148.89(bull) | 15m: K=15.4↓(prev 23.3) | regime=PE-eligible any_active=False
2026-09-18 03:56:31,991 [INFO] [SIGNAL] CE: reg=False K=False(K=15.4>=38,rising) Kextr=True RSI=False(43.5>53) MACD=True(gate off) => BLOCK | PE: reg=True K=False(K=15.4<=80,falling) Kextr=False RSI=True(43.5<47) MACD=False(gate off) => BLOCK
2026-09-18 03:56:34,493 [INFO] [periodic] Logs pushed to GitHub: Sensex_FlightRecorder_V2_5_20-SENSEX_20260918_090604.log, Sensex_BarLevel_V2_5_20-SENSEX_20260918_090604.csv
2026-09-18 03:57:04,666 [INFO] [MVWAP] Skip — close 74640 only 33pt from a pivot (need >65)
2026-09-18 03:57:34,903 [INFO] [MVWAP] Skip — close 74640 only 33pt from a pivot (need >65)
2026-09-18 03:58:05,101 [INFO] [MVWAP] Skip — close 74640 only 33pt from a pivot (need >65)
2026-09-18 03:58:35,294 [INFO] [MVWAP] Skip — close 74640 only 33pt from a pivot (need >65)
2026-09-18 03:59:05,504 [INFO] [MVWAP] Skip — close 74640 only 33pt from a pivot (need >65)
2026-09-18 03:59:35,702 [INFO] [MVWAP] Skip — close 74640 only 33pt from a pivot (need >65)
2026-09-18 04:00:05,909 [INFO] [MVWAP] Skip — close 74640 only 33pt from a pivot (need >65)
2026-09-18 04:00:05,914 [INFO] [ORB] Signal — close 74417.4 broke OR[74440.8,74593.8] side=PE
2026-09-18 04:00:05,966 [INFO] ENTRY: BFO:SENSEX26SEP74400PE @ 423.45  engine=ORB  detail=ORB break 74417 vs OR[74441,74594]
2026-09-18 04:00:38,119 [INFO] [MVWAP] Skip — close 74640 only 33pt from a pivot (need >65)
2026-09-18 04:01:38,596 [INFO] [APEX] open=0 trades=0 realized=+0.0pt/Rs+0 unreal=+0.0pt/Rs+0
2026-09-18 04:01:38,642 [INFO] [T5] open=0 trades=0 realized=+0.0pt/Rs+0 unreal=+0.0pt/Rs+0
2026-09-18 04:01:38,643 [INFO] [INDICATORS] spot=74409.1 | 1h: close=74314.6 sma20=74392.3 sma50=74784.0 rsi=43.5 macd=-110.74/-148.89(bull) | 15m: K=24.3↑(prev 15.4) | regime=PE-eligible any_active=True
2026-09-18 04:01:38,643 [INFO] [SIGNAL] CE: reg=False K=False(K=24.3>=38,rising) Kextr=True RSI=False(43.5>53) MACD=True(gate off) => BLOCK | PE: reg=True K=False(K=24.3<=80,falling) Kextr=False RSI=True(43.5<47) MACD=False(gate off) => BLOCK
2026-09-18 04:01:38,644 [INFO] [STATE][ORB] PE BFO:SENSEX26SEP74400PE ltp=431.15 entry=423.45 pnl=+7.70(+1.8%) sl=0.00 peak=447.25 tr_armed=False elapsed=1min
2026-09-18 04:01:41,365 [INFO] [periodic] Logs pushed to GitHub: Sensex_FlightRecorder_V2_5_20-SENSEX_20260918_090604.log, Sensex_BarLevel_V2_5_20-SENSEX_20260918_090604.csv
2026-09-18 04:06:43,934 [INFO] [APEX] open=0 trades=0 realized=+0.0pt/Rs+0 unreal=+0.0pt/Rs+0
2026-09-18 04:06:43,980 [INFO] [T5] open=0 trades=0 realized=+0.0pt/Rs+0 unreal=+0.0pt/Rs+0
2026-09-18 04:06:43,980 [INFO] [INDICATORS] spot=74411.5 | 1h: close=74314.6 sma20=74392.3 sma50=74784.0 rsi=43.5 macd=-110.74/-148.89(bull) | 15m: K=24.3↑(prev 15.4) | regime=PE-eligible any_active=True
2026-09-18 04:06:43,980 [INFO] [SIGNAL] CE: reg=False K=False(K=24.3>=38,rising) Kextr=True RSI=False(43.5>53) MACD=True(gate off) => BLOCK | PE: reg=True K=False(K=24.3<=80,falling) Kextr=False RSI=True(43.5<47) MACD=False(gate off) => BLOCK
2026-09-18 04:06:43,981 [INFO] [STATE][ORB] PE BFO:SENSEX26SEP74400PE ltp=408.00 entry=423.45 pnl=-15.45(-3.6%) sl=0.00 peak=448.60 tr_armed=False elapsed=6min
2026-09-18 04:06:47,911 [INFO] [periodic] Logs pushed to GitHub: Sensex_FlightRecorder_V2_5_20-SENSEX_20260918_090604.log, Sensex_BarLevel_V2_5_20-SENSEX_20260918_090604.csv
2026-09-18 04:11:50,332 [INFO] [APEX] open=0 trades=0 realized=+0.0pt/Rs+0 unreal=+0.0pt/Rs+0
2026-09-18 04:11:50,332 [INFO] [T5] open=0 trades=0 realized=+0.0pt/Rs+0 unreal=+0.0pt/Rs+0
2026-09-18 04:11:50,333 [INFO] [INDICATORS] spot=74468.9 | 1h: close=74314.6 sma20=74392.3 sma50=74784.0 rsi=43.5 macd=-110.74/-148.89(bull) | 15m: K=24.3↑(prev 15.4) | regime=PE-eligible any_active=True
2026-09-18 04:11:50,333 [INFO] [SIGNAL] CE: reg=False K=False(K=24.3>=38,rising) Kextr=True RSI=False(43.5>53) MACD=True(gate off) => BLOCK | PE: reg=True K=False(K=24.3<=80,falling) Kextr=False RSI=True(43.5<47) MACD=False(gate off) => BLOCK
2026-09-18 04:11:50,333 [INFO] [STATE][ORB] PE BFO:SENSEX26SEP74400PE ltp=408.10 entry=423.45 pnl=-15.35(-3.6%) sl=0.00 peak=448.60 tr_armed=False elapsed=11min
2026-09-18 04:11:52,936 [INFO] [periodic] Logs pushed to GitHub: Sensex_FlightRecorder_V2_5_20-SENSEX_20260918_090604.log, Sensex_BarLevel_V2_5_20-SENSEX_20260918_090604.csv
2026-09-18 04:16:25,840 [INFO] [FUT5VWAP] Signal — 74526<74577 body=77% side=PE (fixed +40pt target)
2026-09-18 04:16:25,890 [INFO] ENTRY: BFO:SENSEX26SEP74400PE @ 421.55  engine=FUT5VWAP  detail=FUT5 VWAP cross 74526<74577 body=77% pivΔ=81pt | bar=229
2026-09-18 04:16:56,978 [INFO] [APEX] open=0 trades=0 realized=+0.0pt/Rs+0 unreal=+0.0pt/Rs+0
2026-09-18 04:16:56,979 [INFO] [T5] open=0 trades=0 realized=+0.0pt/Rs+0 unreal=+0.0pt/Rs+0
2026-09-18 04:16:56,979 [INFO] [INDICATORS] spot=74438.7 | 1h: close=74314.6 sma20=74392.3 sma50=74784.0 rsi=43.5 macd=-110.74/-148.89(bull) | 15m: K=31.4↑(prev 24.3) | regime=PE-eligible any_active=True
2026-09-18 04:16:56,979 [INFO] [SIGNAL] CE: reg=False K=False(K=31.4>=38,rising) Kextr=True RSI=False(43.5>53) MACD=True(gate off) => BLOCK | PE: reg=True K=False(K=31.4<=80,falling) Kextr=False RSI=True(43.5<47) MACD=False(gate off) => BLOCK
2026-09-18 04:16:56,980 [INFO] [STATE][FUT5VWAP] PE BFO:SENSEX26SEP74400PE ltp=417.95 entry=421.55 pnl=-3.60(-0.9%) sl=0.00 peak=421.55 tr_armed=False elapsed=0min
2026-09-18 04:16:56,980 [INFO] [STATE][ORB] PE BFO:SENSEX26SEP74400PE ltp=417.95 entry=423.45 pnl=-5.50(-1.3%) sl=0.00 peak=448.60 tr_armed=False elapsed=16min
2026-09-18 04:16:59,757 [INFO] [periodic] Logs pushed to GitHub: Sensex_FlightRecorder_V2_5_20-SENSEX_20260918_090604.log, Sensex_BarLevel_V2_5_20-SENSEX_20260918_090604.csv
2026-09-18 04:22:02,297 [INFO] [APEX] open=0 trades=0 realized=+0.0pt/Rs+0 unreal=+0.0pt/Rs+0
2026-09-18 04:22:02,297 [INFO] [T5] open=0 trades=0 realized=+0.0pt/Rs+0 unreal=+0.0pt/Rs+0
2026-09-18 04:22:02,299 [INFO] [INDICATORS] spot=74433.0 | 1h: close=74314.6 sma20=74392.3 sma50=74784.0 rsi=43.5 macd=-110.74/-148.89(bull) | 15m: K=31.4↑(prev 24.3) | regime=PE-eligible any_active=True
2026-09-18 04:22:02,300 [INFO] [SIGNAL] CE: reg=False K=False(K=31.4>=38,rising) Kextr=True RSI=False(43.5>53) MACD=True(gate off) => BLOCK | PE: reg=True K=False(K=31.4<=80,falling) Kextr=False RSI=True(43.5<47) MACD=False(gate off) => BLOCK
2026-09-18 04:22:02,300 [INFO] [STATE][FUT5VWAP] PE BFO:SENSEX26SEP74400PE ltp=411.75 entry=421.55 pnl=-9.80(-2.3%) sl=0.00 peak=421.55 tr_armed=False elapsed=5min
2026-09-18 04:22:02,300 [INFO] [STATE][ORB] PE BFO:SENSEX26SEP74400PE ltp=411.75 entry=423.45 pnl=-11.70(-2.8%) sl=0.00 peak=448.60 tr_armed=False elapsed=21min
2026-09-18 04:22:05,669 [INFO] [periodic] Logs pushed to GitHub: Sensex_FlightRecorder_V2_5_20-SENSEX_20260918_090604.log, Sensex_BarLevel_V2_5_20-SENSEX_20260918_090604.csv
2026-09-18 04:26:37,893 [INFO] [V3PROBE] PLACED CE BFO:SENSEX26SEP74500CE limit=464.40 (LTP=477.40 - 13) window=25min — EARLY(10m) Grade B G-cluster BREAK-CE at 74440
2026-09-18 04:27:09,015 [INFO] [APEX] open=0 trades=0 realized=+0.0pt/Rs+0 unreal=+0.0pt/Rs+0
2026-09-18 04:27:09,015 [INFO] [T5] open=0 trades=0 realized=+0.0pt/Rs+0 unreal=+0.0pt/Rs+0
2026-09-18 04:27:09,016 [INFO] [INDICATORS] spot=74482.3 | 1h: close=74314.6 sma20=74392.3 sma50=74784.0 rsi=43.5 macd=-110.74/-148.89(bull) | 15m: K=31.4↑(prev 24.3) | regime=PE-eligible any_active=True
2026-09-18 04:27:09,016 [INFO] [SIGNAL] CE: reg=False K=False(K=31.4>=38,rising) Kextr=True RSI=False(43.5>53) MACD=True(gate off) => BLOCK | PE: reg=True K=False(K=31.4<=80,falling) Kextr=False RSI=True(43.5<47) MACD=False(gate off) => BLOCK
2026-09-18 04:27:09,016 [INFO] [STATE][FUT5VWAP] PE BFO:SENSEX26SEP74400PE ltp=390.00 entry=421.55 pnl=-31.55(-7.5%) sl=0.00 peak=421.55 tr_armed=False elapsed=10min
2026-09-18 04:27:09,016 [INFO] [STATE][ORB] PE BFO:SENSEX26SEP74400PE ltp=390.00 entry=423.45 pnl=-33.45(-7.9%) sl=0.00 peak=448.60 tr_armed=False elapsed=27min
2026-09-18 04:27:11,628 [INFO] [periodic] Logs pushed to GitHub: Sensex_FlightRecorder_V2_5_20-SENSEX_20260918_090604.log, Sensex_BarLevel_V2_5_20-SENSEX_20260918_090604.csv
2026-09-18 04:31:14,165 [INFO] [VWAP] Climax skip — body=100% >= 87%
2026-09-18 04:31:44,458 [INFO] [VWAP] Climax skip — body=100% >= 87%
2026-09-18 04:32:14,735 [INFO] [VWAP] Climax skip — body=100% >= 87%
2026-09-18 04:32:14,791 [INFO] [APEX] open=0 trades=0 realized=+0.0pt/Rs+0 unreal=+0.0pt/Rs+0
2026-09-18 04:32:14,833 [INFO] [T5] open=0 trades=0 realized=+0.0pt/Rs+0 unreal=+0.0pt/Rs+0
2026-09-18 04:32:14,834 [INFO] [INDICATORS] spot=74507.5 | 1h: close=74314.6 sma20=74392.3 sma50=74784.0 rsi=43.5 macd=-110.74/-148.89(bull) | 15m: K=56.9↑(prev 31.4) | regime=PE-eligible any_active=True
2026-09-18 04:32:14,834 [INFO] [SIGNAL] CE: reg=False K=True(K=56.9>=38,rising) Kextr=True RSI=False(43.5>53) MACD=True(gate off) => BLOCK | PE: reg=True K=False(K=56.9<=80,falling) Kextr=False RSI=True(43.5<47) MACD=False(gate off) => BLOCK
2026-09-18 04:32:14,835 [INFO] [STATE][FUT5VWAP] PE BFO:SENSEX26SEP74400PE ltp=381.85 entry=421.55 pnl=-39.70(-9.4%) sl=0.00 peak=421.55 tr_armed=False elapsed=15min
2026-09-18 04:32:14,835 [INFO] [STATE][ORB] PE BFO:SENSEX26SEP74400PE ltp=381.85 entry=423.45 pnl=-41.60(-9.8%) sl=0.00 peak=448.60 tr_armed=False elapsed=32min
2026-09-18 04:32:17,391 [INFO] [periodic] Logs pushed to GitHub: Sensex_FlightRecorder_V2_5_20-SENSEX_20260918_090604.log, Sensex_BarLevel_V2_5_20-SENSEX_20260918_090604.csv
2026-09-18 04:32:47,586 [INFO] [VWAP] Climax skip — body=100% >= 87%
2026-09-18 04:33:17,909 [INFO] [VWAP] Climax skip — body=100% >= 87%
2026-09-18 04:33:48,227 [INFO] [VWAP] Climax skip — body=100% >= 87%
2026-09-18 04:34:18,598 [INFO] [VWAP] Climax skip — body=100% >= 87%
2026-09-18 04:34:48,874 [INFO] [VWAP] Climax skip — body=100% >= 87%
2026-09-18 04:35:19,138 [INFO] [VWAP] Climax skip — body=100% >= 87%
2026-09-18 04:35:49,409 [INFO] [VWAP] Climax skip — body=100% >= 87%
2026-09-18 04:36:19,695 [INFO] [VWAP] Climax skip — body=100% >= 87%
2026-09-18 04:36:50,026 [INFO] [VWAP] Climax skip — body=100% >= 87%
2026-09-18 04:37:20,343 [INFO] [VWAP] Climax skip — body=100% >= 87%
2026-09-18 04:37:20,395 [INFO] [APEX] open=0 trades=0 realized=+0.0pt/Rs+0 unreal=+0.0pt/Rs+0
2026-09-18 04:37:20,395 [INFO] [T5] open=0 trades=0 realized=+0.0pt/Rs+0 unreal=+0.0pt/Rs+0
2026-09-18 04:37:20,396 [INFO] [INDICATORS] spot=74458.2 | 1h: close=74314.6 sma20=74392.3 sma50=74784.0 rsi=43.5 macd=-110.74/-148.89(bull) | 15m: K=56.9↑(prev 31.4) | regime=PE-eligible any_active=True
2026-09-18 04:37:20,396 [INFO] [SIGNAL] CE: reg=False K=True(K=56.9>=38,rising) Kextr=True RSI=False(43.5>53) MACD=True(gate off) => BLOCK | PE: reg=True K=False(K=56.9<=80,falling) Kextr=False RSI=True(43.5<47) MACD=False(gate off) => BLOCK
2026-09-18 04:37:20,396 [INFO] [STATE][FUT5VWAP] PE BFO:SENSEX26SEP74400PE ltp=401.15 entry=421.55 pnl=-20.40(-4.8%) sl=0.00 peak=421.55 tr_armed=False elapsed=20min
2026-09-18 04:37:20,397 [INFO] [STATE][ORB] PE BFO:SENSEX26SEP74400PE ltp=401.15 entry=423.45 pnl=-22.30(-5.3%) sl=0.00 peak=448.60 tr_armed=False elapsed=37min
2026-09-18 04:37:24,119 [INFO] [periodic] Logs pushed to GitHub: Sensex_FlightRecorder_V2_5_20-SENSEX_20260918_090604.log, Sensex_BarLevel_V2_5_20-SENSEX_20260918_090604.csv
2026-09-18 04:37:54,324 [INFO] [VWAP] Climax skip — body=100% >= 87%
2026-09-18 04:38:24,615 [INFO] [VWAP] Climax skip — body=100% >= 87%
2026-09-18 04:38:54,871 [INFO] [VWAP] Climax skip — body=100% >= 87%
2026-09-18 04:39:25,129 [INFO] [VWAP] Climax skip — body=100% >= 87%
2026-09-18 04:39:55,435 [INFO] [VWAP] Climax skip — body=100% >= 87%
2026-09-18 04:40:25,759 [INFO] [VWAP] Climax skip — body=100% >= 87%
2026-09-18 04:40:56,104 [INFO] [VWAP] Climax skip — body=100% >= 87%
2026-09-18 04:41:26,454 [INFO] [VWAP] Climax skip — body=100% >= 87%
2026-09-18 04:41:56,782 [INFO] [VWAP] Climax skip — body=100% >= 87%
2026-09-18 04:42:27,100 [INFO] [VWAP] Climax skip — body=100% >= 87%
2026-09-18 04:42:27,155 [INFO] [APEX] open=0 trades=0 realized=+0.0pt/Rs+0 unreal=+0.0pt/Rs+0
2026-09-18 04:42:27,208 [INFO] [T5] open=0 trades=0 realized=+0.0pt/Rs+0 unreal=+0.0pt/Rs+0
2026-09-18 04:42:27,209 [INFO] [INDICATORS] spot=74506.5 | 1h: close=74314.6 sma20=74392.3 sma50=74784.0 rsi=43.5 macd=-110.74/-148.89(bull) | 15m: K=56.9↑(prev 31.4) | regime=PE-eligible any_active=True
2026-09-18 04:42:27,209 [INFO] [SIGNAL] CE: reg=False K=True(K=56.9>=38,rising) Kextr=True RSI=False(43.5>53) MACD=True(gate off) => BLOCK | PE: reg=True K=False(K=56.9<=80,falling) Kextr=False RSI=True(43.5<47) MACD=False(gate off) => BLOCK
2026-09-18 04:42:27,210 [INFO] [STATE][FUT5VWAP] PE BFO:SENSEX26SEP74400PE ltp=378.25 entry=421.55 pnl=-43.30(-10.3%) sl=0.00 peak=421.55 tr_armed=False elapsed=26min
2026-09-18 04:42:27,210 [INFO] [STATE][ORB] PE BFO:SENSEX26SEP74400PE ltp=378.25 entry=423.45 pnl=-45.20(-10.7%) sl=0.00 peak=448.60 tr_armed=False elapsed=42min
2026-09-18 04:42:30,066 [INFO] [periodic] Logs pushed to GitHub: Sensex_FlightRecorder_V2_5_20-SENSEX_20260918_090604.log, Sensex_BarLevel_V2_5_20-SENSEX_20260918_090604.csv
2026-09-18 04:43:00,271 [INFO] [VWAP] Climax skip — body=100% >= 87%
2026-09-18 04:43:30,581 [INFO] [VWAP] Climax skip — body=100% >= 87%
2026-09-18 04:44:00,920 [INFO] [VWAP] Climax skip — body=100% >= 87%
2026-09-18 04:44:00,959 [INFO] [CB] ORB loss (own count 1) — TOTAL across all engines=1/4 (reason=ORB_STOP)
2026-09-18 04:44:00,962 [INFO] EXIT: BFO:SENSEX26SEP74400PE @ 373.45 reason=ORB_STOP pnl/sh=-50.00 is_flip=False losses=1/4
2026-09-18 04:44:01,909 [INFO] ENTRY: BFO:SENSEX26SEP74400CE @ 556.20  engine=ORB  detail=ORB flip-on-stop
2026-09-18 04:44:33,055 [INFO] [VWAP] Climax skip — body=100% >= 87%
2026-09-18 04:45:03,421 [INFO] [VWAP] Climax skip — body=100% >= 87%
2026-09-18 04:45:33,761 [INFO] [VWAP] Climax skip — body=100% >= 87%
2026-09-18 04:47:35,144 [INFO] [APEX] open=0 trades=0 realized=+0.0pt/Rs+0 unreal=+0.0pt/Rs+0
2026-09-18 04:47:35,198 [INFO] [T5] open=0 trades=0 realized=+0.0pt/Rs+0 unreal=+0.0pt/Rs+0
2026-09-18 04:47:35,199 [INFO] [INDICATORS] spot=74494.6 | 1h: close=74505.8 sma20=74384.2 sma50=74751.5 rsi=49.2 macd=-95.23/-138.15(bull) | 15m: K=73.6↑(prev 56.9) | regime=NEUTRAL any_active=True
2026-09-18 04:47:35,199 [INFO] [SIGNAL] CE: reg=False K=True(K=73.6>=38,rising) Kextr=True RSI=False(49.2>53) MACD=True(gate off) => BLOCK | PE: reg=False K=False(K=73.6<=80,falling) Kextr=False RSI=False(49.2<47) MACD=False(gate off) => BLOCK
2026-09-18 04:47:35,199 [INFO] [STATE][FUT5VWAP] PE BFO:SENSEX26SEP74400PE ltp=381.65 entry=421.55 pnl=-39.90(-9.5%) sl=0.00 peak=421.55 tr_armed=False elapsed=31min
2026-09-18 04:47:35,200 [INFO] [STATE][ORB] CE BFO:SENSEX26SEP74400CE ltp=546.00 entry=556.20 pnl=-10.20(-1.8%) sl=0.00 peak=556.20 tr_armed=False elapsed=3min
2026-09-18 04:47:37,881 [INFO] [periodic] Logs pushed to GitHub: Sensex_FlightRecorder_V2_5_20-SENSEX_20260918_090604.log, Sensex_BarLevel_V2_5_20-SENSEX_20260918_090604.csv
2026-09-18 04:51:40,263 [INFO] [V3PROBE] EXPIRED unfilled CE BFO:SENSEX26SEP74500CE limit=464.40
2026-09-18 04:52:41,672 [INFO] [APEX] open=0 trades=0 realized=+0.0pt/Rs+0 unreal=+0.0pt/Rs+0
2026-09-18 04:52:41,672 [INFO] [T5] open=0 trades=0 realized=+0.0pt/Rs+0 unreal=+0.0pt/Rs+0
2026-09-18 04:52:41,673 [INFO] [INDICATORS] spot=74485.3 | 1h: close=74505.8 sma20=74384.2 sma50=74751.5 rsi=49.2 macd=-95.23/-138.15(bull) | 15m: K=73.6↑(prev 56.9) | regime=NEUTRAL any_active=True
2026-09-18 04:52:41,673 [INFO] [SIGNAL] CE: reg=False K=True(K=73.6>=38,rising) Kextr=True RSI=False(49.2>53) MACD=True(gate off) => BLOCK | PE: reg=False K=False(K=73.6<=80,falling) Kextr=False RSI=False(49.2<47) MACD=False(gate off) => BLOCK
2026-09-18 04:52:41,673 [INFO] [STATE][FUT5VWAP] PE BFO:SENSEX26SEP74400PE ltp=389.90 entry=421.55 pnl=-31.65(-7.5%) sl=0.00 peak=421.55 tr_armed=False elapsed=36min
2026-09-18 04:52:41,674 [INFO] [STATE][ORB] CE BFO:SENSEX26SEP74400CE ltp=535.00 entry=556.20 pnl=-21.20(-3.8%) sl=0.00 peak=556.20 tr_armed=False elapsed=8min
2026-09-18 04:52:45,325 [INFO] [periodic] Logs pushed to GitHub: Sensex_FlightRecorder_V2_5_20-SENSEX_20260918_090604.log, Sensex_BarLevel_V2_5_20-SENSEX_20260918_090604.csv
2026-09-18 04:57:47,929 [INFO] [APEX] open=0 trades=0 realized=+0.0pt/Rs+0 unreal=+0.0pt/Rs+0
2026-09-18 04:57:47,930 [INFO] [T5] open=0 trades=0 realized=+0.0pt/Rs+0 unreal=+0.0pt/Rs+0
2026-09-18 04:57:47,930 [INFO] [INDICATORS] spot=74427.9 | 1h: close=74505.8 sma20=74384.2 sma50=74751.5 rsi=49.2 macd=-95.23/-138.15(bull) | 15m: K=73.6↑(prev 56.9) | regime=NEUTRAL any_active=True
2026-09-18 04:57:47,931 [INFO] [SIGNAL] CE: reg=False K=True(K=73.6>=38,rising) Kextr=True RSI=False(49.2>53) MACD=True(gate off) => BLOCK | PE: reg=False K=False(K=73.6<=80,falling) Kextr=False RSI=False(49.2<47) MACD=False(gate off) => BLOCK
2026-09-18 04:57:47,931 [INFO] [STATE][FUT5VWAP] PE BFO:SENSEX26SEP74400PE ltp=414.90 entry=421.55 pnl=-6.65(-1.6%) sl=0.00 peak=421.55 tr_armed=False elapsed=41min
2026-09-18 04:57:47,931 [INFO] [STATE][ORB] CE BFO:SENSEX26SEP74400CE ltp=510.65 entry=556.20 pnl=-45.55(-8.2%) sl=0.00 peak=556.20 tr_armed=False elapsed=13min
2026-09-18 04:57:50,552 [INFO] [periodic] Logs pushed to GitHub: Sensex_FlightRecorder_V2_5_20-SENSEX_20260918_090604.log, Sensex_BarLevel_V2_5_20-SENSEX_20260918_090604.csv
2026-09-18 05:00:21,797 [INFO] [CHOPGATE] STAND ASIDE for the day — ER=0.01 crosses=2 range=165pt
2026-09-18 05:01:23,151 [INFO] [VWAP] Signal — FUT 74519<74563 body=79% side=PE | persist_gate=dist=-54.5pt persist=True (last 2x5m vs FUTvwap=74573.5)
2026-09-18 05:01:23,205 [INFO] ENTRY: BFO:SENSEX26SEP74500PE @ 439.85  engine=VWAP  detail=FUT VWAP 74519<74563 body=79% | bar=180
2026-09-18 05:02:55,047 [INFO] [APEX] open=0 trades=0 realized=+0.0pt/Rs+0 unreal=+0.0pt/Rs+0
2026-09-18 05:02:55,047 [INFO] [T5] open=0 trades=0 realized=+0.0pt/Rs+0 unreal=+0.0pt/Rs+0
2026-09-18 05:02:55,048 [INFO] [INDICATORS] spot=74445.9 | 1h: close=74505.8 sma20=74384.2 sma50=74751.5 rsi=49.2 macd=-95.23/-138.15(bull) | 15m: K=77.5↑(prev 73.6) | regime=NEUTRAL any_active=True
2026-09-18 05:02:55,048 [INFO] [SIGNAL] CE: reg=False K=True(K=77.5>=38,rising) Kextr=False RSI=False(49.2>53) MACD=True(gate off) => BLOCK | PE: reg=False K=False(K=77.5<=80,falling) Kextr=True RSI=False(49.2<47) MACD=False(gate off) => BLOCK
2026-09-18 05:02:55,048 [INFO] [STATE][VWAP] PE BFO:SENSEX26SEP74500PE ltp=459.30 entry=439.85 pnl=+19.45(+4.4%) sl=360.68 peak=459.30 tr_armed=False elapsed=1min
2026-09-18 05:02:55,049 [INFO] [STATE][FUT5VWAP] PE BFO:SENSEX26SEP74400PE ltp=412.70 entry=421.55 pnl=-8.85(-2.1%) sl=0.00 peak=421.55 tr_armed=False elapsed=46min
2026-09-18 05:02:55,049 [INFO] [STATE][ORB] CE BFO:SENSEX26SEP74400CE ltp=511.95 entry=556.20 pnl=-44.25(-8.0%) sl=0.00 peak=556.20 tr_armed=False elapsed=18min
2026-09-18 05:02:57,662 [INFO] [periodic] Logs pushed to GitHub: Sensex_FlightRecorder_V2_5_20-SENSEX_20260918_090604.log, Sensex_BarLevel_V2_5_20-SENSEX_20260918_090604.csv
2026-09-18 05:08:00,900 [INFO] [APEX] open=0 trades=0 realized=+0.0pt/Rs+0 unreal=+0.0pt/Rs+0
2026-09-18 05:08:00,901 [INFO] [T5] open=0 trades=0 realized=+0.0pt/Rs+0 unreal=+0.0pt/Rs+0
2026-09-18 05:08:00,901 [INFO] [INDICATORS] spot=74421.6 | 1h: close=74505.8 sma20=74384.2 sma50=74751.5 rsi=49.2 macd=-95.23/-138.15(bull) | 15m: K=77.5↑(prev 73.6) | regime=NEUTRAL any_active=True
2026-09-18 05:08:00,901 [INFO] [SIGNAL] CE: reg=False K=True(K=77.5>=38,rising) Kextr=False RSI=False(49.2>53) MACD=True(gate off) => BLOCK | PE: reg=False K=False(K=77.5<=80,falling) Kextr=True RSI=False(49.2<47) MACD=False(gate off) => BLOCK
2026-09-18 05:08:00,902 [INFO] [STATE][VWAP] PE BFO:SENSEX26SEP74500PE ltp=449.80 entry=439.85 pnl=+9.95(+2.3%) sl=360.68 peak=459.40 tr_armed=False elapsed=6min
2026-09-18 05:08:00,902 [INFO] [STATE][FUT5VWAP] PE BFO:SENSEX26SEP74400PE ltp=403.80 entry=421.55 pnl=-17.75(-4.2%) sl=0.00 peak=421.55 tr_armed=False elapsed=51min
2026-09-18 05:08:00,902 [INFO] [STATE][ORB] CE BFO:SENSEX26SEP74400CE ltp=517.60 entry=556.20 pnl=-38.60(-6.9%) sl=0.00 peak=556.20 tr_armed=False elapsed=23min
2026-09-18 05:08:04,677 [INFO] [periodic] Logs pushed to GitHub: Sensex_FlightRecorder_V2_5_20-SENSEX_20260918_090604.log, Sensex_BarLevel_V2_5_20-SENSEX_20260918_090604.csv
2026-09-18 05:10:05,913 [INFO] [CB] ORB loss (own count 2) — TOTAL across all engines=2/4 (reason=ORB_STOP)
2026-09-18 05:10:05,913 [INFO] EXIT: BFO:SENSEX26SEP74400CE @ 506.20 reason=ORB_STOP pnl/sh=-50.00 is_flip=False losses=2/4
2026-09-18 05:13:08,897 [INFO] [APEX] open=0 trades=0 realized=+0.0pt/Rs+0 unreal=+0.0pt/Rs+0
2026-09-18 05:13:08,951 [INFO] [T5] open=0 trades=0 realized=+0.0pt/Rs+0 unreal=+0.0pt/Rs+0
2026-09-18 05:13:08,951 [INFO] [INDICATORS] spot=74405.5 | 1h: close=74505.8 sma20=74384.2 sma50=74751.5 rsi=49.2 macd=-95.23/-138.15(bull) | 15m: K=77.5↑(prev 73.6) | regime=NEUTRAL any_active=True
2026-09-18 05:13:08,951 [INFO] [SIGNAL] CE: reg=False K=True(K=77.5>=38,rising) Kextr=False RSI=False(49.2>53) MACD=True(gate off) => BLOCK | PE: reg=False K=False(K=77.5<=80,falling) Kextr=True RSI=False(49.2<47) MACD=False(gate off) => BLOCK
2026-09-18 05:13:08,952 [INFO] [STATE][VWAP] PE BFO:SENSEX26SEP74500PE ltp=460.40 entry=439.85 pnl=+20.55(+4.7%) sl=360.68 peak=471.00 tr_armed=False elapsed=11min
2026-09-18 05:13:08,952 [INFO] [STATE][FUT5VWAP] PE BFO:SENSEX26SEP74400PE ltp=414.30 entry=421.55 pnl=-7.25(-1.7%) sl=0.00 peak=424.40 tr_armed=False elapsed=56min
2026-09-18 05:13:11,647 [INFO] [periodic] Logs pushed to GitHub: Sensex_FlightRecorder_V2_5_20-SENSEX_20260918_090604.log, Sensex_BarLevel_V2_5_20-SENSEX_20260918_090604.csv
2026-09-18 05:18:15,032 [INFO] [APEX] open=0 trades=0 realized=+0.0pt/Rs+0 unreal=+0.0pt/Rs+0
2026-09-18 05:18:15,033 [INFO] [T5] open=0 trades=0 realized=+0.0pt/Rs+0 unreal=+0.0pt/Rs+0
2026-09-18 05:18:15,033 [INFO] [INDICATORS] spot=74427.5 | 1h: close=74505.8 sma20=74384.2 sma50=74751.5 rsi=49.2 macd=-95.23/-138.15(bull) | 15m: K=69.7↓(prev 77.5) | regime=NEUTRAL any_active=True
2026-09-18 05:18:15,033 [INFO] [SIGNAL] CE: reg=False K=False(K=69.7>=38,rising) Kextr=False RSI=False(49.2>53) MACD=True(gate off) => BLOCK | PE: reg=False K=True(K=69.7<=80,falling) Kextr=True RSI=False(49.2<47) MACD=False(gate off) => BLOCK
2026-09-18 05:18:15,033 [INFO] [STATE][VWAP] PE BFO:SENSEX26SEP74500PE ltp=452.95 entry=439.85 pnl=+13.10(+3.0%) sl=360.68 peak=471.00 tr_armed=False elapsed=16min
2026-09-18 05:18:15,034 [INFO] [STATE][FUT5VWAP] PE BFO:SENSEX26SEP74400PE ltp=407.00 entry=421.55 pnl=-14.55(-3.5%) sl=0.00 peak=424.40 tr_armed=False elapsed=61min
2026-09-18 05:18:17,659 [INFO] [periodic] Logs pushed to GitHub: Sensex_FlightRecorder_V2_5_20-SENSEX_20260918_090604.log, Sensex_BarLevel_V2_5_20-SENSEX_20260918_090604.csv
2026-09-18 05:23:20,978 [INFO] [APEX] open=0 trades=0 realized=+0.0pt/Rs+0 unreal=+0.0pt/Rs+0
2026-09-18 05:23:20,979 [INFO] [T5] open=0 trades=0 realized=+0.0pt/Rs+0 unreal=+0.0pt/Rs+0
2026-09-18 05:23:20,979 [INFO] [INDICATORS] spot=74445.1 | 1h: close=74505.8 sma20=74384.2 sma50=74751.5 rsi=49.2 macd=-95.23/-138.15(bull) | 15m: K=69.7↓(prev 77.5) | regime=NEUTRAL any_active=True
2026-09-18 05:23:20,979 [INFO] [SIGNAL] CE: reg=False K=False(K=69.7>=38,rising) Kextr=False RSI=False(49.2>53) MACD=True(gate off) => BLOCK | PE: reg=False K=True(K=69.7<=80,falling) Kextr=True RSI=False(49.2<47) MACD=False(gate off) => BLOCK
2026-09-18 05:23:20,980 [INFO] [STATE][VWAP] PE BFO:SENSEX26SEP74500PE ltp=441.95 entry=439.85 pnl=+2.10(+0.5%) sl=360.68 peak=471.00 tr_armed=False elapsed=21min
2026-09-18 05:23:20,980 [INFO] [STATE][FUT5VWAP] PE BFO:SENSEX26SEP74400PE ltp=396.30 entry=421.55 pnl=-25.25(-6.0%) sl=0.00 peak=424.40 tr_armed=False elapsed=66min
2026-09-18 05:23:24,447 [INFO] [periodic] Logs pushed to GitHub: Sensex_FlightRecorder_V2_5_20-SENSEX_20260918_090604.log, Sensex_BarLevel_V2_5_20-SENSEX_20260918_090604.csv
2026-09-18 05:28:27,784 [INFO] [APEX] open=0 trades=0 realized=+0.0pt/Rs+0 unreal=+0.0pt/Rs+0
2026-09-18 05:28:27,785 [INFO] [T5] open=0 trades=0 realized=+0.0pt/Rs+0 unreal=+0.0pt/Rs+0
2026-09-18 05:28:27,785 [INFO] [INDICATORS] spot=74458.9 | 1h: close=74505.8 sma20=74384.2 sma50=74751.5 rsi=49.2 macd=-95.23/-138.15(bull) | 15m: K=69.7↓(prev 77.5) | regime=NEUTRAL any_active=True
2026-09-18 05:28:27,785 [INFO] [SIGNAL] CE: reg=False K=False(K=69.7>=38,rising) Kextr=False RSI=False(49.2>53) MACD=True(gate off) => BLOCK | PE: reg=False K=True(K=69.7<=80,falling) Kextr=True RSI=False(49.2<47) MACD=False(gate off) => BLOCK
2026-09-18 05:28:27,786 [INFO] [STATE][VWAP] PE BFO:SENSEX26SEP74500PE ltp=447.55 entry=439.85 pnl=+7.70(+1.8%) sl=360.68 peak=471.00 tr_armed=False elapsed=27min
2026-09-18 05:28:27,786 [INFO] [STATE][FUT5VWAP] PE BFO:SENSEX26SEP74400PE ltp=401.45 entry=421.55 pnl=-20.10(-4.8%) sl=0.00 peak=424.40 tr_armed=False elapsed=72min
2026-09-18 05:28:30,622 [INFO] [periodic] Logs pushed to GitHub: Sensex_FlightRecorder_V2_5_20-SENSEX_20260918_090604.log, Sensex_BarLevel_V2_5_20-SENSEX_20260918_090604.csv
2026-09-18 05:33:34,136 [INFO] [APEX] open=0 trades=0 realized=+0.0pt/Rs+0 unreal=+0.0pt/Rs+0
2026-09-18 05:33:34,136 [INFO] [T5] open=0 trades=0 realized=+0.0pt/Rs+0 unreal=+0.0pt/Rs+0
2026-09-18 05:33:34,137 [INFO] [INDICATORS] spot=74448.0 | 1h: close=74505.8 sma20=74384.2 sma50=74751.5 rsi=49.2 macd=-95.23/-138.15(bull) | 15m: K=58.0↓(prev 69.7) | regime=NEUTRAL any_active=True
2026-09-18 05:33:34,137 [INFO] [SIGNAL] CE: reg=False K=False(K=58.0>=38,rising) Kextr=False RSI=False(49.2>53) MACD=True(gate off) => BLOCK | PE: reg=False K=True(K=58.0<=80,falling) Kextr=True RSI=False(49.2<47) MACD=False(gate off) => BLOCK
2026-09-18 05:33:34,137 [INFO] [STATE][VWAP] PE BFO:SENSEX26SEP74500PE ltp=446.10 entry=439.85 pnl=+6.25(+1.4%) sl=360.68 peak=471.00 tr_armed=False elapsed=32min
2026-09-18 05:33:34,137 [INFO] [STATE][FUT5VWAP] PE BFO:SENSEX26SEP74400PE ltp=400.70 entry=421.55 pnl=-20.85(-4.9%) sl=0.00 peak=424.40 tr_armed=False elapsed=77min
2026-09-18 05:33:36,776 [INFO] [periodic] Logs pushed to GitHub: Sensex_FlightRecorder_V2_5_20-SENSEX_20260918_090604.log, Sensex_BarLevel_V2_5_20-SENSEX_20260918_090604.csv
2026-09-18 05:38:47,356 [INFO] [APEX] open=0 trades=0 realized=+0.0pt/Rs+0 unreal=+0.0pt/Rs+0
2026-09-18 05:38:47,356 [INFO] [T5] open=0 trades=0 realized=+0.0pt/Rs+0 unreal=+0.0pt/Rs+0
2026-09-18 05:38:47,357 [INFO] [INDICATORS] spot=74412.2 | 1h: close=74505.8 sma20=74384.2 sma50=74751.5 rsi=49.2 macd=-95.23/-138.15(bull) | 15m: K=58.0↓(prev 69.7) | regime=NEUTRAL any_active=True
2026-09-18 05:38:47,357 [INFO] [SIGNAL] CE: reg=False K=False(K=58.0>=38,rising) Kextr=False RSI=False(49.2>53) MACD=True(gate off) => BLOCK | PE: reg=False K=True(K=58.0<=80,falling) Kextr=True RSI=False(49.2<47) MACD=False(gate off) => BLOCK
2026-09-18 05:38:47,358 [INFO] [STATE][VWAP] PE BFO:SENSEX26SEP74500PE ltp=451.80 entry=439.85 pnl=+11.95(+2.7%) sl=360.68 peak=471.00 tr_armed=False elapsed=37min
2026-09-18 05:38:47,358 [INFO] [STATE][FUT5VWAP] PE BFO:SENSEX26SEP74400PE ltp=405.10 entry=421.55 pnl=-16.45(-3.9%) sl=0.00 peak=424.40 tr_armed=False elapsed=82min
2026-09-18 05:38:51,244 [INFO] [periodic] Logs pushed to GitHub: Sensex_FlightRecorder_V2_5_20-SENSEX_20260918_090604.log, Sensex_BarLevel_V2_5_20-SENSEX_20260918_090604.csv
2026-09-18 05:43:55,011 [INFO] [APEX] open=0 trades=0 realized=+0.0pt/Rs+0 unreal=+0.0pt/Rs+0
2026-09-18 05:43:55,012 [INFO] [T5] open=0 trades=0 realized=+0.0pt/Rs+0 unreal=+0.0pt/Rs+0
2026-09-18 05:43:55,013 [INFO] [INDICATORS] spot=74422.1 | 1h: close=74505.8 sma20=74384.2 sma50=74751.5 rsi=49.2 macd=-95.23/-138.15(bull) | 15m: K=58.0↓(prev 69.7) | regime=NEUTRAL any_active=True
2026-09-18 05:43:55,013 [INFO] [SIGNAL] CE: reg=False K=False(K=58.0>=38,rising) Kextr=False RSI=False(49.2>53) MACD=True(gate off) => BLOCK | PE: reg=False K=True(K=58.0<=80,falling) Kextr=True RSI=False(49.2<47) MACD=False(gate off) => BLOCK
2026-09-18 05:43:55,013 [INFO] [STATE][VWAP] PE BFO:SENSEX26SEP74500PE ltp=452.10 entry=439.85 pnl=+12.25(+2.8%) sl=360.68 peak=471.00 tr_armed=False elapsed=42min
2026-09-18 05:43:55,013 [INFO] [STATE][FUT5VWAP] PE BFO:SENSEX26SEP74400PE ltp=405.95 entry=421.55 pnl=-15.60(-3.7%) sl=0.00 peak=424.40 tr_armed=False elapsed=87min
2026-09-18 05:43:57,681 [INFO] [periodic] Logs pushed to GitHub: Sensex_FlightRecorder_V2_5_20-SENSEX_20260918_090604.log, Sensex_BarLevel_V2_5_20-SENSEX_20260918_090604.csv
2026-09-18 05:45:29,169 [INFO] [VWAP_TRAIL] Option 15m close 447.05 < VWAP 447.28 — exiting
2026-09-18 05:45:29,173 [INFO] EXIT: BFO:SENSEX26SEP74500PE @ 450.15 reason=VWAP_TRAIL pnl/sh=+10.30 is_flip=False losses=0/4
2026-09-18 05:49:02,923 [INFO] [APEX] open=0 trades=0 realized=+0.0pt/Rs+0 unreal=+0.0pt/Rs+0
2026-09-18 05:49:02,923 [INFO] [T5] open=0 trades=0 realized=+0.0pt/Rs+0 unreal=+0.0pt/Rs+0
2026-09-18 05:49:02,924 [INFO] [INDICATORS] spot=74414.3 | 1h: close=74430.9 sma20=74372.0 sma50=74723.1 rsi=47.2 macd=-87.97/-128.12(bull) | 15m: K=56.8↓(prev 58.0) | regime=NEUTRAL any_active=True
2026-09-18 05:49:02,924 [INFO] [SIGNAL] CE: reg=False K=False(K=56.8>=38,rising) Kextr=False RSI=False(47.2>53) MACD=True(gate off) => BLOCK | PE: reg=False K=True(K=56.8<=80,falling) Kextr=True RSI=False(47.2<47) MACD=False(gate off) => BLOCK
2026-09-18 05:49:02,925 [INFO] [STATE][FUT5VWAP] PE BFO:SENSEX26SEP74400PE ltp=418.30 entry=421.55 pnl=-3.25(-0.8%) sl=0.00 peak=424.40 tr_armed=False elapsed=92min
2026-09-18 05:49:05,541 [INFO] [periodic] Logs pushed to GitHub: Sensex_FlightRecorder_V2_5_20-SENSEX_20260918_090604.log, Sensex_BarLevel_V2_5_20-SENSEX_20260918_090604.csv
2026-09-18 05:54:10,249 [INFO] [APEX] open=0 trades=0 realized=+0.0pt/Rs+0 unreal=+0.0pt/Rs+0
2026-09-18 05:54:10,249 [INFO] [T5] open=0 trades=0 realized=+0.0pt/Rs+0 unreal=+0.0pt/Rs+0
2026-09-18 05:54:10,250 [INFO] [INDICATORS] spot=74434.0 | 1h: close=74430.9 sma20=74372.0 sma50=74723.1 rsi=47.2 macd=-87.97/-128.12(bull) | 15m: K=56.8↓(prev 58.0) | regime=NEUTRAL any_active=True
2026-09-18 05:54:10,250 [INFO] [SIGNAL] CE: reg=False K=False(K=56.8>=38,rising) Kextr=False RSI=False(47.2>53) MACD=True(gate off) => BLOCK | PE: reg=False K=True(K=56.8<=80,falling) Kextr=True RSI=False(47.2<47) MACD=False(gate off) => BLOCK
2026-09-18 05:54:10,250 [INFO] [STATE][FUT5VWAP] PE BFO:SENSEX26SEP74400PE ltp=409.45 entry=421.55 pnl=-12.10(-2.9%) sl=0.00 peak=424.40 tr_armed=False elapsed=97min
2026-09-18 05:54:13,769 [INFO] [periodic] Logs pushed to GitHub: Sensex_FlightRecorder_V2_5_20-SENSEX_20260918_090604.log, Sensex_BarLevel_V2_5_20-SENSEX_20260918_090604.csv
2026-09-18 05:59:18,006 [INFO] [APEX] open=0 trades=0 realized=+0.0pt/Rs+0 unreal=+0.0pt/Rs+0
2026-09-18 05:59:18,006 [INFO] [T5] open=0 trades=0 realized=+0.0pt/Rs+0 unreal=+0.0pt/Rs+0
2026-09-18 05:59:18,007 [INFO] [INDICATORS] spot=74423.2 | 1h: close=74430.9 sma20=74372.0 sma50=74723.1 rsi=47.2 macd=-87.97/-128.12(bull) | 15m: K=56.8↓(prev 58.0) | regime=NEUTRAL any_active=True
2026-09-18 05:59:18,007 [INFO] [SIGNAL] CE: reg=False K=False(K=56.8>=38,rising) Kextr=False RSI=False(47.2>53) MACD=True(gate off) => BLOCK | PE: reg=False K=True(K=56.8<=80,falling) Kextr=True RSI=False(47.2<47) MACD=False(gate off) => BLOCK
2026-09-18 05:59:18,008 [INFO] [STATE][FUT5VWAP] PE BFO:SENSEX26SEP74400PE ltp=412.10 entry=421.55 pnl=-9.45(-2.2%) sl=0.00 peak=424.40 tr_armed=False elapsed=102min
2026-09-18 05:59:20,618 [INFO] [periodic] Logs pushed to GitHub: Sensex_FlightRecorder_V2_5_20-SENSEX_20260918_090604.log, Sensex_BarLevel_V2_5_20-SENSEX_20260918_090604.csv
2026-09-18 06:04:25,914 [INFO] [APEX] open=0 trades=0 realized=+0.0pt/Rs+0 unreal=+0.0pt/Rs+0
2026-09-18 06:04:25,914 [INFO] [T5] open=0 trades=0 realized=+0.0pt/Rs+0 unreal=+0.0pt/Rs+0
2026-09-18 06:04:25,915 [INFO] [INDICATORS] spot=74418.0 | 1h: close=74430.9 sma20=74372.0 sma50=74723.1 rsi=47.2 macd=-87.97/-128.12(bull) | 15m: K=53.2↓(prev 56.8) | regime=NEUTRAL any_active=True
2026-09-18 06:04:25,915 [INFO] [SIGNAL] CE: reg=False K=False(K=53.2>=38,rising) Kextr=False RSI=False(47.2>53) MACD=True(gate off) => BLOCK | PE: reg=False K=True(K=53.2<=80,falling) Kextr=False RSI=False(47.2<47) MACD=False(gate off) => BLOCK
2026-09-18 06:04:25,915 [INFO] [STATE][FUT5VWAP] PE BFO:SENSEX26SEP74400PE ltp=409.45 entry=421.55 pnl=-12.10(-2.9%) sl=0.00 peak=424.40 tr_armed=False elapsed=108min
2026-09-18 06:04:28,757 [INFO] [periodic] Logs pushed to GitHub: Sensex_FlightRecorder_V2_5_20-SENSEX_20260918_090604.log, Sensex_BarLevel_V2_5_20-SENSEX_20260918_090604.csv
2026-09-18 06:09:32,770 [INFO] [APEX] open=0 trades=0 realized=+0.0pt/Rs+0 unreal=+0.0pt/Rs+0
2026-09-18 06:09:32,770 [INFO] [T5] open=0 trades=0 realized=+0.0pt/Rs+0 unreal=+0.0pt/Rs+0
2026-09-18 06:09:32,771 [INFO] [INDICATORS] spot=74426.3 | 1h: close=74430.9 sma20=74372.0 sma50=74723.1 rsi=47.2 macd=-87.97/-128.12(bull) | 15m: K=53.2↓(prev 56.8) | regime=NEUTRAL any_active=True
2026-09-18 06:09:32,771 [INFO] [SIGNAL] CE: reg=False K=False(K=53.2>=38,rising) Kextr=False RSI=False(47.2>53) MACD=True(gate off) => BLOCK | PE: reg=False K=True(K=53.2<=80,falling) Kextr=False RSI=False(47.2<47) MACD=False(gate off) => BLOCK
2026-09-18 06:09:32,771 [INFO] [STATE][FUT5VWAP] PE BFO:SENSEX26SEP74400PE ltp=403.05 entry=421.55 pnl=-18.50(-4.4%) sl=0.00 peak=424.40 tr_armed=False elapsed=113min
2026-09-18 06:09:36,393 [INFO] [periodic] Logs pushed to GitHub: Sensex_FlightRecorder_V2_5_20-SENSEX_20260918_090604.log, Sensex_BarLevel_V2_5_20-SENSEX_20260918_090604.csv
2026-09-18 06:14:40,659 [INFO] [APEX] open=0 trades=0 realized=+0.0pt/Rs+0 unreal=+0.0pt/Rs+0
2026-09-18 06:14:40,660 [INFO] [T5] open=0 trades=0 realized=+0.0pt/Rs+0 unreal=+0.0pt/Rs+0
2026-09-18 06:14:40,660 [INFO] [INDICATORS] spot=74415.3 | 1h: close=74430.9 sma20=74372.0 sma50=74723.1 rsi=47.2 macd=-87.97/-128.12(bull) | 15m: K=53.2↓(prev 56.8) | regime=NEUTRAL any_active=True
2026-09-18 06:14:40,660 [INFO] [SIGNAL] CE: reg=False K=False(K=53.2>=38,rising) Kextr=False RSI=False(47.2>53) MACD=True(gate off) => BLOCK | PE: reg=False K=True(K=53.2<=80,falling) Kextr=False RSI=False(47.2<47) MACD=False(gate off) => BLOCK
2026-09-18 06:14:40,661 [INFO] [STATE][FUT5VWAP] PE BFO:SENSEX26SEP74400PE ltp=406.85 entry=421.55 pnl=-14.70(-3.5%) sl=0.00 peak=424.40 tr_armed=False elapsed=118min
2026-09-18 06:14:43,204 [INFO] [periodic] Logs pushed to GitHub: Sensex_FlightRecorder_V2_5_20-SENSEX_20260918_090604.log, Sensex_BarLevel_V2_5_20-SENSEX_20260918_090604.csv
2026-09-18 06:19:47,356 [INFO] [APEX] open=0 trades=0 realized=+0.0pt/Rs+0 unreal=+0.0pt/Rs+0
2026-09-18 06:19:47,356 [INFO] [T5] open=0 trades=0 realized=+0.0pt/Rs+0 unreal=+0.0pt/Rs+0
2026-09-18 06:19:47,357 [INFO] [INDICATORS] spot=74435.9 | 1h: close=74430.9 sma20=74372.0 sma50=74723.1 rsi=47.2 macd=-87.97/-128.12(bull) | 15m: K=48.7↓(prev 53.2) | regime=NEUTRAL any_active=True
2026-09-18 06:19:47,357 [INFO] [SIGNAL] CE: reg=False K=False(K=48.7>=38,rising) Kextr=False RSI=False(47.2>53) MACD=True(gate off) => BLOCK | PE: reg=False K=True(K=48.7<=80,falling) Kextr=False RSI=False(47.2<47) MACD=False(gate off) => BLOCK
2026-09-18 06:19:47,357 [INFO] [STATE][FUT5VWAP] PE BFO:SENSEX26SEP74400PE ltp=392.00 entry=421.55 pnl=-29.55(-7.0%) sl=0.00 peak=424.40 tr_armed=False elapsed=123min
2026-09-18 06:19:50,729 [INFO] [periodic] Logs pushed to GitHub: Sensex_FlightRecorder_V2_5_20-SENSEX_20260918_090604.log, Sensex_BarLevel_V2_5_20-SENSEX_20260918_090604.csv
2026-09-18 06:24:55,004 [INFO] [APEX] open=0 trades=0 realized=+0.0pt/Rs+0 unreal=+0.0pt/Rs+0
2026-09-18 06:24:55,005 [INFO] [T5] open=0 trades=0 realized=+0.0pt/Rs+0 unreal=+0.0pt/Rs+0
2026-09-18 06:24:55,006 [INFO] [INDICATORS] spot=74486.5 | 1h: close=74430.9 sma20=74372.0 sma50=74723.1 rsi=47.2 macd=-87.97/-128.12(bull) | 15m: K=48.7↓(prev 53.2) | regime=NEUTRAL any_active=True
2026-09-18 06:24:55,006 [INFO] [SIGNAL] CE: reg=False K=False(K=48.7>=38,rising) Kextr=False RSI=False(47.2>53) MACD=True(gate off) => BLOCK | PE: reg=False K=True(K=48.7<=80,falling) Kextr=False RSI=False(47.2<47) MACD=False(gate off) => BLOCK
2026-09-18 06:24:55,006 [INFO] [STATE][FUT5VWAP] PE BFO:SENSEX26SEP74400PE ltp=367.35 entry=421.55 pnl=-54.20(-12.9%) sl=0.00 peak=424.40 tr_armed=False elapsed=128min
2026-09-18 06:24:58,572 [INFO] [periodic] Logs pushed to GitHub: Sensex_FlightRecorder_V2_5_20-SENSEX_20260918_090604.log, Sensex_BarLevel_V2_5_20-SENSEX_20260918_090604.csv
2026-09-18 06:30:03,978 [INFO] [APEX] open=0 trades=0 realized=+0.0pt/Rs+0 unreal=+0.0pt/Rs+0
2026-09-18 06:30:03,979 [INFO] [T5] open=0 trades=0 realized=+0.0pt/Rs+0 unreal=+0.0pt/Rs+0
2026-09-18 06:30:03,979 [INFO] [INDICATORS] spot=74486.1 | 1h: close=74430.9 sma20=74372.0 sma50=74723.1 rsi=47.2 macd=-87.97/-128.12(bull) | 15m: K=60.5↑(prev 48.7) | regime=NEUTRAL any_active=True
2026-09-18 06:30:03,979 [INFO] [SIGNAL] CE: reg=False K=True(K=60.5>=38,rising) Kextr=False RSI=False(47.2>53) MACD=True(gate off) => BLOCK | PE: reg=False K=False(K=60.5<=80,falling) Kextr=False RSI=False(47.2<47) MACD=False(gate off) => BLOCK
2026-09-18 06:30:03,979 [INFO] [STATE][FUT5VWAP] PE BFO:SENSEX26SEP74400PE ltp=368.40 entry=421.55 pnl=-53.15(-12.6%) sl=0.00 peak=424.40 tr_armed=False elapsed=133min
2026-09-18 06:30:06,625 [INFO] [periodic] Logs pushed to GitHub: Sensex_FlightRecorder_V2_5_20-SENSEX_20260918_090604.log, Sensex_BarLevel_V2_5_20-SENSEX_20260918_090604.csv
2026-09-18 06:31:07,429 [INFO] [VWAP] Climax skip — body=100% >= 87%
2026-09-18 06:31:37,868 [INFO] [VWAP] Climax skip — body=100% >= 87%
2026-09-18 06:32:08,318 [INFO] [VWAP] Climax skip — body=100% >= 87%
2026-09-18 06:32:38,786 [INFO] [VWAP] Climax skip — body=100% >= 87%
2026-09-18 06:33:09,309 [INFO] [VWAP] Climax skip — body=100% >= 87%
2026-09-18 06:33:39,831 [INFO] [VWAP] Climax skip — body=100% >= 87%
2026-09-18 06:34:10,345 [INFO] [VWAP] Climax skip — body=100% >= 87%
2026-09-18 06:34:40,850 [INFO] [VWAP] Climax skip — body=100% >= 87%
2026-09-18 06:35:11,354 [INFO] [VWAP] Climax skip — body=100% >= 87%
2026-09-18 06:35:11,415 [INFO] [APEX] open=0 trades=0 realized=+0.0pt/Rs+0 unreal=+0.0pt/Rs+0
2026-09-18 06:35:11,415 [INFO] [T5] open=0 trades=0 realized=+0.0pt/Rs+0 unreal=+0.0pt/Rs+0
2026-09-18 06:35:11,415 [INFO] [INDICATORS] spot=74477.8 | 1h: close=74430.9 sma20=74372.0 sma50=74723.1 rsi=47.2 macd=-87.97/-128.12(bull) | 15m: K=60.5↑(prev 48.7) | regime=NEUTRAL any_active=True
2026-09-18 06:35:11,416 [INFO] [SIGNAL] CE: reg=False K=True(K=60.5>=38,rising) Kextr=False RSI=False(47.2>53) MACD=True(gate off) => BLOCK | PE: reg=False K=False(K=60.5<=80,falling) Kextr=False RSI=False(47.2<47) MACD=False(gate off) => BLOCK
2026-09-18 06:35:11,416 [INFO] [STATE][FUT5VWAP] PE BFO:SENSEX26SEP74400PE ltp=371.35 entry=421.55 pnl=-50.20(-11.9%) sl=0.00 peak=424.40 tr_armed=False elapsed=138min
2026-09-18 06:35:14,276 [INFO] [periodic] Logs pushed to GitHub: Sensex_FlightRecorder_V2_5_20-SENSEX_20260918_090604.log, Sensex_BarLevel_V2_5_20-SENSEX_20260918_090604.csv
2026-09-18 06:35:44,751 [INFO] [VWAP] Climax skip — body=100% >= 87%
2026-09-18 06:36:15,134 [INFO] [VWAP] Climax skip — body=100% >= 87%
2026-09-18 06:36:45,549 [INFO] [VWAP] Climax skip — body=100% >= 87%
2026-09-18 06:37:15,972 [INFO] [VWAP] Climax skip — body=100% >= 87%
2026-09-18 06:37:46,371 [INFO] [VWAP] Climax skip — body=100% >= 87%
2026-09-18 06:38:16,750 [INFO] [VWAP] Climax skip — body=100% >= 87%
2026-09-18 06:38:47,141 [INFO] [VWAP] Climax skip — body=100% >= 87%
2026-09-18 06:39:17,547 [INFO] [VWAP] Climax skip — body=100% >= 87%
2026-09-18 06:39:47,971 [INFO] [VWAP] Climax skip — body=100% >= 87%
2026-09-18 06:40:18,468 [INFO] [VWAP] Climax skip — body=100% >= 87%
2026-09-18 06:40:18,535 [INFO] [APEX] open=0 trades=0 realized=+0.0pt/Rs+0 unreal=+0.0pt/Rs+0
2026-09-18 06:40:18,536 [INFO] [T5] open=0 trades=0 realized=+0.0pt/Rs+0 unreal=+0.0pt/Rs+0
2026-09-18 06:40:18,536 [INFO] [INDICATORS] spot=74466.1 | 1h: close=74430.9 sma20=74372.0 sma50=74723.1 rsi=47.2 macd=-87.97/-128.12(bull) | 15m: K=60.5↑(prev 48.7) | regime=NEUTRAL any_active=True
2026-09-18 06:40:18,536 [INFO] [SIGNAL] CE: reg=False K=True(K=60.5>=38,rising) Kextr=False RSI=False(47.2>53) MACD=True(gate off) => BLOCK | PE: reg=False K=False(K=60.5<=80,falling) Kextr=False RSI=False(47.2<47) MACD=False(gate off) => BLOCK
2026-09-18 06:40:18,537 [INFO] [STATE][FUT5VWAP] PE BFO:SENSEX26SEP74400PE ltp=367.25 entry=421.55 pnl=-54.30(-12.9%) sl=0.00 peak=424.40 tr_armed=False elapsed=143min
2026-09-18 06:40:22,634 [INFO] [periodic] Logs pushed to GitHub: Sensex_FlightRecorder_V2_5_20-SENSEX_20260918_090604.log, Sensex_BarLevel_V2_5_20-SENSEX_20260918_090604.csv
2026-09-18 06:40:52,994 [INFO] [VWAP] Climax skip — body=100% >= 87%
2026-09-18 06:41:23,407 [INFO] [VWAP] Climax skip — body=100% >= 87%
2026-09-18 06:41:53,806 [INFO] [VWAP] Climax skip — body=100% >= 87%
2026-09-18 06:42:24,265 [INFO] [VWAP] Climax skip — body=100% >= 87%
2026-09-18 06:42:54,679 [INFO] [VWAP] Climax skip — body=100% >= 87%
2026-09-18 06:43:25,074 [INFO] [VWAP] Climax skip — body=100% >= 87%
2026-09-18 06:43:55,502 [INFO] [VWAP] Climax skip — body=100% >= 87%
2026-09-18 06:44:25,931 [INFO] [VWAP] Climax skip — body=100% >= 87%
2026-09-18 06:44:56,410 [INFO] [VWAP] Climax skip — body=100% >= 87%
2026-09-18 06:45:26,995 [INFO] [VWAP] Climax skip — body=100% >= 87%
2026-09-18 06:45:27,084 [INFO] [APEX] open=0 trades=0 realized=+0.0pt/Rs+0 unreal=+0.0pt/Rs+0
2026-09-18 06:45:27,180 [INFO] [T5] open=0 trades=0 realized=+0.0pt/Rs+0 unreal=+0.0pt/Rs+0
2026-09-18 06:45:27,182 [INFO] [INDICATORS] spot=74489.6 | 1h: close=74489.6 sma20=74369.2 sma50=74698.4 rsi=47.2 macd=-87.97/-128.12(bull) | 15m: K=77.4↑(prev 60.5) | regime=NEUTRAL any_active=True
2026-09-18 06:45:27,182 [INFO] [SIGNAL] CE: reg=False K=True(K=77.4>=38,rising) Kextr=False RSI=False(47.2>53) MACD=True(gate off) => BLOCK | PE: reg=False K=False(K=77.4<=80,falling) Kextr=False RSI=False(47.2<47) MACD=False(gate off) => BLOCK
2026-09-18 06:45:27,183 [INFO] [STATE][FUT5VWAP] PE BFO:SENSEX26SEP74400PE ltp=365.55 entry=421.55 pnl=-56.00(-13.3%) sl=0.00 peak=424.40 tr_armed=False elapsed=149min
2026-09-18 06:45:30,195 [INFO] [periodic] Logs pushed to GitHub: Sensex_FlightRecorder_V2_5_20-SENSEX_20260918_090604.log, Sensex_BarLevel_V2_5_20-SENSEX_20260918_090604.csv
2026-09-18 06:46:00,549 [INFO] [VWAP] Climax skip — body=100% >= 87%
2026-09-18 06:46:31,076 [INFO] [VWAP] Climax skip — body=100% >= 87%
2026-09-18 06:47:01,519 [INFO] [VWAP] Climax skip — body=100% >= 87%
2026-09-18 06:47:31,954 [INFO] [VWAP] Climax skip — body=100% >= 87%
2026-09-18 06:48:02,370 [INFO] [VWAP] Climax skip — body=100% >= 87%
2026-09-18 06:48:32,760 [INFO] [VWAP] Climax skip — body=100% >= 87%
2026-09-18 06:49:03,154 [INFO] [VWAP] Climax skip — body=100% >= 87%
2026-09-18 06:49:33,543 [INFO] [VWAP] Climax skip — body=100% >= 87%
2026-09-18 06:50:03,905 [INFO] [VWAP] Climax skip — body=100% >= 87%
2026-09-18 06:50:34,316 [INFO] [VWAP] Climax skip — body=100% >= 87%
2026-09-18 06:50:34,378 [INFO] [APEX] open=0 trades=0 realized=+0.0pt/Rs+0 unreal=+0.0pt/Rs+0
2026-09-18 06:50:34,378 [INFO] [T5] open=0 trades=0 realized=+0.0pt/Rs+0 unreal=+0.0pt/Rs+0
2026-09-18 06:50:34,379 [INFO] [INDICATORS] spot=74454.5 | 1h: close=74489.6 sma20=74369.2 sma50=74698.4 rsi=48.9 macd=-76.60/-117.81(bull) | 15m: K=77.4↑(prev 60.5) | regime=NEUTRAL any_active=True
2026-09-18 06:50:34,379 [INFO] [SIGNAL] CE: reg=False K=True(K=77.4>=38,rising) Kextr=False RSI=False(48.9>53) MACD=True(gate off) => BLOCK | PE: reg=False K=False(K=77.4<=80,falling) Kextr=True RSI=False(48.9<47) MACD=False(gate off) => BLOCK
2026-09-18 06:50:34,379 [INFO] [STATE][FUT5VWAP] PE BFO:SENSEX26SEP74400PE ltp=376.05 entry=421.55 pnl=-45.50(-10.8%) sl=0.00 peak=424.40 tr_armed=False elapsed=154min
2026-09-18 06:50:37,592 [INFO] [periodic] Logs pushed to GitHub: Sensex_FlightRecorder_V2_5_20-SENSEX_20260918_090604.log, Sensex_BarLevel_V2_5_20-SENSEX_20260918_090604.csv
2026-09-18 06:51:07,954 [INFO] [VWAP] Climax skip — body=100% >= 87%
2026-09-18 06:51:38,351 [INFO] [VWAP] Climax skip — body=100% >= 87%
2026-09-18 06:52:08,755 [INFO] [VWAP] Climax skip — body=100% >= 87%
2026-09-18 06:52:39,194 [INFO] [VWAP] Climax skip — body=100% >= 87%
2026-09-18 06:53:09,604 [INFO] [VWAP] Climax skip — body=100% >= 87%
2026-09-18 06:53:40,006 [INFO] [VWAP] Climax skip — body=100% >= 87%
2026-09-18 06:54:10,424 [INFO] [VWAP] Climax skip — body=100% >= 87%
2026-09-18 06:54:40,747 [INFO] [VWAP] Climax skip — body=100% >= 87%
2026-09-18 06:55:11,006 [INFO] [VWAP] Climax skip — body=100% >= 87%
2026-09-18 06:55:41,263 [INFO] [VWAP] Climax skip — body=100% >= 87%
2026-09-18 06:55:41,306 [INFO] [APEX] open=0 trades=0 realized=+0.0pt/Rs+0 unreal=+0.0pt/Rs+0
2026-09-18 06:55:41,306 [INFO] [T5] open=0 trades=0 realized=+0.0pt/Rs+0 unreal=+0.0pt/Rs+0
2026-09-18 06:55:41,306 [INFO] [INDICATORS] spot=74472.9 | 1h: close=74489.6 sma20=74369.2 sma50=74698.4 rsi=48.9 macd=-76.60/-117.81(bull) | 15m: K=77.4↑(prev 60.5) | regime=NEUTRAL any_active=True
2026-09-18 06:55:41,306 [INFO] [SIGNAL] CE: reg=False K=True(K=77.4>=38,rising) Kextr=False RSI=False(48.9>53) MACD=True(gate off) => BLOCK | PE: reg=False K=False(K=77.4<=80,falling) Kextr=True RSI=False(48.9<47) MACD=False(gate off) => BLOCK
2026-09-18 06:55:41,307 [INFO] [STATE][FUT5VWAP] PE BFO:SENSEX26SEP74400PE ltp=369.70 entry=421.55 pnl=-51.85(-12.3%) sl=0.00 peak=424.40 tr_armed=False elapsed=159min
2026-09-18 06:55:44,885 [INFO] [periodic] Logs pushed to GitHub: Sensex_FlightRecorder_V2_5_20-SENSEX_20260918_090604.log, Sensex_BarLevel_V2_5_20-SENSEX_20260918_090604.csv
2026-09-18 06:56:15,103 [INFO] [VWAP] Climax skip — body=100% >= 87%
2026-09-18 06:56:45,369 [INFO] [VWAP] Climax skip — body=100% >= 87%
2026-09-18 06:57:15,649 [INFO] [VWAP] Climax skip — body=100% >= 87%
2026-09-18 06:57:45,911 [INFO] [VWAP] Climax skip — body=100% >= 87%
2026-09-18 06:58:16,184 [INFO] [VWAP] Climax skip — body=100% >= 87%
2026-09-18 06:58:46,452 [INFO] [VWAP] Climax skip — body=100% >= 87%
2026-09-18 06:59:16,718 [INFO] [VWAP] Climax skip — body=100% >= 87%
2026-09-18 06:59:46,997 [INFO] [VWAP] Climax skip — body=100% >= 87%
2026-09-18 07:00:17,282 [INFO] [VWAP] Climax skip — body=100% >= 87%
2026-09-18 07:00:47,622 [INFO] [VWAP] Climax skip — body=100% >= 87%
2026-09-18 07:00:47,668 [INFO] [APEX] open=0 trades=0 realized=+0.0pt/Rs+0 unreal=+0.0pt/Rs+0
2026-09-18 07:00:47,728 [INFO] [T5] open=0 trades=0 realized=+0.0pt/Rs+0 unreal=+0.0pt/Rs+0
2026-09-18 07:00:47,729 [INFO] [INDICATORS] spot=74489.8 | 1h: close=74489.6 sma20=74369.2 sma50=74698.4 rsi=48.9 macd=-76.60/-117.81(bull) | 15m: K=92.1↑(prev 77.4) | regime=NEUTRAL any_active=True
2026-09-18 07:00:47,729 [INFO] [SIGNAL] CE: reg=False K=True(K=92.1>=38,rising) Kextr=False RSI=False(48.9>53) MACD=True(gate off) => BLOCK | PE: reg=False K=False(K=92.1<=80,falling) Kextr=True RSI=False(48.9<47) MACD=False(gate off) => BLOCK
2026-09-18 07:00:47,730 [INFO] [STATE][FUT5VWAP] PE BFO:SENSEX26SEP74400PE ltp=354.85 entry=421.55 pnl=-66.70(-15.8%) sl=0.00 peak=424.40 tr_armed=False elapsed=164min
2026-09-18 07:00:50,483 [INFO] [periodic] Logs pushed to GitHub: Sensex_FlightRecorder_V2_5_20-SENSEX_20260918_090604.log, Sensex_BarLevel_V2_5_20-SENSEX_20260918_090604.csv
2026-09-18 07:01:20,704 [INFO] [VWAP] Climax skip — body=100% >= 87%
2026-09-18 07:01:51,023 [INFO] [VWAP] Climax skip — body=100% >= 87%
2026-09-18 07:02:21,345 [INFO] [VWAP] Climax skip — body=100% >= 87%
2026-09-18 07:02:51,664 [INFO] [VWAP] Climax skip — body=100% >= 87%
2026-09-18 07:03:22,010 [INFO] [VWAP] Climax skip — body=100% >= 87%
2026-09-18 07:03:52,355 [INFO] [VWAP] Climax skip — body=100% >= 87%
2026-09-18 07:04:22,687 [INFO] [VWAP] Climax skip — body=100% >= 87%
2026-09-18 07:04:53,030 [INFO] [VWAP] Climax skip — body=100% >= 87%
2026-09-18 07:05:23,393 [INFO] [VWAP] Climax skip — body=100% >= 87%
2026-09-18 07:05:53,752 [INFO] [VWAP] Climax skip — body=100% >= 87%
2026-09-18 07:05:53,800 [INFO] [APEX] open=0 trades=0 realized=+0.0pt/Rs+0 unreal=+0.0pt/Rs+0
2026-09-18 07:05:53,881 [INFO] [T5] open=0 trades=0 realized=+0.0pt/Rs+0 unreal=+0.0pt/Rs+0
2026-09-18 07:05:53,882 [INFO] [INDICATORS] spot=74495.8 | 1h: close=74489.6 sma20=74369.2 sma50=74698.4 rsi=48.9 macd=-76.60/-117.81(bull) | 15m: K=92.1↑(prev 77.4) | regime=NEUTRAL any_active=True
2026-09-18 07:05:53,882 [INFO] [SIGNAL] CE: reg=False K=True(K=92.1>=38,rising) Kextr=False RSI=False(48.9>53) MACD=True(gate off) => BLOCK | PE: reg=False K=False(K=92.1<=80,falling) Kextr=True RSI=False(48.9<47) MACD=False(gate off) => BLOCK
2026-09-18 07:05:53,882 [INFO] [STATE][FUT5VWAP] PE BFO:SENSEX26SEP74400PE ltp=355.40 entry=421.55 pnl=-66.15(-15.7%) sl=0.00 peak=424.40 tr_armed=False elapsed=169min
2026-09-18 07:05:56,519 [INFO] [periodic] Logs pushed to GitHub: Sensex_FlightRecorder_V2_5_20-SENSEX_20260918_090604.log, Sensex_BarLevel_V2_5_20-SENSEX_20260918_090604.csv
2026-09-18 07:06:26,736 [INFO] [VWAP] Climax skip — body=100% >= 87%
2026-09-18 07:06:57,071 [INFO] [VWAP] Climax skip — body=100% >= 87%
2026-09-18 07:07:27,432 [INFO] [VWAP] Climax skip — body=100% >= 87%
2026-09-18 07:07:27,450 [INFO] [CB] FUT5VWAP loss (own count 1) — TOTAL across all engines=3/4 (reason=FUT5VWAP_STOP)
2026-09-18 07:07:27,453 [INFO] EXIT: BFO:SENSEX26SEP74400PE @ 341.55 reason=FUT5VWAP_STOP pnl/sh=-80.00 is_flip=False losses=1/4
2026-09-18 07:07:58,528 [INFO] [VWAP] Climax skip — body=100% >= 87%
2026-09-18 07:08:28,799 [INFO] [VWAP] Climax skip — body=100% >= 87%
2026-09-18 07:08:59,055 [INFO] [VWAP] Climax skip — body=100% >= 87%
2026-09-18 07:09:29,315 [INFO] [VWAP] Climax skip — body=100% >= 87%
2026-09-18 07:09:59,612 [INFO] [VWAP] Climax skip — body=100% >= 87%
2026-09-18 07:10:29,933 [INFO] [VWAP] Climax skip — body=100% >= 87%
2026-09-18 07:11:00,245 [INFO] [VWAP] Climax skip — body=100% >= 87%
2026-09-18 07:11:00,274 [INFO] [APEX] open=0 trades=0 realized=+0.0pt/Rs+0 unreal=+0.0pt/Rs+0
2026-09-18 07:11:00,335 [INFO] [T5] open=0 trades=0 realized=+0.0pt/Rs+0 unreal=+0.0pt/Rs+0
2026-09-18 07:11:00,335 [INFO] [INDICATORS] spot=74501.7 | 1h: close=74489.6 sma20=74369.2 sma50=74698.4 rsi=48.9 macd=-76.60/-117.81(bull) | 15m: K=92.1↑(prev 77.4) | regime=NEUTRAL any_active=False
2026-09-18 07:11:00,336 [INFO] [SIGNAL] CE: reg=False K=True(K=92.1>=38,rising) Kextr=False RSI=False(48.9>53) MACD=True(gate off) => BLOCK | PE: reg=False K=False(K=92.1<=80,falling) Kextr=True RSI=False(48.9<47) MACD=False(gate off) => BLOCK
2026-09-18 07:11:04,109 [INFO] [periodic] Logs pushed to GitHub: Sensex_FlightRecorder_V2_5_20-SENSEX_20260918_090604.log, Sensex_BarLevel_V2_5_20-SENSEX_20260918_090604.csv
2026-09-18 07:11:34,337 [INFO] [VWAP] Climax skip — body=100% >= 87%
2026-09-18 07:12:04,642 [INFO] [VWAP] Climax skip — body=100% >= 87%
2026-09-18 07:12:34,941 [INFO] [VWAP] Climax skip — body=100% >= 87%
2026-09-18 07:13:05,276 [INFO] [VWAP] Climax skip — body=100% >= 87%
2026-09-18 07:13:35,618 [INFO] [VWAP] Climax skip — body=100% >= 87%
2026-09-18 07:14:05,883 [INFO] [VWAP] Climax skip — body=100% >= 87%
2026-09-18 07:14:36,144 [INFO] [VWAP] Climax skip — body=100% >= 87%
2026-09-18 07:15:06,413 [INFO] [VWAP] Climax skip — body=100% >= 87%
2026-09-18 07:15:36,664 [INFO] [VWAP] Climax skip — body=100% >= 87%
2026-09-18 07:16:06,926 [INFO] [VWAP] Climax skip — body=99% >= 87%
2026-09-18 07:16:06,956 [INFO] [APEX] open=0 trades=0 realized=+0.0pt/Rs+0 unreal=+0.0pt/Rs+0
2026-09-18 07:16:06,956 [INFO] [T5] open=0 trades=0 realized=+0.0pt/Rs+0 unreal=+0.0pt/Rs+0
2026-09-18 07:16:06,957 [INFO] [INDICATORS] spot=74532.1 | 1h: close=74489.6 sma20=74369.2 sma50=74698.4 rsi=48.9 macd=-76.60/-117.81(bull) | 15m: K=95.2↑(prev 92.1) | regime=NEUTRAL any_active=False
2026-09-18 07:16:06,957 [INFO] [SIGNAL] CE: reg=False K=True(K=95.2>=38,rising) Kextr=False RSI=False(48.9>53) MACD=True(gate off) => BLOCK | PE: reg=False K=False(K=95.2<=80,falling) Kextr=True RSI=False(48.9<47) MACD=False(gate off) => BLOCK
2026-09-18 07:16:09,966 [INFO] [periodic] Logs pushed to GitHub: Sensex_FlightRecorder_V2_5_20-SENSEX_20260918_090604.log, Sensex_BarLevel_V2_5_20-SENSEX_20260918_090604.csv
2026-09-18 07:16:40,202 [INFO] [VWAP] Climax skip — body=99% >= 87%
2026-09-18 07:17:10,465 [INFO] [VWAP] Climax skip — body=99% >= 87%
2026-09-18 07:17:40,732 [INFO] [VWAP] Climax skip — body=99% >= 87%
2026-09-18 07:18:11,005 [INFO] [VWAP] Climax skip — body=99% >= 87%
2026-09-18 07:18:41,285 [INFO] [VWAP] Climax skip — body=99% >= 87%
2026-09-18 07:19:11,564 [INFO] [VWAP] Climax skip — body=99% >= 87%
2026-09-18 07:19:41,831 [INFO] [VWAP] Climax skip — body=99% >= 87%
2026-09-18 07:20:12,116 [INFO] [VWAP] Climax skip — body=99% >= 87%
2026-09-18 07:20:42,405 [INFO] [VWAP] Climax skip — body=99% >= 87%
2026-09-18 07:21:12,751 [INFO] [VWAP] Climax skip — body=99% >= 87%
2026-09-18 07:21:12,780 [INFO] [APEX] open=0 trades=0 realized=+0.0pt/Rs+0 unreal=+0.0pt/Rs+0
2026-09-18 07:21:12,840 [INFO] [T5] open=0 trades=0 realized=+0.0pt/Rs+0 unreal=+0.0pt/Rs+0
2026-09-18 07:21:12,841 [INFO] [INDICATORS] spot=74511.9 | 1h: close=74489.6 sma20=74369.2 sma50=74698.4 rsi=48.9 macd=-76.60/-117.81(bull) | 15m: K=95.2↑(prev 92.1) | regime=NEUTRAL any_active=False
2026-09-18 07:21:12,841 [INFO] [SIGNAL] CE: reg=False K=True(K=95.2>=38,rising) Kextr=False RSI=False(48.9>53) MACD=True(gate off) => BLOCK | PE: reg=False K=False(K=95.2<=80,falling) Kextr=True RSI=False(48.9<47) MACD=False(gate off) => BLOCK
2026-09-18 07:21:15,555 [INFO] [periodic] Logs pushed to GitHub: Sensex_FlightRecorder_V2_5_20-SENSEX_20260918_090604.log, Sensex_BarLevel_V2_5_20-SENSEX_20260918_090604.csv
2026-09-18 07:21:45,772 [INFO] [VWAP] Climax skip — body=99% >= 87%
2026-09-18 07:22:16,068 [INFO] [VWAP] Climax skip — body=99% >= 87%
2026-09-18 07:22:46,376 [INFO] [VWAP] Climax skip — body=99% >= 87%
2026-09-18 07:23:16,699 [INFO] [VWAP] Climax skip — body=99% >= 87%
2026-09-18 07:23:47,049 [INFO] [VWAP] Climax skip — body=99% >= 87%
2026-09-18 07:24:17,386 [INFO] [VWAP] Climax skip — body=99% >= 87%
2026-09-18 07:24:47,703 [INFO] [VWAP] Climax skip — body=99% >= 87%
2026-09-18 07:25:18,037 [INFO] [VWAP] Climax skip — body=99% >= 87%
2026-09-18 07:25:48,376 [INFO] [VWAP] Climax skip — body=99% >= 87%
2026-09-18 07:26:18,640 [INFO] [VWAP] Climax skip — body=99% >= 87%
2026-09-18 07:26:18,672 [INFO] [APEX] open=0 trades=0 realized=+0.0pt/Rs+0 unreal=+0.0pt/Rs+0
2026-09-18 07:26:18,672 [INFO] [T5] open=0 trades=0 realized=+0.0pt/Rs+0 unreal=+0.0pt/Rs+0
2026-09-18 07:26:18,673 [INFO] [INDICATORS] spot=74516.5 | 1h: close=74489.6 sma20=74369.2 sma50=74698.4 rsi=48.9 macd=-76.60/-117.81(bull) | 15m: K=95.2↑(prev 92.1) | regime=NEUTRAL any_active=False
2026-09-18 07:26:18,673 [INFO] [SIGNAL] CE: reg=False K=True(K=95.2>=38,rising) Kextr=False RSI=False(48.9>53) MACD=True(gate off) => BLOCK | PE: reg=False K=False(K=95.2<=80,falling) Kextr=True RSI=False(48.9<47) MACD=False(gate off) => BLOCK
2026-09-18 07:26:22,396 [INFO] [periodic] Logs pushed to GitHub: Sensex_FlightRecorder_V2_5_20-SENSEX_20260918_090604.log, Sensex_BarLevel_V2_5_20-SENSEX_20260918_090604.csv
2026-09-18 07:26:52,621 [INFO] [VWAP] Climax skip — body=99% >= 87%
2026-09-18 07:27:22,869 [INFO] [VWAP] Climax skip — body=99% >= 87%
2026-09-18 07:27:53,127 [INFO] [VWAP] Climax skip — body=99% >= 87%
2026-09-18 07:28:23,416 [INFO] [VWAP] Climax skip — body=99% >= 87%
2026-09-18 07:28:53,685 [INFO] [VWAP] Climax skip — body=99% >= 87%
2026-09-18 07:29:23,957 [INFO] [VWAP] Climax skip — body=99% >= 87%
2026-09-18 07:29:54,299 [INFO] [VWAP] Climax skip — body=99% >= 87%
2026-09-18 07:30:24,745 [INFO] [VWAP] Climax skip — body=99% >= 87%
2026-09-18 07:30:55,209 [INFO] [VWAP] Climax skip — body=99% >= 87%
2026-09-18 07:31:25,627 [INFO] [APEX] open=0 trades=0 realized=+0.0pt/Rs+0 unreal=+0.0pt/Rs+0
2026-09-18 07:31:25,628 [INFO] [T5] open=0 trades=0 realized=+0.0pt/Rs+0 unreal=+0.0pt/Rs+0
2026-09-18 07:31:25,628 [INFO] [INDICATORS] spot=74542.0 | 1h: close=74489.6 sma20=74369.2 sma50=74698.4 rsi=48.9 macd=-76.60/-117.81(bull) | 15m: K=97.6↑(prev 95.2) | regime=NEUTRAL any_active=False
2026-09-18 07:31:25,628 [INFO] [SIGNAL] CE: reg=False K=True(K=97.6>=38,rising) Kextr=False RSI=False(48.9>53) MACD=True(gate off) => BLOCK | PE: reg=False K=False(K=97.6<=80,falling) Kextr=True RSI=False(48.9<47) MACD=False(gate off) => BLOCK
2026-09-18 07:31:28,427 [INFO] [periodic] Logs pushed to GitHub: Sensex_FlightRecorder_V2_5_20-SENSEX_20260918_090604.log, Sensex_BarLevel_V2_5_20-SENSEX_20260918_090604.csv
2026-09-18 07:36:33,332 [INFO] [APEX] open=0 trades=0 realized=+0.0pt/Rs+0 unreal=+0.0pt/Rs+0
2026-09-18 07:36:33,332 [INFO] [T5] open=0 trades=0 realized=+0.0pt/Rs+0 unreal=+0.0pt/Rs+0
2026-09-18 07:36:33,333 [INFO] [INDICATORS] spot=74565.9 | 1h: close=74489.6 sma20=74369.2 sma50=74698.4 rsi=48.9 macd=-76.60/-117.81(bull) | 15m: K=97.6↑(prev 95.2) | regime=NEUTRAL any_active=False
2026-09-18 07:36:33,333 [INFO] [SIGNAL] CE: reg=False K=True(K=97.6>=38,rising) Kextr=False RSI=False(48.9>53) MACD=True(gate off) => BLOCK | PE: reg=False K=False(K=97.6<=80,falling) Kextr=True RSI=False(48.9<47) MACD=False(gate off) => BLOCK
2026-09-18 07:36:35,873 [INFO] [periodic] Logs pushed to GitHub: Sensex_FlightRecorder_V2_5_20-SENSEX_20260918_090604.log, Sensex_BarLevel_V2_5_20-SENSEX_20260918_090604.csv
2026-09-18 07:41:39,616 [INFO] [APEX] open=0 trades=0 realized=+0.0pt/Rs+0 unreal=+0.0pt/Rs+0
2026-09-18 07:41:39,617 [INFO] [T5] open=0 trades=0 realized=+0.0pt/Rs+0 unreal=+0.0pt/Rs+0
2026-09-18 07:41:39,617 [INFO] [INDICATORS] spot=74564.4 | 1h: close=74489.6 sma20=74369.2 sma50=74698.4 rsi=48.9 macd=-76.60/-117.81(bull) | 15m: K=97.6↑(prev 95.2) | regime=NEUTRAL any_active=False
2026-09-18 07:41:39,617 [INFO] [SIGNAL] CE: reg=False K=True(K=97.6>=38,rising) Kextr=False RSI=False(48.9>53) MACD=True(gate off) => BLOCK | PE: reg=False K=False(K=97.6<=80,falling) Kextr=True RSI=False(48.9<47) MACD=False(gate off) => BLOCK
