2026-09-02 03:55:49,542 [INFO] [STATE][BASE] State from 2026-09-01 — resetting trades_today for 2026-09-02
2026-09-02 03:55:49,542 [INFO] [STATE][BASE] Loaded prior state. active=False losses=0
2026-09-02 03:55:49,542 [INFO] [STATE][VWAP] State from 2026-09-01 — resetting trades_today for 2026-09-02
2026-09-02 03:55:49,542 [INFO] [STATE][VWAP] Loaded prior state. active=False losses=0
2026-09-02 03:55:49,542 [INFO] [STATE][FUT5VWAP] State from 2026-09-01 — resetting trades_today for 2026-09-02
2026-09-02 03:55:49,542 [INFO] [STATE][FUT5VWAP] Loaded prior state. active=False losses=0
2026-09-02 03:55:49,542 [INFO] [STATE][ORB] State from 2026-09-01 — resetting trades_today for 2026-09-02
2026-09-02 03:55:49,542 [INFO] [STATE][ORB] Loaded prior state. active=False losses=0
2026-09-02 03:55:49,543 [INFO] [STATE][GAPBREAK] State from 2026-09-01 — resetting trades_today for 2026-09-02
2026-09-02 03:55:49,543 [INFO] [STATE][GAPBREAK] Loaded prior state. active=False losses=0
2026-09-02 03:55:49,543 [INFO] [STATE][EXPIRY] State from 2026-09-01 — resetting trades_today for 2026-09-02
2026-09-02 03:55:49,543 [INFO] [STATE][EXPIRY] Loaded prior state. active=False losses=0
2026-09-02 03:55:49,897 [INFO] [BOOT] Nifty FUT token: BSE_FO|844615 expiry=2026-09-24 sym=SENSEX26SEPFUT
2026-09-02 03:55:49,897 [INFO] [BOOT] Expiry: 2026-09-03, 130 strikes, 260 option contracts
2026-09-02 03:55:49,897 [INFO] [BOOT] PAPER mode (kite_paper) — mStock init + self-test SKIPPED (bypassed).
2026-09-02 03:55:50,057 [INFO] [PIVOTS] P=76944 R1=77232 R2=77520 S1=76656 S2=76368
2026-09-02 03:55:50,058 [INFO] [OI Plan] No valid plan found — running without OI levels (normal mode)
2026-09-02 03:55:50,058 [INFO] [V2.5.20] 6 independent engines armed: BASE, VWAP, FUT5VWAP, ORB, GAPBREAK, EXPIRY (regime=TRANSITION, gap_suppress_until=n/a)
2026-09-02 03:55:50,058 [INFO] 
2026-09-02 03:55:50,058 [INFO] +========================================================================+
2026-09-02 03:55:50,058 [INFO] | ORION V2.5.15 — STRATEGY DESIGN                                        |
2026-09-02 03:55:50,058 [INFO] | Backtest: 363 trades | PnL Rs +6,88,158 | WR 64.5% | MaxDD -1,119     |
2026-09-02 03:55:50,058 [INFO] +========================================================================+
2026-09-02 03:55:50,058 [INFO] | ENGINE V2 (fires every 15m close — regime: BULL/BEAR/TRANSITION only)  |
2026-09-02 03:55:50,058 [INFO] |   CE: 1h close>SMA20>SMA50 | K>=38 rising | K<25 recently             |
2026-09-02 03:55:50,058 [INFO] |        RSI>53 | MACD bull | premium 30-180                             |
2026-09-02 03:55:50,058 [INFO] |   PE: 1h close<SMA20<SMA50 | K<=80 falling K>=25 | K>75 recently      |
2026-09-02 03:55:50,058 [INFO] |        RSI<47 | MACD bear | premium 30-300                             |
2026-09-02 03:55:50,058 [INFO] |                                                                         |
2026-09-02 03:55:50,058 [INFO] | ENGINE V3 (15m G/R cluster break/reject — fires in any regime)         |
2026-09-02 03:55:50,058 [INFO] |   Grade A (>=3 source kinds) / Grade B (>=2)                           |
2026-09-02 03:55:50,059 [INFO] |   PDC excluded from clusters; G/R need >=25pt buffer from PDC          |
2026-09-02 03:55:50,059 [INFO] |   premium 30-180 CE / 30-300 PE                                        |
2026-09-02 03:55:50,059 [INFO] |                                                                         |
2026-09-02 03:55:50,059 [INFO] | ENGINE VWAP (triple confirmation — fires in any regime)                 |
2026-09-02 03:55:50,059 [INFO] |   1. Nifty FUTURES 15m close crosses FUT VWAP, body>=65% (PRIMARY)     |
2026-09-02 03:55:50,059 [INFO] |   2. Nifty SPOT 15m close same direction above/below spot VWAP         |
2026-09-02 03:55:50,059 [INFO] |   3. ATM CE/PE LTP also above/below its daily VWAP simultaneously      |
2026-09-02 03:55:50,059 [INFO] |   premium 30-180 CE / 30-300 PE                                        |
2026-09-02 03:55:50,059 [INFO] |                                                                         |
2026-09-02 03:55:50,059 [INFO] | ENGINE FLIP (opposite-side only, max 3/day, excluded from CB)          |
2026-09-02 03:55:50,059 [INFO] |   Path A (in-trade): elapsed>=30 + peak>=entry+15 + LTP<=entry+10      |
2026-09-02 03:55:50,059 [INFO] |   Path B (post-exit): K reversal within 60min                          |
2026-09-02 03:55:50,059 [INFO] |                                                                         |
2026-09-02 03:55:50,059 [INFO] | UNIVERSAL EXIT (priority order):                                        |
2026-09-02 03:55:50,059 [INFO] |   1. HARDSL -18%                                                        |
2026-09-02 03:55:50,059 [INFO] |   2. Continuous trail: arms when peak>=entry+15, SL=peak-5             |
2026-09-02 03:55:50,059 [INFO] |      floor=entry+10, ratchets up with peak (never down)                |
2026-09-02 03:55:50,059 [INFO] |   3. VWAP trades: exit when opt 15m close < opt VWAP                  |
2026-09-02 03:55:50,059 [INFO] |   4. V2/V3/FLIP trades: SMA8(low) trail on 15m                        |
2026-09-02 03:55:50,059 [INFO] |   5. Force close 15:25  6. CB=3 non-flip losses                        |
2026-09-02 03:55:50,059 [INFO] |                                                                         |
2026-09-02 03:55:50,059 [INFO] | INFORMATIONAL (no trade gate): Straddle alerts | Options VWAP          |
2026-09-02 03:55:50,059 [INFO] +========================================================================+
2026-09-02 03:55:50,060 [INFO] 
2026-09-02 03:55:50,060 [INFO] V2.5.20 [2026-09-02] ORB ENTRY premium floor lowered — user instruction.
2026-09-02 03:55:50,060 [INFO]   WHAT: ORB_PREM_MIN NIFTY 60.0 -> 20.0, SENSEX 200.0 -> 66.7 (proportional carry
2026-09-02 03:55:50,060 [INFO]   at the 3.333x port scaling). This is the ENTRY strike-pick floor read by
2026-09-02 03:55:50,060 [INFO]   check_orb_signal() -> pick_strike_by_premium(). ORB_FLIP_PREM_MIN (added
2026-09-02 03:55:50,060 [INFO]   earlier today) is unchanged at 20.0 / 66.7.
2026-09-02 03:55:50,060 [INFO]   EFFECT: pick_strike_by_premium walks 50pt rings outward from ATM and takes the
2026-09-02 03:55:50,060 [INFO]   FIRST strike whose premium is in band, so a lower floor means ORB now buys a
2026-09-02 03:55:50,060 [INFO]   strike much CLOSER to ATM and much cheaper (10-expiry replay: entries move from
2026-09-02 03:55:50,060 [INFO]   ~Rs73-97 to ~Rs20-47).
2026-09-02 03:55:50,060 [INFO]   MEASURED, and deployed anyway on explicit user instruction: over the same 10
2026-09-02 03:55:50,060 [INFO]   NIFTY expiries on the bug-fixed engine this scores -Rs1,605 vs -Rs653 for the
2026-09-02 03:55:50,060 [INFO]   floor-60 config, i.e. Rs952 WORSE. Cause is that the fixed-POINT exits stop
2026-09-02 03:55:50,060 [INFO]   scaling: the -15pt stop is 19.5% of a Rs76.90 entry but 72.5% of a Rs20.70
2026-09-02 03:55:50,060 [INFO]   entry. Making the exits percentage-of-premium instead was tested at three
2026-09-02 03:55:50,060 [INFO]   calibrations and is worse still in both floors (-Rs1,430 / -Rs2,272 / -Rs1,780
2026-09-02 03:55:50,060 [INFO]   at floor 20). The floor-60 + fixed-point config was the best of all 8 tested
2026-09-02 03:55:50,060 [INFO]   combinations. n=10 expiry days only — thin sample, NIFTY-only, and ORB runs
2026-09-02 03:55:50,060 [INFO]   daily, so live forward evidence may differ from the replay.
2026-09-02 03:55:50,060 [INFO]   REVERT (one line, restores the best-measured config):
2026-09-02 03:55:50,060 [INFO]     ORION_PAPER_V2_5_20_BACKUP_20260902_035530_pre_entryfloor20.py /
2026-09-02 03:55:50,060 [INFO]     ORION_SENSEX_V2520_BACKUP_20260902_035530_pre_entryfloor20.py
2026-09-02 03:55:50,060 [INFO]   STATUS: applied 2026-09-02 ~09:20 IST, bots restarted same minute. NOT
2026-09-02 03:55:50,060 [INFO]           live-proven. WATCH the ORB entry premium in the next [ORB] Signal /
2026-09-02 03:55:50,060 [INFO]           ENTRY pair — expect a near-ATM strike at Rs20-50 rather than Rs60-100.
2026-09-02 03:55:50,060 [INFO] V2.5.20 [2026-09-02] (A) FORMING-BAR FIX — ORB/GAPBREAK could fire off an
2026-09-02 03:55:50,060 [INFO]   INCOMPLETE 5m bar.  (B) ORB flip-on-stop premium floor lowered.
2026-09-02 03:55:50,060 [INFO]   --- (A) FORMING-BAR ---
2026-09-02 03:55:50,060 [INFO]   WHAT: check_orb_signal() and check_gapbreak_signal() both scan
2026-09-02 03:55:50,060 [INFO]   `for _, b in df5.iterrows()` filtering only on minute-of-day, so df5's LAST
2026-09-02 03:55:50,060 [INFO]   row — the still-forming bucket — was a valid signal bar. With a 30s loop that
2026-09-02 03:55:50,061 [INFO]   bucket can hold as little as ONE 1m candle. For ORB this defeats the
2026-09-02 03:55:50,061 [INFO]   `body > 50% of range` filter entirely: that test exists to demand a decisive
2026-09-02 03:55:50,061 [INFO]   FIVE-minute bar, and a single 1m candle passes it trivially. For GAPBREAK the
2026-09-02 03:55:50,061 [INFO]   range-break was tested against an intra-bar tick, not a settled 5m close.
2026-09-02 03:55:50,061 [INFO]   FIX: both loops skip any bucket whose end time has not passed
2026-09-02 03:55:50,061 [INFO]   (`if b_min + 5 > _now_min: continue`). Mirrors the two sites that already did
2026-09-02 03:55:50,061 [INFO]   this correctly — check_fut5m_vwap_scalp_signal() reads iloc[-2] (last CLOSED
2026-09-02 03:55:50,061 [INFO]   bar) and is_orb_day_chop_killed() drops the forming bar via d15.iloc[:-1].
2026-09-02 03:55:50,061 [INFO]   FUT5VWAP was checked and is NOT affected.
2026-09-02 03:55:50,061 [INFO]   EVIDENCE (2026-09-01, reproduced from ~/orion_v2520_run.log): ORB logged
2026-09-02 03:55:50,061 [INFO]   "[ORB] Signal — close 24026.6 broke OR[24027.8,24082.6] side=PE" at 09:45 and
2026-09-02 03:55:50,061 [INFO]   entered 24100PE @83.00 at 09:46:34, stopping for -Rs975. 24026.6 is the
2026-09-02 03:55:50,061 [INFO]   1-MINUTE close at 09:45; the bucket held exactly one candle (body 0.664).
2026-09-02 03:55:50,061 [INFO]   NEITHER completed 5m bar qualified: 09:40-09:44 closed 24028.35, ABOVE the OR
2026-09-02 03:55:50,061 [INFO]   low, no break; 09:45-09:49 had body 0.433 < 0.5. That trade should never have
2026-09-02 03:55:50,061 [INFO]   existed. Loop simulation on 09-01 1m data: BEFORE fires 09:45 off 1 candle
2026-09-02 03:55:50,061 [INFO]   (PE); AFTER fires 10:55 off 5 candles (CE) — worth +Rs1,170 instead of -Rs975.
2026-09-02 03:55:50,061 [INFO]   SCALE: replay of the last 10 NIFTY expiries (harness G1-verified against the
2026-09-02 03:55:50,061 [INFO]   09-01 log) — the bug flips the traded SIDE on 3 of 10 days (07-14, 08-18,
2026-09-02 03:55:50,061 [INFO]   09-01). Net P&L similar (-Rs2,145 buggy vs -Rs2,018 clean) but only by luck.
2026-09-02 03:55:50,061 [INFO]   --- (B) FLIP FLOOR ---
2026-09-02 03:55:50,061 [INFO]   WHAT: new constant ORB_FLIP_PREM_MIN, read by _touch_flip_reentry() for ORB.
2026-09-02 03:55:50,061 [INFO]   NIFTY 20.0, SENSEX 66.7 (proportional carry at the 3.333x port scaling, same
2026-09-02 03:55:50,061 [INFO]   convention as the 08-31 GAP_THRESH and lock-arm entries).
2026-09-02 03:55:50,061 [INFO]   WHY A SEPARATE CONSTANT: ORB_PREM_MIN is read in TWO places — the ENTRY strike
2026-09-02 03:55:50,061 [INFO]   pick in check_orb_signal() and the FLIP in _touch_flip_reentry(). The replay
2026-09-02 03:55:50,061 [INFO]   held the ENTRY floor at 60 and varied ONLY the flip floor, so lowering
2026-09-02 03:55:50,061 [INFO]   ORB_PREM_MIN itself would have deployed an untested combination and changed
2026-09-02 03:55:50,061 [INFO]   which strike every ORB entry buys. Entry floor is UNCHANGED (60 / 200).
2026-09-02 03:55:50,061 [INFO]   EVIDENCE: 10 NIFTY expiries. Flip floor 60 -> 20 gains +Rs2,535 on the
2026-09-02 03:55:50,061 [INFO]   as-is engine and +Rs1,365 on the bug-fixed engine — the gain survives the fix,
2026-09-02 03:55:50,061 [INFO]   which was the check that mattered. Decomposition: ORB ENTRIES lose -Rs3,315
2026-09-02 03:55:50,061 [INFO]   (3/10 win); the FLIPS make +Rs3,705 (4/5). The flip carries the engine.
2026-09-02 03:55:50,061 [INFO]   CAVEATS, stated plainly: n=10 with only 5 flips — CIs include zero. Every
2026-09-02 03:55:50,062 [INFO]   winner exits at EXACTLY +18 (ORB_LOCK_PTS); the +40 ride trigger never engaged
2026-09-02 03:55:50,062 [INFO]   once in 10 expiries, so ORB is a +18/-15 coin flip. Left as-is per user
2026-09-02 03:55:50,062 [INFO]   2026-09-02. Floor 20 is still NET NEGATIVE on the bug-fixed engine (-Rs653):
2026-09-02 03:55:50,062 [INFO]   this makes ORB less bad, not profitable. Expiry days only; ORB runs daily.
2026-09-02 03:55:50,062 [INFO]   SENSEX has NO supporting replay — NIFTY-only evidence, carried on convention.
2026-09-02 03:55:50,062 [INFO]   REVERT: ORION_PAPER_V2_5_20_BACKUP_20260902_034429_pre_formingbar_flipfloor.py /
2026-09-02 03:55:50,062 [INFO]           ORION_SENSEX_V2520_BACKUP_20260902_034429_pre_formingbar_flipfloor.py
2026-09-02 03:55:50,062 [INFO]   STATUS: applied 2026-09-02 ~09:15 IST and bots RESTARTED the same minute on
2026-09-02 03:55:50,062 [INFO]           user instruction (both were flat, 0 trades, market had just opened;
2026-09-02 03:55:50,062 [INFO]           ORB entry window opens 09:25 so the restart preceded any signal).
2026-09-02 03:55:50,062 [INFO]           NOT live-proven. VERIFY today: grep "[ORB] Signal" in the run log —
2026-09-02 03:55:50,062 [INFO]           the quoted close must be a COMPLETED 5m bar close, never a bare 1m
2026-09-02 03:55:50,062 [INFO]           close mid-bucket; and any flip must show a premium >= the new floor.
2026-09-02 03:55:50,062 [INFO] V2.5.20 [2026-08-31] GAP_THRESH 75->50 + ORB REGIME GATE OPENED TO CHOP.
2026-09-02 03:55:50,062 [INFO]   (A) GAP_THRESH_PTS 250.0 -> 166.7 (proportional carry of the NIFTY
2026-09-02 03:55:50,062 [INFO]   75->50 at this port's 3.333x scaling). User: "it was 75 when nifty shares a lot=75,
2026-09-02 03:55:50,062 [INFO]   current is 65, so it should be 65, but considering nifty small but sharp
2026-09-02 03:55:50,062 [INFO]   movement, i am asking u to set it to 50." GAPBREAK stands down for the whole
2026-09-02 03:55:50,062 [INFO]   day when abs(today_open - prev_close) <= GAP_THRESH_PTS, so this is the gate
2026-09-02 03:55:50,062 [INFO]   that decides whether GAPBREAK exists at all on a given day. 08-31 gapped
2026-09-02 03:55:50,062 [INFO]   -58.10 and was skipped under 75; under 50 it would have traded.
2026-09-02 03:55:50,062 [INFO]   (B) ORB_ALLOWED_REGIMES ('BULL','BEAR','TRANSITION') -> + 'CHOP'. Only
2026-09-02 03:55:50,062 [INFO]   is_orb_day_sideways_live() reads this constant and only check_orb_signal()
2026-09-02 03:55:50,062 [INFO]   calls that, so the blast radius is ORB alone. ADX_CHOP_MAX was deliberately
2026-09-02 03:55:50,062 [INFO]   NOT touched: it feeds classify_regime() -> DAY.regime, which V2 also gates on
2026-09-02 03:55:50,062 [INFO]   via regime_allows_trade(), so moving it would silently loosen V2 too.
2026-09-02 03:55:50,062 [INFO]   MEASUREMENT (145 sessions, 2026-01-19..08-31, bot's own classify_regime on
2026-09-02 03:55:50,062 [INFO]   the same prior-1h bar the live boot uses): ORB stood down on 43/145 = 29.7%
2026-09-02 03:55:50,062 [INFO]   of sessions, rising to 35.0% over the last 40 and 62.5% since 08-20.
2026-09-02 03:55:50,062 [INFO]   Spot-excursion outcome of the ORB breakout (entry -> 15:15), by regime:
2026-09-02 03:55:50,062 [INFO]       regime        n   medMFE  medMAE  med-edge  MFE>=25  win%
2026-09-02 03:55:50,063 [INFO]       BULL         17     36.9    51.9      +0.5     76%    53%
2026-09-02 03:55:50,063 [INFO]       BEAR         23     70.2   157.8    -119.0     70%    22%
2026-09-02 03:55:50,063 [INFO]       TRANSITION   44     78.5    60.9     +39.9     82%    57%
2026-09-02 03:55:50,063 [INFO]       CHOP         39     71.5    78.6     -17.2     90%    46%
2026-09-02 03:55:50,063 [INFO]       ALLOWED-now  84     70.3    69.6      -9.9     77%    46%
2026-09-02 03:55:50,063 [INFO]   CHOP is NOT separable from the days already allowed: same win rate (46% vs
2026-09-02 03:55:50,063 [INFO]   46%), higher median MFE (71.5 vs 70.3), and it reaches +25 spot points MORE
2026-09-02 03:55:50,063 [INFO]   often than the allowed set (90% vs 77%). The gate was removing days that look
2026-09-02 03:55:50,063 [INFO]   like the ones it keeps. Note also that BEAR -- the regime the older notes call
2026-09-02 03:55:50,063 [INFO]   ORB's edge -- is by far the WORST bucket here (win 22%, edge -119).
2026-09-02 03:55:50,063 [INFO]   LIMITS: the metric is a SPOT-excursion proxy (max favourable/adverse move to
2026-09-02 03:55:50,063 [INFO]   15:15), NOT a premium-level ORB P&L replay -- it ignores stop/lock sequencing,
2026-09-02 03:55:50,063 [INFO]   so a day with large MFE can still have hit the stop first. It says the gate
2026-09-02 03:55:50,063 [INFO]   does not DISCRIMINATE; it does NOT prove ORB is profitable in CHOP. This
2026-09-02 03:55:50,063 [INFO]   loosens rather than tightens, so it will increase trade count and drawdown
2026-09-02 03:55:50,063 [INFO]   exposure. The in-day ORB_CHOP_KILL (>=4 VWAP crosses, ORB_CHOP_MIN_CROSSES=4)
2026-09-02 03:55:50,063 [INFO]   is UNCHANGED and remains the intraday chop protection.
2026-09-02 03:55:50,063 [INFO]   SENSEX-SPECIFIC LIMIT: the 145-session measurement above was run on NIFTY
2026-09-02 03:55:50,063 [INFO]   ONLY. There is NO SENSEX evidence for either change; both are proportional /
2026-09-02 03:55:50,063 [INFO]   mirrored carry-overs onto a port whose 3.3x scaling was never backtested.
2026-09-02 03:55:50,063 [INFO]   REVERT: ORION_SENSEX_V2520_BACKUP_20260831_pre_orbgate_gapthresh.py
2026-09-02 03:55:50,063 [INFO]   STATUS: code applied 2026-08-31 post-close, boot-verified, NOT trade-proven.
2026-09-02 03:55:50,063 [INFO] V2.5.20 [2026-08-31] ORB/GAPBREAK LOCK-ARM THRESHOLDS LOWERED (80->57.6, 50->26.7).
2026-09-02 03:55:50,063 [INFO]   WHAT: ORB_LOCK_PTS 80.0 -> 57.6; GAP_LOCK_PTS 50.0 -> 26.7. SENSEX mirror
2026-09-02 03:55:50,063 [INFO]   of the NIFTY change, scaled proportionally at this port's existing index
2026-09-02 03:55:50,063 [INFO]   ratios (18 * 80/25 = 57.6; 8 * 50/15 = 26.7). These are the
2026-09-02 03:55:50,063 [INFO]   lock-FLOOR ARM thresholds in _manage_touch_exit(), not targets: while
2026-09-02 03:55:50,063 [INFO]   DAY.floor is None the position is exposed to the full stop; once premium
2026-09-02 03:55:50,063 [INFO]   touches entry+lock the floor arms and the stop is bypassed entirely.
2026-09-02 03:55:50,063 [INFO]   WHY (user instruction 2026-08-31, after the 08-31 replay): both engines were
2026-09-02 03:55:50,063 [INFO]   replayed on 08-31 NIFTY using the live functions with a replay-clock ltp()
2026-09-02 03:55:50,063 [INFO]   override. ORB signalled 09:40 PE 24050 @64.40 (OR 09:15-09:20 =
2026-09-02 03:55:50,063 [INFO]   [24038.40,24128.70], break bar body 95%); GAPBREAK at a 50pt threshold
2026-09-02 03:55:50,063 [INFO]   signalled 09:55 PE 24050 @74.45. The 24050PE peaked at 83.30 -- i.e. +18.90
2026-09-02 03:55:50,064 [INFO]   over the ORB entry and +8.85 over the GAPBREAK entry. Both arms (89.40 /
2026-09-02 03:55:50,064 [INFO]   89.45) were missed by ~6 premium points, so NEITHER floor armed, both sat
2026-09-02 03:55:50,064 [INFO]   fully exposed, and both took the full stop at 11:54 on the reversal:
2026-09-02 03:55:50,064 [INFO]   ORB -15pt/-Rs975, GAPBREAK -30pt/-Rs1950. 18 and 8 sit just under those
2026-09-02 03:55:50,064 [INFO]   observed peaks and would have armed (82.40 / 82.45 vs peak 83.30).
2026-09-02 03:55:50,064 [INFO]   EVIDENCE / LIMITS: n=1. ONE day, one trade per engine, replayed not traded --
2026-09-02 03:55:50,064 [INFO]   neither signal could have been taken live on 08-31 because the bot was dead
2026-09-02 03:55:50,064 [INFO]   09:15-10:21 IST (see the SCRIPT_DIR hotfix entry above). The thresholds were
2026-09-02 03:55:50,064 [INFO]   chosen to clear a single observed peak, which is curve-fitting to one sample;
2026-09-02 03:55:50,064 [INFO]   a 30/60/90-day replay has NOT been run. Lowering the arm also banks smaller
2026-09-02 03:55:50,064 [INFO]   wins more often and cuts the number of trades that survive to the RIDE stage
2026-09-02 03:55:50,064 [INFO]   (ORB_RIDE_TRIGGER_PTS 40 / GAP 65 are unchanged), so mean win size should be
2026-09-02 03:55:50,064 [INFO]   expected to FALL even if win-rate rises. Watch giveback and win-rate over the
2026-09-02 03:55:50,064 [INFO]   next several ORB/GAPBREAK trades, not one.
2026-09-02 03:55:50,064 [INFO]   EXTRA LIMIT (SENSEX): the 08-31 replay was run on NIFTY ONLY. No SENSEX
2026-09-02 03:55:50,064 [INFO]   ORB/GAPBREAK replay supports these numbers; they are a pure proportional
2026-09-02 03:55:50,064 [INFO]   carry-over of a NIFTY-derived, n=1 result, on a port whose 3.3x scaling was
2026-09-02 03:55:50,064 [INFO]   itself never backtested.
2026-09-02 03:55:50,064 [INFO]   REVERT: ORION_SENSEX_V2520_BACKUP_20260831_pre_lock_change.py
2026-09-02 03:55:50,064 [INFO]   STATUS: code applied 2026-08-31 post-close. NOT live-proven -- bots exited
2026-09-02 03:55:50,064 [INFO]   cleanly at 15:30 IST and next boot is the 09:02 IST cron on 2026-09-01.
2026-09-02 03:55:50,064 [INFO] V2.5.20 [2026-08-31] STALE-DATA GUARD THRESHOLD 16 -> 20 MIN (15m + fut15).
2026-09-02 03:55:50,064 [INFO]   WHAT : in the V2.5.15 stale-data guard, _fresh_limit = now - 16min becomes
2026-09-02 03:55:50,064 [INFO]          now - _stale_max_min (20). The [STALE] log line now prints the
2026-09-02 03:55:50,064 [INFO]          constant instead of a hardcoded ">16min". NO entry/exit RULE, no
2026-09-02 03:55:50,064 [INFO]          engine, no indicator touched -- this only changes when the guard
2026-09-02 03:55:50,064 [INFO]          declares the frame unusable and blocks entries for one cycle.
2026-09-02 03:55:50,064 [INFO]   WHY  : a bar's LABEL is its bucket START, so a perfectly current 15m bar is
2026-09-02 03:55:50,064 [INFO]          already 15 min old by label the instant the next bucket opens. 16 min
2026-09-02 03:55:50,064 [INFO]          left only ~60s of headroom, and the tick samples the new bucket a few
2026-09-02 03:55:50,064 [INFO]          seconds BEFORE its first 1m candle exists, so the shim (correctly) has
2026-09-02 03:55:50,064 [INFO]          no bar to build yet and returns the previous bucket. The guard then
2026-09-02 03:55:50,064 [INFO]          fired once per bucket, always at :01/:16/:31/:46, always recovering on
2026-09-02 03:55:50,064 [INFO]          the very next tick. This is a threshold artefact, NOT stale data.
2026-09-02 03:55:50,065 [INFO]          Supersedes the 08-29 note "Deliberately NOT raising the 16-min stale
2026-09-02 03:55:50,065 [INFO]          guard": that reasoning assumed the shim would make the forming bar
2026-09-02 03:55:50,065 [INFO]          available immediately, which it cannot do inside the first ~60s of a
2026-09-02 03:55:50,065 [INFO]          bucket. 20 = 15 (bar width) + 5 (publish/tick tolerance).
2026-09-02 03:55:50,065 [INFO]   EVIDENCE: 2026-08-31 live logs, first full day on the resampling shim.
2026-09-02 03:55:50,065 [INFO]          Nifty 18 [STALE] events, Sensex 18 -- each one blocking entries for a
2026-09-02 03:55:50,065 [INFO]          cycle. Replayed every one of the 36 against the recorded tick time and
2026-09-02 03:55:50,065 [INFO]          bar label: bar-label age ranged 16.00-16.45 min, i.e. ALL 36 sat
2026-09-02 03:55:50,065 [INFO]          inside a 0.45-min band just past the old line. Under 20 min: 0 of 36
2026-09-02 03:55:50,065 [INFO]          trip. Margin to the new line is 3.55 min.
2026-09-02 03:55:50,065 [INFO]          The failure this guard exists for is untouched: the 2026-06-12
2026-09-02 03:55:50,065 [INFO]          incident served bars HOURS in the past (13:30 PE entry into a +68pt
2026-09-02 03:55:50,065 [INFO]          rally, HARDSL) and is still caught by a wide margin.
2026-09-02 03:55:50,065 [INFO]   DIAGNOSIS NOTE: the shim itself was verified NOT to be at fault -- a live
2026-09-02 03:55:50,065 [INFO]          probe at 14:02:04 IST on 08-31 returned the 14:00 15m bar (fresh) and
2026-09-02 03:55:50,065 [INFO]          1m candles through 14:01, resampling correctly. The bug was only ever
2026-09-02 03:55:50,065 [INFO]          the guard's threshold.
2026-09-02 03:55:50,065 [INFO]   SECOND, DEPENDENT CHANGE -- _completed_idx() (REQUIRED, not optional):
2026-09-02 03:55:50,065 [INFO]          raising the threshold ALONE would have been a net regression, and the
2026-09-02 03:55:50,065 [INFO]          08-29 note "raising the guard is the WRONG FIX" was right about why.
2026-09-02 03:55:50,065 [INFO]          The engines read df15['K'].iloc[-2] (and df1h iloc[-2]) assuming
2026-09-02 03:55:50,065 [INFO]          iloc[-1] is ALWAYS the forming bar. In the boundary window it is not,
2026-09-02 03:55:50,065 [INFO]          so simply unblocking those cycles would have had the engines evaluate
2026-09-02 03:55:50,065 [INFO]          a K one bar (15 min) STALE -- silently. Measured: the guard's instant
2026-09-02 03:55:50,065 [INFO]          refetch, 28ms later, recovered 0 of 18 trips, confirming the forming
2026-09-02 03:55:50,065 [INFO]          bar is genuinely absent, not merely slow.
2026-09-02 03:55:50,065 [INFO]          New module-level _completed_idx(df, now, minutes) returns the offset of
2026-09-02 03:55:50,065 [INFO]          the last COMPLETED bar: -2 when the forming bar is present, -1 in the
2026-09-02 03:55:50,065 [INFO]          boundary window. Wired into the 2 K/1h read sites (main tick + the
2026-09-02 03:55:50,065 [INFO]          guard's recovery branch). The boot-time read at the "Live state + first
2026-09-02 03:55:50,065 [INFO]          pulse" block is left on -2 deliberately (one-shot, pre-market-loop).
2026-09-02 03:55:50,065 [INFO]          SAFETY PROPERTY: it returns -2 on every tick that today reaches the
2026-09-02 03:55:50,065 [INFO]          engines, so it CANNOT change any tick that currently produces a trade;
2026-09-02 03:55:50,065 [INFO]          it only differs inside the window that today is unconditionally
2026-09-02 03:55:50,065 [INFO]          blocked. Unit-tested 8 cases + a 96-tick sweep: 0 normal ticks return
2026-09-02 03:55:50,066 [INFO]          anything but -2.
2026-09-02 03:55:50,066 [INFO]   REVERT: ORION_PAPER_V2_5_20_BACKUP_20260831_pre_stale_threshold.py /
2026-09-02 03:55:50,066 [INFO]           ORION_SENSEX_V2520_BACKUP_20260831_pre_stale_threshold.py
2026-09-02 03:55:50,066 [INFO]           (both changes are in these backups -- revert restores 16-min + iloc[-2])
2026-09-02 03:55:50,066 [INFO]   STATUS: applied 2026-08-31 14:2x IST during market hours. The RUNNING
2026-09-02 03:55:50,066 [INFO]           processes still hold the old 16-min value (Python loaded the file at
2026-09-02 03:55:50,066 [INFO]           the 10:21 IST restart) -- this takes effect at the next boot, Tue
2026-09-02 03:55:50,066 [INFO]           2026-09-01. NOT live-proven. Confirm on 09-01 by grepping the
2026-09-02 03:55:50,066 [INFO]           FlightRecorder for [STALE]: expect ZERO. If any remain, the cause is
2026-09-02 03:55:50,066 [INFO]           NOT this threshold and the shim/feed must be re-examined.
2026-09-02 03:55:50,066 [INFO] V2.5.20 [2026-08-31] HOTFIX: NameError SCRIPT_DIR crashed the bot on every boot.
2026-09-02 03:55:50,066 [INFO]   The 2026-08-29 trade-recorder addition referenced `SCRIPT_DIR`, but this file
2026-09-02 03:55:50,066 [INFO]   only ever defines `_SCRIPT_DIR` (underscore). Bot died in <2s on all 50 restart
2026-09-02 03:55:50,066 [INFO]   attempts this morning and gave up before EOD -- no trades taken 08-31 09:19-10:21
2026-09-02 03:55:50,066 [INFO]   IST. Fixed TRADES_CSV to use `_SCRIPT_DIR`. Evidence: ~/orion_sensex_run.log,
2026-09-02 03:55:50,066 [INFO]   attempts 1-50, all identical traceback at line 5855. Revert:
2026-09-02 03:55:50,066 [INFO]   ORION_SENSEX_V2520_BACKUP_20260831_pre_scriptdir_fix.py. Status: fixed,
2026-09-02 03:55:50,066 [INFO]   restarted manually intraday 10:21 IST -- pending confirmation of clean boot.
2026-09-02 03:55:50,066 [INFO] V2.5.20 [2026-08-30] ORB + EXPIRY EXEMPTED FROM THE CROSS-ENGINE CIRCUIT BREAKER.
2026-09-02 03:55:50,066 [INFO]   User, after the 08-29 changelog review: "no. of trades limit or sl hit
2026-09-02 03:55:50,066 [INFO]   halting should not be applied to orb and expiry engines. these are
2026-09-02 03:55:50,066 [INFO]   required." (Also confirmed the 08-29 stacking fix does NOT need to change:
2026-09-02 03:55:50,066 [INFO]   ORB/EXPIRY were never in _OVERLAP_ENGINES = [BASE, VWAP, FUT5VWAP], so they
2026-09-02 03:55:50,066 [INFO]   never stacked and nothing there needed touching. EXP12/EXP1/EXP2 shadow book
2026-09-02 03:55:50,066 [INFO]   already runs with no gates at all, unaffected either way.)
2026-09-02 03:55:50,066 [INFO]   WHAT: added _halt_exempt = (_base in ("ORB", "EXPIRY")) to the entry gate;
2026-09-02 03:55:50,066 [INFO]   _entry_allowed now ignores DAY.halted / GLOBAL_HALTED for these two engines
2026-09-02 03:55:50,066 [INFO]   unconditionally, in both PAPER and LIVE broker modes. Previously the global
2026-09-02 03:55:50,066 [INFO]   4-loss circuit breaker (any engine's losses, not just its own) set
2026-09-02 03:55:50,066 [INFO]   DAY.halted=True on every engine including these two, and in LIVE mode that
2026-09-02 03:55:50,066 [INFO]   fully blocked their new entries (paper mode already happened to be
2026-09-02 03:55:50,066 [INFO]   permissive via _cb_paper_mode, but only incidentally -- this makes it
2026-09-02 03:55:50,067 [INFO]   explicit and mode-independent). BASE/VWAP/FUT5VWAP/GAPBREAK are UNCHANGED
2026-09-02 03:55:50,067 [INFO]   and still halt normally.
2026-09-02 03:55:50,067 [INFO]   NO BACKTEST -- pure gating change per explicit user instruction, not a
2026-09-02 03:55:50,067 [INFO]   measured edge claim.
2026-09-02 03:55:50,067 [INFO]   REVERT: delete the _halt_exempt line and its `or _halt_exempt` use, or
2026-09-02 03:55:50,067 [INFO]           ORION_SENSEX_V2520_BACKUP_20260830_pre_halt_exempt.py
2026-09-02 03:55:50,067 [INFO]   STATUS: [USER] live on the next boot, Mon 2026-08-31.
2026-09-02 03:55:50,067 [INFO] 
2026-09-02 03:55:50,067 [INFO] V2.5.20 [2026-08-29] CE_BUY_ENABLED flag added (default True, NO behaviour change).
2026-09-02 03:55:50,067 [INFO]   Buying a CALL measured EV -1.067 pts over 91 sessions / 262,911 CE option-
2026-09-02 03:55:50,067 [INFO]   minutes, 95% CI [-2.179,-0.192] -- excludes zero, an ESTABLISHED loser. Puts
2026-09-02 03:55:50,067 [INFO]   are -0.088 (CI includes zero). Half-sizing was tried first and is a NO-OP:
2026-09-02 03:55:50,067 [INFO]   every engine is at 1 lot, so max(1, round(1*0.5)) == 1. At 1-lot sizing this
2026-09-02 03:55:50,067 [INFO]   is binary. Left ENABLED because disabling halves trade count and the user
2026-09-02 03:55:50,067 [INFO]   wants trades firing, and because the PE-minus-CE difference CI still includes
2026-09-02 03:55:50,067 [INFO]   zero -- only the CE loss is established, not the asymmetry.
2026-09-02 03:55:50,067 [INFO]   Set CE_BUY_ENABLED = False to act on it. Flag is declared and documented but
2026-09-02 03:55:50,067 [INFO]   NOT yet wired into the entry path -- wiring it is the next step if chosen.
2026-09-02 03:55:50,067 [INFO]   REVERT: *_BACKUP_20260829_pre_ce_halfsize.py
2026-09-02 03:55:50,067 [INFO]   STATUS: [BT] measured; flag inert by default.
2026-09-02 03:55:50,067 [INFO] 
2026-09-02 03:55:50,067 [INFO] V2.5.20 [2026-08-29] MAKE THE SILENT ENGINES FIRE — ORB regime gate + V3 probe fills.
2026-09-02 03:55:50,067 [INFO]   User: "i want all engines repaired and trades should be firing."
2026-09-02 03:55:50,067 [INFO]   Two engines were producing signals that never became trades.
2026-09-02 03:55:50,067 [INFO]   (1) ORB — was standing down on 27 of 40 live days (TRANSITION 14, CHOP 13) and
2026-09-02 03:55:50,067 [INFO]       there had been NO BULL/BEAR day since 08-17, so it fired zero times for six
2026-09-02 03:55:50,067 [INFO]       straight sessions, including 08-27 (NIFTY -187 closing on the low, SENSEX
2026-09-02 03:55:50,067 [INFO]       -643 on the low) which is the exact one-way trend an opening-range break is
2026-09-02 03:55:50,068 [INFO]       built for. The gate was also stricter than anything validated: only
2026-09-02 03:55:50,068 [INFO]       SIDEWAYS-skip was ever backtested; the live proxy collapsed TRANSITION AND
2026-09-02 03:55:50,068 [INFO]       CHOP into skip and its own comment admits it is "stricter (skip-more)".
2026-09-02 03:55:50,068 [INFO]       V2's regime_allows_trade() already permits TRANSITION.
2026-09-02 03:55:50,068 [INFO]       198-session check (spot pts, OR break, live ORB exit params):
2026-09-02 03:55:50,068 [INFO]         SENSEX BULL +8.71  BEAR +10.52  TRANSITION +3.34  CHOP +1.75
2026-09-02 03:55:50,068 [INFO]         NIFTY  BULL +1.30  BEAR  -0.88  TRANSITION +0.19  CHOP +2.62
2026-09-02 03:55:50,068 [INFO]       TRANSITION is positive on both, lower quality than BULL/BEAR but not
2026-09-02 03:55:50,068 [INFO]       harmful. => ORB_ALLOWED_REGIMES = (BULL, BEAR, TRANSITION); CHOP still out.
2026-09-02 03:55:50,068 [INFO]       Expected effect: ORB active on ~68% of days instead of ~32%.
2026-09-02 03:55:50,068 [INFO]   (2) V3 PROBE — the engine committed to a signal, placed a resting limit, then
2026-09-02 03:55:50,068 [INFO]       never got filled. NIFTY filled 13 of 30 (43%); SENSEX filled 0 of 8.
2026-09-02 03:55:50,068 [INFO]       Pullback NIFTY 8.0 -> 4.0, SENSEX 26.0 -> 13.0, window 15 -> 25 min.
2026-09-02 03:55:50,068 [INFO]       Trades a slightly worse entry price for actually being in the trade.
2026-09-02 03:55:50,068 [INFO]   NOT VALIDATED AS PROFIT. Both are frequency fixes measured in spot points;
2026-09-02 03:55:50,068 [INFO]   forward paper is the only referee. If ORB's win rate on TRANSITION days comes
2026-09-02 03:55:50,068 [INFO]   in worse than on BULL/BEAR over a real forward sample, revert first.
2026-09-02 03:55:50,068 [INFO]   REVERT: ORB_ALLOWED_REGIMES = ('BULL','BEAR'); probe pullback 8.0/26.0,
2026-09-02 03:55:50,068 [INFO]           window 15; or *_BACKUP_20260829_pre_firing.py
2026-09-02 03:55:50,068 [INFO]   STATUS: [USER][FWD] live on the next boot, Mon 2026-08-31.
2026-09-02 03:55:50,068 [INFO] 
2026-09-02 03:55:50,068 [INFO] V2.5.20 [2026-08-29] VWAP REPAIR — LEGACY_OVERLAP_SLOTS 4 -> 0 (both bots).
2026-09-02 03:55:50,068 [INFO]   User: "but also repair vwap".
2026-09-02 03:55:50,068 [INFO]   WHAT WAS ACTUALLY WRONG (measured, all 165 live trades 07-06..08-28):
2026-09-02 03:55:50,068 [INFO]   BASE/VWAP/FUT5VWAP each had 5 concurrent position slots and dedup ran per-BAR
2026-09-02 03:55:50,068 [INFO]   only -- nothing checked whether that strike was already open. Result:
2026-09-02 03:55:50,068 [INFO]       single positions  n=41  win 46%  mean +0.74pt
2026-09-02 03:55:50,068 [INFO]       stacked positions n=124 win 48%  mean +0.68pt
2026-09-02 03:55:50,068 [INFO]   Identical per-trade expectancy => the extra slots add NO EDGE, they only
2026-09-02 03:55:50,068 [INFO]   multiply size and variance. 24 of 40 stack events finished worse than the
2026-09-02 03:55:50,069 [INFO]   first slot alone; net cost Rs2,261; the damage is all in the tails (07-23
2026-09-02 03:55:50,069 [INFO]   stacked 4x into 24000CE -Rs7,248 vs -Rs1,398 for one slot; 08-13 stacked 7x
2026-09-02 03:55:50,069 [INFO]   -Rs7,213 vs -Rs959). 08-28 bought 24100PE twice 14 minutes apart and stopped
2026-09-02 03:55:50,069 [INFO]   both: -Rs1,739 instead of -Rs875. It also silently broke the standing 1-LOT
2026-09-02 03:55:50,069 [INFO]   rule -- VWAP could hold 5 lots at once. SLOT_LIST goes 18 -> 6.
2026-09-02 03:55:50,069 [INFO]   WHAT I DID **NOT** CHANGE, AND WHY:
2026-09-02 03:55:50,069 [INFO]    * CLIMAX FILTER (body>=87%) -- a 6-session n=14 sample suggested it was
2026-09-02 03:55:50,069 [INFO]      vetoing the best bars (79% continuation, +47pt/60m vs 52%/+13pt). RE-TESTED
2026-09-02 03:55:50,069 [INFO]      on 147 sessions (2025-12-24..2026-08-28, 3,381 15m bars/index): NIFTY shows
2026-09-02 03:55:50,069 [INFO]      NO difference (+60m +3.74 vetoed vs +4.37 kept, t=-0.14); SENSEX is
2026-09-02 03:55:50,069 [INFO]      suggestive but NOT significant (+14.27 vs +3.01, t=+0.77). The n=14 result
2026-09-02 03:55:50,069 [INFO]      was noise. Filter left exactly as is.
2026-09-02 03:55:50,069 [INFO]    * HARDSL_PCT -- the 08-29 study showed -18% sits inside the option's own
2026-09-02 03:55:50,069 [INFO]      noise (5 of 7 stops fired on index moves <0.1%), but the ATR-stop backtest
2026-09-02 03:55:50,069 [INFO]      could not clear G1 (34/53 entries locatable) and its baseline was Rs8,037
2026-09-02 03:55:50,069 [INFO]      from live, so NO stop change is justified yet. The trade recorder added the
2026-09-02 03:55:50,069 [INFO]      same day is what will settle it.
2026-09-02 03:55:50,069 [INFO]   REVERT: ORION_PAPER_V2_5_20_BACKUP_20260829_pre_overlapslots.py
2026-09-02 03:55:50,069 [INFO]           ORION_SENSEX_V2520_BACKUP_20260829_pre_overlapslots.py
2026-09-02 03:55:50,069 [INFO]   STATUS: [BT][USER] effective on the next boot, Mon 2026-08-31.
2026-09-02 03:55:50,069 [INFO] 
2026-09-02 03:55:50,069 [INFO] V2.5.20 [2026-08-29] TRADE RECORDER — per-trade CSV with DTE, MFE/MAE, option ATR.
2026-09-02 03:55:50,069 [INFO]   User: "write its expiry-1 days also, so will know the decay part also."
2026-09-02 03:55:50,069 [INFO]   WHY: the ENTRY: log line carries NO timestamp, so a closed trade cannot be
2026-09-02 03:55:50,069 [INFO]   located on the option's 1-minute tape afterwards. Reconstructing entries by
2026-09-02 03:55:50,069 [INFO]   price-matching failed for 19 of 53 VWAP trades (64%), which is exactly why the
2026-09-02 03:55:50,069 [INFO]   2026-08-29 ATR-stop backtest could not clear its G1 gate (and its baseline came
2026-09-02 03:55:50,069 [INFO]   out Rs8,037 away from the live result, because it had to discard the 19 TRAIL
2026-09-02 03:55:50,069 [INFO]   exits worth +Rs18,807 that it could not model). Bar-level CSVs cannot recover
2026-09-02 03:55:50,069 [INFO]   this either -- they sample ~5min and hold only ONE position, so with 5 overlap
2026-09-02 03:55:50,069 [INFO]   slots they produced 32 phantom entries for 3 real trades on 08-26.
2026-09-02 03:55:50,069 [INFO]   WHAT: Nifty_Trades_V2_5_20.csv / Sensex_Trades_V2_5_20.csv, one row per closed
2026-09-02 03:55:50,069 [INFO]   trade: entry_ts, exit_ts, held_min, engine+detail, symbol/side/strike,
2026-09-02 03:55:50,069 [INFO]   expiry, DTE, lots, entry/exit premium, reason, pts, rupees, MFE/MAE premium
2026-09-02 03:55:50,070 [INFO]   and points, the OPTION's own 14x1min ATR at entry and as % of premium,
2026-09-02 03:55:50,070 [INFO]   sl_level, entry/exit spot and spot_move.
2026-09-02 03:55:50,070 [INFO]   DTE answers the decay question: whether a stop was hit by direction or by
2026-09-02 03:55:50,070 [INFO]   theta as expiry approached. MFE/MAE answers whether a stop cut a real loser
2026-09-02 03:55:50,070 [INFO]   or ejected a trade that was working.
2026-09-02 03:55:50,070 [INFO]   EXPIRY IS TAKEN FROM TARGET_EXPIRY_DATE, NOT PARSED from the tradingsymbol:
2026-09-02 03:55:50,070 [INFO]   a monthly symbol does not encode the day, and "last Thursday" is wrong on both
2026-09-02 03:55:50,070 [INFO]   exchanges now (NSE weekly = Tuesday, BSE = Thursday) -- an end-to-end test
2026-09-02 03:55:50,070 [INFO]   decoded NIFTY26AUG as 2026-08-31 when the real expiry was 08-25.
2026-09-02 03:55:50,070 [INFO]   _expiry_from_symbol() is a weekly-only fallback and returns None for monthly
2026-09-02 03:55:50,070 [INFO]   rather than guessing.
2026-09-02 03:55:50,070 [INFO]   RECORDING ONLY -- no entry, exit or sizing behaviour changes. POS gains
2026-09-02 03:55:50,070 [INFO]   trough_premium (MAE), atr_entry, expiry_date; LAST_SPOT global refreshed each
2026-09-02 03:55:50,070 [INFO]   pulse in check_exits() so the recorder has a spot at every call site; the whole
2026-09-02 03:55:50,070 [INFO]   writer is wrapped in try/except so a logging fault can never break an exit.
2026-09-02 03:55:50,070 [INFO]   VERIFIED end-to-end against the real 2026-08-28 VWAP trade (74.80 -> 61.34,
2026-09-02 03:55:50,070 [INFO]   -Rs875): every field reproduced, DTE=2, atr_pct=4.36%.
2026-09-02 03:55:50,070 [INFO]   REVERT: ORION_PAPER_V2_5_20_BACKUP_20260829_pre_traderecorder.py
2026-09-02 03:55:50,070 [INFO]           ORION_SENSEX_V2520_BACKUP_20260829_pre_traderecorder.py
2026-09-02 03:55:50,070 [INFO]   STATUS: [USER][FWD] first rows land Mon 2026-08-31. Nothing recoverable for the
2026-09-02 03:55:50,070 [INFO]   37 days already logged.
2026-09-02 03:55:50,070 [INFO] 
2026-09-02 03:55:50,070 [INFO] V2.5.20 [2026-08-29] FUT5VWAP 3 lots -> 1 lot (BOTH bots), user-directed.
2026-09-02 03:55:50,070 [INFO]   User: "i want that one engine which takes 3 lots, is it working fine, if not
2026-09-02 03:55:50,070 [INFO]   reduce to 1 lot."  It is not working fine.
2026-09-02 03:55:50,070 [INFO]   EVIDENCE (live log 2026-07-06..08-28, orion_v2520_run.log, 155 exits parsed):
2026-09-02 03:55:50,070 [INFO]     FUT5VWAP  18 trades  14 wins (77.8%)  net -42.88pt  = -Rs8,362 at 3 lots
2026-09-02 03:55:50,070 [INFO]   The high win rate is an artifact of the exit shape, not edge: wins are capped
2026-09-02 03:55:50,070 [INFO]   at the +4.00pt LOCK_FLOOR (avg win +5.51pt) while the 4 losses each ran the
2026-09-02 03:55:50,070 [INFO]   full -30.00pt stop. Break-even win rate at that payoff = 84.5%; actual 77.8%.
2026-09-02 03:55:50,070 [INFO]   It was the single worst engine in the book by rupees, purely because of the 3x.
2026-09-02 03:55:50,070 [INFO]   NUANCE, stated so it is not lost: all 4 losses are BEFORE the 08-17 stop
2026-09-02 03:55:50,070 [INFO]   tightening (30->25pt). Since then only 2 trades have closed (08-25 +4.00,
2026-09-02 03:55:50,071 [INFO]   08-28 +4.00), both wins. So the 08-17 fix may well work -- but n=2 is not
2026-09-02 03:55:50,071 [INFO]   evidence, and an unproven engine should not carry triple size. Re-raise to 3
2026-09-02 03:55:50,071 [INFO]   only after a forward sample large enough to beat the 84.5% break-even bar.
2026-09-02 03:55:50,071 [INFO]   REVERT: ORION_PAPER_V2_5_20_BACKUP_20260829_pre_fut5_1lot.py
2026-09-02 03:55:50,071 [INFO]           ORION_SENSEX_V2520_BACKUP_20260829_pre_fut5_1lot.py
2026-09-02 03:55:50,071 [INFO]   STATUS: [USER][FWD] takes effect on the next boot (Mon 2026-08-31).
2026-09-02 03:55:50,071 [INFO] 
2026-09-02 03:55:50,071 [INFO] === ORION CHANGE HISTORY (V2.2.2 -> V2.5.9) ===
2026-09-02 03:55:50,071 [INFO] 
2026-09-02 03:55:50,071 [INFO] V2.2.2 [PRODUCTION BASELINE — T10]
2026-09-02 03:55:50,071 [INFO]   Entry : 1h SMA20/50 regime + 15m StochRSI K (CE>=38 rising, PE<=80 falling)
2026-09-02 03:55:50,071 [INFO]   Exit  : HARDSL -35%, TIME_SL 210min/-20%, BE +15% -> option SMA8(low) trail
2026-09-02 03:55:50,071 [INFO]   CB=2, 1 lot, no flip, no V3, no chop filter
2026-09-02 03:55:50,071 [INFO] 
2026-09-02 03:55:50,071 [INFO] V2.3  [+V3 CLUSTER LEVELS]
2026-09-02 03:55:50,071 [INFO]   + PDH/PDL/round_50/round_100/PDC/1h swing pivots clustered within 20pts
2026-09-02 03:55:50,071 [INFO]   + Grade A (>=3 source kinds) / Grade B (>=2)
2026-09-02 03:55:50,071 [INFO]   + ADX regime classifier (BULL/BEAR/CHOP/TRANSITION)
2026-09-02 03:55:50,071 [INFO] 
2026-09-02 03:55:50,071 [INFO] V2.4  [+EXIT UPGRADES]
2026-09-02 03:55:50,071 [INFO]   + 15m option SMA8(low) trail (KEPT in all future versions)
2026-09-02 03:55:50,071 [INFO]   + ATR-based exits (REMOVED — not robust enough)
2026-09-02 03:55:50,071 [INFO]   + BE armor at +15% (REMOVED later — net negative in backtest)
2026-09-02 03:55:50,071 [INFO] 
2026-09-02 03:55:50,071 [INFO] V2.5.0  [HYBRID V2+V3 + TIME-RATCHET]
2026-09-02 03:55:50,071 [INFO]   + Hybrid V2+V3 entry (V2 priority on same-bar tiebreak)
2026-09-02 03:55:50,071 [INFO]   + Time-ratchet exit: 90min / +20 step
2026-09-02 03:55:50,071 [INFO] 
2026-09-02 03:55:50,071 [INFO] V2.5.1  [ENTRY REFINEMENT]
2026-09-02 03:55:50,071 [INFO]   + V2 PE_floor=25 (K>=25 required for PE entry)
2026-09-02 03:55:50,071 [INFO]   + V2 CE: no upper K cap (cap tested and REJECTED — hurts WR)
2026-09-02 03:55:50,071 [INFO]   + V2 priority confirmed: +Rs 52k vs V3-priority
2026-09-02 03:55:50,071 [INFO] 
2026-09-02 03:55:50,071 [INFO] V2.5.2  [FLIP RULE +Rs 130k]
2026-09-02 03:55:50,071 [INFO]   + Path A flip (in-trade): elapsed>=30 + peak>=entry+15 + LTP<=entry+10 + K reversed
2026-09-02 03:55:50,072 [INFO]   + Path B flip (post-exit): K reversal within 60min
2026-09-02 03:55:50,072 [INFO]   + Opposite-side only (same-side continuation REJECTED: -Rs 191k CATASTROPHIC)
2026-09-02 03:55:50,072 [INFO]   + CE->PE: K falling, 25<=K<=80 | PE->CE: K rising, K>=38
2026-09-02 03:55:50,072 [INFO] 
2026-09-02 03:55:50,072 [INFO] V2.5.3  [V3 SINGLETONS + HARDSL LOCKED]
2026-09-02 03:55:50,072 [INFO]   + Promoted singletons: PDH/PDL/round_100(+-200 PDC)/swing pivots standalone Grade B
2026-09-02 03:55:50,072 [INFO]   + HARDSL locked at -25% (swept -35% to -15%; -25% optimal)
2026-09-02 03:55:50,072 [INFO]   + PnL Rs +3,14,418
2026-09-02 03:55:50,072 [INFO] 
2026-09-02 03:55:50,072 [INFO] V2.5.4  [FLIP CAP]
2026-09-02 03:55:50,072 [INFO]   + MAX_FLIPS_PER_DAY=3 (flips 1-3 win Rs 131k; flips 4+ lose Rs 21k)
2026-09-02 03:55:50,072 [INFO]   + PnL Rs +3,23,851
2026-09-02 03:55:50,072 [INFO] 
2026-09-02 03:55:50,072 [INFO] V2.5.5  [CHOP FILTER +Rs 49k]
2026-09-02 03:55:50,072 [INFO]   + RSI [47,53] indecision band blocks ALL entries
2026-09-02 03:55:50,072 [INFO]   + PnL Rs +3,72,598
2026-09-02 03:55:50,072 [INFO] 
2026-09-02 03:55:50,072 [INFO] V2.5.6  [V3 PDC CONTAMINATION FIX — LOCKED Rs 3,85,724 / WR 35.7%]
2026-09-02 03:55:50,072 [INFO]   + Exclude PDC from clustering (PDC is reference, not tradeable level)
2026-09-02 03:55:50,072 [INFO]   + G/R require >=25pt buffer from PDC (motivated by 2026-05-18 bad paper trade)
2026-09-02 03:55:50,072 [INFO]   + PnL Rs +3,85,724 / MaxDD -1,331 / Red 5/18
2026-09-02 03:55:50,072 [INFO] 
2026-09-02 03:55:50,072 [INFO] V2.5.7  [VELVET ROPE + RATCHET +Rs 1,14,324 / WR 35.7%->55.4%]
2026-09-02 03:55:50,072 [INFO]   + Velvet Rope: premium hits entry+15 -> SL immediately to entry+2
2026-09-02 03:55:50,072 [INFO]   + Ratchet Gate: 30min elapsed + entry+25 -> SL to entry+15
2026-09-02 03:55:50,072 [INFO]   + Runner Trail: +20 per +20pts peak (one-way)
2026-09-02 03:55:50,072 [INFO]   + Trade-off: Red months 5->10/18, MaxDD -1,331->-1,885
2026-09-02 03:55:50,072 [INFO] 
2026-09-02 03:55:50,072 [INFO] V2.5.8  [K EXTREME + FULL SMA ALIGNMENT]
2026-09-02 03:55:50,072 [INFO]   + K extreme filter: CE entry only if K<25 recently (3 bars); PE if K>75 recently
2026-09-02 03:55:50,072 [INFO]   + Full SMA alignment: CE needs close>SMA20>SMA50 (was just close>SMA20)
2026-09-02 03:55:50,072 [INFO] 
2026-09-02 03:55:50,072 [INFO] V2.5.9  [Rs 6,70,425 / WR 66.9% / 357 trades / MaxDD -1,485 / Red 8/18]
2026-09-02 03:55:50,073 [INFO]   + RSI DIRECTIONAL GATE replaces RSI [47,53] chop filter:
2026-09-02 03:55:50,073 [INFO]       CE: 1h RSI>53 required | PE: 1h RSI<47 required
2026-09-02 03:55:50,073 [INFO]   + MACD 1h alignment: CE needs MACD_line>signal; PE needs MACD_line<signal
2026-09-02 03:55:50,073 [INFO]   + Premium gate: 30<=entry_LTP<=180 (blocks deep OTM and IV-spike entries)
2026-09-02 03:55:50,073 [INFO]   + Tightened exit params: RI=12 (was 15), RT=20 (was 30), RS=25 (was 20)
2026-09-02 03:55:50,073 [INFO]   + CB=3 (was 4)
2026-09-02 03:55:50,073 [INFO]   + Straddle monitoring: informational Telegram at 9:45 and 11:30
2026-09-02 03:55:50,073 [INFO]   + Options VWAP: informational context at entry/pulse/exit
2026-09-02 03:55:50,073 [INFO] 
2026-09-02 03:55:50,073 [INFO] V2.5.12 [CURRENT LOCKED — Rs 6,88,158 / WR 64.5% / 363 trades / MaxDD -1,119 / Red 5/18]
2026-09-02 03:55:50,073 [INFO]   SOURCE: VRL (Vishal Rajput) code analysis — peak-based ratchet ladder
2026-09-02 03:55:50,073 [INFO]   + HARDSL tightened -25% → -18% (faster loss cut, less capital exposed)
2026-09-02 03:55:50,073 [INFO]   + 20-min time gate REMOVED — purely peak-based ladder (no waiting)
2026-09-02 03:55:50,073 [INFO]   + Ladder Tier2: peak >= entry+24 → SL = entry+12 (immediate)
2026-09-02 03:55:50,073 [INFO]   + Ladder Tier3: peak >= entry+36 → SL = entry+24 (immediate)
2026-09-02 03:55:50,073 [INFO]   + Entry logic UNCHANGED from V2.5.9
2026-09-02 03:55:50,073 [INFO]   + Validated: real option data (May 4-21 2026, 12 days)
2026-09-02 03:55:50,073 [INFO]   + Key improvement: MaxDD -1,485 → -1,119 (-25%), Red months 8 → 5
2026-09-02 03:55:50,073 [INFO] 
2026-09-02 03:55:50,073 [INFO] V2.5.12-LIVE [2026-05-29 — FIRST LIVE TRADING SESSION WITH mSTOCK EXECUTION]
2026-09-02 03:55:50,073 [INFO]   + EXECUTION_BROKER switched from kite_paper → mstock_live
2026-09-02 03:55:50,073 [INFO]   + mStock Type B API integrated: login → set_access_token → verify_totp (TOTP auto)
2026-09-02 03:55:50,073 [INFO]   + Instrument master: direct fetch from OpenAPIScripMaster (173k symbols, name field)
2026-09-02 03:55:50,073 [INFO]   + order_status: mStock returns 'Traded' status (not 'COMPLETE') — mapped correctly
2026-09-02 03:55:50,073 [INFO]   + place_order: disclosedquantity="0" required (blank causes IA400 rejection)
2026-09-02 03:55:50,073 [INFO]   + IP 18.212.243.203 (PythonAnywhere) whitelisted in mStock API settings
2026-09-02 03:55:50,073 [INFO]   + BUY: 15s timeout, cancel-and-check on timeout, abort if not filled
2026-09-02 03:55:50,073 [INFO]   + SELL: 3 retries × 5s, 🚨 CRITICAL Telegram alert if all fail, POS.active stays True
2026-09-02 03:55:50,073 [INFO]   + V3 REGIME GATE REMOVED: V3 now fires in CHOP/INSUFFICIENT regime
2026-09-02 03:55:50,073 [INFO]       Root cause of bug: regime gate wrapped ALL signals including V3;
2026-09-02 03:55:50,073 [INFO]       V3 uses cluster break/reject as its own confirmation — ADX not needed
2026-09-02 03:55:50,073 [INFO]       V2 and FLIP remain regime-gated (BULL/BEAR/TRANSITION only)
2026-09-02 03:55:50,074 [INFO]   + V3 engine: acts on ALL Grade A/B clusters simultaneously (not just nearest)
2026-09-02 03:55:50,074 [INFO]   + PREMIUM_MAX asymmetric: CE=180 (unchanged), PE=300 (was 180, captures panic moves)
2026-09-02 03:55:50,074 [INFO]   + VWAP double confirmation engine (new):
2026-09-02 03:55:50,074 [INFO]       Fires when Nifty 15m bar crosses daily VWAP with body>=50% range
2026-09-02 03:55:50,074 [INFO]       AND ATM CE/PE LTP is also above/below its daily VWAP simultaneously
2026-09-02 03:55:50,074 [INFO]       Self-confirming like V3 — no regime gate
2026-09-02 03:55:50,074 [INFO]   + LOTS_PER_TRADE = 2 (live)
2026-09-02 03:55:50,074 [INFO] 
2026-09-02 03:55:50,074 [INFO] V2.5.13 [VWAP TRAIL EXIT + BOOT SELF-TEST + STABILITY FIXES]
2026-09-02 03:55:50,074 [INFO]   + VWAP engine trades: trail exit uses option's own VWAP (15m close < option VWAP)
2026-09-02 03:55:50,074 [INFO]     instead of SMA8(low) trail — holds through pullbacks better on VWAP-confirmed moves
2026-09-02 03:55:50,074 [INFO]   + V2/V3/FLIP trades: keep original SMA8(low) trail (unchanged)
2026-09-02 03:55:50,074 [INFO]   + Boot self-test: BUY (LIMIT ₹0.05) + SELL (LIMIT ₹9999) on deep OTM option at startup
2026-09-02 03:55:50,074 [INFO]     Both must succeed and cancel cleanly or bot aborts — confirms mStock connectivity + IP
2026-09-02 03:55:50,074 [INFO]   + MStockBroker class inlined into single .py file (no separate mstock_broker.py)
2026-09-02 03:55:50,074 [INFO]   + IA403 recovery: rebuilds SDK client from scratch on IP mismatch, 3 consecutive → halt
2026-09-02 03:55:50,074 [INFO]   + Position sync cooldown: 180s → 300s (avoids false MANUAL_EXIT on slow fills)
2026-09-02 03:55:50,074 [INFO]   + MANUAL_EXIT fix: clears buy_order_id before close_trade to prevent duplicate SELL
2026-09-02 03:55:50,074 [INFO]   + State file: added date field, resets trades_today/losses on new day boundary
2026-09-02 03:55:50,074 [INFO]   + VWAP dedup log spam removed (silent return on same-bar re-fire)
2026-09-02 03:55:50,074 [INFO] 
2026-09-02 03:55:50,074 [INFO] V2.5.14 [TIERED PROFIT LOCK LADDER — inspired by VRL]
2026-09-02 03:55:50,074 [INFO]   + Replaced sparse 3-tier ratchet (Velvet Rope + T2 + T3 + Runner) with 7-tier ladder
2026-09-02 03:55:50,074 [INFO]   + Ladder: +12→+2, +18→+8, +24→+12, +30→+20, +36→+24, +40→+30, +50→+40
2026-09-02 03:55:50,074 [INFO]   + More tiers = less profit give-back on sharp reversals
2026-09-02 03:55:50,074 [INFO]   + Checked every tick (not candle-based) — same as before but tighter protection
2026-09-02 03:55:50,074 [INFO]   + Unified code: single loop replaces 3 separate sections (3a/3b/3c → 3)
2026-09-02 03:55:50,074 [INFO]   + VWAP engine upgraded to TRIPLE confirmation:
2026-09-02 03:55:50,074 [INFO]     Gate 1 (PRIMARY): Nifty FUTURES 15m close crosses futures VWAP, body >= 50%
2026-09-02 03:55:50,074 [INFO]     Gate 2: Nifty SPOT 15m close same direction above/below spot VWAP
2026-09-02 03:55:50,074 [INFO]     Gate 3: ATM option LTP above/below option's own VWAP
2026-09-02 03:55:50,074 [INFO]   + Futures VWAP is now the primary decision criterion — real margin-backed money
2026-09-02 03:55:50,074 [INFO]   + Nifty FUT token auto-resolved from Kite instruments at boot (no hardcoding)
2026-09-02 03:55:50,075 [INFO] 
2026-09-02 03:55:50,075 [INFO] V2.5.15 [STALE DATA GUARD — 2026-06-12]
2026-09-02 03:55:50,075 [INFO]   + ROOT CAUSE FOUND: Kite intermittently returned a 15m series ending ~2h in
2026-09-02 03:55:50,075 [INFO]     the past. Evidence: VWAP entry logged bar=198 at 11:30 but bar=197 at 13:30
2026-09-02 03:55:50,075 [INFO]     (bar index went BACKWARDS); the 13:30 entry cited a 67% bearish bar +
2026-09-02 03:55:50,075 [INFO]     FUT 23375 while the live tape was +68 pts off the low in 4 min → bought PE
2026-09-02 03:55:50,075 [INFO]     into a V-reversal → HARDSL -21.73. Fresh-data replay confirms the signal
2026-09-02 03:55:50,075 [INFO]     does NOT fire at 13:30 with up-to-date frames. Likely also suppressed valid
2026-09-02 03:55:50,075 [INFO]     signals (Jun-11 zero-trade day: fresh-data replay finds 4 trades / +35 pts).
2026-09-02 03:55:50,075 [INFO]   + Guard (active 09:32+): if last 15m bar (spot or futures) is older than
2026-09-02 03:55:50,075 [INFO]     16 min → instant refetch from Kite; if recovered, continue + Telegram info;
2026-09-02 03:55:50,075 [INFO]     if still stale → Telegram alert + ENTRIES blocked for that cycle only.
2026-09-02 03:55:50,075 [INFO]   + EXITS are never blocked on data quality.
2026-09-02 03:55:50,075 [INFO]   + Telegram alerts rate-limited to 1 per 10 min; log line every cycle.
2026-09-02 03:55:50,075 [INFO] 
2026-09-02 03:55:50,075 [INFO] V2.5.16 [MOMENTUM GATE ON SAME-SIDE STREAKS + SMA8 TODAY-ONLY FIX — 2026-06-17]
2026-09-02 03:55:50,075 [INFO]   + PROBLEM: in choppy markets the bot ran 3+ rapid same-direction trades —
2026-09-02 03:55:50,075 [INFO]     first 1-2 win small, the 3rd buys into the reversal and takes the full
2026-09-02 03:55:50,075 [INFO]     -18% HARDSL, then keeps buying the same side, wiping the day's gains.
2026-09-02 03:55:50,075 [INFO]     Diagnosis (May+June real-opt data): the persistence is the VWAP engine
2026-09-02 03:55:50,075 [INFO]     (no regime filter, re-fires same side each 15m bar). The 1st/2nd winners
2026-09-02 03:55:50,075 [INFO]     exit on the peak ladder (TRAIL_+N); the 3rd dies on HARDSL/VWAP_TRAIL.
2026-09-02 03:55:50,075 [INFO]   + MOMENTUM GATE: the 3rd+ CONSECUTIVE same-direction entry (any engine) is
2026-09-02 03:55:50,075 [INFO]     blocked unless spot has moved >= MOM_GATE_PTS (12) WITH the trade over the
2026-09-02 03:55:50,075 [INFO]     last MOM_GATE_BARS (5) closed 1m bars. 1st/2nd same-side entries untouched.
2026-09-02 03:55:50,075 [INFO]     Run counted from DAY.trades_today (closed trades). New fetch_nifty_1m() +
2026-09-02 03:55:50,075 [INFO]     momentum_gate_ok(); fails OPEN if 1m data unavailable; "🚧 Momentum-gate
2026-09-02 03:55:50,075 [INFO]     BLOCK" Telegram on a block. Backtest (May real-opt): baseline -7.3 pt →
2026-09-02 03:55:50,075 [INFO]     gate +104.0 pt, 0 winners blocked (blocks only flat-momentum |mv|<=8 chop).
2026-09-02 03:55:50,075 [INFO]   + SMA8 TODAY-ONLY FIX: sma8_low_of_option() now averages ONLY today's closed
2026-09-02 03:55:50,075 [INFO]     15m option lows (arms after SMA_TRAIL_MIN_BARS=4 today-bars). Previously it
2026-09-02 03:55:50,075 [INFO]     averaged 8 bars from a 10-day fetch, mixing yesterday's different-level /
2026-09-02 03:55:50,075 [INFO]     illiquid lows → false trail exits. NOT removed: backtest showed deleting
2026-09-02 03:55:50,075 [INFO]     SMA8 costs -66 pt (it is a tighter stop than the -18% HARDSL).
2026-09-02 03:55:50,076 [INFO]   + Ladder exit, HARDSL, flip logic, stale-data guard all UNCHANGED.
2026-09-02 03:55:50,076 [INFO]   + start_orion.sh now launches V2.5.16 (90s crash-fallback still → V2.5.14).
2026-09-02 03:55:50,076 [INFO] 
2026-09-02 03:55:50,076 [INFO] V2.5.17 [3 CHOP-BLEED GUARDS — 2026-06-18]
2026-09-02 03:55:50,076 [INFO]   + CONTEXT: 06-16 (-20.4pt/7trades) and 06-17 (-44.0pt/4trades) were both
2026-09-02 03:55:50,076 [INFO]     compressed chop days (full range 141pt & 107pt; 06-17 had 9 mean-crosses in
2026-09-02 03:55:50,076 [INFO]     a 107pt box). The regime classifier stayed BULL all 76 bars both days and
2026-09-02 03:55:50,076 [INFO]     chop_block fired 0 times, so the breakout engines kept firing into noise.
2026-09-02 03:55:50,076 [INFO]     See ~/orion_backtest_lab/results/RESULTS.md (2026-06-18 post-mortem).
2026-09-02 03:55:50,076 [INFO]   + #1 MORNING CHOP GATE (CHOP_GATE_ENABLED): decided ONCE after ~10:30 IST from
2026-09-02 03:55:50,076 [INFO]     the first-hour (09:15-10:15) FUT bars. Stand aside (block ALL new entries for
2026-09-02 03:55:50,076 [INFO]     the day) when early efficiency-ratio <= CHOP_ER_MAX (0.25) AND (first-hour
2026-09-02 03:55:50,076 [INFO]     FUT-VWAP cross-count >= CHOP_VWAP_CROSSES_MIN (3) OR first-hour range <
2026-09-02 03:55:50,076 [INFO]     CHOP_RANGE_PT_MAX (110pt)). Exits always allowed. Fails OPEN (not enough
2026-09-02 03:55:50,076 [INFO]     bars yet -> no decision -> trade normally). morning_chop_verdict().
2026-09-02 03:55:50,076 [INFO]   + #2 VWAP BODY BAND (VWAP_BODY_CLIMAX_PCT): VWAP entry now takes only the
2026-09-02 03:55:50,076 [INFO]     65-86% body band — existing >=65% min kept, NEW >=87% climax/exhaustion bars
2026-09-02 03:55:50,076 [INFO]     skipped (climax bars fade). One added guard line in check_vwap_signal().
2026-09-02 03:55:50,076 [INFO]   + #3 MOMENTUM-FADE GATE (FADE_GATE_ENABLED): for a 3rd+ consecutive same-side
2026-09-02 03:55:50,076 [INFO]     entry that follows >= FADE_MIN_PRIOR_WINS (2) consecutive same-side WINS,
2026-09-02 03:55:50,076 [INFO]     inspect 3-min option premiums of BOTH the trend-side and opposite-side ATM
2026-09-02 03:55:50,076 [INFO]     strikes over the last FADE_OPT_BARS (3) closed bars. Enter ONLY IF the
2026-09-02 03:55:50,076 [INFO]     trend-side option is NOT decaying AND the opposite-side option IS decaying;
2026-09-02 03:55:50,076 [INFO]     otherwise skip (momentum has faded / is rotating to the other side). Fails
2026-09-02 03:55:50,076 [INFO]     OPEN on missing data. fade_gate_ok() + fetch_option_3m(). Complements the
2026-09-02 03:55:50,076 [INFO]     V2.5.16 spot-move momentum gate (both must pass).
2026-09-02 03:55:50,076 [INFO]   + All three guards are ADDITIVE; ladder/HARDSL/flip/SMA8/stale-guard UNCHANGED.
2026-09-02 03:55:50,076 [INFO]   + NOT yet sim-A/B'd — shipped on user direction; 2026-06-18 is paper-only, so
2026-09-02 03:55:50,076 [INFO]     the live paper session is the first validation. WATCH first CHOP-GATE day +
2026-09-02 03:55:50,076 [INFO]     first FADE block + that #2 climax-skip doesn't starve VWAP.
2026-09-02 03:55:50,076 [INFO]   + start_orion.sh now launches V2.5.17 (pkill pattern V2_5_1[567];
2026-09-02 03:55:50,076 [INFO]     90s crash-fallback still → V2.5.14 archive).
2026-09-02 03:55:50,076 [INFO] 
2026-09-02 03:55:50,076 [INFO] V2.5.18 [SMA8 ENTRY-AWARE FIX + CHOP-GATE RE-ARM — 2026-06-19]
2026-09-02 03:55:50,077 [INFO]   + CONTEXT: 2026-06-19 (paper) — gap-down day. One V3 PE (24000PE @114) entered
2026-09-02 03:55:50,077 [INFO]     correctly at 10:15 on a Grade-A R-cluster break, but SMA8_LOW_TRAIL exited it
2026-09-02 03:55:50,077 [INFO]     31s later at +1.6 (the trail evaluated the 10:00 bar — which CLOSED BEFORE
2026-09-02 03:55:50,077 [INFO]     entry — against today's lows-avg). Spot then fell 24040->23926 without us;
2026-09-02 03:55:50,077 [INFO]     morning chop-gate (ER=0.01, range=70pt) then stood aside the rest of the day.
2026-09-02 03:55:50,077 [INFO]   + FIX A (SMA8 pre-entry bar): the SMA8(low) trail now NEVER acts on a 15m bar
2026-09-02 03:55:50,077 [INFO]     whose CLOSE time (bar-start + 15m) is <= POS.entry_time. A fresh entry can no
2026-09-02 03:55:50,077 [INFO]     longer be ejected on price action that happened before it was opened.
2026-09-02 03:55:50,077 [INFO]   + FIX C (SMA8 arm window): trail arms on bars-SINCE-ENTRY, not bars-of-day.
2026-09-02 03:55:50,077 [INFO]     sma8_low_of_option() now averages only TODAY's closed bars that closed AFTER
2026-09-02 03:55:50,077 [INFO]     entry and needs >= SMA_TRAIL_MIN_BARS_SINCE_ENTRY (1) of them. With 1 own bar
2026-09-02 03:55:50,077 [INFO]     SMA8L == that bar's own low, so close(>=low) can't trigger -> first real
2026-09-02 03:55:50,077 [INFO]     trigger needs >=2 own bars. SMA_TRAIL_MIN_BARS (4, bars-of-day) is now only
2026-09-02 03:55:50,077 [INFO]     the fallback when entry_time is unknown (state-load edge). NOT a BE-gate.
2026-09-02 03:55:50,077 [INFO]   + CHOP-GATE RE-ARM (CHOP_REARM_ENABLED): after a morning stand-aside, release
2026-09-02 03:55:50,077 [INFO]     the block when a CLOSED FUT 15m bar breaks the recorded first-hour range by
2026-09-02 03:55:50,077 [INFO]     >= CHOP_REARM_BUFFER_PT (15pt) with body >= CHOP_REARM_BODY_MIN (65%), in the
2026-09-02 03:55:50,077 [INFO]     regime direction (BULL=>up-break only, BEAR=>down-break only, else either).
2026-09-02 03:55:50,077 [INFO]     FUT leads spot, so this triggers earlier than a spot-range break. Re-arm is
2026-09-02 03:55:50,077 [INFO]     one-way for the day (stays live once released); per-trade momentum/fade/CB
2026-09-02 03:55:50,077 [INFO]     guards still apply. _morning_chop_verdict_impl() stashes FH hi/lo;
2026-09-02 03:55:50,077 [INFO]     chop_rearm_check() evaluated each cycle while blocked. Logs [CHOPGATE] RE-ARMED.
2026-09-02 03:55:50,077 [INFO]   + Ladder/HARDSL/flip/VWAP-trail/stale-guard UNCHANGED. SMA8 KEPT (deleting it
2026-09-02 03:55:50,077 [INFO]     cost -66pt, V2.5.16) — this only changes WHEN it may fire, not whether.
2026-09-02 03:55:50,077 [INFO]   + NOT yet sim-A/B'd — shipped on user direction 2026-06-19; backtest the
2026-09-02 03:55:50,077 [INFO]     re-arm thresholds on post-chop trend days before relying on it live.
2026-09-02 03:55:50,077 [INFO] 
2026-09-02 03:55:50,077 [INFO] V2.5.19 [THREE FUT-VWAP ENTRY PATHWAYS — 2026-06-21]
2026-09-02 03:55:50,077 [INFO]   + Built on user direction 2026-06-21. THREE new VWAP-cross entry pathways.
2026-09-02 03:55:50,077 [INFO]     NOT yet sim-A/B'd — BACKTEST before flipping start_orion.sh to V2.5.19.
2026-09-02 03:55:50,077 [INFO]     All three are flag-gated (default ON). Existing V2/V3/FLIP UNCHANGED.
2026-09-02 03:55:50,077 [INFO] 
2026-09-02 03:55:50,077 [INFO]   + FEATURE 1 — FUT 15m VWAP cross + CONFIRMATION CANDLE (all-day).
2026-09-02 03:55:50,077 [INFO]     VWAP15_CONFIRM_ENABLED. The existing VWAP engine no longer fires on the
2026-09-02 03:55:50,077 [INFO]     cross bar alone: it now requires the cross bar (iloc[-3], body 65-86% band)
2026-09-02 03:55:50,078 [INFO]     PLUS the next closed bar (iloc[-2]) to CONFIRM in the same direction —
2026-09-02 03:55:50,078 [INFO]     same-colour candle that still closes on the same side of FUT-VWAP. Fires in
2026-09-02 03:55:50,078 [INFO]     either direction, any time in the entry window. Re-entries are governed by
2026-09-02 03:55:50,078 [INFO]     the existing momentum gate (no extra cap). check_vwap_signal().
2026-09-02 03:55:50,078 [INFO]     INTERPRETATION: "confirmation candle in same direction" = next 15m candle
2026-09-02 03:55:50,078 [INFO]     closes same side of its open (same colour) AND same side of VWAP as the
2026-09-02 03:55:50,078 [INFO]     cross. Confirmation candle has NO body-size requirement (only the cross bar
2026-09-02 03:55:50,078 [INFO]     does). If wrong, adjust _vwap15_confirm_ok().
2026-09-02 03:55:50,078 [INFO] 
2026-09-02 03:55:50,078 [INFO]   + FEATURE 2 — FUT 5m VWAP cross + S/R distance, FIXED +12 TARGET scalp.
2026-09-02 03:55:50,078 [INFO]     FUT5_SCALP_ENABLED. New engine 'FUT5VWAP'. On each closed FUT 5m bar that
2026-09-02 03:55:50,078 [INFO]     CROSSES its session VWAP (bar opens one side, closes the other) with body
2026-09-02 03:55:50,078 [INFO]     65-86% AND whose close is > FUT5_SCALP_SR_MIN_DIST (20pt) from EVERY one of
2026-09-02 03:55:50,078 [INFO]     yesterday's classic pivots S1/R1/S2/R2 → buy in the cross direction. Exit is
2026-09-02 03:55:50,078 [INFO]     a FIXED +FUT5_SCALP_TARGET_PTS (12) option points (HARDSL + 15:25 force-close
2026-09-02 03:55:50,078 [INFO]     still apply; NO trail/SMA8). One trade per event: deduped on the 5m bar ts,
2026-09-02 03:55:50,078 [INFO]     so the next entry needs a fresh qualifying cross. check_fut5m_vwap_scalp_signal().
2026-09-02 03:55:50,078 [INFO]     INTERPRETATION: ">20 points away from s1/r1/s2/r2" = min distance to ALL four
2026-09-02 03:55:50,078 [INFO]     pivots > 20pt (price in clear space, not hugging a pivot). "cross" = bar
2026-09-02 03:55:50,078 [INFO]     open & close on opposite sides of VWAP. Pivots = classic floor-trader pivots
2026-09-02 03:55:50,078 [INFO]     from the prior trading day's H/L/C. If wrong, adjust compute_classic_pivots()
2026-09-02 03:55:50,078 [INFO]     / check_fut5m_vwap_scalp_signal().
2026-09-02 03:55:50,078 [INFO] 
2026-09-02 03:55:50,078 [INFO]   + FEATURE 3 — MORNING 09:15-10:15 exception (bypasses the 09:45 start gate).
2026-09-02 03:55:50,078 [INFO]     MORNING_VWAP_ENABLED. Before the normal 09:45 entry start, between
2026-09-02 03:55:50,078 [INFO]     MORNING_WIN_START (09:15) and MORNING_WIN_END (10:15): if a closed FUT 15m
2026-09-02 03:55:50,078 [INFO]     bar crosses its VWAP (body 65-86%) AND its close is > MORNING_VWAP_SR_MIN_DIST
2026-09-02 03:55:50,078 [INFO]     (20pt) from every pivot S1/R1/S2/R2 → buy in the cross direction. Re-entries
2026-09-02 03:55:50,078 [INFO]     per momentum gate. Uses engine 'VWAP' (so it inherits the VWAP option-VWAP
2026-09-02 03:55:50,078 [INFO]     trail exit). Runs even when in_entry_window() is False; still respects
2026-09-02 03:55:50,078 [INFO]     stale-guard, gap-suppress, CB/halt, manual cooldown. check_morning_vwap15_signal().
2026-09-02 03:55:50,078 [INFO]     INTERPRETATION: this only ADDS the pre-09:45 window; from 09:45 on, the
2026-09-02 03:55:50,078 [INFO]     normal engines (incl. Feature 1) already run. No confirmation candle is
2026-09-02 03:55:50,079 [INFO]     required here (spec did not ask for one).
2026-09-02 03:55:50,079 [INFO] 
2026-09-02 03:55:50,079 [INFO]   + Classic pivots computed at boot from prior-day H/L/C → DAY.pivots
2026-09-02 03:55:50,079 [INFO]     {P,S1,R1,S2,R2}; min_dist_to_pivots() helper. New fetch_nifty_fut_5m().
2026-09-02 03:55:50,079 [INFO] 
2026-09-02 03:55:50,079 [INFO] =========================================================================
2026-09-02 03:55:50,079 [INFO] BACKFILL 2026-08-29 — V2.5.19 (06-21) -> 2026-08-28
2026-09-02 03:55:50,079 [INFO] =========================================================================
2026-09-02 03:55:50,079 [INFO] Reconstructed 2026-08-29 from the dated inline comments at each code site and
2026-09-02 03:55:50,079 [INFO] the research notes. The banner below had not been updated since V2.5.19
2026-09-02 03:55:50,079 [INFO] (2026-06-21) while 24 changes went in; an audit on 2026-08-27 confirmed NO
2026-09-02 03:55:50,079 [INFO] engine was silently removed or disabled, but the history was unreadable from
2026-09-02 03:55:50,079 [INFO] the top of the file. Enforcement now exists (see CODE_FINGERPRINT / the boot
2026-09-02 03:55:50,079 [INFO] UNDOCUMENTED-CHANGE check) so this cannot silently recur.
2026-09-02 03:55:50,079 [INFO] 
2026-09-02 03:55:50,079 [INFO] KNOWN GAP, stated plainly: the *_BACKUP_*.py chain jumps from 2026-08-01 to
2026-09-02 03:55:50,079 [INFO] 2026-08-25. The nine changes dated 08-08 through 08-20 have NO pre-change
2026-09-02 03:55:50,079 [INFO] backup file. They are reconstructable from the inline comments below, but they
2026-09-02 03:55:50,079 [INFO] cannot be diffed back to their exact prior code. Every change from 08-25 on has
2026-09-02 03:55:50,079 [INFO] a backup.
2026-09-02 03:55:50,079 [INFO] 
2026-09-02 03:55:50,079 [INFO] STATUS legend: [BT] backtested   [FWD] forward-paper only, no backtest
2026-09-02 03:55:50,079 [INFO]                [USER] user-directed   [FIX] bug fix   [UNVAL] unvalidated
2026-09-02 03:55:50,079 [INFO] 
2026-09-02 03:55:50,079 [INFO] V2.5.20 [2026-06-23] Same-direction re-entry cooldown.
2026-09-02 03:55:50,079 [INFO]   WHY: 06-23 a PE won +42 and re-entered PE 33 s later straight into HARDSL.
2026-09-02 03:55:50,079 [INFO]   The momentum/fade gates only look at the signal, not at how the last trade in
2026-09-02 03:55:50,079 [INFO]   that direction ended.  [FIX]
2026-09-02 03:55:50,079 [INFO] 
2026-09-02 03:55:50,079 [INFO] V2.5.20 [2026-06-24] VWAP15_CONFIRM_ENABLED = False.
2026-09-02 03:55:50,079 [INFO]   WHY: user call. The V2.5.19 confirmation candle delayed entries into already-
2026-09-02 03:55:50,079 [INFO]   declining trends. VWAP now fires on the FUT 15m VWAP cross bar itself.
2026-09-02 03:55:50,079 [INFO]   RE-REVIEW TRIGGER: if a chop regime returns and VWAP false-starts rise, the
2026-09-02 03:55:50,079 [INFO]   confirm candle is the first thing to switch back on.  [USER]
2026-09-02 03:55:50,079 [INFO] 
2026-09-02 03:55:50,080 [INFO] V2.5.20 [2026-06-29] Paper-mode order bypass — kite_paper places no real orders.
2026-09-02 03:55:50,080 [INFO] 
2026-09-02 03:55:50,080 [INFO] V2.5.20 [2026-07-06] Rebuilt on the concurrent-backtest architecture; all
2026-09-02 03:55:50,080 [INFO]   engines run simultaneously with no suppression. Plus two CRITICAL fixes:
2026-09-02 03:55:50,080 [INFO]   (a) ORB/GAPBREAK stale-data — fetch_nifty_1m/5m returned frames whose last
2026-09-02 03:55:50,080 [INFO]       bar was days old; a 2-lot PE went in on a close from 07-03. (b) position-
2026-09-02 03:55:50,080 [INFO]       sync false MANUAL_EXIT.  [FIX]
2026-09-02 03:55:50,080 [INFO] 
2026-09-02 03:55:50,080 [INFO] V2.5.20 [2026-07-07] LOTS_PER_TRADE 2 -> 1 (user instruction). ATM strike
2026-09-02 03:55:50,080 [INFO]   resolution fix (old round_to_atm(24000)+2000 path).  [USER][FIX]
2026-09-02 03:55:50,080 [INFO] 
2026-09-02 03:55:50,080 [INFO] V2.5.20 [2026-07-08] V2.5.20 given its OWN Telegram bot (was sharing V2.5.19's).
2026-09-02 03:55:50,080 [INFO]   MANUAL_EXIT detected via the bot's own order-ids, never account-wide net_qty.
2026-09-02 03:55:50,080 [INFO]   [FIX]
2026-09-02 03:55:50,080 [INFO] 
2026-09-02 03:55:50,080 [INFO] V2.5.20 [2026-07-10 .. 07-14] Broker-integrity hardening after the 07-09
2026-09-02 03:55:50,080 [INFO]   NIFTY24000CE incident and the 07-14 stranded lots: order-book/RMS race fixes
2026-09-02 03:55:50,080 [INFO]   on both BUY and SELL, per-position is_paper flag, unconfirmed_fill flag,
2026-09-02 03:55:50,080 [INFO]   bot order-id registry, orphan-position resume, HALT_NEW_ENTRIES_ON_DATE
2026-09-02 03:55:50,080 [INFO]   replacing a bare NO_NEW_ENTRIES_TODAY that had been left True since 07-09.
2026-09-02 03:55:50,080 [INFO]   [FIX]
2026-09-02 03:55:50,080 [INFO] 
2026-09-02 03:55:50,080 [INFO] V2.5.20 [2026-07-12] V2 params from the real-30-day grid search (k_extreme=ON,
2026-09-02 03:55:50,080 [INFO]   rsi_gate=ON, macd_align=OFF) on 05-15..07-10 — 7 trades / 71.4% WR / +45.96pt.
2026-09-02 03:55:50,080 [INFO]   CAVEAT RECORDED AT THE TIME: 7-trade sample. MACD gate left in the code behind
2026-09-02 03:55:50,080 [INFO]   V2_MACD_GATE_ENABLED so it can be flipped back.
2026-09-02 03:55:50,080 [INFO]   Also: V3 probe entry (limit, replacing market entry, user instruction), V3
2026-09-02 03:55:50,080 [INFO]   early-entry + fast exit, ORB in-day CHOPPY kill, MOM_GATE_V3 re-enable.
2026-09-02 03:55:50,080 [INFO]   [BT-weak][USER]
2026-09-02 03:55:50,080 [INFO] 
2026-09-02 03:55:50,080 [INFO] V2.5.20 [2026-07-13] PUT-FLIP QUALITY GATE — V2.5.19 flipped a winning CE to PE
2026-09-02 03:55:50,080 [INFO]   on a 0.5pt K move (58.9 -> 58.4). Gate requires a real reversal.  [FIX]
2026-09-02 03:55:50,080 [INFO] V2.5.20 [2026-07-13] *** COUNTER-TREND VETO *** — single choke point for EVERY
2026-09-02 03:55:50,080 [INFO]   engine. The day's low printed 09:15 and Nifty ran one-way to 24259 while the
2026-09-02 03:55:50,080 [INFO]   bot kept buying PEs. BIGGEST VALIDATED EDGE TO DATE: +697.9 pts / +Rs45,362
2026-09-02 03:55:50,081 [INFO]   out-of-sample. Do not weaken without equivalent evidence.  [BT]
2026-09-02 03:55:50,081 [INFO] 
2026-09-02 03:55:50,081 [INFO] V2.5.20 [2026-07-20] EXECUTION_BROKER LIVE -> PAPER, explicit user instruction;
2026-09-02 03:55:50,081 [INFO]   no real orders since. T5 engine (levels + premium-divergence). APEX engine
2026-09-02 03:55:50,081 [INFO]   (the user's actual method) — shadow only. 1-minute capture added (Kite
2026-09-02 03:55:50,081 [INFO]   interval is 'minute', not '1minute'). Unlimited engine overlap in paper.
2026-09-02 03:55:50,081 [INFO]   [USER]
2026-09-02 03:55:50,081 [INFO] 
2026-09-02 03:55:50,081 [INFO] V2.5.20 [2026-07-24] VWAP/APEX frm>now precession fix.  [FIX]
2026-09-02 03:55:50,081 [INFO] 
2026-09-02 03:55:50,081 [INFO] V2.5.20 [2026-07-26] FUT5VWAP dedup fix (<= not ==; a stale/out-of-order refetch
2026-09-02 03:55:50,081 [INFO]   reopened a second real position on an already-seen signal, seen 07-24).
2026-09-02 03:55:50,081 [INFO]   EXPIRY engine — OTM premium-multiplication pop, expiry day only, one shot.
2026-09-02 03:55:50,081 [INFO]   Expiry-specific velvet-rope/ladder expressed as MULTIPLES not points (user
2026-09-02 03:55:50,081 [INFO]   instruction: a Rs8 option cannot use a +12pt ladder).  [FIX][USER]
2026-09-02 03:55:50,081 [INFO] 
2026-09-02 03:55:50,081 [INFO] V2.5.20 [2026-07-27] push_logs_to_github(): added `git rebase --autostash`.
2026-09-02 03:55:50,081 [INFO]   WHY: a dirty tree made plain `git rebase` abort silently, so every push had
2026-09-02 03:55:50,081 [INFO]   been rejected non-fast-forward since 07-20 (~365 rejects/day/bot).
2026-09-02 03:55:50,081 [INFO]   *** SIDE EFFECT DISCOVERED 2026-08-27: this is what orphaned the logging
2026-09-02 03:55:50,081 [INFO]   FileHandler's inode and blanked the FlightRecorder logs. Fixed 08-29 with
2026-09-02 03:55:50,081 [INFO]   WatchedFileHandler. DO NOT remove --autostash. ***  [FIX]
2026-09-02 03:55:50,081 [INFO] 
2026-09-02 03:55:50,081 [INFO] V2.5.20 [2026-07-29] Counter-trend-veto Telegram dedup (spam fix).  [FIX]
2026-09-02 03:55:50,081 [INFO] 
2026-09-02 03:55:50,081 [INFO] V2.5.20 [2026-08-01] APEX entry filter: APEX_RSI_MIN_DELTA = 5.0 — require a
2026-09-02 03:55:50,081 [INFO]   decisive RSI turn, not any turn. Re-sim -3,835 -> +234, IN-SAMPLE ONLY.
2026-09-02 03:55:50,081 [INFO]   [UNVAL]
2026-09-02 03:55:50,081 [INFO] 
2026-09-02 03:55:50,081 [INFO] V2.5.20 [2026-08-08] VWAP same-day loss cap, from the real 3-month simulated
2026-09-02 03:55:50,081 [INFO]   backtest on Upstox real premiums. Same pass disabled PIVOTBREAK.  [BT]
2026-09-02 03:55:50,081 [INFO] 
2026-09-02 03:55:50,081 [INFO] V2.5.20 [2026-08-09] PIVOTBREAK REMOVED ENTIRELY (code deleted, syntax-clean).
2026-09-02 03:55:50,081 [INFO]   WHY: kill-switch (08-08) then a full professional rebuild (08-09) both failed;
2026-09-02 03:55:50,081 [INFO]   losses were structural exit-logic, not day-type. Do not re-add without new
2026-09-02 03:55:50,081 [INFO]   evidence — see the rebuild trail before trying.  [BT]
2026-09-02 03:55:50,082 [INFO] 
2026-09-02 03:55:50,082 [INFO] V2.5.20 [2026-08-13] V2 per-bar dedup on the closed 15m bar, same convention as
2026-09-02 03:55:50,082 [INFO]   VWAP/FUT5VWAP. WHY: V2 had NO dedup, so a Kite rate-limit retry stacked 5 V2
2026-09-02 03:55:50,082 [INFO]   lots on one signal — this is what produced the phantom +Rs8,492 on 08-12 that
2026-09-02 03:55:50,082 [INFO]   looked like edge and was not. Also fixed a POS.engine comparison against the
2026-09-02 03:55:50,082 [INFO]   literal 'BASE'.  [FIX]
2026-09-02 03:55:50,082 [INFO] 
2026-09-02 03:55:50,082 [INFO] V2.5.20 [2026-08-16] V2_DAILY_LOSS_CAP = 1. From a real 3-month re-port of V2's
2026-09-02 03:55:50,082 [INFO]   own logic (05-04..08-06): capping V2 at one loss/day was the only no-trade-
2026-09-02 03:55:50,082 [INFO]   zone variant that survived; all the others failed.  [BT]
2026-09-02 03:55:50,082 [INFO] 
2026-09-02 03:55:50,082 [INFO] V2.5.20 [2026-08-17] FUT5VWAP min pivot distance 30 -> 25 pt, from a real
2026-09-02 03:55:50,082 [INFO]   re-port at native 1-min granularity. NOTE: the corrected FUT5VWAP baseline is
2026-09-02 03:55:50,082 [INFO]   88.9% WR / +Rs53,315 over 380 days — the earlier 94% / +Rs104k figure was a
2026-09-02 03:55:50,082 [INFO]   same-bar exit-ambiguity BUG and is void.  [BT]
2026-09-02 03:55:50,082 [INFO] 
2026-09-02 03:55:50,082 [INFO] V2.5.20 [2026-08-20] Four VWAP/V2/ORB changes from a real 40-trade backtest on
2026-09-02 03:55:50,082 [INFO]   the live 07-07..08-20 log:
2026-09-02 03:55:50,082 [INFO]    (1) VWAP 5m persistence + distance-from-VWAP gate;
2026-09-02 03:55:50,082 [INFO]    (2) VWAP post-loss same-side cooldown;
2026-09-02 03:55:50,082 [INFO]    (3) V2 trail scaled to entry premium (arm = entry x 1.15) instead of fixed
2026-09-02 03:55:50,082 [INFO]        points — V2 entries range from ~Rs73 upward, a fixed +15 is not
2026-09-02 03:55:50,082 [INFO]        comparable across them;  [USER]
2026-09-02 03:55:50,082 [INFO]    (4) V2 hard stop fixed at -15 pt, replacing the generic -18% HARDSL;  [USER]
2026-09-02 03:55:50,082 [INFO]    (5) ORB exit tightened: stop 15 / ride 40 / giveback 20.
2026-09-02 03:55:50,082 [INFO]   Neither VWAP gate alone made VWAP profitable — they reduce the loss. Expect a
2026-09-02 03:55:50,082 [INFO]   smaller drawdown, not profit.  [BT]
2026-09-02 03:55:50,082 [INFO] 
2026-09-02 03:55:50,082 [INFO] V2.5.20 [2026-08-22] *** EXPIRY ENGINES 1 & 2 (EXP12) — SHADOW PAPER BOOK ***
2026-09-02 03:55:50,082 [INFO]   E1 RSI-snap + OI/strike gates: recent 40 expiries 9 trades / 89% WR /
2026-09-02 03:55:50,082 [INFO]   +Rs18,944 (older 57 dormant, -Rs819).
2026-09-02 03:55:50,082 [INFO]   E2 cheap-ladder Rs8-16 + spot-through-strike + OI <= +5%, NO stop, trail 20%
2026-09-02 03:55:50,082 [INFO]   after 40: recent 40 +Rs12,760 (older 57 -Rs4,910).
2026-09-02 03:55:50,082 [INFO]   User instruction: NO restrictions — no trade-count or SL-count limits.
2026-09-02 03:55:50,083 [INFO]   SEPARATE BOOK: own lot size, own CSV, EXCLUDED from fmt_eod_summary by
2026-09-02 03:55:50,083 [INFO]   design. (Reporting confusion this caused was raised 08-27; being fixed in a
2026-09-02 03:55:50,083 [INFO]   later item.)  [BT][USER]
2026-09-02 03:55:50,083 [INFO] 
2026-09-02 03:55:50,083 [INFO] V2.5.20 [2026-08-25] EXP12 relaxed gates, user override after the 08-25 miss
2026-09-02 03:55:50,083 [INFO]   (premium out-ran spot, so E2's "Rs8-16 AND spot>=strike in the SAME minute"
2026-09-02 03:55:50,083 [INFO]   never overlapped): E1 no SL / trail after 2x; entries 14:30-15:25; dist >= -35
2026-09-02 03:55:50,083 [INFO]   (-115 Sensex) OR crossed within 30 min; E2 band hi 20 (66 Sensex); universe
2026-09-02 03:55:50,083 [INFO]   re-resolve every 5 min. Replay on 08-25 = +Rs3,416 vs actual 0.
2026-09-02 03:55:50,083 [INFO]   *** KNOWN REMAINING FLAW (08-27, 2nd confirmation): the universe re-resolves
2026-09-02 03:55:50,083 [INFO]   only when the MAX-OI strike M moves, and max-OI is sticky while spot is not.
2026-09-02 03:55:50,083 [INFO]   On 08-27 legs froze at 77500 while Sensex fell to 77182 — nothing near the
2026-09-02 03:55:50,083 [INFO]   money for two hours. Anchor to SPOT, but re-backtest evaluate_day_e2() first.
2026-09-02 03:55:50,083 [INFO]   ***  [USER][UNVAL]
2026-09-02 03:55:50,083 [INFO] 
2026-09-02 03:55:50,083 [INFO] V2.5.20 [2026-08-26] *** KITE RETIRED — UPSTOX MIGRATION ***
2026-09-02 03:55:50,083 [INFO]   All bots moved to Upstox behind a drop-in Kite-compatible shim
2026-09-02 03:55:50,083 [INFO]   (upstox_kite_shim.py). Long-lived read-only token, no daily login; launchers'
2026-09-02 03:55:50,083 [INFO]   auto_login removed. Candle/quote/OI parity verified live pre-deploy.
2026-09-02 03:55:50,083 [INFO]   *** REGRESSION FOUND 08-27: zero [STALE] events in ~37 Kite days, 50 on the
2026-09-02 03:55:50,083 [INFO]   FIRST Upstox day. CAUSE (corrected 08-29): the shim asks the intraday
2026-09-02 03:55:50,083 [INFO]   endpoint for 15-MINUTE candles, and that endpoint is built around COMPLETED
2026-09-02 03:55:50,083 [INFO]   intervals, so the forming bar appears 0-6 min late; Kite returned the partial
2026-09-02 03:55:50,083 [INFO]   bar from the first tick. Upstox is NOT slower — its 1m/tick data is as fast.
2026-09-02 03:55:50,083 [INFO]   Wrong endpoint granularity, not a vendor fault. Real fix = fetch 1m and
2026-09-02 03:55:50,083 [INFO]   resample to 15m in the shim (raising the 16-min guard is the WRONG fix: it
2026-09-02 03:55:50,083 [INFO]   would let the engines read a 30-45 min old iloc[-2] silently). ***  [FIX]
2026-09-02 03:55:50,084 [INFO] 
2026-09-02 03:55:50,084 [INFO] V2.5.20 [2026-08-26] EXP2W = EXP2 + the user's "was-expensive" SELECTION filter,
2026-09-02 03:55:50,084 [INFO]   run as a PARALLEL tag beside plain EXP2 — same legs, same data, same exits, so
2026-09-02 03:55:50,084 [INFO]   the two isolate the filter's effect. In-sample replay: NIFTY -3,308 -> +1,873,
2026-09-02 03:55:50,084 [INFO]   SENSEX +2,970 -> +2,552, ~60% fewer trades.
2026-09-02 03:55:50,084 [INFO]   *** LIVE A/B DATA POINT #1 (08-27): EXP2W DECLINED the day's only winner
2026-09-02 03:55:50,084 [INFO]   (77100PE, afternoon high 46.95 < the Rs130 floor) — cost Rs3,378. n=1, against
2026-09-02 03:55:50,084 [INFO]   the filter. Do not act on one day. ***  [USER][BT-insample]
2026-09-02 03:55:50,084 [INFO] 
2026-09-02 03:55:50,084 [INFO] V2.5.20 [2026-08-26] SENSEX bot given its own Telegram bot/chat; Nifty chat
2026-09-02 03:55:50,084 [INFO]   unchanged.  [USER]
2026-09-02 03:55:50,084 [INFO] 
2026-09-02 03:55:50,084 [INFO] V2.5.20-SENSEX [2026-08-23] *** SENSEX PORT CREATED ***
2026-09-02 03:55:50,084 [INFO]   Port of ORION_PAPER_V2_5_20.py to SENSEX/BFO. Lot size 20, BFO exchange,
2026-09-02 03:55:50,084 [INFO]   THURSDAY expiry, engine thresholds scaled x3.3 for Sensex's larger point
2026-09-02 03:55:50,084 [INFO]   scale — the x3.3 scaling is UNBACKTESTED, forward paper is its validation.
2026-09-02 03:55:50,084 [INFO]   Every entry ABOVE this line dated before 2026-08-23 was inherited from the
2026-09-02 03:55:50,084 [INFO]   Nifty bot at port time, not applied separately here.
2026-09-02 03:55:50,084 [INFO]   First live run 08-24 confirmed end-to-end: booted 09:06, traded, +Rs1,271.
2026-09-02 03:55:50,084 [INFO]   [USER][UNVAL]
2026-09-02 03:55:50,084 [INFO] 
2026-09-02 03:55:50,084 [INFO] V2.5.20 [EXP12 UNIVERSE ANCHORED TO SPOT — 2026-08-29]  (item 4)
2026-09-02 03:55:50,084 [INFO]   WHAT: EXP12_ANCHOR = 'spot'. _exp12_resolve_m() now returns the strike
2026-09-02 03:55:50,084 [INFO]   NEAREST SPOT instead of the max-OI strike among ATM+/-4. Max-OI is still
2026-09-02 03:55:50,084 [INFO]   computed and logged when it diverges, so the failure mode stays visible.
2026-09-02 03:55:50,084 [INFO]   Set EXP12_ANCHOR='maxoi' to revert the behaviour without touching code.
2026-09-02 03:55:50,084 [INFO] 
2026-09-02 03:55:50,085 [INFO]   WHY: max-OI is sticky, spot is not. 08-25 (Nifty) and 08-27 (Sensex: legs
2026-09-02 03:55:50,085 [INFO]   frozen at 77500 while spot fell to 77182, >200pt below the lowest leg) both
2026-09-02 03:55:50,085 [INFO]   left BOTH engines with no near-the-money contract for hours. The 5-minute
2026-09-02 03:55:50,085 [INFO]   re-resolve added 08-25 only swapped legs when M moved, so it never fired.
2026-09-02 03:55:50,085 [INFO] 
2026-09-02 03:55:50,085 [INFO]   BACKTEST (this gate was NOT skipped — the 08-27 note said re-backtest first):
2026-09-02 03:55:50,085 [INFO]   40 recent Nifty expiries, real Upstox 1-min premiums.
2026-09-02 03:55:50,085 [INFO]   *** The existing step12/step16 datasets could NOT answer this: they contain
2026-09-02 03:55:50,085 [INFO]   ONLY the 3 max-OI-anchored strikes per day, i.e. only the strikes the flawed
2026-09-02 03:55:50,085 [INFO]   rule already picks. A WIDE 11-strike band was pulled specially
2026-09-02 03:55:50,085 [INFO]   (exp_wide_universe_data.json) via the Expired Instruments API. ***
2026-09-02 03:55:50,085 [INFO]     GATE G1 baseline reproduced EXACTLY: max-OI n=26, +Rs12,760 (published)
2026-09-02 03:55:50,085 [INFO]     A max-OI x3          n=26  WR 46.2%  +Rs12,760  median day  -Rs29
2026-09-02 03:55:50,085 [INFO]     C spot x3 @14:30     n=29  WR 51.7%  +Rs13,959  median day +Rs111
2026-09-02 03:55:50,085 [INFO]                          -> 3 days better, 0 WORSE, 21 unchanged
2026-09-02 03:55:50,085 [INFO]     B spot re-anchored   n=32  WR 53.1%  +Rs18,242  5 better, 1 worse
2026-09-02 03:55:50,085 [INFO]   Live behaviour sits between C and B (legs re-resolve every 5 min).
2026-09-02 03:55:50,085 [INFO] 
2026-09-02 03:55:50,085 [INFO]   OUT-OF-WINDOW (older 57 expiries 2024-10..2025-11, the regime where E2 is
2026-09-02 03:55:50,085 [INFO]   known to LOSE). Question was not "does E2 work there" -- it does not -- but
2026-09-02 03:55:50,085 [INFO]   "does spot anchoring make it WORSE". It does not:
2026-09-02 03:55:50,085 [INFO]     A max-OI x3  n=40  WR 35.0%  -Rs3,958
2026-09-02 03:55:50,085 [INFO]     C spot x3    n=43  WR 37.2%  -Rs2,954   (2 days better, 1 worse)
2026-09-02 03:55:50,085 [INFO]     B re-anchor  n=44  WR 36.4%  -Rs3,162
2026-09-02 03:55:50,085 [INFO]   CAVEAT, stated rather than buried: this OOS baseline is -Rs3,958 against the
2026-09-02 03:55:50,085 [INFO]   published -Rs4,910. The Expired-Instruments API returned NO contracts for 1 of
2026-09-02 03:55:50,085 [INFO]   the 57 days and only 15 of 22 for another, so the OOS run covers 56 days with
2026-09-02 03:55:50,085 [INFO]   some gaps. Treat the OOS numbers as DIRECTIONAL. The recent-40 window, which
2026-09-02 03:55:50,085 [INFO]   is what this change is justified on, reproduced its baseline EXACTLY.
2026-09-02 03:55:50,085 [INFO] 
2026-09-02 03:55:50,086 [INFO]   HONEST READING: the in-sample gain is SMALL (+Rs1,199 at equal breadth)
2026-09-02 03:55:50,086 [INFO]   because max-OI and spot-ATM usually COINCIDE — they differed on only 3 of 24
2026-09-02 03:55:50,086 [INFO]   traded days. This change is not an edge improvement; it removes a blind spot
2026-09-02 03:55:50,086 [INFO]   in the tail. Its value is that at equal breadth it was never worse on any of
2026-09-02 03:55:50,086 [INFO]   the 40 expiries, and the two live misses are exactly the case it fixes.
2026-09-02 03:55:50,086 [INFO] 
2026-09-02 03:55:50,086 [INFO]   REVERT: *_BACKUP_20260829_pre_spot_anchor.py, or EXP12_ANCHOR='maxoi'
2026-09-02 03:55:50,086 [INFO]   STATUS: applied 2026-08-29. Confirm on the next expiry that the log shows
2026-09-02 03:55:50,086 [INFO]   "[EXP12] anchor=spot M=..." and that legs track spot.  [BT][USER]
2026-09-02 03:55:50,086 [INFO] 
2026-09-02 03:55:50,086 [INFO] V2.5.20 [EXPIRY REPORTING + INTRADAY BAR FIX — 2026-08-29]
2026-09-02 03:55:50,086 [INFO]   Four changes, all from the user's 2026-08-27 review. NO entry/exit RULE was
2026-09-02 03:55:50,086 [INFO]   changed — these are data-plumbing and reporting only.
2026-09-02 03:55:50,086 [INFO] 
2026-09-02 03:55:50,086 [INFO]   (1) SHIM 1-MINUTE RESAMPLING (item 3). upstox_kite_shim.historical_data() now
2026-09-02 03:55:50,086 [INFO]       builds TODAY's 5m/15m/1h bars from 1-MINUTE intraday instead of asking the
2026-09-02 03:55:50,086 [INFO]       intraday endpoint for them directly, because that endpoint only emits a
2026-09-02 03:55:50,086 [INFO]       forming bar 0-6 min late and the engines read iloc[-2] assuming iloc[-1]
2026-09-02 03:55:50,086 [INFO]       is the forming bar. Deliberately NOT raising the 16-min stale guard —
2026-09-02 03:55:50,086 [INFO]       that would hide stale indicators instead of surfacing them.
2026-09-02 03:55:50,086 [INFO]       52/52 instrument-day-interval combos reproduce Upstox's own O/H/L/C/vol/OI
2026-09-02 03:55:50,086 [INFO]       EXACTLY. See upstox_kite_shim.py CHANGE_HISTORY.  [FIX]
2026-09-02 03:55:50,086 [INFO] 
2026-09-02 03:55:50,086 [INFO]   (2) EXPIRY "WHY / WHY NOT" TELEGRAM at 15:29 (item 5). User: "no message about
2026-09-02 03:55:50,086 [INFO]       why a trade was not taken". Every EXP12 gate now increments a counter
2026-09-02 03:55:50,086 [INFO]       (_exp12_block) and records the closest miss (_exp12_near);
2026-09-02 03:55:50,086 [INFO]       _exp12_eod_report() sends one consolidated per-engine message. On the
2026-09-02 03:55:50,086 [INFO]       08-27 book this renders as "EXP2: no trade — blocked by spot too far from
2026-09-02 03:55:50,086 [INFO]       strike x148 ... closest: 77400CE prem 12.30 OK but dist -318", which is
2026-09-02 03:55:50,086 [INFO]       the universe flaw made visible.  [USER]
2026-09-02 03:55:50,087 [INFO] 
2026-09-02 03:55:50,087 [INFO]   (3) EXP12 TELEGRAM COLOUR + SHADOW TAG (item 7a). Entries/exits were plain
2026-09-02 03:55:50,087 [INFO]       🎯/⚫ with no green/red, so a +Rs3,378 day on 08-27 read like nothing had
2026-09-02 03:55:50,087 [INFO]       happened. Now 🟢/🔴 by CE/PE, 🟩/🟥 by result, and a persistent
2026-09-02 03:55:50,087 [INFO]       "⚫ SHADOW BOOK (not in main PnL)" tag.  [USER]
2026-09-02 03:55:50,087 [INFO] 
2026-09-02 03:55:50,087 [INFO]   (4) SHADOW TOTAL IN THE EOD SUMMARY (item 7b). EXP12 is a separate book (own
2026-09-02 03:55:50,087 [INFO]       lot size, own CSV) and stays EXCLUDED from Net PnL — but it is now printed
2026-09-02 03:55:50,087 [INFO]       as its own clearly-labelled block, so 08-27's "Rs0" on a +Rs3,378 day
2026-09-02 03:55:50,087 [INFO]       cannot recur. The two totals are visible without ever being mixed.  [USER]
2026-09-02 03:55:50,087 [INFO] 
2026-09-02 03:55:50,087 [INFO]   REVERT: *_BACKUP_20260829_pre_changelog_backfill.py (and, for the shim,
2026-09-02 03:55:50,087 [INFO]           upstox_kite_shim_BACKUP_20260829_pre_1m_resample.py)
2026-09-02 03:55:50,087 [INFO]   STATUS: applied 2026-08-29 (Sat, market closed). Item (1) is offline-verified
2026-09-02 03:55:50,087 [INFO]           only and MUST be confirmed against the live feed at the next open:
2026-09-02 03:55:50,087 [INFO]           [STALE] events should drop to zero. Items (2)-(4) are cosmetic/report
2026-09-02 03:55:50,087 [INFO]           paths and are proven by rendering tests, but (2) only fires on an
2026-09-02 03:55:50,087 [INFO]           expiry day — next Nifty expiry Tue 2026-09-01.
2026-09-02 03:55:50,087 [INFO] 
2026-09-02 03:55:50,087 [INFO] V2.5.20 [FLIGHT-RECORDER LOG FIX — 2026-08-29]
2026-09-02 03:55:50,087 [INFO]   WHAT : logging.basicConfig(filename=LOG_FN) -> logging.handlers.
2026-09-02 03:55:50,087 [INFO]          WatchedFileHandler(LOG_FN). One handler swap in the LOGGING block;
2026-09-02 03:55:50,087 [INFO]          added `import logging.handlers`. No engine/strategy code touched.
2026-09-02 03:55:50,087 [INFO]   WHY  : every Nifty & Sensex FlightRecorder *.log had been BOOT-BANNER-ONLY
2026-09-02 03:55:50,087 [INFO]          for ~a week (08-20 -> 08-28): 32,891 bytes, last line 8 seconds after
2026-09-02 03:55:50,087 [INFO]          boot, while the BarLevel CSV ran to 15:25. push_logs_to_github() runs
2026-09-02 03:55:50,087 [INFO]          `git rebase --autostash` every 5 min; with a dirty tree the autostash
2026-09-02 03:55:50,087 [INFO]          push/pop deletes and recreates every modified tracked file, including
2026-09-02 03:55:50,087 [INFO]          the log being written. The plain FileHandler held its fd on the old
2026-09-02 03:55:50,087 [INFO]          inode, so all later lines went to an orphaned inode. This is why the
2026-09-02 03:55:50,087 [INFO]          "check the Thursday log" instructions left for EXP2W / EXP12-relax /
2026-09-02 03:55:50,087 [INFO]          Upstox were all uncheckable. Real record was ~/orion_*_run.log (stdout).
2026-09-02 03:55:50,087 [INFO]   EVIDENCE : reproduced against a REAL two-bot `git rebase --autostash` cycle
2026-09-02 03:55:50,088 [INFO]          (scratchpad/wfhtest/repro3.py): FileHandler -> on-disk log holds ONLY
2026-09-02 03:55:50,088 [INFO]          the boot banner (inode swapped mid-run); WatchedFileHandler -> all
2026-09-02 03:55:50,088 [INFO]          lines through EOD survive the identical swap. Control that confirms
2026-09-02 03:55:50,088 [INFO]          the diagnosis in production: stocks_run.log is NOT git-tracked, is
2026-09-02 03:55:50,088 [INFO]          never touched by the push, and is complete through 15:30 IST on the
2026-09-02 03:55:50,088 [INFO]          same sessions. csv_append() and the Telegram fallback log open by
2026-09-02 03:55:50,088 [INFO]          name per write and were never affected.
2026-09-02 03:55:50,088 [INFO]   NOT DONE : dropping --autostash. It was added 2026-07-27 to fix a different
2026-09-02 03:55:50,088 [INFO]          failure (365+ push rejects/day since 07-20). Do not remove it.
2026-09-02 03:55:50,088 [INFO]   REVERT : ORION_PAPER_V2_5_20_BACKUP_20260829_pre_watchedfilehandler.py /
2026-09-02 03:55:50,088 [INFO]            ORION_SENSEX_V2520_BACKUP_20260829_pre_watchedfilehandler.py
2026-09-02 03:55:50,088 [INFO]   STATUS : code-applied 2026-08-29 (Sat, market closed). NOT yet proven live —
2026-09-02 03:55:50,088 [INFO]            confirm on the next session's boot that the FlightRecorder log keeps
2026-09-02 03:55:50,088 [INFO]            growing past 09:07 and its last line is ~15:25, not ~09:02.
2026-09-02 03:55:50,088 [INFO] 
2026-09-02 03:55:50,088 [INFO] === REJECTED DECISIONS (DO NOT RE-ADD WITHOUT NEW BACKTEST EVIDENCE) ===
2026-09-02 03:55:50,088 [INFO]   SKIP_HOUR_13         : -Rs 46k (kills profitable flips in that window)
2026-09-02 03:55:50,088 [INFO]   SKIP_TUESDAYS        : +Rs 56k but calendar-overfit; RSI gate replaces
2026-09-02 03:55:50,088 [INFO]   ADX<20 filter        : -Rs 16k
2026-09-02 03:55:50,088 [INFO]   ADX<25 filter        : -Rs 34k
2026-09-02 03:55:50,088 [INFO]   BE armor at +15%     : net negative
2026-09-02 03:55:50,088 [INFO]   Same-side flip       : -Rs 191k CATASTROPHIC
2026-09-02 03:55:50,088 [INFO]   REVERSAL_FLIP=True   : WR 12% vs 33%
2026-09-02 03:55:50,088 [INFO]   K cap on CE          : hurts WR (no cap is better)
2026-09-02 03:55:50,088 [INFO]   V2.5.10 macro SMA50  : -Rs 2.3L vs V2.5.9; lagging filter blocked PE in bear phases
2026-09-02 03:55:50,088 [INFO]   V2.5.11 straddle halt: straddle expansion days WR 69.8% > normal 66.9%;
2026-09-02 03:55:50,088 [INFO]                          halting on expansion removed profitable trades (+Rs 2,54,234 phantom)
2026-09-02 03:55:51,720 [INFO] [CHANGELOG] up to date (last entry 2026-09-02)
2026-09-02 03:55:56,348 [INFO] [boot] Logs pushed to GitHub: Sensex_FlightRecorder_V2_5_20-SENSEX_20260902_092549.log, Sensex_BarLevel_V2_5_20-SENSEX_20260902_092549.csv
2026-09-02 03:55:56,549 [INFO] [STRADDLE] Reference: ₹556.7 at 09:25
2026-09-02 03:55:56,572 [INFO] [APEX] open=0 trades=0 realized=+0.0pt/Rs+0 unreal=+0.0pt/Rs+0
2026-09-02 03:55:56,572 [INFO] [T5] open=0 trades=0 realized=+0.0pt/Rs+0 unreal=+0.0pt/Rs+0
2026-09-02 03:55:56,572 [INFO] [INDICATORS] spot=76181.1 | 1h: close=76944.3 sma20=76987.4 sma50=77233.6 rsi=47.0 macd=-106.76/-106.03(bear) | 15m: K=32.4↑(prev 13.3) | regime=PE-eligible any_active=False
2026-09-02 03:55:56,572 [INFO] [SIGNAL] CE: reg=False K=False(K=32.4>=38,rising) Kextr=True RSI=False(47.0>53) MACD=False(gate off) => BLOCK | PE: reg=True K=False(K=32.4<=80,falling) Kextr=False RSI=True(47.0<47) MACD=True(gate off) => BLOCK
2026-09-02 04:00:59,232 [INFO] [APEX] open=0 trades=0 realized=+0.0pt/Rs+0 unreal=+0.0pt/Rs+0
2026-09-02 04:00:59,232 [INFO] [T5] open=0 trades=0 realized=+0.0pt/Rs+0 unreal=+0.0pt/Rs+0
2026-09-02 04:00:59,233 [INFO] [INDICATORS] spot=76261.6 | 1h: close=76944.3 sma20=76987.4 sma50=77233.6 rsi=47.0 macd=-106.76/-106.03(bear) | 15m: K=25.7↓(prev 32.4) | regime=PE-eligible any_active=False
2026-09-02 04:00:59,233 [INFO] [SIGNAL] CE: reg=False K=False(K=25.7>=38,rising) Kextr=True RSI=False(47.0>53) MACD=False(gate off) => BLOCK | PE: reg=True K=True(K=25.7<=80,falling) Kextr=False RSI=True(47.0<47) MACD=True(gate off) => BLOCK
2026-09-02 04:01:03,342 [INFO] [periodic] Logs pushed to GitHub: Sensex_FlightRecorder_V2_5_20-SENSEX_20260902_092549.log, Sensex_BarLevel_V2_5_20-SENSEX_20260902_092549.csv
2026-09-02 04:01:33,517 [INFO] [MVWAP] Signal — 76822>76780 body=70% side=CE (morning exception)
2026-09-02 04:01:33,519 [INFO] [VETO] VWAP CE BLOCKED — CE into a DOWNtrend: spot 76245.9 is -542.8 below FUT VWAP 76788.7 (buffer 16)
2026-09-02 04:06:06,161 [INFO] [APEX] open=0 trades=0 realized=+0.0pt/Rs+0 unreal=+0.0pt/Rs+0
2026-09-02 04:06:06,162 [INFO] [T5] open=0 trades=0 realized=+0.0pt/Rs+0 unreal=+0.0pt/Rs+0
2026-09-02 04:06:06,162 [INFO] [INDICATORS] spot=76341.9 | 1h: close=76944.3 sma20=76987.4 sma50=77233.6 rsi=47.0 macd=-106.76/-106.03(bear) | 15m: K=25.7↓(prev 32.4) | regime=PE-eligible any_active=False
2026-09-02 04:06:06,163 [INFO] [SIGNAL] CE: reg=False K=False(K=25.7>=38,rising) Kextr=True RSI=False(47.0>53) MACD=False(gate off) => BLOCK | PE: reg=True K=True(K=25.7<=80,falling) Kextr=False RSI=True(47.0<47) MACD=True(gate off) => BLOCK
2026-09-02 04:06:08,917 [INFO] [periodic] Logs pushed to GitHub: Sensex_FlightRecorder_V2_5_20-SENSEX_20260902_092549.log, Sensex_BarLevel_V2_5_20-SENSEX_20260902_092549.csv
2026-09-02 04:11:11,131 [INFO] [T5] open=0 trades=0 realized=+0.0pt/Rs+0 unreal=+0.0pt/Rs+0
2026-09-02 04:11:11,132 [INFO] [INDICATORS] spot=76295.2 | 1h: close=76944.3 sma20=76987.4 sma50=77233.6 rsi=47.0 macd=-106.76/-106.03(bear) | 15m: K=25.7↓(prev 32.4) | regime=PE-eligible any_active=False
2026-09-02 04:11:11,132 [INFO] [SIGNAL] CE: reg=False K=False(K=25.7>=38,rising) Kextr=True RSI=False(47.0>53) MACD=False(gate off) => BLOCK | PE: reg=True K=True(K=25.7<=80,falling) Kextr=False RSI=True(47.0<47) MACD=True(gate off) => BLOCK
2026-09-02 04:11:15,295 [INFO] [periodic] Logs pushed to GitHub: Sensex_FlightRecorder_V2_5_20-SENSEX_20260902_092549.log, Sensex_BarLevel_V2_5_20-SENSEX_20260902_092549.csv
2026-09-02 04:15:17,885 [INFO] [V3PROBE] PLACED PE BFO:SENSEX2690376300PE limit=227.90 (LTP=240.90 - 13) window=25min — Grade A R-cluster BREAK-PE at 76712
2026-09-02 04:16:19,206 [INFO] [APEX] open=0 trades=0 realized=+0.0pt/Rs+0 unreal=+0.0pt/Rs+0
2026-09-02 04:16:19,206 [INFO] [T5] open=0 trades=0 realized=+0.0pt/Rs+0 unreal=+0.0pt/Rs+0
2026-09-02 04:16:19,207 [INFO] [INDICATORS] spot=76341.4 | 1h: close=76944.3 sma20=76987.4 sma50=77233.6 rsi=47.0 macd=-106.76/-106.03(bear) | 15m: K=24.4↓(prev 25.7) | regime=PE-eligible any_active=False
2026-09-02 04:16:19,208 [INFO] [SIGNAL] CE: reg=False K=False(K=24.4>=38,rising) Kextr=True RSI=False(47.0>53) MACD=False(gate off) => BLOCK | PE: reg=True K=False(K=24.4<=80,falling) Kextr=False RSI=True(47.0<47) MACD=True(gate off) => BLOCK
2026-09-02 04:16:21,606 [INFO] [periodic] Logs pushed to GitHub: Sensex_FlightRecorder_V2_5_20-SENSEX_20260902_092549.log, Sensex_BarLevel_V2_5_20-SENSEX_20260902_092549.csv
2026-09-02 04:20:53,885 [INFO] [V3PROBE] FILLED PE BFO:SENSEX2690376300PE @ 227.90 (LTP touched 224.30)
2026-09-02 04:20:53,933 [INFO] ENTRY: BFO:SENSEX2690376300PE @ 227.90  engine=V3  detail=Grade A R-cluster BREAK-PE at 76712
2026-09-02 04:21:25,032 [INFO] [APEX] open=0 trades=0 realized=+0.0pt/Rs+0 unreal=+0.0pt/Rs+0
2026-09-02 04:21:25,033 [INFO] [T5] open=0 trades=0 realized=+0.0pt/Rs+0 unreal=+0.0pt/Rs+0
2026-09-02 04:21:25,033 [INFO] [INDICATORS] spot=76320.7 | 1h: close=76944.3 sma20=76987.4 sma50=77233.6 rsi=47.0 macd=-106.76/-106.03(bear) | 15m: K=24.4↓(prev 25.7) | regime=PE-eligible any_active=True
2026-09-02 04:21:25,033 [INFO] [SIGNAL] CE: reg=False K=False(K=24.4>=38,rising) Kextr=True RSI=False(47.0>53) MACD=False(gate off) => BLOCK | PE: reg=True K=False(K=24.4<=80,falling) Kextr=False RSI=True(47.0<47) MACD=True(gate off) => BLOCK
2026-09-02 04:21:25,033 [INFO] [STATE][BASE] PE BFO:SENSEX2690376300PE ltp=228.15 entry=227.90 pnl=+0.25(+0.1%) sl=186.88 peak=228.15 tr_armed=False elapsed=0min
2026-09-02 04:21:27,394 [INFO] [periodic] Logs pushed to GitHub: Sensex_FlightRecorder_V2_5_20-SENSEX_20260902_092549.log, Sensex_BarLevel_V2_5_20-SENSEX_20260902_092549.csv
2026-09-02 04:26:30,036 [INFO] [APEX] open=0 trades=0 realized=+0.0pt/Rs+0 unreal=+0.0pt/Rs+0
2026-09-02 04:26:30,077 [INFO] [T5] open=0 trades=0 realized=+0.0pt/Rs+0 unreal=+0.0pt/Rs+0
2026-09-02 04:26:30,078 [INFO] [INDICATORS] spot=76303.4 | 1h: close=76944.3 sma20=76987.4 sma50=77233.6 rsi=47.0 macd=-106.76/-106.03(bear) | 15m: K=24.4↓(prev 25.7) | regime=PE-eligible any_active=True
2026-09-02 04:26:30,078 [INFO] [SIGNAL] CE: reg=False K=False(K=24.4>=38,rising) Kextr=True RSI=False(47.0>53) MACD=False(gate off) => BLOCK | PE: reg=True K=False(K=24.4<=80,falling) Kextr=False RSI=True(47.0<47) MACD=True(gate off) => BLOCK
2026-09-02 04:26:30,078 [INFO] [STATE][BASE] PE BFO:SENSEX2690376300PE ltp=235.65 entry=227.90 pnl=+7.75(+3.4%) sl=186.88 peak=250.90 tr_armed=False elapsed=5min
2026-09-02 04:26:33,341 [INFO] [periodic] Logs pushed to GitHub: Sensex_FlightRecorder_V2_5_20-SENSEX_20260902_092549.log, Sensex_BarLevel_V2_5_20-SENSEX_20260902_092549.csv
2026-09-02 04:31:36,146 [INFO] [APEX] open=0 trades=0 realized=+0.0pt/Rs+0 unreal=+0.0pt/Rs+0
2026-09-02 04:31:36,191 [INFO] [T5] open=0 trades=0 realized=+0.0pt/Rs+0 unreal=+0.0pt/Rs+0
2026-09-02 04:31:36,192 [INFO] [INDICATORS] spot=76364.5 | 1h: close=76944.3 sma20=76987.4 sma50=77233.6 rsi=47.0 macd=-106.76/-106.03(bear) | 15m: K=11.0↓(prev 24.4) | regime=PE-eligible any_active=True
2026-09-02 04:31:36,192 [INFO] [SIGNAL] CE: reg=False K=False(K=11.0>=38,rising) Kextr=True RSI=False(47.0>53) MACD=False(gate off) => BLOCK | PE: reg=True K=False(K=11.0<=80,falling) Kextr=False RSI=True(47.0<47) MACD=True(gate off) => BLOCK
2026-09-02 04:31:36,192 [INFO] [STATE][BASE] PE BFO:SENSEX2690376300PE ltp=216.15 entry=227.90 pnl=-11.75(-5.2%) sl=186.88 peak=250.90 tr_armed=False elapsed=10min
2026-09-02 04:31:38,834 [INFO] [periodic] Logs pushed to GitHub: Sensex_FlightRecorder_V2_5_20-SENSEX_20260902_092549.log, Sensex_BarLevel_V2_5_20-SENSEX_20260902_092549.csv
2026-09-02 04:36:41,884 [INFO] [APEX] open=0 trades=0 realized=+0.0pt/Rs+0 unreal=+0.0pt/Rs+0
2026-09-02 04:36:41,942 [INFO] [T5] open=0 trades=0 realized=+0.0pt/Rs+0 unreal=+0.0pt/Rs+0
2026-09-02 04:36:41,943 [INFO] [INDICATORS] spot=76374.8 | 1h: close=76944.3 sma20=76987.4 sma50=77233.6 rsi=47.0 macd=-106.76/-106.03(bear) | 15m: K=11.0↓(prev 24.4) | regime=PE-eligible any_active=True
2026-09-02 04:36:41,943 [INFO] [SIGNAL] CE: reg=False K=False(K=11.0>=38,rising) Kextr=True RSI=False(47.0>53) MACD=False(gate off) => BLOCK | PE: reg=True K=False(K=11.0<=80,falling) Kextr=False RSI=True(47.0<47) MACD=True(gate off) => BLOCK
2026-09-02 04:36:41,943 [INFO] [STATE][BASE] PE BFO:SENSEX2690376300PE ltp=219.90 entry=227.90 pnl=-8.00(-3.5%) sl=186.88 peak=250.90 tr_armed=False elapsed=15min
2026-09-02 04:36:45,345 [INFO] [periodic] Logs pushed to GitHub: Sensex_FlightRecorder_V2_5_20-SENSEX_20260902_092549.log, Sensex_BarLevel_V2_5_20-SENSEX_20260902_092549.csv
2026-09-02 04:41:48,438 [INFO] [APEX] open=0 trades=0 realized=+0.0pt/Rs+0 unreal=+0.0pt/Rs+0
2026-09-02 04:41:48,439 [INFO] [T5] open=0 trades=0 realized=+0.0pt/Rs+0 unreal=+0.0pt/Rs+0
2026-09-02 04:41:48,440 [INFO] [INDICATORS] spot=76356.0 | 1h: close=76944.3 sma20=76987.4 sma50=77233.6 rsi=47.0 macd=-106.76/-106.03(bear) | 15m: K=11.0↓(prev 24.4) | regime=PE-eligible any_active=True
2026-09-02 04:41:48,440 [INFO] [SIGNAL] CE: reg=False K=False(K=11.0>=38,rising) Kextr=True RSI=False(47.0>53) MACD=False(gate off) => BLOCK | PE: reg=True K=False(K=11.0<=80,falling) Kextr=False RSI=True(47.0<47) MACD=True(gate off) => BLOCK
2026-09-02 04:41:48,440 [INFO] [STATE][BASE] PE BFO:SENSEX2690376300PE ltp=228.45 entry=227.90 pnl=+0.55(+0.2%) sl=186.88 peak=250.90 tr_armed=False elapsed=20min
2026-09-02 04:41:51,588 [INFO] [periodic] Logs pushed to GitHub: Sensex_FlightRecorder_V2_5_20-SENSEX_20260902_092549.log, Sensex_BarLevel_V2_5_20-SENSEX_20260902_092549.csv
2026-09-02 04:46:54,431 [INFO] [APEX] open=0 trades=0 realized=+0.0pt/Rs+0 unreal=+0.0pt/Rs+0
2026-09-02 04:46:54,479 [INFO] [T5] open=0 trades=0 realized=+0.0pt/Rs+0 unreal=+0.0pt/Rs+0
2026-09-02 04:46:54,479 [INFO] [INDICATORS] spot=76356.4 | 1h: close=76344.7 sma20=76942.1 sma50=77209.6 rsi=34.9 macd=-146.03/-114.03(bear) | 15m: K=18.0↑(prev 11.0) | regime=PE-eligible any_active=True
2026-09-02 04:46:54,479 [INFO] [SIGNAL] CE: reg=False K=False(K=18.0>=38,rising) Kextr=True RSI=False(34.9>53) MACD=False(gate off) => BLOCK | PE: reg=True K=False(K=18.0<=80,falling) Kextr=False RSI=True(34.9<47) MACD=True(gate off) => BLOCK
2026-09-02 04:46:54,479 [INFO] [STATE][BASE] PE BFO:SENSEX2690376300PE ltp=214.00 entry=227.90 pnl=-13.90(-6.1%) sl=186.88 peak=250.90 tr_armed=False elapsed=26min
2026-09-02 04:46:56,882 [INFO] [periodic] Logs pushed to GitHub: Sensex_FlightRecorder_V2_5_20-SENSEX_20260902_092549.log, Sensex_BarLevel_V2_5_20-SENSEX_20260902_092549.csv
2026-09-02 04:50:29,143 [INFO] [CB] V3 loss (own count 1) — TOTAL across all engines=1/4 (reason=V3_FAST_STOP)
2026-09-02 04:50:29,144 [INFO] EXIT: BFO:SENSEX2690376300PE @ 201.90 reason=V3_FAST_STOP pnl/sh=-26.00 is_flip=False losses=1/4
2026-09-02 04:52:00,940 [INFO] [APEX] open=0 trades=0 realized=+0.0pt/Rs+0 unreal=+0.0pt/Rs+0
2026-09-02 04:52:00,940 [INFO] [T5] open=0 trades=0 realized=+0.0pt/Rs+0 unreal=+0.0pt/Rs+0
2026-09-02 04:52:00,941 [INFO] [INDICATORS] spot=76418.0 | 1h: close=76344.7 sma20=76942.1 sma50=77209.6 rsi=34.9 macd=-146.03/-114.03(bear) | 15m: K=18.0↑(prev 11.0) | regime=PE-eligible any_active=False
2026-09-02 04:52:00,941 [INFO] [SIGNAL] CE: reg=False K=False(K=18.0>=38,rising) Kextr=True RSI=False(34.9>53) MACD=False(gate off) => BLOCK | PE: reg=True K=False(K=18.0<=80,falling) Kextr=False RSI=True(34.9<47) MACD=True(gate off) => BLOCK
2026-09-02 04:52:03,604 [INFO] [periodic] Logs pushed to GitHub: Sensex_FlightRecorder_V2_5_20-SENSEX_20260902_092549.log, Sensex_BarLevel_V2_5_20-SENSEX_20260902_092549.csv
2026-09-02 04:57:06,117 [INFO] [APEX] open=0 trades=0 realized=+0.0pt/Rs+0 unreal=+0.0pt/Rs+0
2026-09-02 04:57:06,118 [INFO] [T5] open=0 trades=0 realized=+0.0pt/Rs+0 unreal=+0.0pt/Rs+0
2026-09-02 04:57:06,118 [INFO] [INDICATORS] spot=76455.3 | 1h: close=76344.7 sma20=76942.1 sma50=77209.6 rsi=34.9 macd=-146.03/-114.03(bear) | 15m: K=18.0↑(prev 11.0) | regime=PE-eligible any_active=False
2026-09-02 04:57:06,119 [INFO] [SIGNAL] CE: reg=False K=False(K=18.0>=38,rising) Kextr=True RSI=False(34.9>53) MACD=False(gate off) => BLOCK | PE: reg=True K=False(K=18.0<=80,falling) Kextr=False RSI=True(34.9<47) MACD=True(gate off) => BLOCK
2026-09-02 04:57:09,301 [INFO] [periodic] Logs pushed to GitHub: Sensex_FlightRecorder_V2_5_20-SENSEX_20260902_092549.log, Sensex_BarLevel_V2_5_20-SENSEX_20260902_092549.csv
2026-09-02 05:00:10,611 [INFO] [CHOPGATE] Clear to trade — ER=1.00 crosses=0 range=395pt
2026-09-02 05:02:11,752 [INFO] [APEX] open=0 trades=0 realized=+0.0pt/Rs+0 unreal=+0.0pt/Rs+0
2026-09-02 05:02:11,831 [INFO] [T5] open=0 trades=0 realized=+0.0pt/Rs+0 unreal=+0.0pt/Rs+0
2026-09-02 05:02:11,832 [INFO] [INDICATORS] spot=76506.9 | 1h: close=76344.7 sma20=76942.1 sma50=77209.6 rsi=34.9 macd=-146.03/-114.03(bear) | 15m: K=30.4↑(prev 18.0) | regime=PE-eligible any_active=False
2026-09-02 05:02:11,832 [INFO] [SIGNAL] CE: reg=False K=False(K=30.4>=38,rising) Kextr=True RSI=False(34.9>53) MACD=False(gate off) => BLOCK | PE: reg=True K=False(K=30.4<=80,falling) Kextr=False RSI=True(34.9<47) MACD=True(gate off) => BLOCK
2026-09-02 05:02:14,249 [INFO] [periodic] Logs pushed to GitHub: Sensex_FlightRecorder_V2_5_20-SENSEX_20260902_092549.log, Sensex_BarLevel_V2_5_20-SENSEX_20260902_092549.csv
2026-09-02 05:07:18,059 [INFO] [APEX] open=0 trades=0 realized=+0.0pt/Rs+0 unreal=+0.0pt/Rs+0
2026-09-02 05:07:18,060 [INFO] [T5] open=0 trades=0 realized=+0.0pt/Rs+0 unreal=+0.0pt/Rs+0
2026-09-02 05:07:18,061 [INFO] [INDICATORS] spot=76457.5 | 1h: close=76344.7 sma20=76942.1 sma50=77209.6 rsi=34.9 macd=-146.03/-114.03(bear) | 15m: K=30.4↑(prev 18.0) | regime=PE-eligible any_active=False
2026-09-02 05:07:18,061 [INFO] [SIGNAL] CE: reg=False K=False(K=30.4>=38,rising) Kextr=True RSI=False(34.9>53) MACD=False(gate off) => BLOCK | PE: reg=True K=False(K=30.4<=80,falling) Kextr=False RSI=True(34.9<47) MACD=True(gate off) => BLOCK
2026-09-02 05:07:20,567 [INFO] [periodic] Logs pushed to GitHub: Sensex_FlightRecorder_V2_5_20-SENSEX_20260902_092549.log, Sensex_BarLevel_V2_5_20-SENSEX_20260902_092549.csv
2026-09-02 05:12:24,320 [INFO] [APEX] open=0 trades=0 realized=+0.0pt/Rs+0 unreal=+0.0pt/Rs+0
2026-09-02 05:12:24,321 [INFO] [T5] open=0 trades=0 realized=+0.0pt/Rs+0 unreal=+0.0pt/Rs+0
2026-09-02 05:12:24,321 [INFO] [INDICATORS] spot=76416.6 | 1h: close=76344.7 sma20=76942.1 sma50=77209.6 rsi=34.9 macd=-146.03/-114.03(bear) | 15m: K=30.4↑(prev 18.0) | regime=PE-eligible any_active=False
2026-09-02 05:12:24,321 [INFO] [SIGNAL] CE: reg=False K=False(K=30.4>=38,rising) Kextr=True RSI=False(34.9>53) MACD=False(gate off) => BLOCK | PE: reg=True K=False(K=30.4<=80,falling) Kextr=False RSI=True(34.9<47) MACD=True(gate off) => BLOCK
2026-09-02 05:12:27,628 [INFO] [periodic] Logs pushed to GitHub: Sensex_FlightRecorder_V2_5_20-SENSEX_20260902_092549.log, Sensex_BarLevel_V2_5_20-SENSEX_20260902_092549.csv
2026-09-02 05:17:31,807 [INFO] [APEX] open=0 trades=0 realized=+0.0pt/Rs+0 unreal=+0.0pt/Rs+0
2026-09-02 05:17:31,879 [INFO] [T5] open=0 trades=0 realized=+0.0pt/Rs+0 unreal=+0.0pt/Rs+0
2026-09-02 05:17:31,880 [INFO] [INDICATORS] spot=76389.4 | 1h: close=76344.7 sma20=76942.1 sma50=77209.6 rsi=34.9 macd=-146.03/-114.03(bear) | 15m: K=36.3↑(prev 30.4) | regime=PE-eligible any_active=False
2026-09-02 05:17:31,880 [INFO] [SIGNAL] CE: reg=False K=False(K=36.3>=38,rising) Kextr=True RSI=False(34.9>53) MACD=False(gate off) => BLOCK | PE: reg=True K=False(K=36.3<=80,falling) Kextr=False RSI=True(34.9<47) MACD=True(gate off) => BLOCK
2026-09-02 05:17:34,267 [INFO] [periodic] Logs pushed to GitHub: Sensex_FlightRecorder_V2_5_20-SENSEX_20260902_092549.log, Sensex_BarLevel_V2_5_20-SENSEX_20260902_092549.csv
2026-09-02 05:22:37,987 [INFO] [APEX] open=0 trades=0 realized=+0.0pt/Rs+0 unreal=+0.0pt/Rs+0
2026-09-02 05:22:37,988 [INFO] [T5] open=0 trades=0 realized=+0.0pt/Rs+0 unreal=+0.0pt/Rs+0
2026-09-02 05:22:37,988 [INFO] [INDICATORS] spot=76423.6 | 1h: close=76344.7 sma20=76942.1 sma50=77209.6 rsi=34.9 macd=-146.03/-114.03(bear) | 15m: K=36.3↑(prev 30.4) | regime=PE-eligible any_active=False
2026-09-02 05:22:37,988 [INFO] [SIGNAL] CE: reg=False K=False(K=36.3>=38,rising) Kextr=True RSI=False(34.9>53) MACD=False(gate off) => BLOCK | PE: reg=True K=False(K=36.3<=80,falling) Kextr=False RSI=True(34.9<47) MACD=True(gate off) => BLOCK
2026-09-02 05:22:41,758 [INFO] [periodic] Logs pushed to GitHub: Sensex_FlightRecorder_V2_5_20-SENSEX_20260902_092549.log, Sensex_BarLevel_V2_5_20-SENSEX_20260902_092549.csv
2026-09-02 05:27:45,867 [INFO] [APEX] open=0 trades=0 realized=+0.0pt/Rs+0 unreal=+0.0pt/Rs+0
2026-09-02 05:27:45,867 [INFO] [T5] open=0 trades=0 realized=+0.0pt/Rs+0 unreal=+0.0pt/Rs+0
2026-09-02 05:27:45,869 [INFO] [INDICATORS] spot=76415.5 | 1h: close=76344.7 sma20=76942.1 sma50=77209.6 rsi=34.9 macd=-146.03/-114.03(bear) | 15m: K=36.3↑(prev 30.4) | regime=PE-eligible any_active=False
2026-09-02 05:27:45,869 [INFO] [SIGNAL] CE: reg=False K=False(K=36.3>=38,rising) Kextr=True RSI=False(34.9>53) MACD=False(gate off) => BLOCK | PE: reg=True K=False(K=36.3<=80,falling) Kextr=False RSI=True(34.9<47) MACD=True(gate off) => BLOCK
2026-09-02 05:27:49,145 [INFO] [periodic] Logs pushed to GitHub: Sensex_FlightRecorder_V2_5_20-SENSEX_20260902_092549.log, Sensex_BarLevel_V2_5_20-SENSEX_20260902_092549.csv
2026-09-02 05:31:21,787 [INFO] [VETO] FLIP CE BLOCKED — CE into a DOWNtrend: spot 76402.4 is -447.3 below FUT VWAP 76849.7 (buffer 16)
2026-09-02 05:31:52,940 [INFO] [VETO] FLIP CE BLOCKED — CE into a DOWNtrend: spot 76402.4 is -447.5 below FUT VWAP 76849.9 (buffer 16)
2026-09-02 05:32:23,389 [INFO] [VETO] FLIP CE BLOCKED — CE into a DOWNtrend: spot 76384.4 is -465.4 below FUT VWAP 76849.9 (buffer 16)
2026-09-02 05:32:53,721 [INFO] [VETO] FLIP CE BLOCKED — CE into a DOWNtrend: spot 76384.4 is -465.4 below FUT VWAP 76849.9 (buffer 16)
2026-09-02 05:32:53,755 [INFO] [APEX] open=0 trades=0 realized=+0.0pt/Rs+0 unreal=+0.0pt/Rs+0
2026-09-02 05:32:53,755 [INFO] [T5] open=0 trades=0 realized=+0.0pt/Rs+0 unreal=+0.0pt/Rs+0
2026-09-02 05:32:53,755 [INFO] [INDICATORS] spot=76384.4 | 1h: close=76344.7 sma20=76942.1 sma50=77209.6 rsi=34.9 macd=-146.03/-114.03(bear) | 15m: K=42.0↑(prev 36.3) | regime=PE-eligible any_active=False
2026-09-02 05:32:53,755 [INFO] [SIGNAL] CE: reg=False K=True(K=42.0>=38,rising) Kextr=True RSI=False(34.9>53) MACD=False(gate off) => BLOCK | PE: reg=True K=False(K=42.0<=80,falling) Kextr=False RSI=True(34.9<47) MACD=True(gate off) => BLOCK
2026-09-02 05:32:56,214 [INFO] [periodic] Logs pushed to GitHub: Sensex_FlightRecorder_V2_5_20-SENSEX_20260902_092549.log, Sensex_BarLevel_V2_5_20-SENSEX_20260902_092549.csv
2026-09-02 05:33:26,506 [INFO] [VETO] FLIP CE BLOCKED — CE into a DOWNtrend: spot 76366.9 is -482.9 below FUT VWAP 76849.9 (buffer 16)
2026-09-02 05:33:56,912 [INFO] [VETO] FLIP CE BLOCKED — CE into a DOWNtrend: spot 76366.9 is -482.9 below FUT VWAP 76849.9 (buffer 16)
2026-09-02 05:34:27,476 [INFO] [VETO] FLIP CE BLOCKED — CE into a DOWNtrend: spot 76344.6 is -505.2 below FUT VWAP 76849.9 (buffer 16)
2026-09-02 05:34:58,155 [INFO] [VETO] FLIP CE BLOCKED — CE into a DOWNtrend: spot 76344.6 is -505.3 below FUT VWAP 76849.9 (buffer 16)
2026-09-02 05:35:28,656 [INFO] [VETO] FLIP CE BLOCKED — CE into a DOWNtrend: spot 76330.3 is -519.6 below FUT VWAP 76849.9 (buffer 16)
2026-09-02 05:35:59,096 [INFO] [VETO] FLIP CE BLOCKED — CE into a DOWNtrend: spot 76330.3 is -519.6 below FUT VWAP 76849.9 (buffer 16)
2026-09-02 05:36:29,517 [INFO] [VETO] FLIP CE BLOCKED — CE into a DOWNtrend: spot 76312.0 is -537.9 below FUT VWAP 76849.9 (buffer 16)
2026-09-02 05:36:59,979 [INFO] [VETO] FLIP CE BLOCKED — CE into a DOWNtrend: spot 76312.0 is -537.9 below FUT VWAP 76849.9 (buffer 16)
2026-09-02 05:37:30,525 [INFO] [VETO] FLIP CE BLOCKED — CE into a DOWNtrend: spot 76306.6 is -543.0 below FUT VWAP 76849.6 (buffer 16)
2026-09-02 05:38:01,006 [INFO] [VETO] FLIP CE BLOCKED — CE into a DOWNtrend: spot 76306.6 is -543.0 below FUT VWAP 76849.6 (buffer 16)
2026-09-02 05:38:01,116 [INFO] [APEX] open=0 trades=0 realized=+0.0pt/Rs+0 unreal=+0.0pt/Rs+0
2026-09-02 05:38:01,185 [INFO] [T5] open=0 trades=0 realized=+0.0pt/Rs+0 unreal=+0.0pt/Rs+0
2026-09-02 05:38:01,186 [INFO] [INDICATORS] spot=76306.6 | 1h: close=76344.7 sma20=76942.1 sma50=77209.6 rsi=34.9 macd=-146.03/-114.03(bear) | 15m: K=42.0↑(prev 36.3) | regime=PE-eligible any_active=False
2026-09-02 05:38:01,186 [INFO] [SIGNAL] CE: reg=False K=True(K=42.0>=38,rising) Kextr=True RSI=False(34.9>53) MACD=False(gate off) => BLOCK | PE: reg=True K=False(K=42.0<=80,falling) Kextr=False RSI=True(34.9<47) MACD=True(gate off) => BLOCK
2026-09-02 05:38:04,087 [INFO] [periodic] Logs pushed to GitHub: Sensex_FlightRecorder_V2_5_20-SENSEX_20260902_092549.log, Sensex_BarLevel_V2_5_20-SENSEX_20260902_092549.csv
2026-09-02 05:38:34,423 [INFO] [VETO] FLIP CE BLOCKED — CE into a DOWNtrend: spot 76331.1 is -518.8 below FUT VWAP 76849.9 (buffer 16)
2026-09-02 05:39:04,758 [INFO] [VETO] FLIP CE BLOCKED — CE into a DOWNtrend: spot 76331.1 is -518.8 below FUT VWAP 76849.9 (buffer 16)
2026-09-02 05:39:35,067 [INFO] [VETO] FLIP CE BLOCKED — CE into a DOWNtrend: spot 76325.9 is -524.0 below FUT VWAP 76849.9 (buffer 16)
2026-09-02 05:40:05,356 [INFO] [VETO] FLIP CE BLOCKED — CE into a DOWNtrend: spot 76325.9 is -524.0 below FUT VWAP 76849.9 (buffer 16)
2026-09-02 05:40:35,649 [INFO] [VETO] FLIP CE BLOCKED — CE into a DOWNtrend: spot 76311.2 is -538.7 below FUT VWAP 76849.9 (buffer 16)
2026-09-02 05:41:06,020 [INFO] [VETO] FLIP CE BLOCKED — CE into a DOWNtrend: spot 76311.2 is -538.7 below FUT VWAP 76849.9 (buffer 16)
2026-09-02 05:41:36,395 [INFO] [VETO] FLIP CE BLOCKED — CE into a DOWNtrend: spot 76309.1 is -540.8 below FUT VWAP 76849.9 (buffer 16)
2026-09-02 05:42:06,799 [INFO] [VETO] FLIP CE BLOCKED — CE into a DOWNtrend: spot 76309.1 is -540.8 below FUT VWAP 76849.9 (buffer 16)
2026-09-02 05:42:37,206 [INFO] [VETO] FLIP CE BLOCKED — CE into a DOWNtrend: spot 76311.6 is -538.3 below FUT VWAP 76849.9 (buffer 16)
2026-09-02 05:43:07,595 [INFO] [VETO] FLIP CE BLOCKED — CE into a DOWNtrend: spot 76311.6 is -538.3 below FUT VWAP 76849.9 (buffer 16)
2026-09-02 05:43:07,633 [INFO] [APEX] open=0 trades=0 realized=+0.0pt/Rs+0 unreal=+0.0pt/Rs+0
2026-09-02 05:43:07,705 [INFO] [T5] open=0 trades=0 realized=+0.0pt/Rs+0 unreal=+0.0pt/Rs+0
2026-09-02 05:43:07,706 [INFO] [INDICATORS] spot=76311.6 | 1h: close=76344.7 sma20=76942.1 sma50=77209.6 rsi=34.9 macd=-146.03/-114.03(bear) | 15m: K=42.0↑(prev 36.3) | regime=PE-eligible any_active=False
2026-09-02 05:43:07,706 [INFO] [SIGNAL] CE: reg=False K=True(K=42.0>=38,rising) Kextr=True RSI=False(34.9>53) MACD=False(gate off) => BLOCK | PE: reg=True K=False(K=42.0<=80,falling) Kextr=False RSI=True(34.9<47) MACD=True(gate off) => BLOCK
2026-09-02 05:43:11,095 [INFO] [periodic] Logs pushed to GitHub: Sensex_FlightRecorder_V2_5_20-SENSEX_20260902_092549.log, Sensex_BarLevel_V2_5_20-SENSEX_20260902_092549.csv
2026-09-02 05:43:41,367 [INFO] [VETO] FLIP CE BLOCKED — CE into a DOWNtrend: spot 76315.4 is -534.5 below FUT VWAP 76849.9 (buffer 16)
2026-09-02 05:44:11,658 [INFO] [VETO] FLIP CE BLOCKED — CE into a DOWNtrend: spot 76315.4 is -534.4 below FUT VWAP 76849.8 (buffer 16)
2026-09-02 05:44:41,946 [INFO] [VETO] FLIP CE BLOCKED — CE into a DOWNtrend: spot 76312.6 is -537.2 below FUT VWAP 76849.8 (buffer 16)
2026-09-02 05:45:12,304 [INFO] [VETO] FLIP CE BLOCKED — CE into a DOWNtrend: spot 76312.6 is -537.2 below FUT VWAP 76849.8 (buffer 16)
2026-09-02 05:45:42,613 [INFO] [VETO] FLIP CE BLOCKED — CE into a DOWNtrend: spot 76309.2 is -540.6 below FUT VWAP 76849.8 (buffer 16)
2026-09-02 05:46:13,002 [INFO] [VETO] FLIP CE BLOCKED — CE into a DOWNtrend: spot 76309.2 is -540.6 below FUT VWAP 76849.8 (buffer 16)
2026-09-02 05:46:13,005 [INFO] [VWAP] Climax skip — body=96% >= 87%
2026-09-02 05:46:43,396 [INFO] [V3PROBE] PLACED PE BFO:SENSEX2690376300PE limit=224.10 (LTP=237.10 - 13) window=25min — Grade B R-cluster BREAK-PE at 76340
2026-09-02 05:46:44,172 [INFO] [VWAP] Climax skip — body=96% >= 87%
2026-09-02 05:47:14,503 [INFO] [VWAP] Climax skip — body=96% >= 87%
2026-09-02 05:47:44,817 [INFO] [VWAP] Climax skip — body=96% >= 87%
2026-09-02 05:48:15,215 [INFO] [VWAP] Climax skip — body=96% >= 87%
2026-09-02 05:48:15,248 [INFO] [APEX] open=0 trades=0 realized=+0.0pt/Rs+0 unreal=+0.0pt/Rs+0
2026-09-02 05:48:15,310 [INFO] [T5] open=0 trades=0 realized=+0.0pt/Rs+0 unreal=+0.0pt/Rs+0
2026-09-02 05:48:15,311 [INFO] [INDICATORS] spot=76302.5 | 1h: close=76309.2 sma20=76906.2 sma50=77183.2 rsi=34.3 macd=-177.97/-126.81(bear) | 15m: K=34.9↓(prev 42.0) | regime=PE-eligible any_active=False
2026-09-02 05:48:15,311 [INFO] [SIGNAL] CE: reg=False K=False(K=34.9>=38,rising) Kextr=False RSI=False(34.3>53) MACD=False(gate off) => BLOCK | PE: reg=True K=True(K=34.9<=80,falling) Kextr=False RSI=True(34.3<47) MACD=True(gate off) => BLOCK
2026-09-02 05:48:17,760 [INFO] [periodic] Logs pushed to GitHub: Sensex_FlightRecorder_V2_5_20-SENSEX_20260902_092549.log, Sensex_BarLevel_V2_5_20-SENSEX_20260902_092549.csv
2026-09-02 05:48:48,073 [INFO] [VWAP] Climax skip — body=96% >= 87%
2026-09-02 05:49:18,583 [INFO] [VWAP] Climax skip — body=96% >= 87%
2026-09-02 05:49:48,968 [INFO] [VWAP] Climax skip — body=96% >= 87%
2026-09-02 05:50:19,304 [INFO] [VWAP] Climax skip — body=96% >= 87%
2026-09-02 05:50:49,670 [INFO] [VWAP] Climax skip — body=96% >= 87%
2026-09-02 05:51:20,012 [INFO] [VWAP] Climax skip — body=96% >= 87%
2026-09-02 05:51:50,366 [INFO] [VWAP] Climax skip — body=96% >= 87%
2026-09-02 05:52:20,729 [INFO] [VWAP] Climax skip — body=96% >= 87%
2026-09-02 05:52:51,094 [INFO] [VWAP] Climax skip — body=96% >= 87%
2026-09-02 05:53:21,550 [INFO] [VWAP] Climax skip — body=96% >= 87%
2026-09-02 05:53:21,588 [INFO] [APEX] open=0 trades=0 realized=+0.0pt/Rs+0 unreal=+0.0pt/Rs+0
2026-09-02 05:53:21,659 [INFO] [T5] open=0 trades=0 realized=+0.0pt/Rs+0 unreal=+0.0pt/Rs+0
2026-09-02 05:53:21,660 [INFO] [INDICATORS] spot=76309.7 | 1h: close=76309.2 sma20=76906.2 sma50=77183.2 rsi=34.3 macd=-177.97/-126.81(bear) | 15m: K=34.9↓(prev 42.0) | regime=PE-eligible any_active=False
2026-09-02 05:53:21,660 [INFO] [SIGNAL] CE: reg=False K=False(K=34.9>=38,rising) Kextr=False RSI=False(34.3>53) MACD=False(gate off) => BLOCK | PE: reg=True K=True(K=34.9<=80,falling) Kextr=False RSI=True(34.3<47) MACD=True(gate off) => BLOCK
2026-09-02 05:53:24,402 [INFO] [periodic] Logs pushed to GitHub: Sensex_FlightRecorder_V2_5_20-SENSEX_20260902_092549.log, Sensex_BarLevel_V2_5_20-SENSEX_20260902_092549.csv
2026-09-02 05:53:54,726 [INFO] [VWAP] Climax skip — body=96% >= 87%
2026-09-02 05:54:25,119 [INFO] [VWAP] Climax skip — body=96% >= 87%
2026-09-02 05:54:55,513 [INFO] [VWAP] Climax skip — body=96% >= 87%
2026-09-02 05:55:26,004 [INFO] [VWAP] Climax skip — body=96% >= 87%
2026-09-02 05:55:56,419 [INFO] [VWAP] Climax skip — body=96% >= 87%
2026-09-02 05:56:26,842 [INFO] [VWAP] Climax skip — body=96% >= 87%
2026-09-02 05:56:26,844 [INFO] [FUT5VWAP] Signal — 76856>76850 body=67% side=CE (fixed +40pt target)
2026-09-02 05:56:26,845 [INFO] [VETO] FUT5VWAP CE BLOCKED — CE into a DOWNtrend: spot 76287.3 is -562.4 below FUT VWAP 76849.7 (buffer 16)
2026-09-02 05:56:58,387 [INFO] [VWAP] Climax skip — body=96% >= 87%
2026-09-02 05:57:28,739 [INFO] [VWAP] Climax skip — body=96% >= 87%
2026-09-02 05:57:59,069 [INFO] [VWAP] Climax skip — body=96% >= 87%
2026-09-02 05:58:29,503 [INFO] [VWAP] Climax skip — body=96% >= 87%
2026-09-02 05:58:29,544 [INFO] [APEX] open=0 trades=0 realized=+0.0pt/Rs+0 unreal=+0.0pt/Rs+0
2026-09-02 05:58:29,544 [INFO] [T5] open=0 trades=0 realized=+0.0pt/Rs+0 unreal=+0.0pt/Rs+0
2026-09-02 05:58:29,544 [INFO] [INDICATORS] spot=76282.7 | 1h: close=76309.2 sma20=76906.2 sma50=77183.2 rsi=34.3 macd=-177.97/-126.81(bear) | 15m: K=34.9↓(prev 42.0) | regime=PE-eligible any_active=False
2026-09-02 05:58:29,545 [INFO] [SIGNAL] CE: reg=False K=False(K=34.9>=38,rising) Kextr=False RSI=False(34.3>53) MACD=False(gate off) => BLOCK | PE: reg=True K=True(K=34.9<=80,falling) Kextr=False RSI=True(34.3<47) MACD=True(gate off) => BLOCK
2026-09-02 05:58:32,906 [INFO] [periodic] Logs pushed to GitHub: Sensex_FlightRecorder_V2_5_20-SENSEX_20260902_092549.log, Sensex_BarLevel_V2_5_20-SENSEX_20260902_092549.csv
2026-09-02 05:59:03,217 [INFO] [VWAP] Climax skip — body=96% >= 87%
2026-09-02 05:59:33,585 [INFO] [VWAP] Climax skip — body=96% >= 87%
2026-09-02 06:00:04,952 [INFO] [VWAP] Climax skip — body=96% >= 87%
2026-09-02 06:00:35,394 [INFO] [VWAP] Climax skip — body=96% >= 87%
2026-09-02 06:01:05,729 [INFO] [VWAP] Climax skip — body=96% >= 87%
2026-09-02 06:03:37,504 [INFO] [APEX] open=0 trades=0 realized=+0.0pt/Rs+0 unreal=+0.0pt/Rs+0
2026-09-02 06:03:37,504 [INFO] [T5] open=0 trades=0 realized=+0.0pt/Rs+0 unreal=+0.0pt/Rs+0
2026-09-02 06:03:37,505 [INFO] [INDICATORS] spot=76272.5 | 1h: close=76309.2 sma20=76906.2 sma50=77183.2 rsi=34.3 macd=-177.97/-126.81(bear) | 15m: K=29.4↓(prev 34.9) | regime=PE-eligible any_active=False
2026-09-02 06:03:37,505 [INFO] [SIGNAL] CE: reg=False K=False(K=29.4>=38,rising) Kextr=False RSI=False(34.3>53) MACD=False(gate off) => BLOCK | PE: reg=True K=True(K=29.4<=80,falling) Kextr=False RSI=True(34.3<47) MACD=True(gate off) => BLOCK
2026-09-02 06:03:39,946 [INFO] [periodic] Logs pushed to GitHub: Sensex_FlightRecorder_V2_5_20-SENSEX_20260902_092549.log, Sensex_BarLevel_V2_5_20-SENSEX_20260902_092549.csv
2026-09-02 06:08:43,714 [INFO] [APEX] open=0 trades=0 realized=+0.0pt/Rs+0 unreal=+0.0pt/Rs+0
2026-09-02 06:08:43,714 [INFO] [T5] open=0 trades=0 realized=+0.0pt/Rs+0 unreal=+0.0pt/Rs+0
2026-09-02 06:08:43,715 [INFO] [INDICATORS] spot=76255.2 | 1h: close=76309.2 sma20=76906.2 sma50=77183.2 rsi=34.3 macd=-177.97/-126.81(bear) | 15m: K=29.4↓(prev 34.9) | regime=PE-eligible any_active=False
2026-09-02 06:08:43,715 [INFO] [SIGNAL] CE: reg=False K=False(K=29.4>=38,rising) Kextr=False RSI=False(34.3>53) MACD=False(gate off) => BLOCK | PE: reg=True K=True(K=29.4<=80,falling) Kextr=False RSI=True(34.3<47) MACD=True(gate off) => BLOCK
2026-09-02 06:08:46,134 [INFO] [periodic] Logs pushed to GitHub: Sensex_FlightRecorder_V2_5_20-SENSEX_20260902_092549.log, Sensex_BarLevel_V2_5_20-SENSEX_20260902_092549.csv
2026-09-02 06:11:48,157 [INFO] [V3PROBE] EXPIRED unfilled PE BFO:SENSEX2690376300PE limit=224.10
2026-09-02 06:13:50,191 [INFO] [APEX] open=0 trades=0 realized=+0.0pt/Rs+0 unreal=+0.0pt/Rs+0
2026-09-02 06:13:50,191 [INFO] [T5] open=0 trades=0 realized=+0.0pt/Rs+0 unreal=+0.0pt/Rs+0
2026-09-02 06:13:50,192 [INFO] [INDICATORS] spot=76259.5 | 1h: close=76309.2 sma20=76906.2 sma50=77183.2 rsi=34.3 macd=-177.97/-126.81(bear) | 15m: K=29.4↓(prev 34.9) | regime=PE-eligible any_active=False
2026-09-02 06:13:50,192 [INFO] [SIGNAL] CE: reg=False K=False(K=29.4>=38,rising) Kextr=False RSI=False(34.3>53) MACD=False(gate off) => BLOCK | PE: reg=True K=True(K=29.4<=80,falling) Kextr=False RSI=True(34.3<47) MACD=True(gate off) => BLOCK
2026-09-02 06:13:53,542 [INFO] [periodic] Logs pushed to GitHub: Sensex_FlightRecorder_V2_5_20-SENSEX_20260902_092549.log, Sensex_BarLevel_V2_5_20-SENSEX_20260902_092549.csv
2026-09-02 06:18:55,992 [INFO] [APEX] open=0 trades=0 realized=+0.0pt/Rs+0 unreal=+0.0pt/Rs+0
2026-09-02 06:18:55,992 [INFO] [T5] open=0 trades=0 realized=+0.0pt/Rs+0 unreal=+0.0pt/Rs+0
2026-09-02 06:18:55,993 [INFO] [INDICATORS] spot=76239.8 | 1h: close=76309.2 sma20=76906.2 sma50=77183.2 rsi=34.3 macd=-177.97/-126.81(bear) | 15m: K=23.5↓(prev 29.4) | regime=PE-eligible any_active=False
2026-09-02 06:18:55,993 [INFO] [SIGNAL] CE: reg=False K=False(K=23.5>=38,rising) Kextr=True RSI=False(34.3>53) MACD=False(gate off) => BLOCK | PE: reg=True K=False(K=23.5<=80,falling) Kextr=False RSI=True(34.3<47) MACD=True(gate off) => BLOCK
2026-09-02 06:18:58,996 [INFO] [periodic] Logs pushed to GitHub: Sensex_FlightRecorder_V2_5_20-SENSEX_20260902_092549.log, Sensex_BarLevel_V2_5_20-SENSEX_20260902_092549.csv
2026-09-02 06:24:01,298 [INFO] [APEX] open=0 trades=0 realized=+0.0pt/Rs+0 unreal=+0.0pt/Rs+0
2026-09-02 06:24:01,299 [INFO] [T5] open=0 trades=0 realized=+0.0pt/Rs+0 unreal=+0.0pt/Rs+0
2026-09-02 06:24:01,299 [INFO] [INDICATORS] spot=76262.3 | 1h: close=76309.2 sma20=76906.2 sma50=77183.2 rsi=34.3 macd=-177.97/-126.81(bear) | 15m: K=23.5↓(prev 29.4) | regime=PE-eligible any_active=False
2026-09-02 06:24:01,300 [INFO] [SIGNAL] CE: reg=False K=False(K=23.5>=38,rising) Kextr=True RSI=False(34.3>53) MACD=False(gate off) => BLOCK | PE: reg=True K=False(K=23.5<=80,falling) Kextr=False RSI=True(34.3<47) MACD=True(gate off) => BLOCK
2026-09-02 06:24:04,070 [INFO] [periodic] Logs pushed to GitHub: Sensex_FlightRecorder_V2_5_20-SENSEX_20260902_092549.log, Sensex_BarLevel_V2_5_20-SENSEX_20260902_092549.csv
2026-09-02 06:29:06,584 [INFO] [APEX] open=0 trades=0 realized=+0.0pt/Rs+0 unreal=+0.0pt/Rs+0
2026-09-02 06:29:06,585 [INFO] [T5] open=0 trades=0 realized=+0.0pt/Rs+0 unreal=+0.0pt/Rs+0
2026-09-02 06:29:06,585 [INFO] [INDICATORS] spot=76254.0 | 1h: close=76309.2 sma20=76906.2 sma50=77183.2 rsi=34.3 macd=-177.97/-126.81(bear) | 15m: K=23.5↓(prev 29.4) | regime=PE-eligible any_active=False
2026-09-02 06:29:06,586 [INFO] [SIGNAL] CE: reg=False K=False(K=23.5>=38,rising) Kextr=True RSI=False(34.3>53) MACD=False(gate off) => BLOCK | PE: reg=True K=False(K=23.5<=80,falling) Kextr=False RSI=True(34.3<47) MACD=True(gate off) => BLOCK
2026-09-02 06:29:10,059 [INFO] [periodic] Logs pushed to GitHub: Sensex_FlightRecorder_V2_5_20-SENSEX_20260902_092549.log, Sensex_BarLevel_V2_5_20-SENSEX_20260902_092549.csv
2026-09-02 06:31:10,971 [INFO] [FUT5VWAP] Signal — 76790<76847 body=75% side=PE (fixed +40pt target)
2026-09-02 06:31:11,032 [INFO] ENTRY: BFO:SENSEX2690376300PE @ 233.20  engine=FUT5VWAP  detail=FUT5 VWAP cross 76790<76847 body=75% pivΔ=133pt | bar=186
2026-09-02 06:34:13,493 [INFO] [APEX] open=0 trades=0 realized=+0.0pt/Rs+0 unreal=+0.0pt/Rs+0
2026-09-02 06:34:13,493 [INFO] [T5] open=0 trades=0 realized=+0.0pt/Rs+0 unreal=+0.0pt/Rs+0
2026-09-02 06:34:13,494 [INFO] [INDICATORS] spot=76251.0 | 1h: close=76309.2 sma20=76906.2 sma50=77183.2 rsi=34.3 macd=-177.97/-126.81(bear) | 15m: K=22.0↓(prev 23.5) | regime=PE-eligible any_active=True
2026-09-02 06:34:13,494 [INFO] [SIGNAL] CE: reg=False K=False(K=22.0>=38,rising) Kextr=True RSI=False(34.3>53) MACD=False(gate off) => BLOCK | PE: reg=True K=False(K=22.0<=80,falling) Kextr=False RSI=True(34.3<47) MACD=True(gate off) => BLOCK
2026-09-02 06:34:13,494 [INFO] [STATE][FUT5VWAP] PE BFO:SENSEX2690376300PE ltp=248.35 entry=233.20 pnl=+15.15(+6.5%) sl=0.00 peak=248.35 tr_armed=False elapsed=3min
2026-09-02 06:34:16,183 [INFO] [periodic] Logs pushed to GitHub: Sensex_FlightRecorder_V2_5_20-SENSEX_20260902_092549.log, Sensex_BarLevel_V2_5_20-SENSEX_20260902_092549.csv
2026-09-02 06:34:46,401 [INFO] EXIT: BFO:SENSEX2690376300PE @ 246.20 reason=FUT5VWAP_LOCK_FLOOR pnl/sh=+13.00 is_flip=False losses=0/4
2026-09-02 06:39:19,383 [INFO] [APEX] open=0 trades=0 realized=+0.0pt/Rs+0 unreal=+0.0pt/Rs+0
2026-09-02 06:39:19,383 [INFO] [T5] open=0 trades=0 realized=+0.0pt/Rs+0 unreal=+0.0pt/Rs+0
2026-09-02 06:39:19,383 [INFO] [INDICATORS] spot=76253.3 | 1h: close=76309.2 sma20=76906.2 sma50=77183.2 rsi=34.3 macd=-177.97/-126.81(bear) | 15m: K=22.0↓(prev 23.5) | regime=PE-eligible any_active=False
2026-09-02 06:39:19,384 [INFO] [SIGNAL] CE: reg=False K=False(K=22.0>=38,rising) Kextr=True RSI=False(34.3>53) MACD=False(gate off) => BLOCK | PE: reg=True K=False(K=22.0<=80,falling) Kextr=False RSI=True(34.3<47) MACD=True(gate off) => BLOCK
2026-09-02 06:39:21,965 [INFO] [periodic] Logs pushed to GitHub: Sensex_FlightRecorder_V2_5_20-SENSEX_20260902_092549.log, Sensex_BarLevel_V2_5_20-SENSEX_20260902_092549.csv
2026-09-02 06:41:22,909 [INFO] [V3PROBE] PLACED CE BFO:SENSEX2690376300CE limit=284.15 (LTP=297.15 - 13) window=25min — EARLY(10m) Grade B R-cluster REJECT-CE at 76240
2026-09-02 06:44:25,218 [INFO] [APEX] open=0 trades=0 realized=+0.0pt/Rs+0 unreal=+0.0pt/Rs+0
2026-09-02 06:44:25,218 [INFO] [T5] open=0 trades=0 realized=+0.0pt/Rs+0 unreal=+0.0pt/Rs+0
2026-09-02 06:44:25,219 [INFO] [INDICATORS] spot=76339.8 | 1h: close=76309.2 sma20=76906.2 sma50=77183.2 rsi=34.3 macd=-177.97/-126.81(bear) | 15m: K=22.0↓(prev 23.5) | regime=PE-eligible any_active=False
2026-09-02 06:44:25,219 [INFO] [SIGNAL] CE: reg=False K=False(K=22.0>=38,rising) Kextr=True RSI=False(34.3>53) MACD=False(gate off) => BLOCK | PE: reg=True K=False(K=22.0<=80,falling) Kextr=False RSI=True(34.3<47) MACD=True(gate off) => BLOCK
2026-09-02 06:44:28,571 [INFO] [periodic] Logs pushed to GitHub: Sensex_FlightRecorder_V2_5_20-SENSEX_20260902_092549.log, Sensex_BarLevel_V2_5_20-SENSEX_20260902_092549.csv
2026-09-02 06:46:29,531 [INFO] [VWAP] Climax skip — body=100% >= 87%
2026-09-02 06:46:59,793 [INFO] [VWAP] Climax skip — body=100% >= 87%
2026-09-02 06:47:30,046 [INFO] [VWAP] Climax skip — body=100% >= 87%
2026-09-02 06:48:00,311 [INFO] [VWAP] Climax skip — body=100% >= 87%
2026-09-02 06:48:30,626 [INFO] [VWAP] Climax skip — body=100% >= 87%
2026-09-02 06:49:00,876 [INFO] [VWAP] Climax skip — body=100% >= 87%
2026-09-02 06:49:31,157 [INFO] [VWAP] Climax skip — body=100% >= 87%
2026-09-02 06:49:31,196 [INFO] [APEX] open=0 trades=0 realized=+0.0pt/Rs+0 unreal=+0.0pt/Rs+0
2026-09-02 06:49:31,196 [INFO] [T5] open=0 trades=0 realized=+0.0pt/Rs+0 unreal=+0.0pt/Rs+0
2026-09-02 06:49:31,197 [INFO] [INDICATORS] spot=76332.6 | 1h: close=76340.3 sma20=76869.8 sma50=77161.8 rsi=35.3 macd=-198.48/-141.15(bear) | 15m: K=28.8↑(prev 22.0) | regime=PE-eligible any_active=False
2026-09-02 06:49:31,197 [INFO] [SIGNAL] CE: reg=False K=False(K=28.8>=38,rising) Kextr=True RSI=False(35.3>53) MACD=False(gate off) => BLOCK | PE: reg=True K=False(K=28.8<=80,falling) Kextr=False RSI=True(35.3<47) MACD=True(gate off) => BLOCK
2026-09-02 06:49:33,784 [INFO] [periodic] Logs pushed to GitHub: Sensex_FlightRecorder_V2_5_20-SENSEX_20260902_092549.log, Sensex_BarLevel_V2_5_20-SENSEX_20260902_092549.csv
2026-09-02 06:50:04,008 [INFO] [VWAP] Climax skip — body=100% >= 87%
2026-09-02 06:50:34,248 [INFO] [VWAP] Climax skip — body=100% >= 87%
2026-09-02 06:51:04,629 [INFO] [V3PROBE] FILLED CE BFO:SENSEX2690376300CE @ 284.15 (LTP touched 278.95)
2026-09-02 06:51:04,632 [INFO] [VETO] V3 CE BLOCKED — CE into a DOWNtrend: spot 76314.4 is -535.5 below FUT VWAP 76849.9 (buffer 16)
2026-09-02 06:51:05,400 [INFO] [VWAP] Climax skip — body=100% >= 87%
2026-09-02 06:51:35,767 [INFO] [VWAP] Climax skip — body=100% >= 87%
2026-09-02 06:52:06,202 [INFO] [VWAP] Climax skip — body=100% >= 87%
2026-09-02 06:52:36,648 [INFO] [VWAP] Climax skip — body=100% >= 87%
2026-09-02 06:53:07,014 [INFO] [VWAP] Climax skip — body=100% >= 87%
2026-09-02 06:53:37,367 [INFO] [VWAP] Climax skip — body=100% >= 87%
2026-09-02 06:54:07,801 [INFO] [VWAP] Climax skip — body=100% >= 87%
2026-09-02 06:54:38,245 [INFO] [VWAP] Climax skip — body=100% >= 87%
2026-09-02 06:54:38,284 [INFO] [APEX] open=0 trades=0 realized=+0.0pt/Rs+0 unreal=+0.0pt/Rs+0
2026-09-02 06:54:38,348 [INFO] [T5] open=0 trades=0 realized=+0.0pt/Rs+0 unreal=+0.0pt/Rs+0
2026-09-02 06:54:38,349 [INFO] [INDICATORS] spot=76291.7 | 1h: close=76340.3 sma20=76869.8 sma50=77161.8 rsi=35.3 macd=-198.48/-141.15(bear) | 15m: K=28.8↑(prev 22.0) | regime=PE-eligible any_active=False
2026-09-02 06:54:38,349 [INFO] [SIGNAL] CE: reg=False K=False(K=28.8>=38,rising) Kextr=True RSI=False(35.3>53) MACD=False(gate off) => BLOCK | PE: reg=True K=False(K=28.8<=80,falling) Kextr=False RSI=True(35.3<47) MACD=True(gate off) => BLOCK
2026-09-02 06:54:40,729 [INFO] [periodic] Logs pushed to GitHub: Sensex_FlightRecorder_V2_5_20-SENSEX_20260902_092549.log, Sensex_BarLevel_V2_5_20-SENSEX_20260902_092549.csv
2026-09-02 06:55:11,047 [INFO] [VWAP] Climax skip — body=100% >= 87%
2026-09-02 06:55:41,513 [INFO] [VWAP] Climax skip — body=100% >= 87%
2026-09-02 06:56:11,906 [INFO] [VWAP] Climax skip — body=100% >= 87%
2026-09-02 06:56:42,325 [INFO] [VWAP] Climax skip — body=100% >= 87%
2026-09-02 06:57:12,736 [INFO] [VWAP] Climax skip — body=100% >= 87%
2026-09-02 06:57:43,139 [INFO] [VWAP] Climax skip — body=100% >= 87%
2026-09-02 06:58:13,534 [INFO] [VWAP] Climax skip — body=100% >= 87%
2026-09-02 06:58:43,949 [INFO] [VWAP] Climax skip — body=100% >= 87%
2026-09-02 06:59:14,274 [INFO] [VWAP] Climax skip — body=100% >= 87%
2026-09-02 06:59:44,680 [INFO] [VWAP] Climax skip — body=100% >= 87%
2026-09-02 06:59:44,719 [INFO] [APEX] open=0 trades=0 realized=+0.0pt/Rs+0 unreal=+0.0pt/Rs+0
2026-09-02 06:59:44,719 [INFO] [T5] open=0 trades=0 realized=+0.0pt/Rs+0 unreal=+0.0pt/Rs+0
2026-09-02 06:59:44,720 [INFO] [INDICATORS] spot=76325.4 | 1h: close=76340.3 sma20=76869.8 sma50=77161.8 rsi=35.3 macd=-198.48/-141.15(bear) | 15m: K=28.8↑(prev 22.0) | regime=PE-eligible any_active=False
2026-09-02 06:59:44,720 [INFO] [SIGNAL] CE: reg=False K=False(K=28.8>=38,rising) Kextr=True RSI=False(35.3>53) MACD=False(gate off) => BLOCK | PE: reg=True K=False(K=28.8<=80,falling) Kextr=False RSI=True(35.3<47) MACD=True(gate off) => BLOCK
2026-09-02 06:59:47,855 [INFO] [periodic] Logs pushed to GitHub: Sensex_FlightRecorder_V2_5_20-SENSEX_20260902_092549.log, Sensex_BarLevel_V2_5_20-SENSEX_20260902_092549.csv
2026-09-02 07:00:18,168 [INFO] [VWAP] Climax skip — body=100% >= 87%
2026-09-02 07:00:48,531 [INFO] [VWAP] Climax skip — body=100% >= 87%
2026-09-02 07:04:52,314 [INFO] [APEX] open=0 trades=0 realized=+0.0pt/Rs+0 unreal=+0.0pt/Rs+0
2026-09-02 07:04:52,314 [INFO] [T5] open=0 trades=0 realized=+0.0pt/Rs+0 unreal=+0.0pt/Rs+0
2026-09-02 07:04:52,315 [INFO] [INDICATORS] spot=76382.5 | 1h: close=76340.3 sma20=76869.8 sma50=77161.8 rsi=35.3 macd=-198.48/-141.15(bear) | 15m: K=35.8↑(prev 28.8) | regime=PE-eligible any_active=False
2026-09-02 07:04:52,315 [INFO] [SIGNAL] CE: reg=False K=False(K=35.8>=38,rising) Kextr=True RSI=False(35.3>53) MACD=False(gate off) => BLOCK | PE: reg=True K=False(K=35.8<=80,falling) Kextr=False RSI=True(35.3<47) MACD=True(gate off) => BLOCK
2026-09-02 07:04:54,923 [INFO] [periodic] Logs pushed to GitHub: Sensex_FlightRecorder_V2_5_20-SENSEX_20260902_092549.log, Sensex_BarLevel_V2_5_20-SENSEX_20260902_092549.csv
2026-09-02 07:09:59,120 [INFO] [APEX] open=0 trades=0 realized=+0.0pt/Rs+0 unreal=+0.0pt/Rs+0
2026-09-02 07:09:59,120 [INFO] [T5] open=0 trades=0 realized=+0.0pt/Rs+0 unreal=+0.0pt/Rs+0
2026-09-02 07:09:59,121 [INFO] [INDICATORS] spot=76386.2 | 1h: close=76340.3 sma20=76869.8 sma50=77161.8 rsi=35.3 macd=-198.48/-141.15(bear) | 15m: K=35.8↑(prev 28.8) | regime=PE-eligible any_active=False
2026-09-02 07:09:59,121 [INFO] [SIGNAL] CE: reg=False K=False(K=35.8>=38,rising) Kextr=True RSI=False(35.3>53) MACD=False(gate off) => BLOCK | PE: reg=True K=False(K=35.8<=80,falling) Kextr=False RSI=True(35.3<47) MACD=True(gate off) => BLOCK
2026-09-02 07:10:01,525 [INFO] [periodic] Logs pushed to GitHub: Sensex_FlightRecorder_V2_5_20-SENSEX_20260902_092549.log, Sensex_BarLevel_V2_5_20-SENSEX_20260902_092549.csv
2026-09-02 07:15:05,875 [INFO] [APEX] open=0 trades=0 realized=+0.0pt/Rs+0 unreal=+0.0pt/Rs+0
2026-09-02 07:15:05,875 [INFO] [T5] open=0 trades=0 realized=+0.0pt/Rs+0 unreal=+0.0pt/Rs+0
2026-09-02 07:15:05,876 [INFO] [INDICATORS] spot=76421.1 | 1h: close=76340.3 sma20=76869.8 sma50=77161.8 rsi=35.3 macd=-198.48/-141.15(bear) | 15m: K=61.6↑(prev 35.8) | regime=PE-eligible any_active=False
2026-09-02 07:15:05,876 [INFO] [SIGNAL] CE: reg=False K=True(K=61.6>=38,rising) Kextr=True RSI=False(35.3>53) MACD=False(gate off) => BLOCK | PE: reg=True K=False(K=61.6<=80,falling) Kextr=False RSI=True(35.3<47) MACD=True(gate off) => BLOCK
2026-09-02 07:15:09,275 [INFO] [periodic] Logs pushed to GitHub: Sensex_FlightRecorder_V2_5_20-SENSEX_20260902_092549.log, Sensex_BarLevel_V2_5_20-SENSEX_20260902_092549.csv
2026-09-02 07:16:09,949 [INFO] [VWAP] Signal — FUT 76956>76853 body=65% side=CE | persist_gate=dist=+102.1pt persist=True (last 2x5m vs FUTvwap=76854.0)
2026-09-02 07:16:09,951 [INFO] [VETO] VWAP CE BLOCKED — CE into a DOWNtrend: spot 76417.4 is -436.6 below FUT VWAP 76854.0 (buffer 16)
2026-09-02 07:20:14,080 [INFO] [APEX] open=0 trades=0 realized=+0.0pt/Rs+0 unreal=+0.0pt/Rs+0
2026-09-02 07:20:14,080 [INFO] [T5] open=0 trades=0 realized=+0.0pt/Rs+0 unreal=+0.0pt/Rs+0
2026-09-02 07:20:14,081 [INFO] [INDICATORS] spot=76383.5 | 1h: close=76340.3 sma20=76869.8 sma50=77161.8 rsi=35.3 macd=-198.48/-141.15(bear) | 15m: K=61.6↑(prev 35.8) | regime=PE-eligible any_active=False
2026-09-02 07:20:14,081 [INFO] [SIGNAL] CE: reg=False K=True(K=61.6>=38,rising) Kextr=True RSI=False(35.3>53) MACD=False(gate off) => BLOCK | PE: reg=True K=False(K=61.6<=80,falling) Kextr=False RSI=True(35.3<47) MACD=True(gate off) => BLOCK
2026-09-02 07:20:16,494 [INFO] [periodic] Logs pushed to GitHub: Sensex_FlightRecorder_V2_5_20-SENSEX_20260902_092549.log, Sensex_BarLevel_V2_5_20-SENSEX_20260902_092549.csv
2026-09-02 07:25:20,663 [INFO] [APEX] open=0 trades=0 realized=+0.0pt/Rs+0 unreal=+0.0pt/Rs+0
2026-09-02 07:25:20,664 [INFO] [T5] open=0 trades=0 realized=+0.0pt/Rs+0 unreal=+0.0pt/Rs+0
2026-09-02 07:25:20,664 [INFO] [INDICATORS] spot=76417.7 | 1h: close=76340.3 sma20=76869.8 sma50=77161.8 rsi=35.3 macd=-198.48/-141.15(bear) | 15m: K=61.6↑(prev 35.8) | regime=PE-eligible any_active=False
2026-09-02 07:25:20,664 [INFO] [SIGNAL] CE: reg=False K=True(K=61.6>=38,rising) Kextr=True RSI=False(35.3>53) MACD=False(gate off) => BLOCK | PE: reg=True K=False(K=61.6<=80,falling) Kextr=False RSI=True(35.3<47) MACD=True(gate off) => BLOCK
2026-09-02 07:25:23,293 [INFO] [periodic] Logs pushed to GitHub: Sensex_FlightRecorder_V2_5_20-SENSEX_20260902_092549.log, Sensex_BarLevel_V2_5_20-SENSEX_20260902_092549.csv
2026-09-02 07:26:24,110 [INFO] [V3PROBE] PLACED CE BFO:SENSEX2690376400CE limit=280.05 (LTP=293.05 - 13) window=25min — EARLY(10m) Grade B R-cluster REJECT-CE at 76440
2026-09-02 07:30:27,300 [INFO] [ORB] CHOP-KILL @13:00 — range-so-far 0.52% < p33 0.58% and 5 TWAP flips >= 4. ORB entries+flips OFF for the day.
2026-09-02 07:30:28,118 [INFO] [APEX] open=0 trades=0 realized=+0.0pt/Rs+0 unreal=+0.0pt/Rs+0
2026-09-02 07:30:28,118 [INFO] [T5] open=0 trades=0 realized=+0.0pt/Rs+0 unreal=+0.0pt/Rs+0
2026-09-02 07:30:28,119 [INFO] [INDICATORS] spot=76427.0 | 1h: close=76340.3 sma20=76869.8 sma50=77161.8 rsi=35.3 macd=-198.48/-141.15(bear) | 15m: K=80.5↑(prev 61.6) | regime=PE-eligible any_active=False
2026-09-02 07:30:28,119 [INFO] [SIGNAL] CE: reg=False K=True(K=80.5>=38,rising) Kextr=True RSI=False(35.3>53) MACD=False(gate off) => BLOCK | PE: reg=True K=False(K=80.5<=80,falling) Kextr=False RSI=True(35.3<47) MACD=True(gate off) => BLOCK
2026-09-02 07:30:31,838 [INFO] [periodic] Logs pushed to GitHub: Sensex_FlightRecorder_V2_5_20-SENSEX_20260902_092549.log, Sensex_BarLevel_V2_5_20-SENSEX_20260902_092549.csv
2026-09-02 07:35:34,460 [INFO] [APEX] open=0 trades=0 realized=+0.0pt/Rs+0 unreal=+0.0pt/Rs+0
2026-09-02 07:35:34,461 [INFO] [T5] open=0 trades=0 realized=+0.0pt/Rs+0 unreal=+0.0pt/Rs+0
2026-09-02 07:35:34,461 [INFO] [INDICATORS] spot=76429.7 | 1h: close=76340.3 sma20=76869.8 sma50=77161.8 rsi=35.3 macd=-198.48/-141.15(bear) | 15m: K=80.5↑(prev 61.6) | regime=PE-eligible any_active=False
2026-09-02 07:35:34,461 [INFO] [SIGNAL] CE: reg=False K=True(K=80.5>=38,rising) Kextr=False RSI=False(35.3>53) MACD=False(gate off) => BLOCK | PE: reg=True K=False(K=80.5<=80,falling) Kextr=True RSI=True(35.3<47) MACD=True(gate off) => BLOCK
2026-09-02 07:35:37,098 [INFO] [periodic] Logs pushed to GitHub: Sensex_FlightRecorder_V2_5_20-SENSEX_20260902_092549.log, Sensex_BarLevel_V2_5_20-SENSEX_20260902_092549.csv
2026-09-02 07:38:08,377 [INFO] [V3PROBE] FILLED CE BFO:SENSEX2690376400CE @ 280.05 (LTP touched 276.00)
2026-09-02 07:38:08,381 [INFO] [VETO] V3 CE BLOCKED — CE into a DOWNtrend: spot 76403.4 is -454.9 below FUT VWAP 76858.3 (buffer 16)
2026-09-02 07:40:40,655 [INFO] [APEX] open=0 trades=0 realized=+0.0pt/Rs+0 unreal=+0.0pt/Rs+0
2026-09-02 07:40:40,715 [INFO] [T5] open=0 trades=0 realized=+0.0pt/Rs+0 unreal=+0.0pt/Rs+0
2026-09-02 07:40:40,715 [INFO] [INDICATORS] spot=76390.0 | 1h: close=76340.3 sma20=76869.8 sma50=77161.8 rsi=35.3 macd=-198.48/-141.15(bear) | 15m: K=80.5↑(prev 61.6) | regime=PE-eligible any_active=False
2026-09-02 07:40:40,715 [INFO] [SIGNAL] CE: reg=False K=True(K=80.5>=38,rising) Kextr=False RSI=False(35.3>53) MACD=False(gate off) => BLOCK | PE: reg=True K=False(K=80.5<=80,falling) Kextr=True RSI=True(35.3<47) MACD=True(gate off) => BLOCK
2026-09-02 07:40:43,396 [INFO] [periodic] Logs pushed to GitHub: Sensex_FlightRecorder_V2_5_20-SENSEX_20260902_092549.log, Sensex_BarLevel_V2_5_20-SENSEX_20260902_092549.csv
2026-09-02 07:45:45,902 [INFO] [APEX] open=0 trades=0 realized=+0.0pt/Rs+0 unreal=+0.0pt/Rs+0
2026-09-02 07:45:45,902 [INFO] [T5] open=0 trades=0 realized=+0.0pt/Rs+0 unreal=+0.0pt/Rs+0
2026-09-02 07:45:45,903 [INFO] [INDICATORS] spot=76448.0 | 1h: close=76448.0 sma20=76837.1 sma50=77143.7 rsi=35.3 macd=-198.48/-141.15(bear) | 15m: K=100.0↑(prev 80.5) | regime=PE-eligible any_active=False
2026-09-02 07:45:45,903 [INFO] [SIGNAL] CE: reg=False K=True(K=100.0>=38,rising) Kextr=False RSI=False(35.3>53) MACD=False(gate off) => BLOCK | PE: reg=True K=False(K=100.0<=80,falling) Kextr=True RSI=True(35.3<47) MACD=True(gate off) => BLOCK
2026-09-02 07:45:49,150 [INFO] [periodic] Logs pushed to GitHub: Sensex_FlightRecorder_V2_5_20-SENSEX_20260902_092549.log, Sensex_BarLevel_V2_5_20-SENSEX_20260902_092549.csv
2026-09-02 07:50:51,513 [INFO] [APEX] open=0 trades=0 realized=+0.0pt/Rs+0 unreal=+0.0pt/Rs+0
2026-09-02 07:50:51,514 [INFO] [T5] open=0 trades=0 realized=+0.0pt/Rs+0 unreal=+0.0pt/Rs+0
2026-09-02 07:50:51,515 [INFO] [INDICATORS] spot=76438.1 | 1h: close=76447.4 sma20=76837.1 sma50=77143.7 rsi=38.7 macd=-203.75/-153.67(bear) | 15m: K=100.0↑(prev 80.5) | regime=PE-eligible any_active=False
2026-09-02 07:50:51,515 [INFO] [SIGNAL] CE: reg=False K=True(K=100.0>=38,rising) Kextr=False RSI=False(38.7>53) MACD=False(gate off) => BLOCK | PE: reg=True K=False(K=100.0<=80,falling) Kextr=True RSI=True(38.7<47) MACD=True(gate off) => BLOCK
2026-09-02 07:50:54,192 [INFO] [periodic] Logs pushed to GitHub: Sensex_FlightRecorder_V2_5_20-SENSEX_20260902_092549.log, Sensex_BarLevel_V2_5_20-SENSEX_20260902_092549.csv
2026-09-02 07:55:56,575 [INFO] [APEX] open=0 trades=0 realized=+0.0pt/Rs+0 unreal=+0.0pt/Rs+0
2026-09-02 07:55:56,576 [INFO] [T5] open=0 trades=0 realized=+0.0pt/Rs+0 unreal=+0.0pt/Rs+0
2026-09-02 07:55:56,576 [INFO] [INDICATORS] spot=76448.7 | 1h: close=76447.4 sma20=76837.1 sma50=77143.7 rsi=38.7 macd=-203.75/-153.67(bear) | 15m: K=100.0↑(prev 80.5) | regime=PE-eligible any_active=False
2026-09-02 07:55:56,577 [INFO] [SIGNAL] CE: reg=False K=True(K=100.0>=38,rising) Kextr=False RSI=False(38.7>53) MACD=False(gate off) => BLOCK | PE: reg=True K=False(K=100.0<=80,falling) Kextr=True RSI=True(38.7<47) MACD=True(gate off) => BLOCK
2026-09-02 07:55:59,409 [INFO] [periodic] Logs pushed to GitHub: Sensex_FlightRecorder_V2_5_20-SENSEX_20260902_092549.log, Sensex_BarLevel_V2_5_20-SENSEX_20260902_092549.csv
2026-09-02 08:01:01,768 [INFO] [VWAP] Climax skip — body=98% >= 87%
2026-09-02 08:01:01,796 [INFO] [APEX] open=0 trades=0 realized=+0.0pt/Rs+0 unreal=+0.0pt/Rs+0
2026-09-02 08:01:01,796 [INFO] [T5] open=0 trades=0 realized=+0.0pt/Rs+0 unreal=+0.0pt/Rs+0
2026-09-02 08:01:01,796 [INFO] [INDICATORS] spot=76443.6 | 1h: close=76447.4 sma20=76837.1 sma50=77143.7 rsi=38.7 macd=-203.75/-153.67(bear) | 15m: K=99.4↓(prev 100.0) | regime=PE-eligible any_active=False
2026-09-02 08:01:01,796 [INFO] [SIGNAL] CE: reg=False K=False(K=99.4>=38,rising) Kextr=False RSI=False(38.7>53) MACD=False(gate off) => BLOCK | PE: reg=True K=False(K=99.4<=80,falling) Kextr=True RSI=True(38.7<47) MACD=True(gate off) => BLOCK
2026-09-02 08:01:05,110 [INFO] [periodic] Logs pushed to GitHub: Sensex_FlightRecorder_V2_5_20-SENSEX_20260902_092549.log, Sensex_BarLevel_V2_5_20-SENSEX_20260902_092549.csv
2026-09-02 08:01:35,297 [INFO] [VWAP] Climax skip — body=98% >= 87%
2026-09-02 08:02:05,524 [INFO] [VWAP] Climax skip — body=98% >= 87%
2026-09-02 08:02:35,763 [INFO] [VWAP] Climax skip — body=98% >= 87%
2026-09-02 08:03:05,985 [INFO] [VWAP] Climax skip — body=98% >= 87%
2026-09-02 08:03:36,206 [INFO] [VWAP] Climax skip — body=98% >= 87%
2026-09-02 08:04:06,615 [INFO] [VWAP] Climax skip — body=98% >= 87%
2026-09-02 08:04:36,928 [INFO] [VWAP] Climax skip — body=98% >= 87%
2026-09-02 08:05:07,262 [INFO] [VWAP] Climax skip — body=98% >= 87%
2026-09-02 08:05:37,680 [INFO] [VWAP] Climax skip — body=98% >= 87%
2026-09-02 08:06:08,035 [INFO] [VWAP] Climax skip — body=98% >= 87%
2026-09-02 08:06:08,074 [INFO] [APEX] open=0 trades=0 realized=+0.0pt/Rs+0 unreal=+0.0pt/Rs+0
2026-09-02 08:06:08,074 [INFO] [T5] open=0 trades=0 realized=+0.0pt/Rs+0 unreal=+0.0pt/Rs+0
2026-09-02 08:06:08,075 [INFO] [INDICATORS] spot=76444.5 | 1h: close=76447.4 sma20=76837.1 sma50=77143.7 rsi=38.7 macd=-203.75/-153.67(bear) | 15m: K=99.4↓(prev 100.0) | regime=PE-eligible any_active=False
2026-09-02 08:06:08,075 [INFO] [SIGNAL] CE: reg=False K=False(K=99.4>=38,rising) Kextr=False RSI=False(38.7>53) MACD=False(gate off) => BLOCK | PE: reg=True K=False(K=99.4<=80,falling) Kextr=True RSI=True(38.7<47) MACD=True(gate off) => BLOCK
2026-09-02 08:06:10,775 [INFO] [periodic] Logs pushed to GitHub: Sensex_FlightRecorder_V2_5_20-SENSEX_20260902_092549.log, Sensex_BarLevel_V2_5_20-SENSEX_20260902_092549.csv
2026-09-02 08:06:41,095 [INFO] [VWAP] Climax skip — body=98% >= 87%
2026-09-02 08:07:11,440 [INFO] [VWAP] Climax skip — body=98% >= 87%
2026-09-02 08:07:41,805 [INFO] [VWAP] Climax skip — body=98% >= 87%
2026-09-02 08:08:12,533 [INFO] [VWAP] Climax skip — body=98% >= 87%
2026-09-02 08:08:42,895 [INFO] [VWAP] Climax skip — body=98% >= 87%
2026-09-02 08:09:13,234 [INFO] [VWAP] Climax skip — body=98% >= 87%
2026-09-02 08:09:43,566 [INFO] [VWAP] Climax skip — body=98% >= 87%
2026-09-02 08:10:13,918 [INFO] [VWAP] Climax skip — body=98% >= 87%
2026-09-02 08:10:44,264 [INFO] [VWAP] Climax skip — body=98% >= 87%
2026-09-02 08:11:14,616 [INFO] [VWAP] Climax skip — body=98% >= 87%
2026-09-02 08:11:14,653 [INFO] [APEX] open=0 trades=0 realized=+0.0pt/Rs+0 unreal=+0.0pt/Rs+0
2026-09-02 08:11:14,728 [INFO] [T5] open=0 trades=0 realized=+0.0pt/Rs+0 unreal=+0.0pt/Rs+0
2026-09-02 08:11:14,729 [INFO] [INDICATORS] spot=76403.8 | 1h: close=76447.4 sma20=76837.1 sma50=77143.7 rsi=38.7 macd=-203.75/-153.67(bear) | 15m: K=99.4↓(prev 100.0) | regime=PE-eligible any_active=False
2026-09-02 08:11:14,729 [INFO] [SIGNAL] CE: reg=False K=False(K=99.4>=38,rising) Kextr=False RSI=False(38.7>53) MACD=False(gate off) => BLOCK | PE: reg=True K=False(K=99.4<=80,falling) Kextr=True RSI=True(38.7<47) MACD=True(gate off) => BLOCK
2026-09-02 08:11:17,402 [INFO] [periodic] Logs pushed to GitHub: Sensex_FlightRecorder_V2_5_20-SENSEX_20260902_092549.log, Sensex_BarLevel_V2_5_20-SENSEX_20260902_092549.csv
2026-09-02 08:11:47,684 [INFO] [VWAP] Climax skip — body=98% >= 87%
2026-09-02 08:12:18,080 [INFO] [VWAP] Climax skip — body=98% >= 87%
2026-09-02 08:12:48,399 [INFO] [VWAP] Climax skip — body=98% >= 87%
2026-09-02 08:13:18,707 [INFO] [VWAP] Climax skip — body=98% >= 87%
2026-09-02 08:13:49,037 [INFO] [VWAP] Climax skip — body=98% >= 87%
2026-09-02 08:14:19,367 [INFO] [VWAP] Climax skip — body=98% >= 87%
2026-09-02 08:14:49,716 [INFO] [VWAP] Climax skip — body=98% >= 87%
2026-09-02 08:15:20,045 [INFO] [VWAP] Climax skip — body=98% >= 87%
2026-09-02 08:15:50,382 [INFO] [VWAP] Climax skip — body=98% >= 87%
2026-09-02 08:16:20,724 [INFO] [VWAP] Signal — FUT 76989>76862 body=84% side=CE | persist_gate=dist=+125.4pt persist=True (last 2x5m vs FUTvwap=76863.6)
2026-09-02 08:16:20,727 [INFO] [VETO] VWAP CE BLOCKED — CE into a DOWNtrend: spot 76441.4 is -422.2 below FUT VWAP 76863.6 (buffer 16)
2026-09-02 08:16:21,544 [INFO] [APEX] open=0 trades=0 realized=+0.0pt/Rs+0 unreal=+0.0pt/Rs+0
2026-09-02 08:16:21,544 [INFO] [T5] open=0 trades=0 realized=+0.0pt/Rs+0 unreal=+0.0pt/Rs+0
2026-09-02 08:16:21,544 [INFO] [INDICATORS] spot=76441.4 | 1h: close=76447.4 sma20=76837.1 sma50=77143.7 rsi=38.7 macd=-203.75/-153.67(bear) | 15m: K=96.0↓(prev 99.4) | regime=PE-eligible any_active=False
2026-09-02 08:16:21,544 [INFO] [SIGNAL] CE: reg=False K=False(K=96.0>=38,rising) Kextr=False RSI=False(38.7>53) MACD=False(gate off) => BLOCK | PE: reg=True K=False(K=96.0<=80,falling) Kextr=True RSI=True(38.7<47) MACD=True(gate off) => BLOCK
2026-09-02 08:16:24,874 [INFO] [periodic] Logs pushed to GitHub: Sensex_FlightRecorder_V2_5_20-SENSEX_20260902_092549.log, Sensex_BarLevel_V2_5_20-SENSEX_20260902_092549.csv
2026-09-02 08:21:28,471 [INFO] [APEX] open=0 trades=0 realized=+0.0pt/Rs+0 unreal=+0.0pt/Rs+0
2026-09-02 08:21:28,472 [INFO] [T5] open=0 trades=0 realized=+0.0pt/Rs+0 unreal=+0.0pt/Rs+0
2026-09-02 08:21:28,472 [INFO] [INDICATORS] spot=76413.0 | 1h: close=76447.4 sma20=76837.1 sma50=77143.7 rsi=38.7 macd=-203.75/-153.67(bear) | 15m: K=96.0↓(prev 99.4) | regime=PE-eligible any_active=False
2026-09-02 08:21:28,473 [INFO] [SIGNAL] CE: reg=False K=False(K=96.0>=38,rising) Kextr=False RSI=False(38.7>53) MACD=False(gate off) => BLOCK | PE: reg=True K=False(K=96.0<=80,falling) Kextr=True RSI=True(38.7<47) MACD=True(gate off) => BLOCK
2026-09-02 08:21:31,044 [INFO] [periodic] Logs pushed to GitHub: Sensex_FlightRecorder_V2_5_20-SENSEX_20260902_092549.log, Sensex_BarLevel_V2_5_20-SENSEX_20260902_092549.csv
2026-09-02 08:26:34,529 [INFO] [APEX] open=0 trades=0 realized=+0.0pt/Rs+0 unreal=+0.0pt/Rs+0
2026-09-02 08:26:34,529 [INFO] [T5] open=0 trades=0 realized=+0.0pt/Rs+0 unreal=+0.0pt/Rs+0
2026-09-02 08:26:34,530 [INFO] [INDICATORS] spot=76420.3 | 1h: close=76447.4 sma20=76837.1 sma50=77143.7 rsi=38.7 macd=-203.75/-153.67(bear) | 15m: K=96.0↓(prev 99.4) | regime=PE-eligible any_active=False
2026-09-02 08:26:34,530 [INFO] [SIGNAL] CE: reg=False K=False(K=96.0>=38,rising) Kextr=False RSI=False(38.7>53) MACD=False(gate off) => BLOCK | PE: reg=True K=False(K=96.0<=80,falling) Kextr=True RSI=True(38.7<47) MACD=True(gate off) => BLOCK
2026-09-02 08:26:36,931 [INFO] [periodic] Logs pushed to GitHub: Sensex_FlightRecorder_V2_5_20-SENSEX_20260902_092549.log, Sensex_BarLevel_V2_5_20-SENSEX_20260902_092549.csv
2026-09-02 08:31:40,494 [INFO] [APEX] open=0 trades=0 realized=+0.0pt/Rs+0 unreal=+0.0pt/Rs+0
2026-09-02 08:31:40,495 [INFO] [T5] open=0 trades=0 realized=+0.0pt/Rs+0 unreal=+0.0pt/Rs+0
2026-09-02 08:31:40,495 [INFO] [INDICATORS] spot=76457.9 | 1h: close=76447.4 sma20=76837.1 sma50=77143.7 rsi=38.7 macd=-203.75/-153.67(bear) | 15m: K=95.6↓(prev 96.0) | regime=PE-eligible any_active=False
2026-09-02 08:31:40,495 [INFO] [SIGNAL] CE: reg=False K=False(K=95.6>=38,rising) Kextr=False RSI=False(38.7>53) MACD=False(gate off) => BLOCK | PE: reg=True K=False(K=95.6<=80,falling) Kextr=True RSI=True(38.7<47) MACD=True(gate off) => BLOCK
2026-09-02 08:31:43,755 [INFO] [periodic] Logs pushed to GitHub: Sensex_FlightRecorder_V2_5_20-SENSEX_20260902_092549.log, Sensex_BarLevel_V2_5_20-SENSEX_20260902_092549.csv
2026-09-02 08:36:47,218 [INFO] [APEX] open=0 trades=0 realized=+0.0pt/Rs+0 unreal=+0.0pt/Rs+0
2026-09-02 08:36:47,220 [INFO] [T5] open=0 trades=0 realized=+0.0pt/Rs+0 unreal=+0.0pt/Rs+0
2026-09-02 08:36:47,221 [INFO] [INDICATORS] spot=76455.9 | 1h: close=76447.4 sma20=76837.1 sma50=77143.7 rsi=38.7 macd=-203.75/-153.67(bear) | 15m: K=95.6↓(prev 96.0) | regime=PE-eligible any_active=False
2026-09-02 08:36:47,221 [INFO] [SIGNAL] CE: reg=False K=False(K=95.6>=38,rising) Kextr=False RSI=False(38.7>53) MACD=False(gate off) => BLOCK | PE: reg=True K=False(K=95.6<=80,falling) Kextr=True RSI=True(38.7<47) MACD=True(gate off) => BLOCK
2026-09-02 08:36:50,048 [INFO] [periodic] Logs pushed to GitHub: Sensex_FlightRecorder_V2_5_20-SENSEX_20260902_092549.log, Sensex_BarLevel_V2_5_20-SENSEX_20260902_092549.csv
2026-09-02 08:41:53,350 [INFO] [APEX] open=0 trades=0 realized=+0.0pt/Rs+0 unreal=+0.0pt/Rs+0
2026-09-02 08:41:53,350 [INFO] [T5] open=0 trades=0 realized=+0.0pt/Rs+0 unreal=+0.0pt/Rs+0
2026-09-02 08:41:53,351 [INFO] [INDICATORS] spot=76514.0 | 1h: close=76447.4 sma20=76837.1 sma50=77143.7 rsi=38.7 macd=-203.75/-153.67(bear) | 15m: K=95.6↓(prev 96.0) | regime=PE-eligible any_active=False
2026-09-02 08:41:53,351 [INFO] [SIGNAL] CE: reg=False K=False(K=95.6>=38,rising) Kextr=False RSI=False(38.7>53) MACD=False(gate off) => BLOCK | PE: reg=True K=False(K=95.6<=80,falling) Kextr=True RSI=True(38.7<47) MACD=True(gate off) => BLOCK
2026-09-02 08:41:55,788 [INFO] [periodic] Logs pushed to GitHub: Sensex_FlightRecorder_V2_5_20-SENSEX_20260902_092549.log, Sensex_BarLevel_V2_5_20-SENSEX_20260902_092549.csv
2026-09-02 08:46:59,917 [INFO] [APEX] open=0 trades=0 realized=+0.0pt/Rs+0 unreal=+0.0pt/Rs+0
2026-09-02 08:46:59,982 [INFO] [T5] open=0 trades=0 realized=+0.0pt/Rs+0 unreal=+0.0pt/Rs+0
2026-09-02 08:46:59,983 [INFO] [INDICATORS] spot=76493.8 | 1h: close=76495.6 sma20=76802.1 sma50=77128.6 rsi=40.2 macd=-201.71/-163.28(bear) | 15m: K=96.2↑(prev 95.6) | regime=PE-eligible any_active=False
2026-09-02 08:46:59,983 [INFO] [SIGNAL] CE: reg=False K=True(K=96.2>=38,rising) Kextr=False RSI=False(40.2>53) MACD=False(gate off) => BLOCK | PE: reg=True K=False(K=96.2<=80,falling) Kextr=True RSI=True(40.2<47) MACD=True(gate off) => BLOCK
2026-09-02 08:47:03,951 [INFO] [periodic] Logs pushed to GitHub: Sensex_FlightRecorder_V2_5_20-SENSEX_20260902_092549.log, Sensex_BarLevel_V2_5_20-SENSEX_20260902_092549.csv
2026-09-02 08:52:07,835 [INFO] [APEX] open=0 trades=0 realized=+0.0pt/Rs+0 unreal=+0.0pt/Rs+0
2026-09-02 08:52:07,835 [INFO] [T5] open=0 trades=0 realized=+0.0pt/Rs+0 unreal=+0.0pt/Rs+0
2026-09-02 08:52:07,836 [INFO] [INDICATORS] spot=76477.6 | 1h: close=76495.6 sma20=76802.1 sma50=77128.6 rsi=40.2 macd=-201.71/-163.28(bear) | 15m: K=96.2↑(prev 95.6) | regime=PE-eligible any_active=False
2026-09-02 08:52:07,836 [INFO] [SIGNAL] CE: reg=False K=True(K=96.2>=38,rising) Kextr=False RSI=False(40.2>53) MACD=False(gate off) => BLOCK | PE: reg=True K=False(K=96.2<=80,falling) Kextr=True RSI=True(40.2<47) MACD=True(gate off) => BLOCK
2026-09-02 08:52:11,040 [INFO] [periodic] Logs pushed to GitHub: Sensex_FlightRecorder_V2_5_20-SENSEX_20260902_092549.log, Sensex_BarLevel_V2_5_20-SENSEX_20260902_092549.csv
2026-09-02 08:56:44,118 [INFO] [V3PROBE] PLACED PE BFO:SENSEX2690376500PE limit=226.00 (LTP=239.00 - 13) window=25min — EARLY(10m) Grade B R-cluster BREAK-PE at 76540
2026-09-02 08:57:15,312 [INFO] [APEX] open=0 trades=0 realized=+0.0pt/Rs+0 unreal=+0.0pt/Rs+0
2026-09-02 08:57:15,313 [INFO] [T5] open=0 trades=0 realized=+0.0pt/Rs+0 unreal=+0.0pt/Rs+0
2026-09-02 08:57:15,313 [INFO] [INDICATORS] spot=76451.7 | 1h: close=76495.6 sma20=76802.1 sma50=77128.6 rsi=40.2 macd=-201.71/-163.28(bear) | 15m: K=96.2↑(prev 95.6) | regime=PE-eligible any_active=False
2026-09-02 08:57:15,313 [INFO] [SIGNAL] CE: reg=False K=True(K=96.2>=38,rising) Kextr=False RSI=False(40.2>53) MACD=False(gate off) => BLOCK | PE: reg=True K=False(K=96.2<=80,falling) Kextr=True RSI=True(40.2<47) MACD=True(gate off) => BLOCK
2026-09-02 08:57:18,159 [INFO] [periodic] Logs pushed to GitHub: Sensex_FlightRecorder_V2_5_20-SENSEX_20260902_092549.log, Sensex_BarLevel_V2_5_20-SENSEX_20260902_092549.csv
2026-09-02 08:58:49,291 [INFO] [V3PROBE] FILLED PE BFO:SENSEX2690376500PE @ 226.00 (LTP touched 218.85)
2026-09-02 08:58:49,345 [INFO] ENTRY: BFO:SENSEX2690376500PE @ 226.00  engine=V3  detail=EARLY(10m) Grade B R-cluster BREAK-PE at 76540
2026-09-02 09:01:22,356 [INFO] [CB] V3 loss (own count 2) — TOTAL across all engines=2/4 (reason=V3_FAST_STOP)
2026-09-02 09:01:22,359 [INFO] EXIT: BFO:SENSEX2690376500PE @ 200.00 reason=V3_FAST_STOP pnl/sh=-26.00 is_flip=False losses=2/4
2026-09-02 09:01:53,534 [INFO] [VETO] FLIP CE BLOCKED — CE into a DOWNtrend: spot 76507.4 is -377.0 below FUT VWAP 76884.5 (buffer 16)
2026-09-02 09:02:24,704 [INFO] [VETO] FLIP CE BLOCKED — CE into a DOWNtrend: spot 76507.4 is -377.0 below FUT VWAP 76884.5 (buffer 16)
2026-09-02 09:02:24,740 [INFO] [APEX] open=0 trades=0 realized=+0.0pt/Rs+0 unreal=+0.0pt/Rs+0
2026-09-02 09:02:24,819 [INFO] [T5] open=0 trades=0 realized=+0.0pt/Rs+0 unreal=+0.0pt/Rs+0
2026-09-02 09:02:24,820 [INFO] [INDICATORS] spot=76507.4 | 1h: close=76495.6 sma20=76802.1 sma50=77128.6 rsi=40.2 macd=-201.71/-163.28(bear) | 15m: K=98.5↑(prev 96.2) | regime=PE-eligible any_active=False
2026-09-02 09:02:24,820 [INFO] [SIGNAL] CE: reg=False K=True(K=98.5>=38,rising) Kextr=False RSI=False(40.2>53) MACD=False(gate off) => BLOCK | PE: reg=True K=False(K=98.5<=80,falling) Kextr=True RSI=True(40.2<47) MACD=True(gate off) => BLOCK
2026-09-02 09:02:28,874 [INFO] [periodic] Logs pushed to GitHub: Sensex_FlightRecorder_V2_5_20-SENSEX_20260902_092549.log, Sensex_BarLevel_V2_5_20-SENSEX_20260902_092549.csv
2026-09-02 09:02:59,194 [INFO] [VETO] FLIP CE BLOCKED — CE into a DOWNtrend: spot 76512.9 is -371.6 below FUT VWAP 76884.5 (buffer 16)
2026-09-02 09:03:29,546 [INFO] [VETO] FLIP CE BLOCKED — CE into a DOWNtrend: spot 76524.2 is -360.7 below FUT VWAP 76884.9 (buffer 16)
2026-09-02 09:03:59,899 [INFO] [VETO] FLIP CE BLOCKED — CE into a DOWNtrend: spot 76524.2 is -360.7 below FUT VWAP 76884.9 (buffer 16)
2026-09-02 09:04:30,287 [INFO] [VETO] FLIP CE BLOCKED — CE into a DOWNtrend: spot 76525.6 is -359.3 below FUT VWAP 76884.9 (buffer 16)
2026-09-02 09:05:00,706 [INFO] [VETO] FLIP CE BLOCKED — CE into a DOWNtrend: spot 76525.6 is -359.3 below FUT VWAP 76884.9 (buffer 16)
2026-09-02 09:05:00,720 [INFO] [GAPBREAK] Range-break detected — close 76525.6 broke [76135.7,76521.7] side=CE (gap=-473.0)
2026-09-02 09:05:31,168 [INFO] [VETO] FLIP CE BLOCKED — CE into a DOWNtrend: spot 76531.2 is -372.0 below FUT VWAP 76903.2 (buffer 16)
2026-09-02 09:06:01,545 [INFO] [VETO] FLIP CE BLOCKED — CE into a DOWNtrend: spot 76531.2 is -372.0 below FUT VWAP 76903.2 (buffer 16)
2026-09-02 09:06:31,941 [INFO] [VETO] FLIP CE BLOCKED — CE into a DOWNtrend: spot 76566.2 is -337.2 below FUT VWAP 76903.4 (buffer 16)
2026-09-02 09:06:31,948 [INFO] [GAPBREAK] Confirmed — bar close 76566.2 > ref 76525.6
2026-09-02 09:06:32,033 [INFO] ENTRY: BFO:SENSEX2690376600CE @ 222.05  engine=GAPBREAK  detail=GAP break confirmed, gap=-473
2026-09-02 09:07:03,150 [INFO] [VETO] FLIP CE BLOCKED — CE into a DOWNtrend: spot 76566.2 is -337.2 below FUT VWAP 76903.4 (buffer 16)
2026-09-02 09:07:33,520 [INFO] [VETO] FLIP CE BLOCKED — CE into a DOWNtrend: spot 76552.9 is -350.8 below FUT VWAP 76903.7 (buffer 16)
2026-09-02 09:07:33,575 [INFO] [APEX] open=0 trades=0 realized=+0.0pt/Rs+0 unreal=+0.0pt/Rs+0
2026-09-02 09:07:33,575 [INFO] [T5] open=0 trades=0 realized=+0.0pt/Rs+0 unreal=+0.0pt/Rs+0
2026-09-02 09:07:33,576 [INFO] [INDICATORS] spot=76552.9 | 1h: close=76495.6 sma20=76802.1 sma50=77128.6 rsi=40.2 macd=-201.71/-163.28(bear) | 15m: K=98.5↑(prev 96.2) | regime=PE-eligible any_active=True
2026-09-02 09:07:33,576 [INFO] [SIGNAL] CE: reg=False K=True(K=98.5>=38,rising) Kextr=False RSI=False(40.2>53) MACD=False(gate off) => BLOCK | PE: reg=True K=False(K=98.5<=80,falling) Kextr=True RSI=True(40.2<47) MACD=True(gate off) => BLOCK
2026-09-02 09:07:33,577 [INFO] [STATE][GAPBREAK] CE BFO:SENSEX2690376600CE ltp=225.10 entry=222.05 pnl=+3.05(+1.4%) sl=0.00 peak=225.10 tr_armed=False elapsed=1min
2026-09-02 09:07:36,112 [INFO] [periodic] Logs pushed to GitHub: Sensex_FlightRecorder_V2_5_20-SENSEX_20260902_092549.log, Sensex_BarLevel_V2_5_20-SENSEX_20260902_092549.csv
2026-09-02 09:08:06,406 [INFO] [VETO] FLIP CE BLOCKED — CE into a DOWNtrend: spot 76552.9 is -350.8 below FUT VWAP 76903.7 (buffer 16)
2026-09-02 09:08:36,785 [INFO] [VETO] FLIP CE BLOCKED — CE into a DOWNtrend: spot 76545.5 is -358.3 below FUT VWAP 76903.7 (buffer 16)
2026-09-02 09:09:07,168 [INFO] [VETO] FLIP CE BLOCKED — CE into a DOWNtrend: spot 76545.5 is -358.3 below FUT VWAP 76903.7 (buffer 16)
2026-09-02 09:09:37,555 [INFO] [VETO] FLIP CE BLOCKED — CE into a DOWNtrend: spot 76508.4 is -395.3 below FUT VWAP 76903.7 (buffer 16)
2026-09-02 09:10:08,024 [INFO] [VETO] FLIP CE BLOCKED — CE into a DOWNtrend: spot 76508.4 is -395.3 below FUT VWAP 76903.7 (buffer 16)
2026-09-02 09:10:38,511 [INFO] [VETO] FLIP CE BLOCKED — CE into a DOWNtrend: spot 76521.2 is -382.7 below FUT VWAP 76903.9 (buffer 16)
2026-09-02 09:11:08,898 [INFO] [VETO] FLIP CE BLOCKED — CE into a DOWNtrend: spot 76521.2 is -382.7 below FUT VWAP 76903.9 (buffer 16)
2026-09-02 09:11:39,269 [INFO] [VETO] FLIP CE BLOCKED — CE into a DOWNtrend: spot 76540.8 is -363.1 below FUT VWAP 76903.9 (buffer 16)
2026-09-02 09:12:09,631 [INFO] [VETO] FLIP CE BLOCKED — CE into a DOWNtrend: spot 76540.8 is -363.1 below FUT VWAP 76903.9 (buffer 16)
2026-09-02 09:12:40,003 [INFO] [VETO] FLIP CE BLOCKED — CE into a DOWNtrend: spot 76526.6 is -377.5 below FUT VWAP 76904.1 (buffer 16)
2026-09-02 09:12:40,068 [INFO] [APEX] open=0 trades=0 realized=+0.0pt/Rs+0 unreal=+0.0pt/Rs+0
2026-09-02 09:12:40,068 [INFO] [T5] open=0 trades=0 realized=+0.0pt/Rs+0 unreal=+0.0pt/Rs+0
2026-09-02 09:12:40,069 [INFO] [INDICATORS] spot=76526.6 | 1h: close=76495.6 sma20=76802.1 sma50=77128.6 rsi=40.2 macd=-201.71/-163.28(bear) | 15m: K=98.5↑(prev 96.2) | regime=PE-eligible any_active=True
2026-09-02 09:12:40,069 [INFO] [SIGNAL] CE: reg=False K=True(K=98.5>=38,rising) Kextr=False RSI=False(40.2>53) MACD=False(gate off) => BLOCK | PE: reg=True K=False(K=98.5<=80,falling) Kextr=True RSI=True(40.2<47) MACD=True(gate off) => BLOCK
2026-09-02 09:12:40,069 [INFO] [STATE][GAPBREAK] CE BFO:SENSEX2690376600CE ltp=198.55 entry=222.05 pnl=-23.50(-10.6%) sl=0.00 peak=225.10 tr_armed=False elapsed=6min
2026-09-02 09:12:42,862 [INFO] [periodic] Logs pushed to GitHub: Sensex_FlightRecorder_V2_5_20-SENSEX_20260902_092549.log, Sensex_BarLevel_V2_5_20-SENSEX_20260902_092549.csv
2026-09-02 09:13:13,172 [INFO] [VETO] FLIP CE BLOCKED — CE into a DOWNtrend: spot 76526.6 is -377.5 below FUT VWAP 76904.1 (buffer 16)
2026-09-02 09:13:43,568 [INFO] [VETO] FLIP CE BLOCKED — CE into a DOWNtrend: spot 76515.1 is -389.5 below FUT VWAP 76904.6 (buffer 16)
2026-09-02 09:14:13,936 [INFO] [VETO] FLIP CE BLOCKED — CE into a DOWNtrend: spot 76515.1 is -389.5 below FUT VWAP 76904.6 (buffer 16)
2026-09-02 09:14:44,291 [INFO] [VETO] FLIP CE BLOCKED — CE into a DOWNtrend: spot 76498.8 is -405.9 below FUT VWAP 76904.8 (buffer 16)
2026-09-02 09:15:14,730 [INFO] [VETO] FLIP CE BLOCKED — CE into a DOWNtrend: spot 76498.8 is -405.9 below FUT VWAP 76904.8 (buffer 16)
2026-09-02 09:15:45,179 [INFO] [VETO] FLIP CE BLOCKED — CE into a DOWNtrend: spot 76473.1 is -431.7 below FUT VWAP 76904.9 (buffer 16)
2026-09-02 09:17:46,812 [INFO] [APEX] open=0 trades=0 realized=+0.0pt/Rs+0 unreal=+0.0pt/Rs+0
2026-09-02 09:17:46,813 [INFO] [T5] open=0 trades=0 realized=+0.0pt/Rs+0 unreal=+0.0pt/Rs+0
2026-09-02 09:17:46,813 [INFO] [INDICATORS] spot=76477.8 | 1h: close=76495.6 sma20=76802.1 sma50=77128.6 rsi=40.2 macd=-201.71/-163.28(bear) | 15m: K=95.6↓(prev 98.5) | regime=PE-eligible any_active=True
2026-09-02 09:17:46,813 [INFO] [SIGNAL] CE: reg=False K=False(K=95.6>=38,rising) Kextr=False RSI=False(40.2>53) MACD=False(gate off) => BLOCK | PE: reg=True K=False(K=95.6<=80,falling) Kextr=True RSI=True(40.2<47) MACD=True(gate off) => BLOCK
2026-09-02 09:17:46,814 [INFO] [STATE][GAPBREAK] CE BFO:SENSEX2690376600CE ltp=198.30 entry=222.05 pnl=-23.75(-10.7%) sl=0.00 peak=225.10 tr_armed=False elapsed=11min
2026-09-02 09:17:50,192 [INFO] [periodic] Logs pushed to GitHub: Sensex_FlightRecorder_V2_5_20-SENSEX_20260902_092549.log, Sensex_BarLevel_V2_5_20-SENSEX_20260902_092549.csv
2026-09-02 09:22:54,670 [INFO] [APEX] open=0 trades=0 realized=+0.0pt/Rs+0 unreal=+0.0pt/Rs+0
2026-09-02 09:22:54,738 [INFO] [T5] open=0 trades=0 realized=+0.0pt/Rs+0 unreal=+0.0pt/Rs+0
2026-09-02 09:22:54,738 [INFO] [INDICATORS] spot=76492.7 | 1h: close=76495.6 sma20=76802.1 sma50=77128.6 rsi=40.2 macd=-201.71/-163.28(bear) | 15m: K=95.6↓(prev 98.5) | regime=PE-eligible any_active=True
2026-09-02 09:22:54,738 [INFO] [SIGNAL] CE: reg=False K=False(K=95.6>=38,rising) Kextr=False RSI=False(40.2>53) MACD=False(gate off) => BLOCK | PE: reg=True K=False(K=95.6<=80,falling) Kextr=True RSI=True(40.2<47) MACD=True(gate off) => BLOCK
2026-09-02 09:22:54,739 [INFO] [STATE][GAPBREAK] CE BFO:SENSEX2690376600CE ltp=185.75 entry=222.05 pnl=-36.30(-16.3%) sl=0.00 peak=225.10 tr_armed=False elapsed=16min
2026-09-02 09:22:58,171 [INFO] [periodic] Logs pushed to GitHub: Sensex_FlightRecorder_V2_5_20-SENSEX_20260902_092549.log, Sensex_BarLevel_V2_5_20-SENSEX_20260902_092549.csv
2026-09-02 09:28:02,462 [INFO] [APEX] open=0 trades=0 realized=+0.0pt/Rs+0 unreal=+0.0pt/Rs+0
2026-09-02 09:28:02,462 [INFO] [T5] open=0 trades=0 realized=+0.0pt/Rs+0 unreal=+0.0pt/Rs+0
2026-09-02 09:28:02,463 [INFO] [INDICATORS] spot=76425.3 | 1h: close=76495.6 sma20=76802.1 sma50=77128.6 rsi=40.2 macd=-201.71/-163.28(bear) | 15m: K=95.6↓(prev 98.5) | regime=PE-eligible any_active=True
2026-09-02 09:28:02,463 [INFO] [SIGNAL] CE: reg=False K=False(K=95.6>=38,rising) Kextr=False RSI=False(40.2>53) MACD=False(gate off) => BLOCK | PE: reg=True K=False(K=95.6<=80,falling) Kextr=True RSI=True(40.2<47) MACD=True(gate off) => BLOCK
2026-09-02 09:28:02,464 [INFO] [STATE][GAPBREAK] CE BFO:SENSEX2690376600CE ltp=165.65 entry=222.05 pnl=-56.40(-25.4%) sl=0.00 peak=225.10 tr_armed=False elapsed=21min
2026-09-02 09:28:05,120 [INFO] [periodic] Logs pushed to GitHub: Sensex_FlightRecorder_V2_5_20-SENSEX_20260902_092549.log, Sensex_BarLevel_V2_5_20-SENSEX_20260902_092549.csv
2026-09-02 09:33:09,372 [INFO] [APEX] open=0 trades=0 realized=+0.0pt/Rs+0 unreal=+0.0pt/Rs+0
2026-09-02 09:33:09,462 [INFO] [T5] open=0 trades=0 realized=+0.0pt/Rs+0 unreal=+0.0pt/Rs+0
2026-09-02 09:33:09,463 [INFO] [INDICATORS] spot=76397.2 | 1h: close=76495.6 sma20=76802.1 sma50=77128.6 rsi=40.2 macd=-201.71/-163.28(bear) | 15m: K=85.4↓(prev 95.6) | regime=PE-eligible any_active=True
2026-09-02 09:33:09,463 [INFO] [SIGNAL] CE: reg=False K=False(K=85.4>=38,rising) Kextr=False RSI=False(40.2>53) MACD=False(gate off) => BLOCK | PE: reg=True K=False(K=85.4<=80,falling) Kextr=True RSI=True(40.2<47) MACD=True(gate off) => BLOCK
2026-09-02 09:33:09,464 [INFO] [STATE][GAPBREAK] CE BFO:SENSEX2690376600CE ltp=153.20 entry=222.05 pnl=-68.85(-31.0%) sl=0.00 peak=225.10 tr_armed=False elapsed=26min
2026-09-02 09:33:12,884 [INFO] [periodic] Logs pushed to GitHub: Sensex_FlightRecorder_V2_5_20-SENSEX_20260902_092549.log, Sensex_BarLevel_V2_5_20-SENSEX_20260902_092549.csv
2026-09-02 09:38:17,053 [INFO] [APEX] open=0 trades=0 realized=+0.0pt/Rs+0 unreal=+0.0pt/Rs+0
2026-09-02 09:38:17,167 [INFO] [T5] open=0 trades=0 realized=+0.0pt/Rs+0 unreal=+0.0pt/Rs+0
2026-09-02 09:38:17,168 [INFO] [INDICATORS] spot=76376.0 | 1h: close=76495.6 sma20=76802.1 sma50=77128.6 rsi=40.2 macd=-201.71/-163.28(bear) | 15m: K=85.4↓(prev 95.6) | regime=PE-eligible any_active=True
2026-09-02 09:38:17,168 [INFO] [SIGNAL] CE: reg=False K=False(K=85.4>=38,rising) Kextr=False RSI=False(40.2>53) MACD=False(gate off) => BLOCK | PE: reg=True K=False(K=85.4<=80,falling) Kextr=True RSI=True(40.2<47) MACD=True(gate off) => BLOCK
2026-09-02 09:38:17,169 [INFO] [STATE][GAPBREAK] CE BFO:SENSEX2690376600CE ltp=155.10 entry=222.05 pnl=-66.95(-30.2%) sl=0.00 peak=225.10 tr_armed=False elapsed=31min
2026-09-02 09:38:19,875 [INFO] [periodic] Logs pushed to GitHub: Sensex_FlightRecorder_V2_5_20-SENSEX_20260902_092549.log, Sensex_BarLevel_V2_5_20-SENSEX_20260902_092549.csv
2026-09-02 09:42:23,788 [INFO] [APEX] ENTRY CE 76400 @ 304.1 (level+RSI-turn+energy+diverge) open=1
2026-09-02 09:43:25,862 [INFO] [APEX] open=1 trades=0 realized=+0.0pt/Rs+0 unreal=-15.1pt/Rs-301
2026-09-02 09:43:25,863 [INFO] [T5] open=0 trades=0 realized=+0.0pt/Rs+0 unreal=+0.0pt/Rs+0
2026-09-02 09:43:25,863 [INFO] [INDICATORS] spot=76435.3 | 1h: close=76495.6 sma20=76802.1 sma50=77128.6 rsi=40.2 macd=-201.71/-163.28(bear) | 15m: K=85.4↓(prev 95.6) | regime=PE-eligible any_active=True
2026-09-02 09:43:25,863 [INFO] [SIGNAL] CE: reg=False K=False(K=85.4>=38,rising) Kextr=False RSI=False(40.2>53) MACD=False(gate off) => BLOCK | PE: reg=True K=False(K=85.4<=80,falling) Kextr=True RSI=True(40.2<47) MACD=True(gate off) => BLOCK
2026-09-02 09:43:25,864 [INFO] [STATE][GAPBREAK] CE BFO:SENSEX2690376600CE ltp=183.50 entry=222.05 pnl=-38.55(-17.4%) sl=0.00 peak=225.10 tr_armed=False elapsed=36min
2026-09-02 09:43:28,505 [INFO] [periodic] Logs pushed to GitHub: Sensex_FlightRecorder_V2_5_20-SENSEX_20260902_092549.log, Sensex_BarLevel_V2_5_20-SENSEX_20260902_092549.csv
2026-09-02 09:44:29,606 [INFO] [APEX] ENTRY CE 76500 @ 233.8 (level+RSI-turn+energy+diverge) open=2
2026-09-02 09:45:00,812 [INFO] [CB] GAPBREAK loss (own count 1) — TOTAL across all engines=3/4 (reason=GAPBREAK_SQUARE_OFF)
2026-09-02 09:45:00,814 [INFO] EXIT: BFO:SENSEX2690376600CE @ 181.65 reason=GAPBREAK_SQUARE_OFF pnl/sh=-40.40 is_flip=False losses=1/4
2026-09-02 09:48:35,540 [INFO] [APEX] open=2 trades=0 realized=+0.0pt/Rs+0 unreal=-36.3pt/Rs-727
2026-09-02 09:48:35,540 [INFO] [T5] open=0 trades=0 realized=+0.0pt/Rs+0 unreal=+0.0pt/Rs+0
2026-09-02 09:48:35,540 [INFO] [INDICATORS] spot=76469.9 | 1h: close=76470.7 sma20=76762.4 sma50=77113.6 rsi=39.7 macd=-199.80/-170.58(bear) | 15m: K=84.0↓(prev 85.4) | regime=PE-eligible any_active=False
2026-09-02 09:48:35,541 [INFO] [SIGNAL] CE: reg=False K=False(K=84.0>=38,rising) Kextr=False RSI=False(39.7>53) MACD=False(gate off) => BLOCK | PE: reg=True K=False(K=84.0<=80,falling) Kextr=True RSI=True(39.7<47) MACD=True(gate off) => BLOCK
2026-09-02 09:48:38,939 [INFO] [periodic] Logs pushed to GitHub: Sensex_FlightRecorder_V2_5_20-SENSEX_20260902_092549.log, Sensex_BarLevel_V2_5_20-SENSEX_20260902_092549.csv
2026-09-02 09:52:12,074 [INFO] [APEX] EXIT CE 76500 233.8->221.9 -11.9pt Rs-239 [exhaust] | day -11.9pt Rs-239
2026-09-02 09:53:13,443 [INFO] [APEX] EXIT CE 76400 304.1->284.1 -20.0pt Rs-400 [exhaust] | day -31.9pt Rs-639
2026-09-02 09:53:44,553 [INFO] [APEX] open=0 trades=2 realized=-31.9pt/Rs-639 unreal=+0.0pt/Rs+0
2026-09-02 09:53:44,553 [INFO] [T5] open=0 trades=0 realized=+0.0pt/Rs+0 unreal=+0.0pt/Rs+0
2026-09-02 09:53:44,554 [INFO] [INDICATORS] spot=76469.9 | 1h: close=76470.7 sma20=76762.4 sma50=77113.6 rsi=39.7 macd=-199.80/-170.58(bear) | 15m: K=84.0↓(prev 85.4) | regime=PE-eligible any_active=False
2026-09-02 09:53:44,554 [INFO] [SIGNAL] CE: reg=False K=False(K=84.0>=38,rising) Kextr=False RSI=False(39.7>53) MACD=False(gate off) => BLOCK | PE: reg=True K=False(K=84.0<=80,falling) Kextr=True RSI=True(39.7<47) MACD=True(gate off) => BLOCK
2026-09-02 09:53:47,502 [INFO] [periodic] Logs pushed to GitHub: Sensex_FlightRecorder_V2_5_20-SENSEX_20260902_092549.log, Sensex_BarLevel_V2_5_20-SENSEX_20260902_092549.csv
2026-09-02 09:58:49,841 [INFO] [APEX] open=0 trades=2 realized=-31.9pt/Rs-639 unreal=+0.0pt/Rs+0
2026-09-02 09:58:49,842 [INFO] [T5] open=0 trades=0 realized=+0.0pt/Rs+0 unreal=+0.0pt/Rs+0
2026-09-02 09:58:49,842 [INFO] [INDICATORS] spot=76469.9 | 1h: close=76470.7 sma20=76762.4 sma50=77113.6 rsi=39.7 macd=-199.80/-170.58(bear) | 15m: K=84.0↓(prev 85.4) | regime=PE-eligible any_active=False
2026-09-02 09:58:49,842 [INFO] [SIGNAL] CE: reg=False K=False(K=84.0>=38,rising) Kextr=False RSI=False(39.7>53) MACD=False(gate off) => BLOCK | PE: reg=True K=False(K=84.0<=80,falling) Kextr=True RSI=True(39.7<47) MACD=True(gate off) => BLOCK
