2026-08-31 04:52:17,707 [INFO] [STATE][BASE] State from 2026-08-27 — resetting trades_today for 2026-08-31
2026-08-31 04:52:17,708 [INFO] [STATE][BASE] Loaded prior state. active=False losses=0
2026-08-31 04:52:17,708 [INFO] [STATE][VWAP] State from 2026-08-27 — resetting trades_today for 2026-08-31
2026-08-31 04:52:17,708 [INFO] [STATE][VWAP] Loaded prior state. active=False losses=0
2026-08-31 04:52:17,708 [INFO] [STATE][FUT5VWAP] State from 2026-08-27 — resetting trades_today for 2026-08-31
2026-08-31 04:52:17,708 [INFO] [STATE][FUT5VWAP] Loaded prior state. active=False losses=0
2026-08-31 04:52:17,708 [INFO] [STATE][ORB] State from 2026-08-27 — resetting trades_today for 2026-08-31
2026-08-31 04:52:17,708 [INFO] [STATE][ORB] Loaded prior state. active=False losses=0
2026-08-31 04:52:17,708 [INFO] [STATE][GAPBREAK] State from 2026-08-27 — resetting trades_today for 2026-08-31
2026-08-31 04:52:17,708 [INFO] [STATE][GAPBREAK] Loaded prior state. active=False losses=0
2026-08-31 04:52:17,709 [INFO] [STATE][EXPIRY] State from 2026-08-27 — resetting trades_today for 2026-08-31
2026-08-31 04:52:17,709 [INFO] [STATE][EXPIRY] Loaded prior state. active=False losses=0
2026-08-31 04:52:18,822 [INFO] [BOOT] Nifty FUT token: BSE_FO|844615 expiry=2026-09-24 sym=SENSEX26SEPFUT
2026-08-31 04:52:18,822 [INFO] [BOOT] Expiry: 2026-09-03, 130 strikes, 260 option contracts
2026-08-31 04:52:18,822 [INFO] [BOOT] PAPER mode (kite_paper) — mStock init + self-test SKIPPED (bypassed).
2026-08-31 04:52:19,231 [INFO] [PIVOTS] P=77204 R1=77419 R2=77573 S1=77049 S2=76834
2026-08-31 04:52:19,232 [INFO] [OI Plan] No valid plan found — running without OI levels (normal mode)
2026-08-31 04:52:19,232 [INFO] [V2.5.20] 6 independent engines armed: BASE, VWAP, FUT5VWAP, ORB, GAPBREAK, EXPIRY (regime=CHOP, gap_suppress_until=n/a)
2026-08-31 04:52:19,232 [INFO] 
2026-08-31 04:52:19,232 [INFO] +========================================================================+
2026-08-31 04:52:19,232 [INFO] | ORION V2.5.15 — STRATEGY DESIGN                                        |
2026-08-31 04:52:19,233 [INFO] | Backtest: 363 trades | PnL Rs +6,88,158 | WR 64.5% | MaxDD -1,119     |
2026-08-31 04:52:19,233 [INFO] +========================================================================+
2026-08-31 04:52:19,233 [INFO] | ENGINE V2 (fires every 15m close — regime: BULL/BEAR/TRANSITION only)  |
2026-08-31 04:52:19,233 [INFO] |   CE: 1h close>SMA20>SMA50 | K>=38 rising | K<25 recently             |
2026-08-31 04:52:19,233 [INFO] |        RSI>53 | MACD bull | premium 30-180                             |
2026-08-31 04:52:19,233 [INFO] |   PE: 1h close<SMA20<SMA50 | K<=80 falling K>=25 | K>75 recently      |
2026-08-31 04:52:19,233 [INFO] |        RSI<47 | MACD bear | premium 30-300                             |
2026-08-31 04:52:19,233 [INFO] |                                                                         |
2026-08-31 04:52:19,233 [INFO] | ENGINE V3 (15m G/R cluster break/reject — fires in any regime)         |
2026-08-31 04:52:19,233 [INFO] |   Grade A (>=3 source kinds) / Grade B (>=2)                           |
2026-08-31 04:52:19,233 [INFO] |   PDC excluded from clusters; G/R need >=25pt buffer from PDC          |
2026-08-31 04:52:19,233 [INFO] |   premium 30-180 CE / 30-300 PE                                        |
2026-08-31 04:52:19,233 [INFO] |                                                                         |
2026-08-31 04:52:19,233 [INFO] | ENGINE VWAP (triple confirmation — fires in any regime)                 |
2026-08-31 04:52:19,233 [INFO] |   1. Nifty FUTURES 15m close crosses FUT VWAP, body>=65% (PRIMARY)     |
2026-08-31 04:52:19,233 [INFO] |   2. Nifty SPOT 15m close same direction above/below spot VWAP         |
2026-08-31 04:52:19,233 [INFO] |   3. ATM CE/PE LTP also above/below its daily VWAP simultaneously      |
2026-08-31 04:52:19,234 [INFO] |   premium 30-180 CE / 30-300 PE                                        |
2026-08-31 04:52:19,234 [INFO] |                                                                         |
2026-08-31 04:52:19,234 [INFO] | ENGINE FLIP (opposite-side only, max 3/day, excluded from CB)          |
2026-08-31 04:52:19,234 [INFO] |   Path A (in-trade): elapsed>=30 + peak>=entry+15 + LTP<=entry+10      |
2026-08-31 04:52:19,234 [INFO] |   Path B (post-exit): K reversal within 60min                          |
2026-08-31 04:52:19,234 [INFO] |                                                                         |
2026-08-31 04:52:19,234 [INFO] | UNIVERSAL EXIT (priority order):                                        |
2026-08-31 04:52:19,234 [INFO] |   1. HARDSL -18%                                                        |
2026-08-31 04:52:19,234 [INFO] |   2. Continuous trail: arms when peak>=entry+15, SL=peak-5             |
2026-08-31 04:52:19,234 [INFO] |      floor=entry+10, ratchets up with peak (never down)                |
2026-08-31 04:52:19,234 [INFO] |   3. VWAP trades: exit when opt 15m close < opt VWAP                  |
2026-08-31 04:52:19,234 [INFO] |   4. V2/V3/FLIP trades: SMA8(low) trail on 15m                        |
2026-08-31 04:52:19,234 [INFO] |   5. Force close 15:25  6. CB=3 non-flip losses                        |
2026-08-31 04:52:19,234 [INFO] |                                                                         |
2026-08-31 04:52:19,234 [INFO] | INFORMATIONAL (no trade gate): Straddle alerts | Options VWAP          |
2026-08-31 04:52:19,234 [INFO] +========================================================================+
2026-08-31 04:52:19,235 [INFO] 
2026-08-31 04:52:19,235 [INFO] V2.5.20 [2026-08-31] HOTFIX: NameError SCRIPT_DIR crashed the bot on every boot.
2026-08-31 04:52:19,235 [INFO]   The 2026-08-29 trade-recorder addition referenced `SCRIPT_DIR`, but this file
2026-08-31 04:52:19,235 [INFO]   only ever defines `_SCRIPT_DIR` (underscore). Bot died in <2s on all 50 restart
2026-08-31 04:52:19,235 [INFO]   attempts this morning and gave up before EOD -- no trades taken 08-31 09:19-10:21
2026-08-31 04:52:19,235 [INFO]   IST. Fixed TRADES_CSV to use `_SCRIPT_DIR`. Evidence: ~/orion_sensex_run.log,
2026-08-31 04:52:19,235 [INFO]   attempts 1-50, all identical traceback at line 5855. Revert:
2026-08-31 04:52:19,236 [INFO]   ORION_SENSEX_V2520_BACKUP_20260831_pre_scriptdir_fix.py. Status: fixed,
2026-08-31 04:52:19,236 [INFO]   restarted manually intraday 10:21 IST -- pending confirmation of clean boot.
2026-08-31 04:52:19,236 [INFO] V2.5.20 [2026-08-30] ORB + EXPIRY EXEMPTED FROM THE CROSS-ENGINE CIRCUIT BREAKER.
2026-08-31 04:52:19,236 [INFO]   User, after the 08-29 changelog review: "no. of trades limit or sl hit
2026-08-31 04:52:19,236 [INFO]   halting should not be applied to orb and expiry engines. these are
2026-08-31 04:52:19,236 [INFO]   required." (Also confirmed the 08-29 stacking fix does NOT need to change:
2026-08-31 04:52:19,236 [INFO]   ORB/EXPIRY were never in _OVERLAP_ENGINES = [BASE, VWAP, FUT5VWAP], so they
2026-08-31 04:52:19,236 [INFO]   never stacked and nothing there needed touching. EXP12/EXP1/EXP2 shadow book
2026-08-31 04:52:19,236 [INFO]   already runs with no gates at all, unaffected either way.)
2026-08-31 04:52:19,236 [INFO]   WHAT: added _halt_exempt = (_base in ("ORB", "EXPIRY")) to the entry gate;
2026-08-31 04:52:19,236 [INFO]   _entry_allowed now ignores DAY.halted / GLOBAL_HALTED for these two engines
2026-08-31 04:52:19,236 [INFO]   unconditionally, in both PAPER and LIVE broker modes. Previously the global
2026-08-31 04:52:19,236 [INFO]   4-loss circuit breaker (any engine's losses, not just its own) set
2026-08-31 04:52:19,236 [INFO]   DAY.halted=True on every engine including these two, and in LIVE mode that
2026-08-31 04:52:19,236 [INFO]   fully blocked their new entries (paper mode already happened to be
2026-08-31 04:52:19,236 [INFO]   permissive via _cb_paper_mode, but only incidentally -- this makes it
2026-08-31 04:52:19,236 [INFO]   explicit and mode-independent). BASE/VWAP/FUT5VWAP/GAPBREAK are UNCHANGED
2026-08-31 04:52:19,237 [INFO]   and still halt normally.
2026-08-31 04:52:19,237 [INFO]   NO BACKTEST -- pure gating change per explicit user instruction, not a
2026-08-31 04:52:19,237 [INFO]   measured edge claim.
2026-08-31 04:52:19,237 [INFO]   REVERT: delete the _halt_exempt line and its `or _halt_exempt` use, or
2026-08-31 04:52:19,237 [INFO]           ORION_SENSEX_V2520_BACKUP_20260830_pre_halt_exempt.py
2026-08-31 04:52:19,237 [INFO]   STATUS: [USER] live on the next boot, Mon 2026-08-31.
2026-08-31 04:52:19,237 [INFO] 
2026-08-31 04:52:19,237 [INFO] V2.5.20 [2026-08-29] CE_BUY_ENABLED flag added (default True, NO behaviour change).
2026-08-31 04:52:19,237 [INFO]   Buying a CALL measured EV -1.067 pts over 91 sessions / 262,911 CE option-
2026-08-31 04:52:19,237 [INFO]   minutes, 95% CI [-2.179,-0.192] -- excludes zero, an ESTABLISHED loser. Puts
2026-08-31 04:52:19,237 [INFO]   are -0.088 (CI includes zero). Half-sizing was tried first and is a NO-OP:
2026-08-31 04:52:19,237 [INFO]   every engine is at 1 lot, so max(1, round(1*0.5)) == 1. At 1-lot sizing this
2026-08-31 04:52:19,237 [INFO]   is binary. Left ENABLED because disabling halves trade count and the user
2026-08-31 04:52:19,237 [INFO]   wants trades firing, and because the PE-minus-CE difference CI still includes
2026-08-31 04:52:19,237 [INFO]   zero -- only the CE loss is established, not the asymmetry.
2026-08-31 04:52:19,237 [INFO]   Set CE_BUY_ENABLED = False to act on it. Flag is declared and documented but
2026-08-31 04:52:19,237 [INFO]   NOT yet wired into the entry path -- wiring it is the next step if chosen.
2026-08-31 04:52:19,238 [INFO]   REVERT: *_BACKUP_20260829_pre_ce_halfsize.py
2026-08-31 04:52:19,238 [INFO]   STATUS: [BT] measured; flag inert by default.
2026-08-31 04:52:19,238 [INFO] 
2026-08-31 04:52:19,238 [INFO] V2.5.20 [2026-08-29] MAKE THE SILENT ENGINES FIRE — ORB regime gate + V3 probe fills.
2026-08-31 04:52:19,238 [INFO]   User: "i want all engines repaired and trades should be firing."
2026-08-31 04:52:19,238 [INFO]   Two engines were producing signals that never became trades.
2026-08-31 04:52:19,238 [INFO]   (1) ORB — was standing down on 27 of 40 live days (TRANSITION 14, CHOP 13) and
2026-08-31 04:52:19,238 [INFO]       there had been NO BULL/BEAR day since 08-17, so it fired zero times for six
2026-08-31 04:52:19,238 [INFO]       straight sessions, including 08-27 (NIFTY -187 closing on the low, SENSEX
2026-08-31 04:52:19,238 [INFO]       -643 on the low) which is the exact one-way trend an opening-range break is
2026-08-31 04:52:19,238 [INFO]       built for. The gate was also stricter than anything validated: only
2026-08-31 04:52:19,238 [INFO]       SIDEWAYS-skip was ever backtested; the live proxy collapsed TRANSITION AND
2026-08-31 04:52:19,238 [INFO]       CHOP into skip and its own comment admits it is "stricter (skip-more)".
2026-08-31 04:52:19,238 [INFO]       V2's regime_allows_trade() already permits TRANSITION.
2026-08-31 04:52:19,238 [INFO]       198-session check (spot pts, OR break, live ORB exit params):
2026-08-31 04:52:19,238 [INFO]         SENSEX BULL +8.71  BEAR +10.52  TRANSITION +3.34  CHOP +1.75
2026-08-31 04:52:19,238 [INFO]         NIFTY  BULL +1.30  BEAR  -0.88  TRANSITION +0.19  CHOP +2.62
2026-08-31 04:52:19,238 [INFO]       TRANSITION is positive on both, lower quality than BULL/BEAR but not
2026-08-31 04:52:19,238 [INFO]       harmful. => ORB_ALLOWED_REGIMES = (BULL, BEAR, TRANSITION); CHOP still out.
2026-08-31 04:52:19,239 [INFO]       Expected effect: ORB active on ~68% of days instead of ~32%.
2026-08-31 04:52:19,239 [INFO]   (2) V3 PROBE — the engine committed to a signal, placed a resting limit, then
2026-08-31 04:52:19,239 [INFO]       never got filled. NIFTY filled 13 of 30 (43%); SENSEX filled 0 of 8.
2026-08-31 04:52:19,239 [INFO]       Pullback NIFTY 8.0 -> 4.0, SENSEX 26.0 -> 13.0, window 15 -> 25 min.
2026-08-31 04:52:19,239 [INFO]       Trades a slightly worse entry price for actually being in the trade.
2026-08-31 04:52:19,239 [INFO]   NOT VALIDATED AS PROFIT. Both are frequency fixes measured in spot points;
2026-08-31 04:52:19,239 [INFO]   forward paper is the only referee. If ORB's win rate on TRANSITION days comes
2026-08-31 04:52:19,239 [INFO]   in worse than on BULL/BEAR over a real forward sample, revert first.
2026-08-31 04:52:19,239 [INFO]   REVERT: ORB_ALLOWED_REGIMES = ('BULL','BEAR'); probe pullback 8.0/26.0,
2026-08-31 04:52:19,239 [INFO]           window 15; or *_BACKUP_20260829_pre_firing.py
2026-08-31 04:52:19,239 [INFO]   STATUS: [USER][FWD] live on the next boot, Mon 2026-08-31.
2026-08-31 04:52:19,239 [INFO] 
2026-08-31 04:52:19,240 [INFO] V2.5.20 [2026-08-29] VWAP REPAIR — LEGACY_OVERLAP_SLOTS 4 -> 0 (both bots).
2026-08-31 04:52:19,240 [INFO]   User: "but also repair vwap".
2026-08-31 04:52:19,240 [INFO]   WHAT WAS ACTUALLY WRONG (measured, all 165 live trades 07-06..08-28):
2026-08-31 04:52:19,240 [INFO]   BASE/VWAP/FUT5VWAP each had 5 concurrent position slots and dedup ran per-BAR
2026-08-31 04:52:19,240 [INFO]   only -- nothing checked whether that strike was already open. Result:
2026-08-31 04:52:19,240 [INFO]       single positions  n=41  win 46%  mean +0.74pt
2026-08-31 04:52:19,240 [INFO]       stacked positions n=124 win 48%  mean +0.68pt
2026-08-31 04:52:19,240 [INFO]   Identical per-trade expectancy => the extra slots add NO EDGE, they only
2026-08-31 04:52:19,240 [INFO]   multiply size and variance. 24 of 40 stack events finished worse than the
2026-08-31 04:52:19,240 [INFO]   first slot alone; net cost Rs2,261; the damage is all in the tails (07-23
2026-08-31 04:52:19,240 [INFO]   stacked 4x into 24000CE -Rs7,248 vs -Rs1,398 for one slot; 08-13 stacked 7x
2026-08-31 04:52:19,240 [INFO]   -Rs7,213 vs -Rs959). 08-28 bought 24100PE twice 14 minutes apart and stopped
2026-08-31 04:52:19,240 [INFO]   both: -Rs1,739 instead of -Rs875. It also silently broke the standing 1-LOT
2026-08-31 04:52:19,241 [INFO]   rule -- VWAP could hold 5 lots at once. SLOT_LIST goes 18 -> 6.
2026-08-31 04:52:19,241 [INFO]   WHAT I DID **NOT** CHANGE, AND WHY:
2026-08-31 04:52:19,241 [INFO]    * CLIMAX FILTER (body>=87%) -- a 6-session n=14 sample suggested it was
2026-08-31 04:52:19,241 [INFO]      vetoing the best bars (79% continuation, +47pt/60m vs 52%/+13pt). RE-TESTED
2026-08-31 04:52:19,241 [INFO]      on 147 sessions (2025-12-24..2026-08-28, 3,381 15m bars/index): NIFTY shows
2026-08-31 04:52:19,241 [INFO]      NO difference (+60m +3.74 vetoed vs +4.37 kept, t=-0.14); SENSEX is
2026-08-31 04:52:19,241 [INFO]      suggestive but NOT significant (+14.27 vs +3.01, t=+0.77). The n=14 result
2026-08-31 04:52:19,241 [INFO]      was noise. Filter left exactly as is.
2026-08-31 04:52:19,241 [INFO]    * HARDSL_PCT -- the 08-29 study showed -18% sits inside the option's own
2026-08-31 04:52:19,241 [INFO]      noise (5 of 7 stops fired on index moves <0.1%), but the ATR-stop backtest
2026-08-31 04:52:19,242 [INFO]      could not clear G1 (34/53 entries locatable) and its baseline was Rs8,037
2026-08-31 04:52:19,242 [INFO]      from live, so NO stop change is justified yet. The trade recorder added the
2026-08-31 04:52:19,242 [INFO]      same day is what will settle it.
2026-08-31 04:52:19,242 [INFO]   REVERT: ORION_PAPER_V2_5_20_BACKUP_20260829_pre_overlapslots.py
2026-08-31 04:52:19,242 [INFO]           ORION_SENSEX_V2520_BACKUP_20260829_pre_overlapslots.py
2026-08-31 04:52:19,242 [INFO]   STATUS: [BT][USER] effective on the next boot, Mon 2026-08-31.
2026-08-31 04:52:19,242 [INFO] 
2026-08-31 04:52:19,242 [INFO] V2.5.20 [2026-08-29] TRADE RECORDER — per-trade CSV with DTE, MFE/MAE, option ATR.
2026-08-31 04:52:19,242 [INFO]   User: "write its expiry-1 days also, so will know the decay part also."
2026-08-31 04:52:19,242 [INFO]   WHY: the ENTRY: log line carries NO timestamp, so a closed trade cannot be
2026-08-31 04:52:19,242 [INFO]   located on the option's 1-minute tape afterwards. Reconstructing entries by
2026-08-31 04:52:19,242 [INFO]   price-matching failed for 19 of 53 VWAP trades (64%), which is exactly why the
2026-08-31 04:52:19,242 [INFO]   2026-08-29 ATR-stop backtest could not clear its G1 gate (and its baseline came
2026-08-31 04:52:19,242 [INFO]   out Rs8,037 away from the live result, because it had to discard the 19 TRAIL
2026-08-31 04:52:19,242 [INFO]   exits worth +Rs18,807 that it could not model). Bar-level CSVs cannot recover
2026-08-31 04:52:19,242 [INFO]   this either -- they sample ~5min and hold only ONE position, so with 5 overlap
2026-08-31 04:52:19,243 [INFO]   slots they produced 32 phantom entries for 3 real trades on 08-26.
2026-08-31 04:52:19,243 [INFO]   WHAT: Nifty_Trades_V2_5_20.csv / Sensex_Trades_V2_5_20.csv, one row per closed
2026-08-31 04:52:19,243 [INFO]   trade: entry_ts, exit_ts, held_min, engine+detail, symbol/side/strike,
2026-08-31 04:52:19,243 [INFO]   expiry, DTE, lots, entry/exit premium, reason, pts, rupees, MFE/MAE premium
2026-08-31 04:52:19,243 [INFO]   and points, the OPTION's own 14x1min ATR at entry and as % of premium,
2026-08-31 04:52:19,243 [INFO]   sl_level, entry/exit spot and spot_move.
2026-08-31 04:52:19,243 [INFO]   DTE answers the decay question: whether a stop was hit by direction or by
2026-08-31 04:52:19,243 [INFO]   theta as expiry approached. MFE/MAE answers whether a stop cut a real loser
2026-08-31 04:52:19,243 [INFO]   or ejected a trade that was working.
2026-08-31 04:52:19,243 [INFO]   EXPIRY IS TAKEN FROM TARGET_EXPIRY_DATE, NOT PARSED from the tradingsymbol:
2026-08-31 04:52:19,244 [INFO]   a monthly symbol does not encode the day, and "last Thursday" is wrong on both
2026-08-31 04:52:19,244 [INFO]   exchanges now (NSE weekly = Tuesday, BSE = Thursday) -- an end-to-end test
2026-08-31 04:52:19,244 [INFO]   decoded NIFTY26AUG as 2026-08-31 when the real expiry was 08-25.
2026-08-31 04:52:19,244 [INFO]   _expiry_from_symbol() is a weekly-only fallback and returns None for monthly
2026-08-31 04:52:19,244 [INFO]   rather than guessing.
2026-08-31 04:52:19,244 [INFO]   RECORDING ONLY -- no entry, exit or sizing behaviour changes. POS gains
2026-08-31 04:52:19,244 [INFO]   trough_premium (MAE), atr_entry, expiry_date; LAST_SPOT global refreshed each
2026-08-31 04:52:19,244 [INFO]   pulse in check_exits() so the recorder has a spot at every call site; the whole
2026-08-31 04:52:19,244 [INFO]   writer is wrapped in try/except so a logging fault can never break an exit.
2026-08-31 04:52:19,244 [INFO]   VERIFIED end-to-end against the real 2026-08-28 VWAP trade (74.80 -> 61.34,
2026-08-31 04:52:19,244 [INFO]   -Rs875): every field reproduced, DTE=2, atr_pct=4.36%.
2026-08-31 04:52:19,244 [INFO]   REVERT: ORION_PAPER_V2_5_20_BACKUP_20260829_pre_traderecorder.py
2026-08-31 04:52:19,244 [INFO]           ORION_SENSEX_V2520_BACKUP_20260829_pre_traderecorder.py
2026-08-31 04:52:19,244 [INFO]   STATUS: [USER][FWD] first rows land Mon 2026-08-31. Nothing recoverable for the
2026-08-31 04:52:19,244 [INFO]   37 days already logged.
2026-08-31 04:52:19,244 [INFO] 
2026-08-31 04:52:19,244 [INFO] V2.5.20 [2026-08-29] FUT5VWAP 3 lots -> 1 lot (BOTH bots), user-directed.
2026-08-31 04:52:19,245 [INFO]   User: "i want that one engine which takes 3 lots, is it working fine, if not
2026-08-31 04:52:19,245 [INFO]   reduce to 1 lot."  It is not working fine.
2026-08-31 04:52:19,245 [INFO]   EVIDENCE (live log 2026-07-06..08-28, orion_v2520_run.log, 155 exits parsed):
2026-08-31 04:52:19,245 [INFO]     FUT5VWAP  18 trades  14 wins (77.8%)  net -42.88pt  = -Rs8,362 at 3 lots
2026-08-31 04:52:19,245 [INFO]   The high win rate is an artifact of the exit shape, not edge: wins are capped
2026-08-31 04:52:19,245 [INFO]   at the +4.00pt LOCK_FLOOR (avg win +5.51pt) while the 4 losses each ran the
2026-08-31 04:52:19,245 [INFO]   full -30.00pt stop. Break-even win rate at that payoff = 84.5%; actual 77.8%.
2026-08-31 04:52:19,245 [INFO]   It was the single worst engine in the book by rupees, purely because of the 3x.
2026-08-31 04:52:19,245 [INFO]   NUANCE, stated so it is not lost: all 4 losses are BEFORE the 08-17 stop
2026-08-31 04:52:19,245 [INFO]   tightening (30->25pt). Since then only 2 trades have closed (08-25 +4.00,
2026-08-31 04:52:19,245 [INFO]   08-28 +4.00), both wins. So the 08-17 fix may well work -- but n=2 is not
2026-08-31 04:52:19,245 [INFO]   evidence, and an unproven engine should not carry triple size. Re-raise to 3
2026-08-31 04:52:19,245 [INFO]   only after a forward sample large enough to beat the 84.5% break-even bar.
2026-08-31 04:52:19,245 [INFO]   REVERT: ORION_PAPER_V2_5_20_BACKUP_20260829_pre_fut5_1lot.py
2026-08-31 04:52:19,245 [INFO]           ORION_SENSEX_V2520_BACKUP_20260829_pre_fut5_1lot.py
2026-08-31 04:52:19,245 [INFO]   STATUS: [USER][FWD] takes effect on the next boot (Mon 2026-08-31).
2026-08-31 04:52:19,245 [INFO] 
2026-08-31 04:52:19,246 [INFO] === ORION CHANGE HISTORY (V2.2.2 -> V2.5.9) ===
2026-08-31 04:52:19,246 [INFO] 
2026-08-31 04:52:19,246 [INFO] V2.2.2 [PRODUCTION BASELINE — T10]
2026-08-31 04:52:19,246 [INFO]   Entry : 1h SMA20/50 regime + 15m StochRSI K (CE>=38 rising, PE<=80 falling)
2026-08-31 04:52:19,246 [INFO]   Exit  : HARDSL -35%, TIME_SL 210min/-20%, BE +15% -> option SMA8(low) trail
2026-08-31 04:52:19,246 [INFO]   CB=2, 1 lot, no flip, no V3, no chop filter
2026-08-31 04:52:19,246 [INFO] 
2026-08-31 04:52:19,246 [INFO] V2.3  [+V3 CLUSTER LEVELS]
2026-08-31 04:52:19,246 [INFO]   + PDH/PDL/round_50/round_100/PDC/1h swing pivots clustered within 20pts
2026-08-31 04:52:19,246 [INFO]   + Grade A (>=3 source kinds) / Grade B (>=2)
2026-08-31 04:52:19,246 [INFO]   + ADX regime classifier (BULL/BEAR/CHOP/TRANSITION)
2026-08-31 04:52:19,246 [INFO] 
2026-08-31 04:52:19,246 [INFO] V2.4  [+EXIT UPGRADES]
2026-08-31 04:52:19,246 [INFO]   + 15m option SMA8(low) trail (KEPT in all future versions)
2026-08-31 04:52:19,246 [INFO]   + ATR-based exits (REMOVED — not robust enough)
2026-08-31 04:52:19,246 [INFO]   + BE armor at +15% (REMOVED later — net negative in backtest)
2026-08-31 04:52:19,246 [INFO] 
2026-08-31 04:52:19,246 [INFO] V2.5.0  [HYBRID V2+V3 + TIME-RATCHET]
2026-08-31 04:52:19,247 [INFO]   + Hybrid V2+V3 entry (V2 priority on same-bar tiebreak)
2026-08-31 04:52:19,247 [INFO]   + Time-ratchet exit: 90min / +20 step
2026-08-31 04:52:19,247 [INFO] 
2026-08-31 04:52:19,247 [INFO] V2.5.1  [ENTRY REFINEMENT]
2026-08-31 04:52:19,247 [INFO]   + V2 PE_floor=25 (K>=25 required for PE entry)
2026-08-31 04:52:19,247 [INFO]   + V2 CE: no upper K cap (cap tested and REJECTED — hurts WR)
2026-08-31 04:52:19,247 [INFO]   + V2 priority confirmed: +Rs 52k vs V3-priority
2026-08-31 04:52:19,247 [INFO] 
2026-08-31 04:52:19,247 [INFO] V2.5.2  [FLIP RULE +Rs 130k]
2026-08-31 04:52:19,247 [INFO]   + Path A flip (in-trade): elapsed>=30 + peak>=entry+15 + LTP<=entry+10 + K reversed
2026-08-31 04:52:19,247 [INFO]   + Path B flip (post-exit): K reversal within 60min
2026-08-31 04:52:19,247 [INFO]   + Opposite-side only (same-side continuation REJECTED: -Rs 191k CATASTROPHIC)
2026-08-31 04:52:19,247 [INFO]   + CE->PE: K falling, 25<=K<=80 | PE->CE: K rising, K>=38
2026-08-31 04:52:19,247 [INFO] 
2026-08-31 04:52:19,247 [INFO] V2.5.3  [V3 SINGLETONS + HARDSL LOCKED]
2026-08-31 04:52:19,247 [INFO]   + Promoted singletons: PDH/PDL/round_100(+-200 PDC)/swing pivots standalone Grade B
2026-08-31 04:52:19,247 [INFO]   + HARDSL locked at -25% (swept -35% to -15%; -25% optimal)
2026-08-31 04:52:19,247 [INFO]   + PnL Rs +3,14,418
2026-08-31 04:52:19,248 [INFO] 
2026-08-31 04:52:19,248 [INFO] V2.5.4  [FLIP CAP]
2026-08-31 04:52:19,248 [INFO]   + MAX_FLIPS_PER_DAY=3 (flips 1-3 win Rs 131k; flips 4+ lose Rs 21k)
2026-08-31 04:52:19,248 [INFO]   + PnL Rs +3,23,851
2026-08-31 04:52:19,248 [INFO] 
2026-08-31 04:52:19,248 [INFO] V2.5.5  [CHOP FILTER +Rs 49k]
2026-08-31 04:52:19,248 [INFO]   + RSI [47,53] indecision band blocks ALL entries
2026-08-31 04:52:19,248 [INFO]   + PnL Rs +3,72,598
2026-08-31 04:52:19,248 [INFO] 
2026-08-31 04:52:19,248 [INFO] V2.5.6  [V3 PDC CONTAMINATION FIX — LOCKED Rs 3,85,724 / WR 35.7%]
2026-08-31 04:52:19,248 [INFO]   + Exclude PDC from clustering (PDC is reference, not tradeable level)
2026-08-31 04:52:19,248 [INFO]   + G/R require >=25pt buffer from PDC (motivated by 2026-05-18 bad paper trade)
2026-08-31 04:52:19,248 [INFO]   + PnL Rs +3,85,724 / MaxDD -1,331 / Red 5/18
2026-08-31 04:52:19,248 [INFO] 
2026-08-31 04:52:19,248 [INFO] V2.5.7  [VELVET ROPE + RATCHET +Rs 1,14,324 / WR 35.7%->55.4%]
2026-08-31 04:52:19,249 [INFO]   + Velvet Rope: premium hits entry+15 -> SL immediately to entry+2
2026-08-31 04:52:19,249 [INFO]   + Ratchet Gate: 30min elapsed + entry+25 -> SL to entry+15
2026-08-31 04:52:19,249 [INFO]   + Runner Trail: +20 per +20pts peak (one-way)
2026-08-31 04:52:19,249 [INFO]   + Trade-off: Red months 5->10/18, MaxDD -1,331->-1,885
2026-08-31 04:52:19,249 [INFO] 
2026-08-31 04:52:19,249 [INFO] V2.5.8  [K EXTREME + FULL SMA ALIGNMENT]
2026-08-31 04:52:19,249 [INFO]   + K extreme filter: CE entry only if K<25 recently (3 bars); PE if K>75 recently
2026-08-31 04:52:19,249 [INFO]   + Full SMA alignment: CE needs close>SMA20>SMA50 (was just close>SMA20)
2026-08-31 04:52:19,249 [INFO] 
2026-08-31 04:52:19,249 [INFO] V2.5.9  [Rs 6,70,425 / WR 66.9% / 357 trades / MaxDD -1,485 / Red 8/18]
2026-08-31 04:52:19,249 [INFO]   + RSI DIRECTIONAL GATE replaces RSI [47,53] chop filter:
2026-08-31 04:52:19,249 [INFO]       CE: 1h RSI>53 required | PE: 1h RSI<47 required
2026-08-31 04:52:19,249 [INFO]   + MACD 1h alignment: CE needs MACD_line>signal; PE needs MACD_line<signal
2026-08-31 04:52:19,249 [INFO]   + Premium gate: 30<=entry_LTP<=180 (blocks deep OTM and IV-spike entries)
2026-08-31 04:52:19,249 [INFO]   + Tightened exit params: RI=12 (was 15), RT=20 (was 30), RS=25 (was 20)
2026-08-31 04:52:19,249 [INFO]   + CB=3 (was 4)
2026-08-31 04:52:19,249 [INFO]   + Straddle monitoring: informational Telegram at 9:45 and 11:30
2026-08-31 04:52:19,249 [INFO]   + Options VWAP: informational context at entry/pulse/exit
2026-08-31 04:52:19,250 [INFO] 
2026-08-31 04:52:19,250 [INFO] V2.5.12 [CURRENT LOCKED — Rs 6,88,158 / WR 64.5% / 363 trades / MaxDD -1,119 / Red 5/18]
2026-08-31 04:52:19,250 [INFO]   SOURCE: VRL (Vishal Rajput) code analysis — peak-based ratchet ladder
2026-08-31 04:52:19,250 [INFO]   + HARDSL tightened -25% → -18% (faster loss cut, less capital exposed)
2026-08-31 04:52:19,250 [INFO]   + 20-min time gate REMOVED — purely peak-based ladder (no waiting)
2026-08-31 04:52:19,250 [INFO]   + Ladder Tier2: peak >= entry+24 → SL = entry+12 (immediate)
2026-08-31 04:52:19,250 [INFO]   + Ladder Tier3: peak >= entry+36 → SL = entry+24 (immediate)
2026-08-31 04:52:19,250 [INFO]   + Entry logic UNCHANGED from V2.5.9
2026-08-31 04:52:19,250 [INFO]   + Validated: real option data (May 4-21 2026, 12 days)
2026-08-31 04:52:19,250 [INFO]   + Key improvement: MaxDD -1,485 → -1,119 (-25%), Red months 8 → 5
2026-08-31 04:52:19,250 [INFO] 
2026-08-31 04:52:19,250 [INFO] V2.5.12-LIVE [2026-05-29 — FIRST LIVE TRADING SESSION WITH mSTOCK EXECUTION]
2026-08-31 04:52:19,250 [INFO]   + EXECUTION_BROKER switched from kite_paper → mstock_live
2026-08-31 04:52:19,250 [INFO]   + mStock Type B API integrated: login → set_access_token → verify_totp (TOTP auto)
2026-08-31 04:52:19,250 [INFO]   + Instrument master: direct fetch from OpenAPIScripMaster (173k symbols, name field)
2026-08-31 04:52:19,250 [INFO]   + order_status: mStock returns 'Traded' status (not 'COMPLETE') — mapped correctly
2026-08-31 04:52:19,250 [INFO]   + place_order: disclosedquantity="0" required (blank causes IA400 rejection)
2026-08-31 04:52:19,250 [INFO]   + IP 18.212.243.203 (PythonAnywhere) whitelisted in mStock API settings
2026-08-31 04:52:19,251 [INFO]   + BUY: 15s timeout, cancel-and-check on timeout, abort if not filled
2026-08-31 04:52:19,251 [INFO]   + SELL: 3 retries × 5s, 🚨 CRITICAL Telegram alert if all fail, POS.active stays True
2026-08-31 04:52:19,251 [INFO]   + V3 REGIME GATE REMOVED: V3 now fires in CHOP/INSUFFICIENT regime
2026-08-31 04:52:19,251 [INFO]       Root cause of bug: regime gate wrapped ALL signals including V3;
2026-08-31 04:52:19,251 [INFO]       V3 uses cluster break/reject as its own confirmation — ADX not needed
2026-08-31 04:52:19,251 [INFO]       V2 and FLIP remain regime-gated (BULL/BEAR/TRANSITION only)
2026-08-31 04:52:19,251 [INFO]   + V3 engine: acts on ALL Grade A/B clusters simultaneously (not just nearest)
2026-08-31 04:52:19,251 [INFO]   + PREMIUM_MAX asymmetric: CE=180 (unchanged), PE=300 (was 180, captures panic moves)
2026-08-31 04:52:19,251 [INFO]   + VWAP double confirmation engine (new):
2026-08-31 04:52:19,251 [INFO]       Fires when Nifty 15m bar crosses daily VWAP with body>=50% range
2026-08-31 04:52:19,251 [INFO]       AND ATM CE/PE LTP is also above/below its daily VWAP simultaneously
2026-08-31 04:52:19,251 [INFO]       Self-confirming like V3 — no regime gate
2026-08-31 04:52:19,251 [INFO]   + LOTS_PER_TRADE = 2 (live)
2026-08-31 04:52:19,251 [INFO] 
2026-08-31 04:52:19,251 [INFO] V2.5.13 [VWAP TRAIL EXIT + BOOT SELF-TEST + STABILITY FIXES]
2026-08-31 04:52:19,251 [INFO]   + VWAP engine trades: trail exit uses option's own VWAP (15m close < option VWAP)
2026-08-31 04:52:19,251 [INFO]     instead of SMA8(low) trail — holds through pullbacks better on VWAP-confirmed moves
2026-08-31 04:52:19,252 [INFO]   + V2/V3/FLIP trades: keep original SMA8(low) trail (unchanged)
2026-08-31 04:52:19,252 [INFO]   + Boot self-test: BUY (LIMIT ₹0.05) + SELL (LIMIT ₹9999) on deep OTM option at startup
2026-08-31 04:52:19,252 [INFO]     Both must succeed and cancel cleanly or bot aborts — confirms mStock connectivity + IP
2026-08-31 04:52:19,252 [INFO]   + MStockBroker class inlined into single .py file (no separate mstock_broker.py)
2026-08-31 04:52:19,252 [INFO]   + IA403 recovery: rebuilds SDK client from scratch on IP mismatch, 3 consecutive → halt
2026-08-31 04:52:19,252 [INFO]   + Position sync cooldown: 180s → 300s (avoids false MANUAL_EXIT on slow fills)
2026-08-31 04:52:19,252 [INFO]   + MANUAL_EXIT fix: clears buy_order_id before close_trade to prevent duplicate SELL
2026-08-31 04:52:19,252 [INFO]   + State file: added date field, resets trades_today/losses on new day boundary
2026-08-31 04:52:19,252 [INFO]   + VWAP dedup log spam removed (silent return on same-bar re-fire)
2026-08-31 04:52:19,252 [INFO] 
2026-08-31 04:52:19,252 [INFO] V2.5.14 [TIERED PROFIT LOCK LADDER — inspired by VRL]
2026-08-31 04:52:19,252 [INFO]   + Replaced sparse 3-tier ratchet (Velvet Rope + T2 + T3 + Runner) with 7-tier ladder
2026-08-31 04:52:19,252 [INFO]   + Ladder: +12→+2, +18→+8, +24→+12, +30→+20, +36→+24, +40→+30, +50→+40
2026-08-31 04:52:19,252 [INFO]   + More tiers = less profit give-back on sharp reversals
2026-08-31 04:52:19,252 [INFO]   + Checked every tick (not candle-based) — same as before but tighter protection
2026-08-31 04:52:19,252 [INFO]   + Unified code: single loop replaces 3 separate sections (3a/3b/3c → 3)
2026-08-31 04:52:19,252 [INFO]   + VWAP engine upgraded to TRIPLE confirmation:
2026-08-31 04:52:19,253 [INFO]     Gate 1 (PRIMARY): Nifty FUTURES 15m close crosses futures VWAP, body >= 50%
2026-08-31 04:52:19,253 [INFO]     Gate 2: Nifty SPOT 15m close same direction above/below spot VWAP
2026-08-31 04:52:19,253 [INFO]     Gate 3: ATM option LTP above/below option's own VWAP
2026-08-31 04:52:19,253 [INFO]   + Futures VWAP is now the primary decision criterion — real margin-backed money
2026-08-31 04:52:19,253 [INFO]   + Nifty FUT token auto-resolved from Kite instruments at boot (no hardcoding)
2026-08-31 04:52:19,253 [INFO] 
2026-08-31 04:52:19,253 [INFO] V2.5.15 [STALE DATA GUARD — 2026-06-12]
2026-08-31 04:52:19,253 [INFO]   + ROOT CAUSE FOUND: Kite intermittently returned a 15m series ending ~2h in
2026-08-31 04:52:19,253 [INFO]     the past. Evidence: VWAP entry logged bar=198 at 11:30 but bar=197 at 13:30
2026-08-31 04:52:19,253 [INFO]     (bar index went BACKWARDS); the 13:30 entry cited a 67% bearish bar +
2026-08-31 04:52:19,253 [INFO]     FUT 23375 while the live tape was +68 pts off the low in 4 min → bought PE
2026-08-31 04:52:19,253 [INFO]     into a V-reversal → HARDSL -21.73. Fresh-data replay confirms the signal
2026-08-31 04:52:19,253 [INFO]     does NOT fire at 13:30 with up-to-date frames. Likely also suppressed valid
2026-08-31 04:52:19,253 [INFO]     signals (Jun-11 zero-trade day: fresh-data replay finds 4 trades / +35 pts).
2026-08-31 04:52:19,253 [INFO]   + Guard (active 09:32+): if last 15m bar (spot or futures) is older than
2026-08-31 04:52:19,253 [INFO]     16 min → instant refetch from Kite; if recovered, continue + Telegram info;
2026-08-31 04:52:19,254 [INFO]     if still stale → Telegram alert + ENTRIES blocked for that cycle only.
2026-08-31 04:52:19,254 [INFO]   + EXITS are never blocked on data quality.
2026-08-31 04:52:19,254 [INFO]   + Telegram alerts rate-limited to 1 per 10 min; log line every cycle.
2026-08-31 04:52:19,254 [INFO] 
2026-08-31 04:52:19,254 [INFO] V2.5.16 [MOMENTUM GATE ON SAME-SIDE STREAKS + SMA8 TODAY-ONLY FIX — 2026-06-17]
2026-08-31 04:52:19,254 [INFO]   + PROBLEM: in choppy markets the bot ran 3+ rapid same-direction trades —
2026-08-31 04:52:19,254 [INFO]     first 1-2 win small, the 3rd buys into the reversal and takes the full
2026-08-31 04:52:19,254 [INFO]     -18% HARDSL, then keeps buying the same side, wiping the day's gains.
2026-08-31 04:52:19,254 [INFO]     Diagnosis (May+June real-opt data): the persistence is the VWAP engine
2026-08-31 04:52:19,254 [INFO]     (no regime filter, re-fires same side each 15m bar). The 1st/2nd winners
2026-08-31 04:52:19,254 [INFO]     exit on the peak ladder (TRAIL_+N); the 3rd dies on HARDSL/VWAP_TRAIL.
2026-08-31 04:52:19,254 [INFO]   + MOMENTUM GATE: the 3rd+ CONSECUTIVE same-direction entry (any engine) is
2026-08-31 04:52:19,254 [INFO]     blocked unless spot has moved >= MOM_GATE_PTS (12) WITH the trade over the
2026-08-31 04:52:19,254 [INFO]     last MOM_GATE_BARS (5) closed 1m bars. 1st/2nd same-side entries untouched.
2026-08-31 04:52:19,254 [INFO]     Run counted from DAY.trades_today (closed trades). New fetch_nifty_1m() +
2026-08-31 04:52:19,254 [INFO]     momentum_gate_ok(); fails OPEN if 1m data unavailable; "🚧 Momentum-gate
2026-08-31 04:52:19,254 [INFO]     BLOCK" Telegram on a block. Backtest (May real-opt): baseline -7.3 pt →
2026-08-31 04:52:19,254 [INFO]     gate +104.0 pt, 0 winners blocked (blocks only flat-momentum |mv|<=8 chop).
2026-08-31 04:52:19,255 [INFO]   + SMA8 TODAY-ONLY FIX: sma8_low_of_option() now averages ONLY today's closed
2026-08-31 04:52:19,255 [INFO]     15m option lows (arms after SMA_TRAIL_MIN_BARS=4 today-bars). Previously it
2026-08-31 04:52:19,255 [INFO]     averaged 8 bars from a 10-day fetch, mixing yesterday's different-level /
2026-08-31 04:52:19,255 [INFO]     illiquid lows → false trail exits. NOT removed: backtest showed deleting
2026-08-31 04:52:19,255 [INFO]     SMA8 costs -66 pt (it is a tighter stop than the -18% HARDSL).
2026-08-31 04:52:19,255 [INFO]   + Ladder exit, HARDSL, flip logic, stale-data guard all UNCHANGED.
2026-08-31 04:52:19,255 [INFO]   + start_orion.sh now launches V2.5.16 (90s crash-fallback still → V2.5.14).
2026-08-31 04:52:19,255 [INFO] 
2026-08-31 04:52:19,255 [INFO] V2.5.17 [3 CHOP-BLEED GUARDS — 2026-06-18]
2026-08-31 04:52:19,255 [INFO]   + CONTEXT: 06-16 (-20.4pt/7trades) and 06-17 (-44.0pt/4trades) were both
2026-08-31 04:52:19,255 [INFO]     compressed chop days (full range 141pt & 107pt; 06-17 had 9 mean-crosses in
2026-08-31 04:52:19,255 [INFO]     a 107pt box). The regime classifier stayed BULL all 76 bars both days and
2026-08-31 04:52:19,255 [INFO]     chop_block fired 0 times, so the breakout engines kept firing into noise.
2026-08-31 04:52:19,255 [INFO]     See ~/orion_backtest_lab/results/RESULTS.md (2026-06-18 post-mortem).
2026-08-31 04:52:19,255 [INFO]   + #1 MORNING CHOP GATE (CHOP_GATE_ENABLED): decided ONCE after ~10:30 IST from
2026-08-31 04:52:19,255 [INFO]     the first-hour (09:15-10:15) FUT bars. Stand aside (block ALL new entries for
2026-08-31 04:52:19,255 [INFO]     the day) when early efficiency-ratio <= CHOP_ER_MAX (0.25) AND (first-hour
2026-08-31 04:52:19,255 [INFO]     FUT-VWAP cross-count >= CHOP_VWAP_CROSSES_MIN (3) OR first-hour range <
2026-08-31 04:52:19,256 [INFO]     CHOP_RANGE_PT_MAX (110pt)). Exits always allowed. Fails OPEN (not enough
2026-08-31 04:52:19,256 [INFO]     bars yet -> no decision -> trade normally). morning_chop_verdict().
2026-08-31 04:52:19,256 [INFO]   + #2 VWAP BODY BAND (VWAP_BODY_CLIMAX_PCT): VWAP entry now takes only the
2026-08-31 04:52:19,256 [INFO]     65-86% body band — existing >=65% min kept, NEW >=87% climax/exhaustion bars
2026-08-31 04:52:19,256 [INFO]     skipped (climax bars fade). One added guard line in check_vwap_signal().
2026-08-31 04:52:19,256 [INFO]   + #3 MOMENTUM-FADE GATE (FADE_GATE_ENABLED): for a 3rd+ consecutive same-side
2026-08-31 04:52:19,256 [INFO]     entry that follows >= FADE_MIN_PRIOR_WINS (2) consecutive same-side WINS,
2026-08-31 04:52:19,256 [INFO]     inspect 3-min option premiums of BOTH the trend-side and opposite-side ATM
2026-08-31 04:52:19,256 [INFO]     strikes over the last FADE_OPT_BARS (3) closed bars. Enter ONLY IF the
2026-08-31 04:52:19,256 [INFO]     trend-side option is NOT decaying AND the opposite-side option IS decaying;
2026-08-31 04:52:19,256 [INFO]     otherwise skip (momentum has faded / is rotating to the other side). Fails
2026-08-31 04:52:19,256 [INFO]     OPEN on missing data. fade_gate_ok() + fetch_option_3m(). Complements the
2026-08-31 04:52:19,256 [INFO]     V2.5.16 spot-move momentum gate (both must pass).
2026-08-31 04:52:19,256 [INFO]   + All three guards are ADDITIVE; ladder/HARDSL/flip/SMA8/stale-guard UNCHANGED.
2026-08-31 04:52:19,256 [INFO]   + NOT yet sim-A/B'd — shipped on user direction; 2026-06-18 is paper-only, so
2026-08-31 04:52:19,256 [INFO]     the live paper session is the first validation. WATCH first CHOP-GATE day +
2026-08-31 04:52:19,256 [INFO]     first FADE block + that #2 climax-skip doesn't starve VWAP.
2026-08-31 04:52:19,257 [INFO]   + start_orion.sh now launches V2.5.17 (pkill pattern V2_5_1[567];
2026-08-31 04:52:19,257 [INFO]     90s crash-fallback still → V2.5.14 archive).
2026-08-31 04:52:19,257 [INFO] 
2026-08-31 04:52:19,257 [INFO] V2.5.18 [SMA8 ENTRY-AWARE FIX + CHOP-GATE RE-ARM — 2026-06-19]
2026-08-31 04:52:19,257 [INFO]   + CONTEXT: 2026-06-19 (paper) — gap-down day. One V3 PE (24000PE @114) entered
2026-08-31 04:52:19,257 [INFO]     correctly at 10:15 on a Grade-A R-cluster break, but SMA8_LOW_TRAIL exited it
2026-08-31 04:52:19,257 [INFO]     31s later at +1.6 (the trail evaluated the 10:00 bar — which CLOSED BEFORE
2026-08-31 04:52:19,257 [INFO]     entry — against today's lows-avg). Spot then fell 24040->23926 without us;
2026-08-31 04:52:19,257 [INFO]     morning chop-gate (ER=0.01, range=70pt) then stood aside the rest of the day.
2026-08-31 04:52:19,257 [INFO]   + FIX A (SMA8 pre-entry bar): the SMA8(low) trail now NEVER acts on a 15m bar
2026-08-31 04:52:19,257 [INFO]     whose CLOSE time (bar-start + 15m) is <= POS.entry_time. A fresh entry can no
2026-08-31 04:52:19,257 [INFO]     longer be ejected on price action that happened before it was opened.
2026-08-31 04:52:19,257 [INFO]   + FIX C (SMA8 arm window): trail arms on bars-SINCE-ENTRY, not bars-of-day.
2026-08-31 04:52:19,257 [INFO]     sma8_low_of_option() now averages only TODAY's closed bars that closed AFTER
2026-08-31 04:52:19,257 [INFO]     entry and needs >= SMA_TRAIL_MIN_BARS_SINCE_ENTRY (1) of them. With 1 own bar
2026-08-31 04:52:19,257 [INFO]     SMA8L == that bar's own low, so close(>=low) can't trigger -> first real
2026-08-31 04:52:19,257 [INFO]     trigger needs >=2 own bars. SMA_TRAIL_MIN_BARS (4, bars-of-day) is now only
2026-08-31 04:52:19,257 [INFO]     the fallback when entry_time is unknown (state-load edge). NOT a BE-gate.
2026-08-31 04:52:19,258 [INFO]   + CHOP-GATE RE-ARM (CHOP_REARM_ENABLED): after a morning stand-aside, release
2026-08-31 04:52:19,258 [INFO]     the block when a CLOSED FUT 15m bar breaks the recorded first-hour range by
2026-08-31 04:52:19,258 [INFO]     >= CHOP_REARM_BUFFER_PT (15pt) with body >= CHOP_REARM_BODY_MIN (65%), in the
2026-08-31 04:52:19,258 [INFO]     regime direction (BULL=>up-break only, BEAR=>down-break only, else either).
2026-08-31 04:52:19,258 [INFO]     FUT leads spot, so this triggers earlier than a spot-range break. Re-arm is
2026-08-31 04:52:19,258 [INFO]     one-way for the day (stays live once released); per-trade momentum/fade/CB
2026-08-31 04:52:19,258 [INFO]     guards still apply. _morning_chop_verdict_impl() stashes FH hi/lo;
2026-08-31 04:52:19,258 [INFO]     chop_rearm_check() evaluated each cycle while blocked. Logs [CHOPGATE] RE-ARMED.
2026-08-31 04:52:19,258 [INFO]   + Ladder/HARDSL/flip/VWAP-trail/stale-guard UNCHANGED. SMA8 KEPT (deleting it
2026-08-31 04:52:19,258 [INFO]     cost -66pt, V2.5.16) — this only changes WHEN it may fire, not whether.
2026-08-31 04:52:19,258 [INFO]   + NOT yet sim-A/B'd — shipped on user direction 2026-06-19; backtest the
2026-08-31 04:52:19,258 [INFO]     re-arm thresholds on post-chop trend days before relying on it live.
2026-08-31 04:52:19,258 [INFO] 
2026-08-31 04:52:19,258 [INFO] V2.5.19 [THREE FUT-VWAP ENTRY PATHWAYS — 2026-06-21]
2026-08-31 04:52:19,258 [INFO]   + Built on user direction 2026-06-21. THREE new VWAP-cross entry pathways.
2026-08-31 04:52:19,258 [INFO]     NOT yet sim-A/B'd — BACKTEST before flipping start_orion.sh to V2.5.19.
2026-08-31 04:52:19,259 [INFO]     All three are flag-gated (default ON). Existing V2/V3/FLIP UNCHANGED.
2026-08-31 04:52:19,259 [INFO] 
2026-08-31 04:52:19,259 [INFO]   + FEATURE 1 — FUT 15m VWAP cross + CONFIRMATION CANDLE (all-day).
2026-08-31 04:52:19,259 [INFO]     VWAP15_CONFIRM_ENABLED. The existing VWAP engine no longer fires on the
2026-08-31 04:52:19,259 [INFO]     cross bar alone: it now requires the cross bar (iloc[-3], body 65-86% band)
2026-08-31 04:52:19,259 [INFO]     PLUS the next closed bar (iloc[-2]) to CONFIRM in the same direction —
2026-08-31 04:52:19,259 [INFO]     same-colour candle that still closes on the same side of FUT-VWAP. Fires in
2026-08-31 04:52:19,259 [INFO]     either direction, any time in the entry window. Re-entries are governed by
2026-08-31 04:52:19,259 [INFO]     the existing momentum gate (no extra cap). check_vwap_signal().
2026-08-31 04:52:19,259 [INFO]     INTERPRETATION: "confirmation candle in same direction" = next 15m candle
2026-08-31 04:52:19,259 [INFO]     closes same side of its open (same colour) AND same side of VWAP as the
2026-08-31 04:52:19,259 [INFO]     cross. Confirmation candle has NO body-size requirement (only the cross bar
2026-08-31 04:52:19,259 [INFO]     does). If wrong, adjust _vwap15_confirm_ok().
2026-08-31 04:52:19,259 [INFO] 
2026-08-31 04:52:19,259 [INFO]   + FEATURE 2 — FUT 5m VWAP cross + S/R distance, FIXED +12 TARGET scalp.
2026-08-31 04:52:19,259 [INFO]     FUT5_SCALP_ENABLED. New engine 'FUT5VWAP'. On each closed FUT 5m bar that
2026-08-31 04:52:19,259 [INFO]     CROSSES its session VWAP (bar opens one side, closes the other) with body
2026-08-31 04:52:19,259 [INFO]     65-86% AND whose close is > FUT5_SCALP_SR_MIN_DIST (20pt) from EVERY one of
2026-08-31 04:52:19,260 [INFO]     yesterday's classic pivots S1/R1/S2/R2 → buy in the cross direction. Exit is
2026-08-31 04:52:19,260 [INFO]     a FIXED +FUT5_SCALP_TARGET_PTS (12) option points (HARDSL + 15:25 force-close
2026-08-31 04:52:19,260 [INFO]     still apply; NO trail/SMA8). One trade per event: deduped on the 5m bar ts,
2026-08-31 04:52:19,260 [INFO]     so the next entry needs a fresh qualifying cross. check_fut5m_vwap_scalp_signal().
2026-08-31 04:52:19,260 [INFO]     INTERPRETATION: ">20 points away from s1/r1/s2/r2" = min distance to ALL four
2026-08-31 04:52:19,260 [INFO]     pivots > 20pt (price in clear space, not hugging a pivot). "cross" = bar
2026-08-31 04:52:19,260 [INFO]     open & close on opposite sides of VWAP. Pivots = classic floor-trader pivots
2026-08-31 04:52:19,260 [INFO]     from the prior trading day's H/L/C. If wrong, adjust compute_classic_pivots()
2026-08-31 04:52:19,260 [INFO]     / check_fut5m_vwap_scalp_signal().
2026-08-31 04:52:19,260 [INFO] 
2026-08-31 04:52:19,260 [INFO]   + FEATURE 3 — MORNING 09:15-10:15 exception (bypasses the 09:45 start gate).
2026-08-31 04:52:19,260 [INFO]     MORNING_VWAP_ENABLED. Before the normal 09:45 entry start, between
2026-08-31 04:52:19,260 [INFO]     MORNING_WIN_START (09:15) and MORNING_WIN_END (10:15): if a closed FUT 15m
2026-08-31 04:52:19,260 [INFO]     bar crosses its VWAP (body 65-86%) AND its close is > MORNING_VWAP_SR_MIN_DIST
2026-08-31 04:52:19,260 [INFO]     (20pt) from every pivot S1/R1/S2/R2 → buy in the cross direction. Re-entries
2026-08-31 04:52:19,260 [INFO]     per momentum gate. Uses engine 'VWAP' (so it inherits the VWAP option-VWAP
2026-08-31 04:52:19,261 [INFO]     trail exit). Runs even when in_entry_window() is False; still respects
2026-08-31 04:52:19,261 [INFO]     stale-guard, gap-suppress, CB/halt, manual cooldown. check_morning_vwap15_signal().
2026-08-31 04:52:19,261 [INFO]     INTERPRETATION: this only ADDS the pre-09:45 window; from 09:45 on, the
2026-08-31 04:52:19,261 [INFO]     normal engines (incl. Feature 1) already run. No confirmation candle is
2026-08-31 04:52:19,261 [INFO]     required here (spec did not ask for one).
2026-08-31 04:52:19,261 [INFO] 
2026-08-31 04:52:19,261 [INFO]   + Classic pivots computed at boot from prior-day H/L/C → DAY.pivots
2026-08-31 04:52:19,261 [INFO]     {P,S1,R1,S2,R2}; min_dist_to_pivots() helper. New fetch_nifty_fut_5m().
2026-08-31 04:52:19,261 [INFO] 
2026-08-31 04:52:19,261 [INFO] =========================================================================
2026-08-31 04:52:19,261 [INFO] BACKFILL 2026-08-29 — V2.5.19 (06-21) -> 2026-08-28
2026-08-31 04:52:19,261 [INFO] =========================================================================
2026-08-31 04:52:19,261 [INFO] Reconstructed 2026-08-29 from the dated inline comments at each code site and
2026-08-31 04:52:19,261 [INFO] the research notes. The banner below had not been updated since V2.5.19
2026-08-31 04:52:19,261 [INFO] (2026-06-21) while 24 changes went in; an audit on 2026-08-27 confirmed NO
2026-08-31 04:52:19,261 [INFO] engine was silently removed or disabled, but the history was unreadable from
2026-08-31 04:52:19,261 [INFO] the top of the file. Enforcement now exists (see CODE_FINGERPRINT / the boot
2026-08-31 04:52:19,262 [INFO] UNDOCUMENTED-CHANGE check) so this cannot silently recur.
2026-08-31 04:52:19,262 [INFO] 
2026-08-31 04:52:19,262 [INFO] KNOWN GAP, stated plainly: the *_BACKUP_*.py chain jumps from 2026-08-01 to
2026-08-31 04:52:19,262 [INFO] 2026-08-25. The nine changes dated 08-08 through 08-20 have NO pre-change
2026-08-31 04:52:19,262 [INFO] backup file. They are reconstructable from the inline comments below, but they
2026-08-31 04:52:19,262 [INFO] cannot be diffed back to their exact prior code. Every change from 08-25 on has
2026-08-31 04:52:19,262 [INFO] a backup.
2026-08-31 04:52:19,262 [INFO] 
2026-08-31 04:52:19,262 [INFO] STATUS legend: [BT] backtested   [FWD] forward-paper only, no backtest
2026-08-31 04:52:19,262 [INFO]                [USER] user-directed   [FIX] bug fix   [UNVAL] unvalidated
2026-08-31 04:52:19,262 [INFO] 
2026-08-31 04:52:19,262 [INFO] V2.5.20 [2026-06-23] Same-direction re-entry cooldown.
2026-08-31 04:52:19,262 [INFO]   WHY: 06-23 a PE won +42 and re-entered PE 33 s later straight into HARDSL.
2026-08-31 04:52:19,262 [INFO]   The momentum/fade gates only look at the signal, not at how the last trade in
2026-08-31 04:52:19,262 [INFO]   that direction ended.  [FIX]
2026-08-31 04:52:19,262 [INFO] 
2026-08-31 04:52:19,262 [INFO] V2.5.20 [2026-06-24] VWAP15_CONFIRM_ENABLED = False.
2026-08-31 04:52:19,262 [INFO]   WHY: user call. The V2.5.19 confirmation candle delayed entries into already-
2026-08-31 04:52:19,263 [INFO]   declining trends. VWAP now fires on the FUT 15m VWAP cross bar itself.
2026-08-31 04:52:19,263 [INFO]   RE-REVIEW TRIGGER: if a chop regime returns and VWAP false-starts rise, the
2026-08-31 04:52:19,263 [INFO]   confirm candle is the first thing to switch back on.  [USER]
2026-08-31 04:52:19,263 [INFO] 
2026-08-31 04:52:19,263 [INFO] V2.5.20 [2026-06-29] Paper-mode order bypass — kite_paper places no real orders.
2026-08-31 04:52:19,263 [INFO] 
2026-08-31 04:52:19,263 [INFO] V2.5.20 [2026-07-06] Rebuilt on the concurrent-backtest architecture; all
2026-08-31 04:52:19,263 [INFO]   engines run simultaneously with no suppression. Plus two CRITICAL fixes:
2026-08-31 04:52:19,263 [INFO]   (a) ORB/GAPBREAK stale-data — fetch_nifty_1m/5m returned frames whose last
2026-08-31 04:52:19,263 [INFO]       bar was days old; a 2-lot PE went in on a close from 07-03. (b) position-
2026-08-31 04:52:19,263 [INFO]       sync false MANUAL_EXIT.  [FIX]
2026-08-31 04:52:19,263 [INFO] 
2026-08-31 04:52:19,263 [INFO] V2.5.20 [2026-07-07] LOTS_PER_TRADE 2 -> 1 (user instruction). ATM strike
2026-08-31 04:52:19,263 [INFO]   resolution fix (old round_to_atm(24000)+2000 path).  [USER][FIX]
2026-08-31 04:52:19,263 [INFO] 
2026-08-31 04:52:19,263 [INFO] V2.5.20 [2026-07-08] V2.5.20 given its OWN Telegram bot (was sharing V2.5.19's).
2026-08-31 04:52:19,264 [INFO]   MANUAL_EXIT detected via the bot's own order-ids, never account-wide net_qty.
2026-08-31 04:52:19,264 [INFO]   [FIX]
2026-08-31 04:52:19,264 [INFO] 
2026-08-31 04:52:19,264 [INFO] V2.5.20 [2026-07-10 .. 07-14] Broker-integrity hardening after the 07-09
2026-08-31 04:52:19,264 [INFO]   NIFTY24000CE incident and the 07-14 stranded lots: order-book/RMS race fixes
2026-08-31 04:52:19,264 [INFO]   on both BUY and SELL, per-position is_paper flag, unconfirmed_fill flag,
2026-08-31 04:52:19,264 [INFO]   bot order-id registry, orphan-position resume, HALT_NEW_ENTRIES_ON_DATE
2026-08-31 04:52:19,264 [INFO]   replacing a bare NO_NEW_ENTRIES_TODAY that had been left True since 07-09.
2026-08-31 04:52:19,264 [INFO]   [FIX]
2026-08-31 04:52:19,265 [INFO] 
2026-08-31 04:52:19,265 [INFO] V2.5.20 [2026-07-12] V2 params from the real-30-day grid search (k_extreme=ON,
2026-08-31 04:52:19,265 [INFO]   rsi_gate=ON, macd_align=OFF) on 05-15..07-10 — 7 trades / 71.4% WR / +45.96pt.
2026-08-31 04:52:19,265 [INFO]   CAVEAT RECORDED AT THE TIME: 7-trade sample. MACD gate left in the code behind
2026-08-31 04:52:19,265 [INFO]   V2_MACD_GATE_ENABLED so it can be flipped back.
2026-08-31 04:52:19,265 [INFO]   Also: V3 probe entry (limit, replacing market entry, user instruction), V3
2026-08-31 04:52:19,265 [INFO]   early-entry + fast exit, ORB in-day CHOPPY kill, MOM_GATE_V3 re-enable.
2026-08-31 04:52:19,265 [INFO]   [BT-weak][USER]
2026-08-31 04:52:19,265 [INFO] 
2026-08-31 04:52:19,265 [INFO] V2.5.20 [2026-07-13] PUT-FLIP QUALITY GATE — V2.5.19 flipped a winning CE to PE
2026-08-31 04:52:19,265 [INFO]   on a 0.5pt K move (58.9 -> 58.4). Gate requires a real reversal.  [FIX]
2026-08-31 04:52:19,265 [INFO] V2.5.20 [2026-07-13] *** COUNTER-TREND VETO *** — single choke point for EVERY
2026-08-31 04:52:19,265 [INFO]   engine. The day's low printed 09:15 and Nifty ran one-way to 24259 while the
2026-08-31 04:52:19,265 [INFO]   bot kept buying PEs. BIGGEST VALIDATED EDGE TO DATE: +697.9 pts / +Rs45,362
2026-08-31 04:52:19,265 [INFO]   out-of-sample. Do not weaken without equivalent evidence.  [BT]
2026-08-31 04:52:19,266 [INFO] 
2026-08-31 04:52:19,266 [INFO] V2.5.20 [2026-07-20] EXECUTION_BROKER LIVE -> PAPER, explicit user instruction;
2026-08-31 04:52:19,266 [INFO]   no real orders since. T5 engine (levels + premium-divergence). APEX engine
2026-08-31 04:52:19,266 [INFO]   (the user's actual method) — shadow only. 1-minute capture added (Kite
2026-08-31 04:52:19,266 [INFO]   interval is 'minute', not '1minute'). Unlimited engine overlap in paper.
2026-08-31 04:52:19,266 [INFO]   [USER]
2026-08-31 04:52:19,266 [INFO] 
2026-08-31 04:52:19,266 [INFO] V2.5.20 [2026-07-24] VWAP/APEX frm>now precession fix.  [FIX]
2026-08-31 04:52:19,266 [INFO] 
2026-08-31 04:52:19,266 [INFO] V2.5.20 [2026-07-26] FUT5VWAP dedup fix (<= not ==; a stale/out-of-order refetch
2026-08-31 04:52:19,266 [INFO]   reopened a second real position on an already-seen signal, seen 07-24).
2026-08-31 04:52:19,266 [INFO]   EXPIRY engine — OTM premium-multiplication pop, expiry day only, one shot.
2026-08-31 04:52:19,266 [INFO]   Expiry-specific velvet-rope/ladder expressed as MULTIPLES not points (user
2026-08-31 04:52:19,266 [INFO]   instruction: a Rs8 option cannot use a +12pt ladder).  [FIX][USER]
2026-08-31 04:52:19,266 [INFO] 
2026-08-31 04:52:19,266 [INFO] V2.5.20 [2026-07-27] push_logs_to_github(): added `git rebase --autostash`.
2026-08-31 04:52:19,267 [INFO]   WHY: a dirty tree made plain `git rebase` abort silently, so every push had
2026-08-31 04:52:19,267 [INFO]   been rejected non-fast-forward since 07-20 (~365 rejects/day/bot).
2026-08-31 04:52:19,267 [INFO]   *** SIDE EFFECT DISCOVERED 2026-08-27: this is what orphaned the logging
2026-08-31 04:52:19,267 [INFO]   FileHandler's inode and blanked the FlightRecorder logs. Fixed 08-29 with
2026-08-31 04:52:19,267 [INFO]   WatchedFileHandler. DO NOT remove --autostash. ***  [FIX]
2026-08-31 04:52:19,267 [INFO] 
2026-08-31 04:52:19,267 [INFO] V2.5.20 [2026-07-29] Counter-trend-veto Telegram dedup (spam fix).  [FIX]
2026-08-31 04:52:19,267 [INFO] 
2026-08-31 04:52:19,267 [INFO] V2.5.20 [2026-08-01] APEX entry filter: APEX_RSI_MIN_DELTA = 5.0 — require a
2026-08-31 04:52:19,267 [INFO]   decisive RSI turn, not any turn. Re-sim -3,835 -> +234, IN-SAMPLE ONLY.
2026-08-31 04:52:19,267 [INFO]   [UNVAL]
2026-08-31 04:52:19,267 [INFO] 
2026-08-31 04:52:19,267 [INFO] V2.5.20 [2026-08-08] VWAP same-day loss cap, from the real 3-month simulated
2026-08-31 04:52:19,268 [INFO]   backtest on Upstox real premiums. Same pass disabled PIVOTBREAK.  [BT]
2026-08-31 04:52:19,268 [INFO] 
2026-08-31 04:52:19,268 [INFO] V2.5.20 [2026-08-09] PIVOTBREAK REMOVED ENTIRELY (code deleted, syntax-clean).
2026-08-31 04:52:19,268 [INFO]   WHY: kill-switch (08-08) then a full professional rebuild (08-09) both failed;
2026-08-31 04:52:19,268 [INFO]   losses were structural exit-logic, not day-type. Do not re-add without new
2026-08-31 04:52:19,268 [INFO]   evidence — see the rebuild trail before trying.  [BT]
2026-08-31 04:52:19,268 [INFO] 
2026-08-31 04:52:19,268 [INFO] V2.5.20 [2026-08-13] V2 per-bar dedup on the closed 15m bar, same convention as
2026-08-31 04:52:19,268 [INFO]   VWAP/FUT5VWAP. WHY: V2 had NO dedup, so a Kite rate-limit retry stacked 5 V2
2026-08-31 04:52:19,268 [INFO]   lots on one signal — this is what produced the phantom +Rs8,492 on 08-12 that
2026-08-31 04:52:19,268 [INFO]   looked like edge and was not. Also fixed a POS.engine comparison against the
2026-08-31 04:52:19,268 [INFO]   literal 'BASE'.  [FIX]
2026-08-31 04:52:19,268 [INFO] 
2026-08-31 04:52:19,268 [INFO] V2.5.20 [2026-08-16] V2_DAILY_LOSS_CAP = 1. From a real 3-month re-port of V2's
2026-08-31 04:52:19,268 [INFO]   own logic (05-04..08-06): capping V2 at one loss/day was the only no-trade-
2026-08-31 04:52:19,269 [INFO]   zone variant that survived; all the others failed.  [BT]
2026-08-31 04:52:19,269 [INFO] 
2026-08-31 04:52:19,269 [INFO] V2.5.20 [2026-08-17] FUT5VWAP min pivot distance 30 -> 25 pt, from a real
2026-08-31 04:52:19,269 [INFO]   re-port at native 1-min granularity. NOTE: the corrected FUT5VWAP baseline is
2026-08-31 04:52:19,269 [INFO]   88.9% WR / +Rs53,315 over 380 days — the earlier 94% / +Rs104k figure was a
2026-08-31 04:52:19,269 [INFO]   same-bar exit-ambiguity BUG and is void.  [BT]
2026-08-31 04:52:19,269 [INFO] 
2026-08-31 04:52:19,269 [INFO] V2.5.20 [2026-08-20] Four VWAP/V2/ORB changes from a real 40-trade backtest on
2026-08-31 04:52:19,269 [INFO]   the live 07-07..08-20 log:
2026-08-31 04:52:19,270 [INFO]    (1) VWAP 5m persistence + distance-from-VWAP gate;
2026-08-31 04:52:19,270 [INFO]    (2) VWAP post-loss same-side cooldown;
2026-08-31 04:52:19,270 [INFO]    (3) V2 trail scaled to entry premium (arm = entry x 1.15) instead of fixed
2026-08-31 04:52:19,270 [INFO]        points — V2 entries range from ~Rs73 upward, a fixed +15 is not
2026-08-31 04:52:19,270 [INFO]        comparable across them;  [USER]
2026-08-31 04:52:19,270 [INFO]    (4) V2 hard stop fixed at -15 pt, replacing the generic -18% HARDSL;  [USER]
2026-08-31 04:52:19,270 [INFO]    (5) ORB exit tightened: stop 15 / ride 40 / giveback 20.
2026-08-31 04:52:19,270 [INFO]   Neither VWAP gate alone made VWAP profitable — they reduce the loss. Expect a
2026-08-31 04:52:19,270 [INFO]   smaller drawdown, not profit.  [BT]
2026-08-31 04:52:19,270 [INFO] 
2026-08-31 04:52:19,270 [INFO] V2.5.20 [2026-08-22] *** EXPIRY ENGINES 1 & 2 (EXP12) — SHADOW PAPER BOOK ***
2026-08-31 04:52:19,270 [INFO]   E1 RSI-snap + OI/strike gates: recent 40 expiries 9 trades / 89% WR /
2026-08-31 04:52:19,271 [INFO]   +Rs18,944 (older 57 dormant, -Rs819).
2026-08-31 04:52:19,271 [INFO]   E2 cheap-ladder Rs8-16 + spot-through-strike + OI <= +5%, NO stop, trail 20%
2026-08-31 04:52:19,271 [INFO]   after 40: recent 40 +Rs12,760 (older 57 -Rs4,910).
2026-08-31 04:52:19,271 [INFO]   User instruction: NO restrictions — no trade-count or SL-count limits.
2026-08-31 04:52:19,271 [INFO]   SEPARATE BOOK: own lot size, own CSV, EXCLUDED from fmt_eod_summary by
2026-08-31 04:52:19,271 [INFO]   design. (Reporting confusion this caused was raised 08-27; being fixed in a
2026-08-31 04:52:19,271 [INFO]   later item.)  [BT][USER]
2026-08-31 04:52:19,271 [INFO] 
2026-08-31 04:52:19,271 [INFO] V2.5.20 [2026-08-25] EXP12 relaxed gates, user override after the 08-25 miss
2026-08-31 04:52:19,271 [INFO]   (premium out-ran spot, so E2's "Rs8-16 AND spot>=strike in the SAME minute"
2026-08-31 04:52:19,271 [INFO]   never overlapped): E1 no SL / trail after 2x; entries 14:30-15:25; dist >= -35
2026-08-31 04:52:19,271 [INFO]   (-115 Sensex) OR crossed within 30 min; E2 band hi 20 (66 Sensex); universe
2026-08-31 04:52:19,271 [INFO]   re-resolve every 5 min. Replay on 08-25 = +Rs3,416 vs actual 0.
2026-08-31 04:52:19,271 [INFO]   *** KNOWN REMAINING FLAW (08-27, 2nd confirmation): the universe re-resolves
2026-08-31 04:52:19,271 [INFO]   only when the MAX-OI strike M moves, and max-OI is sticky while spot is not.
2026-08-31 04:52:19,271 [INFO]   On 08-27 legs froze at 77500 while Sensex fell to 77182 — nothing near the
2026-08-31 04:52:19,271 [INFO]   money for two hours. Anchor to SPOT, but re-backtest evaluate_day_e2() first.
2026-08-31 04:52:19,271 [INFO]   ***  [USER][UNVAL]
2026-08-31 04:52:19,271 [INFO] 
2026-08-31 04:52:19,272 [INFO] V2.5.20 [2026-08-26] *** KITE RETIRED — UPSTOX MIGRATION ***
2026-08-31 04:52:19,272 [INFO]   All bots moved to Upstox behind a drop-in Kite-compatible shim
2026-08-31 04:52:19,272 [INFO]   (upstox_kite_shim.py). Long-lived read-only token, no daily login; launchers'
2026-08-31 04:52:19,272 [INFO]   auto_login removed. Candle/quote/OI parity verified live pre-deploy.
2026-08-31 04:52:19,272 [INFO]   *** REGRESSION FOUND 08-27: zero [STALE] events in ~37 Kite days, 50 on the
2026-08-31 04:52:19,272 [INFO]   FIRST Upstox day. CAUSE (corrected 08-29): the shim asks the intraday
2026-08-31 04:52:19,272 [INFO]   endpoint for 15-MINUTE candles, and that endpoint is built around COMPLETED
2026-08-31 04:52:19,272 [INFO]   intervals, so the forming bar appears 0-6 min late; Kite returned the partial
2026-08-31 04:52:19,272 [INFO]   bar from the first tick. Upstox is NOT slower — its 1m/tick data is as fast.
2026-08-31 04:52:19,272 [INFO]   Wrong endpoint granularity, not a vendor fault. Real fix = fetch 1m and
2026-08-31 04:52:19,272 [INFO]   resample to 15m in the shim (raising the 16-min guard is the WRONG fix: it
2026-08-31 04:52:19,272 [INFO]   would let the engines read a 30-45 min old iloc[-2] silently). ***  [FIX]
2026-08-31 04:52:19,272 [INFO] 
2026-08-31 04:52:19,272 [INFO] V2.5.20 [2026-08-26] EXP2W = EXP2 + the user's "was-expensive" SELECTION filter,
2026-08-31 04:52:19,272 [INFO]   run as a PARALLEL tag beside plain EXP2 — same legs, same data, same exits, so
2026-08-31 04:52:19,272 [INFO]   the two isolate the filter's effect. In-sample replay: NIFTY -3,308 -> +1,873,
2026-08-31 04:52:19,273 [INFO]   SENSEX +2,970 -> +2,552, ~60% fewer trades.
2026-08-31 04:52:19,273 [INFO]   *** LIVE A/B DATA POINT #1 (08-27): EXP2W DECLINED the day's only winner
2026-08-31 04:52:19,273 [INFO]   (77100PE, afternoon high 46.95 < the Rs130 floor) — cost Rs3,378. n=1, against
2026-08-31 04:52:19,273 [INFO]   the filter. Do not act on one day. ***  [USER][BT-insample]
2026-08-31 04:52:19,273 [INFO] 
2026-08-31 04:52:19,273 [INFO] V2.5.20 [2026-08-26] SENSEX bot given its own Telegram bot/chat; Nifty chat
2026-08-31 04:52:19,273 [INFO]   unchanged.  [USER]
2026-08-31 04:52:19,273 [INFO] 
2026-08-31 04:52:19,273 [INFO] V2.5.20-SENSEX [2026-08-23] *** SENSEX PORT CREATED ***
2026-08-31 04:52:19,273 [INFO]   Port of ORION_PAPER_V2_5_20.py to SENSEX/BFO. Lot size 20, BFO exchange,
2026-08-31 04:52:19,273 [INFO]   THURSDAY expiry, engine thresholds scaled x3.3 for Sensex's larger point
2026-08-31 04:52:19,273 [INFO]   scale — the x3.3 scaling is UNBACKTESTED, forward paper is its validation.
2026-08-31 04:52:19,273 [INFO]   Every entry ABOVE this line dated before 2026-08-23 was inherited from the
2026-08-31 04:52:19,273 [INFO]   Nifty bot at port time, not applied separately here.
2026-08-31 04:52:19,273 [INFO]   First live run 08-24 confirmed end-to-end: booted 09:06, traded, +Rs1,271.
2026-08-31 04:52:19,273 [INFO]   [USER][UNVAL]
2026-08-31 04:52:19,273 [INFO] 
2026-08-31 04:52:19,274 [INFO] V2.5.20 [EXP12 UNIVERSE ANCHORED TO SPOT — 2026-08-29]  (item 4)
2026-08-31 04:52:19,274 [INFO]   WHAT: EXP12_ANCHOR = 'spot'. _exp12_resolve_m() now returns the strike
2026-08-31 04:52:19,274 [INFO]   NEAREST SPOT instead of the max-OI strike among ATM+/-4. Max-OI is still
2026-08-31 04:52:19,274 [INFO]   computed and logged when it diverges, so the failure mode stays visible.
2026-08-31 04:52:19,274 [INFO]   Set EXP12_ANCHOR='maxoi' to revert the behaviour without touching code.
2026-08-31 04:52:19,274 [INFO] 
2026-08-31 04:52:19,274 [INFO]   WHY: max-OI is sticky, spot is not. 08-25 (Nifty) and 08-27 (Sensex: legs
2026-08-31 04:52:19,274 [INFO]   frozen at 77500 while spot fell to 77182, >200pt below the lowest leg) both
2026-08-31 04:52:19,274 [INFO]   left BOTH engines with no near-the-money contract for hours. The 5-minute
2026-08-31 04:52:19,274 [INFO]   re-resolve added 08-25 only swapped legs when M moved, so it never fired.
2026-08-31 04:52:19,274 [INFO] 
2026-08-31 04:52:19,274 [INFO]   BACKTEST (this gate was NOT skipped — the 08-27 note said re-backtest first):
2026-08-31 04:52:19,274 [INFO]   40 recent Nifty expiries, real Upstox 1-min premiums.
2026-08-31 04:52:19,274 [INFO]   *** The existing step12/step16 datasets could NOT answer this: they contain
2026-08-31 04:52:19,274 [INFO]   ONLY the 3 max-OI-anchored strikes per day, i.e. only the strikes the flawed
2026-08-31 04:52:19,274 [INFO]   rule already picks. A WIDE 11-strike band was pulled specially
2026-08-31 04:52:19,274 [INFO]   (exp_wide_universe_data.json) via the Expired Instruments API. ***
2026-08-31 04:52:19,275 [INFO]     GATE G1 baseline reproduced EXACTLY: max-OI n=26, +Rs12,760 (published)
2026-08-31 04:52:19,275 [INFO]     A max-OI x3          n=26  WR 46.2%  +Rs12,760  median day  -Rs29
2026-08-31 04:52:19,275 [INFO]     C spot x3 @14:30     n=29  WR 51.7%  +Rs13,959  median day +Rs111
2026-08-31 04:52:19,275 [INFO]                          -> 3 days better, 0 WORSE, 21 unchanged
2026-08-31 04:52:19,275 [INFO]     B spot re-anchored   n=32  WR 53.1%  +Rs18,242  5 better, 1 worse
2026-08-31 04:52:19,275 [INFO]   Live behaviour sits between C and B (legs re-resolve every 5 min).
2026-08-31 04:52:19,275 [INFO] 
2026-08-31 04:52:19,275 [INFO]   OUT-OF-WINDOW (older 57 expiries 2024-10..2025-11, the regime where E2 is
2026-08-31 04:52:19,275 [INFO]   known to LOSE). Question was not "does E2 work there" -- it does not -- but
2026-08-31 04:52:19,275 [INFO]   "does spot anchoring make it WORSE". It does not:
2026-08-31 04:52:19,275 [INFO]     A max-OI x3  n=40  WR 35.0%  -Rs3,958
2026-08-31 04:52:19,275 [INFO]     C spot x3    n=43  WR 37.2%  -Rs2,954   (2 days better, 1 worse)
2026-08-31 04:52:19,275 [INFO]     B re-anchor  n=44  WR 36.4%  -Rs3,162
2026-08-31 04:52:19,276 [INFO]   CAVEAT, stated rather than buried: this OOS baseline is -Rs3,958 against the
2026-08-31 04:52:19,276 [INFO]   published -Rs4,910. The Expired-Instruments API returned NO contracts for 1 of
2026-08-31 04:52:19,276 [INFO]   the 57 days and only 15 of 22 for another, so the OOS run covers 56 days with
2026-08-31 04:52:19,276 [INFO]   some gaps. Treat the OOS numbers as DIRECTIONAL. The recent-40 window, which
2026-08-31 04:52:19,276 [INFO]   is what this change is justified on, reproduced its baseline EXACTLY.
2026-08-31 04:52:19,276 [INFO] 
2026-08-31 04:52:19,276 [INFO]   HONEST READING: the in-sample gain is SMALL (+Rs1,199 at equal breadth)
2026-08-31 04:52:19,276 [INFO]   because max-OI and spot-ATM usually COINCIDE — they differed on only 3 of 24
2026-08-31 04:52:19,276 [INFO]   traded days. This change is not an edge improvement; it removes a blind spot
2026-08-31 04:52:19,276 [INFO]   in the tail. Its value is that at equal breadth it was never worse on any of
2026-08-31 04:52:19,276 [INFO]   the 40 expiries, and the two live misses are exactly the case it fixes.
2026-08-31 04:52:19,276 [INFO] 
2026-08-31 04:52:19,276 [INFO]   REVERT: *_BACKUP_20260829_pre_spot_anchor.py, or EXP12_ANCHOR='maxoi'
2026-08-31 04:52:19,276 [INFO]   STATUS: applied 2026-08-29. Confirm on the next expiry that the log shows
2026-08-31 04:52:19,277 [INFO]   "[EXP12] anchor=spot M=..." and that legs track spot.  [BT][USER]
2026-08-31 04:52:19,277 [INFO] 
2026-08-31 04:52:19,277 [INFO] V2.5.20 [EXPIRY REPORTING + INTRADAY BAR FIX — 2026-08-29]
2026-08-31 04:52:19,277 [INFO]   Four changes, all from the user's 2026-08-27 review. NO entry/exit RULE was
2026-08-31 04:52:19,277 [INFO]   changed — these are data-plumbing and reporting only.
2026-08-31 04:52:19,277 [INFO] 
2026-08-31 04:52:19,277 [INFO]   (1) SHIM 1-MINUTE RESAMPLING (item 3). upstox_kite_shim.historical_data() now
2026-08-31 04:52:19,277 [INFO]       builds TODAY's 5m/15m/1h bars from 1-MINUTE intraday instead of asking the
2026-08-31 04:52:19,277 [INFO]       intraday endpoint for them directly, because that endpoint only emits a
2026-08-31 04:52:19,277 [INFO]       forming bar 0-6 min late and the engines read iloc[-2] assuming iloc[-1]
2026-08-31 04:52:19,277 [INFO]       is the forming bar. Deliberately NOT raising the 16-min stale guard —
2026-08-31 04:52:19,277 [INFO]       that would hide stale indicators instead of surfacing them.
2026-08-31 04:52:19,277 [INFO]       52/52 instrument-day-interval combos reproduce Upstox's own O/H/L/C/vol/OI
2026-08-31 04:52:19,277 [INFO]       EXACTLY. See upstox_kite_shim.py CHANGE_HISTORY.  [FIX]
2026-08-31 04:52:19,277 [INFO] 
2026-08-31 04:52:19,277 [INFO]   (2) EXPIRY "WHY / WHY NOT" TELEGRAM at 15:29 (item 5). User: "no message about
2026-08-31 04:52:19,277 [INFO]       why a trade was not taken". Every EXP12 gate now increments a counter
2026-08-31 04:52:19,278 [INFO]       (_exp12_block) and records the closest miss (_exp12_near);
2026-08-31 04:52:19,278 [INFO]       _exp12_eod_report() sends one consolidated per-engine message. On the
2026-08-31 04:52:19,278 [INFO]       08-27 book this renders as "EXP2: no trade — blocked by spot too far from
2026-08-31 04:52:19,278 [INFO]       strike x148 ... closest: 77400CE prem 12.30 OK but dist -318", which is
2026-08-31 04:52:19,278 [INFO]       the universe flaw made visible.  [USER]
2026-08-31 04:52:19,278 [INFO] 
2026-08-31 04:52:19,278 [INFO]   (3) EXP12 TELEGRAM COLOUR + SHADOW TAG (item 7a). Entries/exits were plain
2026-08-31 04:52:19,278 [INFO]       🎯/⚫ with no green/red, so a +Rs3,378 day on 08-27 read like nothing had
2026-08-31 04:52:19,278 [INFO]       happened. Now 🟢/🔴 by CE/PE, 🟩/🟥 by result, and a persistent
2026-08-31 04:52:19,278 [INFO]       "⚫ SHADOW BOOK (not in main PnL)" tag.  [USER]
2026-08-31 04:52:19,278 [INFO] 
2026-08-31 04:52:19,278 [INFO]   (4) SHADOW TOTAL IN THE EOD SUMMARY (item 7b). EXP12 is a separate book (own
2026-08-31 04:52:19,278 [INFO]       lot size, own CSV) and stays EXCLUDED from Net PnL — but it is now printed
2026-08-31 04:52:19,278 [INFO]       as its own clearly-labelled block, so 08-27's "Rs0" on a +Rs3,378 day
2026-08-31 04:52:19,278 [INFO]       cannot recur. The two totals are visible without ever being mixed.  [USER]
2026-08-31 04:52:19,279 [INFO] 
2026-08-31 04:52:19,279 [INFO]   REVERT: *_BACKUP_20260829_pre_changelog_backfill.py (and, for the shim,
2026-08-31 04:52:19,279 [INFO]           upstox_kite_shim_BACKUP_20260829_pre_1m_resample.py)
2026-08-31 04:52:19,279 [INFO]   STATUS: applied 2026-08-29 (Sat, market closed). Item (1) is offline-verified
2026-08-31 04:52:19,279 [INFO]           only and MUST be confirmed against the live feed at the next open:
2026-08-31 04:52:19,279 [INFO]           [STALE] events should drop to zero. Items (2)-(4) are cosmetic/report
2026-08-31 04:52:19,279 [INFO]           paths and are proven by rendering tests, but (2) only fires on an
2026-08-31 04:52:19,279 [INFO]           expiry day — next Nifty expiry Tue 2026-09-01.
2026-08-31 04:52:19,279 [INFO] 
2026-08-31 04:52:19,279 [INFO] V2.5.20 [FLIGHT-RECORDER LOG FIX — 2026-08-29]
2026-08-31 04:52:19,279 [INFO]   WHAT : logging.basicConfig(filename=LOG_FN) -> logging.handlers.
2026-08-31 04:52:19,279 [INFO]          WatchedFileHandler(LOG_FN). One handler swap in the LOGGING block;
2026-08-31 04:52:19,279 [INFO]          added `import logging.handlers`. No engine/strategy code touched.
2026-08-31 04:52:19,279 [INFO]   WHY  : every Nifty & Sensex FlightRecorder *.log had been BOOT-BANNER-ONLY
2026-08-31 04:52:19,279 [INFO]          for ~a week (08-20 -> 08-28): 32,891 bytes, last line 8 seconds after
2026-08-31 04:52:19,279 [INFO]          boot, while the BarLevel CSV ran to 15:25. push_logs_to_github() runs
2026-08-31 04:52:19,280 [INFO]          `git rebase --autostash` every 5 min; with a dirty tree the autostash
2026-08-31 04:52:19,280 [INFO]          push/pop deletes and recreates every modified tracked file, including
2026-08-31 04:52:19,280 [INFO]          the log being written. The plain FileHandler held its fd on the old
2026-08-31 04:52:19,280 [INFO]          inode, so all later lines went to an orphaned inode. This is why the
2026-08-31 04:52:19,280 [INFO]          "check the Thursday log" instructions left for EXP2W / EXP12-relax /
2026-08-31 04:52:19,280 [INFO]          Upstox were all uncheckable. Real record was ~/orion_*_run.log (stdout).
2026-08-31 04:52:19,280 [INFO]   EVIDENCE : reproduced against a REAL two-bot `git rebase --autostash` cycle
2026-08-31 04:52:19,280 [INFO]          (scratchpad/wfhtest/repro3.py): FileHandler -> on-disk log holds ONLY
2026-08-31 04:52:19,280 [INFO]          the boot banner (inode swapped mid-run); WatchedFileHandler -> all
2026-08-31 04:52:19,280 [INFO]          lines through EOD survive the identical swap. Control that confirms
2026-08-31 04:52:19,280 [INFO]          the diagnosis in production: stocks_run.log is NOT git-tracked, is
2026-08-31 04:52:19,280 [INFO]          never touched by the push, and is complete through 15:30 IST on the
2026-08-31 04:52:19,280 [INFO]          same sessions. csv_append() and the Telegram fallback log open by
2026-08-31 04:52:19,280 [INFO]          name per write and were never affected.
2026-08-31 04:52:19,280 [INFO]   NOT DONE : dropping --autostash. It was added 2026-07-27 to fix a different
2026-08-31 04:52:19,281 [INFO]          failure (365+ push rejects/day since 07-20). Do not remove it.
2026-08-31 04:52:19,281 [INFO]   REVERT : ORION_PAPER_V2_5_20_BACKUP_20260829_pre_watchedfilehandler.py /
2026-08-31 04:52:19,281 [INFO]            ORION_SENSEX_V2520_BACKUP_20260829_pre_watchedfilehandler.py
2026-08-31 04:52:19,281 [INFO]   STATUS : code-applied 2026-08-29 (Sat, market closed). NOT yet proven live —
2026-08-31 04:52:19,281 [INFO]            confirm on the next session's boot that the FlightRecorder log keeps
2026-08-31 04:52:19,281 [INFO]            growing past 09:07 and its last line is ~15:25, not ~09:02.
2026-08-31 04:52:19,281 [INFO] 
2026-08-31 04:52:19,281 [INFO] === REJECTED DECISIONS (DO NOT RE-ADD WITHOUT NEW BACKTEST EVIDENCE) ===
2026-08-31 04:52:19,281 [INFO]   SKIP_HOUR_13         : -Rs 46k (kills profitable flips in that window)
2026-08-31 04:52:19,281 [INFO]   SKIP_TUESDAYS        : +Rs 56k but calendar-overfit; RSI gate replaces
2026-08-31 04:52:19,281 [INFO]   ADX<20 filter        : -Rs 16k
2026-08-31 04:52:19,281 [INFO]   ADX<25 filter        : -Rs 34k
2026-08-31 04:52:19,281 [INFO]   BE armor at +15%     : net negative
2026-08-31 04:52:19,281 [INFO]   Same-side flip       : -Rs 191k CATASTROPHIC
2026-08-31 04:52:19,281 [INFO]   REVERSAL_FLIP=True   : WR 12% vs 33%
2026-08-31 04:52:19,281 [INFO]   K cap on CE          : hurts WR (no cap is better)
2026-08-31 04:52:19,282 [INFO]   V2.5.10 macro SMA50  : -Rs 2.3L vs V2.5.9; lagging filter blocked PE in bear phases
2026-08-31 04:52:19,282 [INFO]   V2.5.11 straddle halt: straddle expansion days WR 69.8% > normal 66.9%;
2026-08-31 04:52:19,282 [INFO]                          halting on expansion removed profitable trades (+Rs 2,54,234 phantom)
2026-08-31 04:52:20,980 [INFO] [CHANGELOG] up to date (last entry 2026-08-31)
2026-08-31 04:52:25,699 [INFO] [boot] Logs pushed to GitHub: Sensex_FlightRecorder_V2_5_20-SENSEX_20260831_102217.log, Sensex_BarLevel_V2_5_20-SENSEX_20260831_102217.csv
2026-08-31 04:52:26,138 [INFO] [ORB] Stood down for the day — SIDEWAYS-regime filter
2026-08-31 04:52:26,169 [INFO] [APEX] open=0 trades=0 realized=+0.0pt/Rs+0 unreal=+0.0pt/Rs+0
2026-08-31 04:52:26,290 [INFO] [T5] open=0 trades=0 realized=+0.0pt/Rs+0 unreal=+0.0pt/Rs+0
2026-08-31 04:52:26,291 [INFO] [INDICATORS] spot=76803.4 | 1h: close=76841.1 sma20=77278.7 sma50=77392.3 rsi=37.5 macd=-103.32/-78.91(bear) | 15m: K=0.0↓(prev 0.0) | regime=PE-eligible any_active=False
2026-08-31 04:52:26,291 [INFO] [SIGNAL] CE: reg=False K=False(K=0.0>=38,rising) Kextr=True RSI=False(37.5>53) MACD=False(gate off) => BLOCK | PE: reg=True K=False(K=0.0<=80,falling) Kextr=False RSI=True(37.5<47) MACD=True(gate off) => BLOCK
2026-08-31 04:56:29,827 [INFO] [V3PROBE] PLACED PE BFO:SENSEX2690376800PE limit=279.05 (LTP=292.05 - 13) window=25min — EARLY(10m) Grade A R-cluster BREAK-PE at 76955
2026-08-31 04:57:31,446 [INFO] [APEX] open=0 trades=0 realized=+0.0pt/Rs+0 unreal=+0.0pt/Rs+0
2026-08-31 04:57:31,503 [INFO] [T5] open=0 trades=0 realized=+0.0pt/Rs+0 unreal=+0.0pt/Rs+0
2026-08-31 04:57:31,503 [INFO] [INDICATORS] spot=76843.1 | 1h: close=76841.1 sma20=77278.7 sma50=77392.3 rsi=37.5 macd=-103.32/-78.91(bear) | 15m: K=0.0↓(prev 0.0) | regime=PE-eligible any_active=False
2026-08-31 04:57:31,504 [INFO] [SIGNAL] CE: reg=False K=False(K=0.0>=38,rising) Kextr=True RSI=False(37.5>53) MACD=False(gate off) => BLOCK | PE: reg=True K=False(K=0.0<=80,falling) Kextr=False RSI=True(37.5<47) MACD=True(gate off) => BLOCK
2026-08-31 04:57:34,610 [INFO] [periodic] Logs pushed to GitHub: Sensex_FlightRecorder_V2_5_20-SENSEX_20260831_102217.log, Sensex_BarLevel_V2_5_20-SENSEX_20260831_102217.csv
2026-08-31 04:58:35,307 [INFO] [V3PROBE] FILLED PE BFO:SENSEX2690376800PE @ 279.05 (LTP touched 277.10)
2026-08-31 04:58:35,360 [INFO] ENTRY: BFO:SENSEX2690376800PE @ 279.05  engine=V3  detail=EARLY(10m) Grade A R-cluster BREAK-PE at 76955
2026-08-31 05:01:08,229 [WARNING] [STALE] 15m last bar 10:15 (>16min old) — instant refetch
2026-08-31 05:01:08,277 [WARNING] [STALE] 15m STILL stale after refetch — entries blocked this cycle
2026-08-31 05:02:40,371 [INFO] [APEX] open=0 trades=0 realized=+0.0pt/Rs+0 unreal=+0.0pt/Rs+0
2026-08-31 05:02:40,371 [INFO] [T5] open=0 trades=0 realized=+0.0pt/Rs+0 unreal=+0.0pt/Rs+0
2026-08-31 05:02:40,372 [INFO] [INDICATORS] spot=76851.8 | 1h: close=76841.1 sma20=77278.7 sma50=77392.3 rsi=37.5 macd=-103.32/-78.91(bear) | 15m: K=1.8↑(prev 0.0) | regime=PE-eligible any_active=True
2026-08-31 05:02:40,372 [INFO] [SIGNAL] CE: reg=False K=False(K=1.8>=38,rising) Kextr=True RSI=False(37.5>53) MACD=False(gate off) => BLOCK | PE: reg=True K=False(K=1.8<=80,falling) Kextr=False RSI=True(37.5<47) MACD=True(gate off) => BLOCK
2026-08-31 05:02:40,372 [INFO] [STATE][BASE] PE BFO:SENSEX2690376800PE ltp=289.05 entry=279.05 pnl=+10.00(+3.6%) sl=228.82 peak=290.00 tr_armed=False elapsed=4min
2026-08-31 05:02:43,313 [INFO] [periodic] Logs pushed to GitHub: Sensex_FlightRecorder_V2_5_20-SENSEX_20260831_102217.log, Sensex_BarLevel_V2_5_20-SENSEX_20260831_102217.csv
2026-08-31 05:07:47,656 [INFO] EXIT: BFO:SENSEX2690376800PE @ 312.05 reason=V3_FAST_TARGET pnl/sh=+33.00 is_flip=False losses=0/4
2026-08-31 05:07:48,552 [INFO] [APEX] open=0 trades=0 realized=+0.0pt/Rs+0 unreal=+0.0pt/Rs+0
2026-08-31 05:07:48,626 [INFO] [T5] open=0 trades=0 realized=+0.0pt/Rs+0 unreal=+0.0pt/Rs+0
2026-08-31 05:07:48,627 [INFO] [INDICATORS] spot=76797.8 | 1h: close=76841.1 sma20=77278.7 sma50=77392.3 rsi=37.5 macd=-103.32/-78.91(bear) | 15m: K=1.8↑(prev 0.0) | regime=PE-eligible any_active=False
2026-08-31 05:07:48,627 [INFO] [SIGNAL] CE: reg=False K=False(K=1.8>=38,rising) Kextr=True RSI=False(37.5>53) MACD=False(gate off) => BLOCK | PE: reg=True K=False(K=1.8<=80,falling) Kextr=False RSI=True(37.5<47) MACD=True(gate off) => BLOCK
2026-08-31 05:07:54,637 [INFO] [periodic] Logs pushed to GitHub: Sensex_FlightRecorder_V2_5_20-SENSEX_20260831_102217.log, Sensex_BarLevel_V2_5_20-SENSEX_20260831_102217.csv
2026-08-31 05:08:24,910 [INFO] [CHOPGATE] Clear to trade — ER=0.46 crosses=0 range=277pt
2026-08-31 05:08:24,940 [INFO] [V3PROBE] PLACED CE BFO:SENSEX2690376800CE limit=413.00 (LTP=426.00 - 13) window=25min — Grade B R-cluster REJECT-CE at 76840
2026-08-31 05:12:58,664 [INFO] [APEX] open=0 trades=0 realized=+0.0pt/Rs+0 unreal=+0.0pt/Rs+0
2026-08-31 05:12:58,664 [INFO] [T5] open=0 trades=0 realized=+0.0pt/Rs+0 unreal=+0.0pt/Rs+0
2026-08-31 05:12:58,665 [INFO] [INDICATORS] spot=76775.5 | 1h: close=76841.1 sma20=77278.7 sma50=77392.3 rsi=37.5 macd=-103.32/-78.91(bear) | 15m: K=1.8↑(prev 0.0) | regime=PE-eligible any_active=False
2026-08-31 05:12:58,665 [INFO] [SIGNAL] CE: reg=False K=False(K=1.8>=38,rising) Kextr=True RSI=False(37.5>53) MACD=False(gate off) => BLOCK | PE: reg=True K=False(K=1.8<=80,falling) Kextr=False RSI=True(37.5<47) MACD=True(gate off) => BLOCK
2026-08-31 05:13:01,409 [INFO] [periodic] Logs pushed to GitHub: Sensex_FlightRecorder_V2_5_20-SENSEX_20260831_102217.log, Sensex_BarLevel_V2_5_20-SENSEX_20260831_102217.csv
2026-08-31 05:16:03,491 [WARNING] [STALE] 15m last bar 10:30 (>16min old) — instant refetch
2026-08-31 05:16:03,539 [WARNING] [STALE] 15m STILL stale after refetch — entries blocked this cycle
2026-08-31 05:16:04,325 [WARNING] [STALE] fut15 last bar 10:30 (>16min old) — instant refetch
2026-08-31 05:16:04,369 [WARNING] [STALE] fut15 STILL stale after refetch — entries blocked this cycle
2026-08-31 05:18:05,954 [INFO] [APEX] open=0 trades=0 realized=+0.0pt/Rs+0 unreal=+0.0pt/Rs+0
2026-08-31 05:18:06,023 [INFO] [T5] open=0 trades=0 realized=+0.0pt/Rs+0 unreal=+0.0pt/Rs+0
2026-08-31 05:18:06,024 [INFO] [INDICATORS] spot=76796.2 | 1h: close=76841.1 sma20=77278.7 sma50=77392.3 rsi=37.5 macd=-103.32/-78.91(bear) | 15m: K=1.8↓(prev 1.8) | regime=PE-eligible any_active=False
2026-08-31 05:18:06,024 [INFO] [SIGNAL] CE: reg=False K=False(K=1.8>=38,rising) Kextr=True RSI=False(37.5>53) MACD=False(gate off) => BLOCK | PE: reg=True K=False(K=1.8<=80,falling) Kextr=False RSI=True(37.5<47) MACD=True(gate off) => BLOCK
2026-08-31 05:18:08,656 [INFO] [periodic] Logs pushed to GitHub: Sensex_FlightRecorder_V2_5_20-SENSEX_20260831_102217.log, Sensex_BarLevel_V2_5_20-SENSEX_20260831_102217.csv
2026-08-31 05:23:11,950 [INFO] [APEX] open=0 trades=0 realized=+0.0pt/Rs+0 unreal=+0.0pt/Rs+0
2026-08-31 05:23:11,950 [INFO] [T5] open=0 trades=0 realized=+0.0pt/Rs+0 unreal=+0.0pt/Rs+0
2026-08-31 05:23:11,951 [INFO] [INDICATORS] spot=76760.4 | 1h: close=76841.1 sma20=77278.7 sma50=77392.3 rsi=37.5 macd=-103.32/-78.91(bear) | 15m: K=1.8↓(prev 1.8) | regime=PE-eligible any_active=False
2026-08-31 05:23:11,951 [INFO] [SIGNAL] CE: reg=False K=False(K=1.8>=38,rising) Kextr=True RSI=False(37.5>53) MACD=False(gate off) => BLOCK | PE: reg=True K=False(K=1.8<=80,falling) Kextr=False RSI=True(37.5<47) MACD=True(gate off) => BLOCK
2026-08-31 05:23:15,470 [INFO] [periodic] Logs pushed to GitHub: Sensex_FlightRecorder_V2_5_20-SENSEX_20260831_102217.log, Sensex_BarLevel_V2_5_20-SENSEX_20260831_102217.csv
2026-08-31 05:28:18,850 [INFO] [APEX] open=0 trades=0 realized=+0.0pt/Rs+0 unreal=+0.0pt/Rs+0
2026-08-31 05:28:18,850 [INFO] [T5] open=0 trades=0 realized=+0.0pt/Rs+0 unreal=+0.0pt/Rs+0
2026-08-31 05:28:18,851 [INFO] [INDICATORS] spot=76779.8 | 1h: close=76841.1 sma20=77278.7 sma50=77392.3 rsi=37.5 macd=-103.32/-78.91(bear) | 15m: K=1.8↓(prev 1.8) | regime=PE-eligible any_active=False
2026-08-31 05:28:18,851 [INFO] [SIGNAL] CE: reg=False K=False(K=1.8>=38,rising) Kextr=True RSI=False(37.5>53) MACD=False(gate off) => BLOCK | PE: reg=True K=False(K=1.8<=80,falling) Kextr=False RSI=True(37.5<47) MACD=True(gate off) => BLOCK
2026-08-31 05:28:21,578 [INFO] [periodic] Logs pushed to GitHub: Sensex_FlightRecorder_V2_5_20-SENSEX_20260831_102217.log, Sensex_BarLevel_V2_5_20-SENSEX_20260831_102217.csv
2026-08-31 05:31:23,668 [WARNING] [STALE] 15m last bar 10:45 (>16min old) — instant refetch
2026-08-31 05:31:23,738 [WARNING] [STALE] 15m STILL stale after refetch — entries blocked this cycle
2026-08-31 05:33:25,910 [INFO] [V3PROBE] EXPIRED unfilled CE BFO:SENSEX2690376800CE limit=413.00
2026-08-31 05:33:26,724 [INFO] [APEX] open=0 trades=0 realized=+0.0pt/Rs+0 unreal=+0.0pt/Rs+0
2026-08-31 05:33:26,725 [INFO] [T5] open=0 trades=0 realized=+0.0pt/Rs+0 unreal=+0.0pt/Rs+0
2026-08-31 05:33:26,725 [INFO] [INDICATORS] spot=76815.3 | 1h: close=76841.1 sma20=77278.7 sma50=77392.3 rsi=37.5 macd=-103.32/-78.91(bear) | 15m: K=2.9↑(prev 1.8) | regime=PE-eligible any_active=False
2026-08-31 05:33:26,725 [INFO] [SIGNAL] CE: reg=False K=False(K=2.9>=38,rising) Kextr=True RSI=False(37.5>53) MACD=False(gate off) => BLOCK | PE: reg=True K=False(K=2.9<=80,falling) Kextr=False RSI=True(37.5<47) MACD=True(gate off) => BLOCK
2026-08-31 05:33:29,516 [INFO] [periodic] Logs pushed to GitHub: Sensex_FlightRecorder_V2_5_20-SENSEX_20260831_102217.log, Sensex_BarLevel_V2_5_20-SENSEX_20260831_102217.csv
2026-08-31 05:38:32,809 [INFO] [APEX] open=0 trades=0 realized=+0.0pt/Rs+0 unreal=+0.0pt/Rs+0
2026-08-31 05:38:32,874 [INFO] [T5] open=0 trades=0 realized=+0.0pt/Rs+0 unreal=+0.0pt/Rs+0
2026-08-31 05:38:32,874 [INFO] [INDICATORS] spot=76793.9 | 1h: close=76841.1 sma20=77278.7 sma50=77392.3 rsi=37.5 macd=-103.32/-78.91(bear) | 15m: K=2.9↑(prev 1.8) | regime=PE-eligible any_active=False
2026-08-31 05:38:32,874 [INFO] [SIGNAL] CE: reg=False K=False(K=2.9>=38,rising) Kextr=True RSI=False(37.5>53) MACD=False(gate off) => BLOCK | PE: reg=True K=False(K=2.9<=80,falling) Kextr=False RSI=True(37.5<47) MACD=True(gate off) => BLOCK
2026-08-31 05:38:36,746 [INFO] [periodic] Logs pushed to GitHub: Sensex_FlightRecorder_V2_5_20-SENSEX_20260831_102217.log, Sensex_BarLevel_V2_5_20-SENSEX_20260831_102217.csv
2026-08-31 05:43:39,810 [INFO] [APEX] open=0 trades=0 realized=+0.0pt/Rs+0 unreal=+0.0pt/Rs+0
2026-08-31 05:43:39,811 [INFO] [T5] open=0 trades=0 realized=+0.0pt/Rs+0 unreal=+0.0pt/Rs+0
2026-08-31 05:43:39,811 [INFO] [INDICATORS] spot=76764.9 | 1h: close=76841.1 sma20=77278.7 sma50=77392.3 rsi=37.5 macd=-103.32/-78.91(bear) | 15m: K=2.9↑(prev 1.8) | regime=PE-eligible any_active=False
2026-08-31 05:43:39,811 [INFO] [SIGNAL] CE: reg=False K=False(K=2.9>=38,rising) Kextr=True RSI=False(37.5>53) MACD=False(gate off) => BLOCK | PE: reg=True K=False(K=2.9<=80,falling) Kextr=False RSI=True(37.5<47) MACD=True(gate off) => BLOCK
2026-08-31 05:43:42,555 [INFO] [periodic] Logs pushed to GitHub: Sensex_FlightRecorder_V2_5_20-SENSEX_20260831_102217.log, Sensex_BarLevel_V2_5_20-SENSEX_20260831_102217.csv
2026-08-31 05:46:14,132 [WARNING] [STALE] fut15 last bar 11:00 (>16min old) — instant refetch
2026-08-31 05:46:14,177 [WARNING] [STALE] fut15 STILL stale after refetch — entries blocked this cycle
2026-08-31 05:46:45,288 [INFO] [VWAP] Signal — FUT 77457<77506 body=70% side=PE | persist_gate=dist=-50.7pt persist=True (last 2x5m vs FUTvwap=77507.3)
2026-08-31 05:46:45,360 [INFO] ENTRY: BFO:SENSEX2690376800PE @ 296.25  engine=VWAP  detail=FUT VWAP 77457<77506 body=70% | bar=154
2026-08-31 05:48:47,903 [INFO] [APEX] open=0 trades=0 realized=+0.0pt/Rs+0 unreal=+0.0pt/Rs+0
2026-08-31 05:48:47,967 [INFO] [T5] open=0 trades=0 realized=+0.0pt/Rs+0 unreal=+0.0pt/Rs+0
2026-08-31 05:48:47,968 [INFO] [INDICATORS] spot=76811.6 | 1h: close=76789.6 sma20=77234.6 sma50=77378.2 rsi=36.3 macd=-124.77/-88.08(bear) | 15m: K=1.1↓(prev 2.9) | regime=PE-eligible any_active=True
2026-08-31 05:48:47,968 [INFO] [SIGNAL] CE: reg=False K=False(K=1.1>=38,rising) Kextr=True RSI=False(36.3>53) MACD=False(gate off) => BLOCK | PE: reg=True K=False(K=1.1<=80,falling) Kextr=False RSI=True(36.3<47) MACD=True(gate off) => BLOCK
2026-08-31 05:48:47,968 [INFO] [STATE][VWAP] PE BFO:SENSEX2690376800PE ltp=296.50 entry=296.25 pnl=+0.25(+0.1%) sl=242.93 peak=299.95 tr_armed=False elapsed=2min
2026-08-31 05:48:50,840 [INFO] [periodic] Logs pushed to GitHub: Sensex_FlightRecorder_V2_5_20-SENSEX_20260831_102217.log, Sensex_BarLevel_V2_5_20-SENSEX_20260831_102217.csv
2026-08-31 05:53:55,120 [INFO] [APEX] open=0 trades=0 realized=+0.0pt/Rs+0 unreal=+0.0pt/Rs+0
2026-08-31 05:53:55,120 [INFO] [T5] open=0 trades=0 realized=+0.0pt/Rs+0 unreal=+0.0pt/Rs+0
2026-08-31 05:53:55,121 [INFO] [INDICATORS] spot=76820.1 | 1h: close=76789.6 sma20=77234.6 sma50=77378.2 rsi=36.3 macd=-124.77/-88.08(bear) | 15m: K=1.1↓(prev 2.9) | regime=PE-eligible any_active=True
2026-08-31 05:53:55,121 [INFO] [SIGNAL] CE: reg=False K=False(K=1.1>=38,rising) Kextr=True RSI=False(36.3>53) MACD=False(gate off) => BLOCK | PE: reg=True K=False(K=1.1<=80,falling) Kextr=False RSI=True(36.3<47) MACD=True(gate off) => BLOCK
2026-08-31 05:53:55,121 [INFO] [STATE][VWAP] PE BFO:SENSEX2690376800PE ltp=295.40 entry=296.25 pnl=-0.85(-0.3%) sl=242.93 peak=302.00 tr_armed=False elapsed=7min
2026-08-31 05:53:58,747 [INFO] [periodic] Logs pushed to GitHub: Sensex_FlightRecorder_V2_5_20-SENSEX_20260831_102217.log, Sensex_BarLevel_V2_5_20-SENSEX_20260831_102217.csv
2026-08-31 05:59:03,231 [INFO] [APEX] open=0 trades=0 realized=+0.0pt/Rs+0 unreal=+0.0pt/Rs+0
2026-08-31 05:59:03,293 [INFO] [T5] open=0 trades=0 realized=+0.0pt/Rs+0 unreal=+0.0pt/Rs+0
2026-08-31 05:59:03,294 [INFO] [INDICATORS] spot=76797.3 | 1h: close=76789.6 sma20=77234.6 sma50=77378.2 rsi=36.3 macd=-124.77/-88.08(bear) | 15m: K=1.1↓(prev 2.9) | regime=PE-eligible any_active=True
2026-08-31 05:59:03,294 [INFO] [SIGNAL] CE: reg=False K=False(K=1.1>=38,rising) Kextr=True RSI=False(36.3>53) MACD=False(gate off) => BLOCK | PE: reg=True K=False(K=1.1<=80,falling) Kextr=False RSI=True(36.3<47) MACD=True(gate off) => BLOCK
2026-08-31 05:59:03,294 [INFO] [STATE][VWAP] PE BFO:SENSEX2690376800PE ltp=296.15 entry=296.25 pnl=-0.10(-0.0%) sl=242.93 peak=302.00 tr_armed=False elapsed=12min
2026-08-31 05:59:05,928 [INFO] [periodic] Logs pushed to GitHub: Sensex_FlightRecorder_V2_5_20-SENSEX_20260831_102217.log, Sensex_BarLevel_V2_5_20-SENSEX_20260831_102217.csv
2026-08-31 06:01:08,397 [WARNING] [STALE] 15m last bar 11:15 (>16min old) — instant refetch
2026-08-31 06:01:08,443 [WARNING] [STALE] 15m STILL stale after refetch — entries blocked this cycle
2026-08-31 06:01:09,230 [WARNING] [STALE] fut15 last bar 11:15 (>16min old) — instant refetch
2026-08-31 06:01:09,269 [WARNING] [STALE] fut15 STILL stale after refetch — entries blocked this cycle
2026-08-31 06:04:12,448 [INFO] [APEX] open=0 trades=0 realized=+0.0pt/Rs+0 unreal=+0.0pt/Rs+0
2026-08-31 06:04:12,449 [INFO] [T5] open=0 trades=0 realized=+0.0pt/Rs+0 unreal=+0.0pt/Rs+0
2026-08-31 06:04:12,449 [INFO] [INDICATORS] spot=76821.3 | 1h: close=76789.6 sma20=77234.6 sma50=77378.2 rsi=36.3 macd=-124.77/-88.08(bear) | 15m: K=4.4↑(prev 1.1) | regime=PE-eligible any_active=True
2026-08-31 06:04:12,449 [INFO] [SIGNAL] CE: reg=False K=False(K=4.4>=38,rising) Kextr=True RSI=False(36.3>53) MACD=False(gate off) => BLOCK | PE: reg=True K=False(K=4.4<=80,falling) Kextr=False RSI=True(36.3<47) MACD=True(gate off) => BLOCK
2026-08-31 06:04:12,450 [INFO] [STATE][VWAP] PE BFO:SENSEX2690376800PE ltp=282.80 entry=296.25 pnl=-13.45(-4.5%) sl=242.93 peak=302.00 tr_armed=False elapsed=17min
2026-08-31 06:04:15,132 [INFO] [periodic] Logs pushed to GitHub: Sensex_FlightRecorder_V2_5_20-SENSEX_20260831_102217.log, Sensex_BarLevel_V2_5_20-SENSEX_20260831_102217.csv
2026-08-31 06:09:19,413 [INFO] [APEX] open=0 trades=0 realized=+0.0pt/Rs+0 unreal=+0.0pt/Rs+0
2026-08-31 06:09:19,414 [INFO] [T5] open=0 trades=0 realized=+0.0pt/Rs+0 unreal=+0.0pt/Rs+0
2026-08-31 06:09:19,414 [INFO] [INDICATORS] spot=76848.4 | 1h: close=76789.6 sma20=77234.6 sma50=77378.2 rsi=36.3 macd=-124.77/-88.08(bear) | 15m: K=4.4↑(prev 1.1) | regime=PE-eligible any_active=True
2026-08-31 06:09:19,414 [INFO] [SIGNAL] CE: reg=False K=False(K=4.4>=38,rising) Kextr=True RSI=False(36.3>53) MACD=False(gate off) => BLOCK | PE: reg=True K=False(K=4.4<=80,falling) Kextr=False RSI=True(36.3<47) MACD=True(gate off) => BLOCK
2026-08-31 06:09:19,415 [INFO] [STATE][VWAP] PE BFO:SENSEX2690376800PE ltp=277.50 entry=296.25 pnl=-18.75(-6.3%) sl=242.93 peak=302.00 tr_armed=False elapsed=22min
2026-08-31 06:09:22,853 [INFO] [periodic] Logs pushed to GitHub: Sensex_FlightRecorder_V2_5_20-SENSEX_20260831_102217.log, Sensex_BarLevel_V2_5_20-SENSEX_20260831_102217.csv
2026-08-31 06:14:27,086 [INFO] [APEX] open=0 trades=0 realized=+0.0pt/Rs+0 unreal=+0.0pt/Rs+0
2026-08-31 06:14:27,087 [INFO] [T5] open=0 trades=0 realized=+0.0pt/Rs+0 unreal=+0.0pt/Rs+0
2026-08-31 06:14:27,087 [INFO] [INDICATORS] spot=76879.6 | 1h: close=76789.6 sma20=77234.6 sma50=77378.2 rsi=36.3 macd=-124.77/-88.08(bear) | 15m: K=4.4↑(prev 1.1) | regime=PE-eligible any_active=True
2026-08-31 06:14:27,087 [INFO] [SIGNAL] CE: reg=False K=False(K=4.4>=38,rising) Kextr=True RSI=False(36.3>53) MACD=False(gate off) => BLOCK | PE: reg=True K=False(K=4.4<=80,falling) Kextr=False RSI=True(36.3<47) MACD=True(gate off) => BLOCK
2026-08-31 06:14:27,088 [INFO] [STATE][VWAP] PE BFO:SENSEX2690376800PE ltp=267.45 entry=296.25 pnl=-28.80(-9.7%) sl=242.93 peak=302.00 tr_armed=False elapsed=27min
2026-08-31 06:14:29,789 [INFO] [periodic] Logs pushed to GitHub: Sensex_FlightRecorder_V2_5_20-SENSEX_20260831_102217.log, Sensex_BarLevel_V2_5_20-SENSEX_20260831_102217.csv
2026-08-31 06:16:00,926 [WARNING] [STALE] 15m last bar 11:30 (>16min old) — instant refetch
2026-08-31 06:16:00,971 [WARNING] [STALE] 15m STILL stale after refetch — entries blocked this cycle
2026-08-31 06:16:01,899 [WARNING] [STALE] fut15 last bar 11:30 (>16min old) — instant refetch
2026-08-31 06:16:01,941 [WARNING] [STALE] fut15 STILL stale after refetch — entries blocked this cycle
2026-08-31 06:16:02,059 [INFO] [VWAP_TRAIL] Option 15m close 262.95 < VWAP 281.91 — exiting
2026-08-31 06:16:02,060 [INFO] [CB] VWAP loss (own count 1) — TOTAL across all engines=1/4 (reason=VWAP_TRAIL)
2026-08-31 06:16:02,062 [INFO] EXIT: BFO:SENSEX2690376800PE @ 259.55 reason=VWAP_TRAIL pnl/sh=-36.70 is_flip=False losses=1/4
2026-08-31 06:16:33,177 [INFO] [VWAP] Climax skip — body=100% >= 87%
2026-08-31 06:17:03,478 [INFO] [VWAP] Climax skip — body=100% >= 87%
2026-08-31 06:17:33,763 [INFO] [VWAP] Climax skip — body=100% >= 87%
2026-08-31 06:18:04,055 [INFO] [VWAP] Climax skip — body=100% >= 87%
2026-08-31 06:18:34,340 [INFO] [VWAP] Climax skip — body=100% >= 87%
2026-08-31 06:19:04,631 [INFO] [VWAP] Climax skip — body=100% >= 87%
2026-08-31 06:19:34,934 [INFO] [VWAP] Climax skip — body=100% >= 87%
2026-08-31 06:19:35,037 [INFO] [APEX] open=0 trades=0 realized=+0.0pt/Rs+0 unreal=+0.0pt/Rs+0
2026-08-31 06:19:35,109 [INFO] [T5] open=0 trades=0 realized=+0.0pt/Rs+0 unreal=+0.0pt/Rs+0
2026-08-31 06:19:35,110 [INFO] [INDICATORS] spot=76842.2 | 1h: close=76789.6 sma20=77234.6 sma50=77378.2 rsi=36.3 macd=-124.77/-88.08(bear) | 15m: K=12.6↑(prev 4.4) | regime=PE-eligible any_active=False
2026-08-31 06:19:35,110 [INFO] [SIGNAL] CE: reg=False K=False(K=12.6>=38,rising) Kextr=True RSI=False(36.3>53) MACD=False(gate off) => BLOCK | PE: reg=True K=False(K=12.6<=80,falling) Kextr=False RSI=True(36.3<47) MACD=True(gate off) => BLOCK
2026-08-31 06:19:37,959 [INFO] [periodic] Logs pushed to GitHub: Sensex_FlightRecorder_V2_5_20-SENSEX_20260831_102217.log, Sensex_BarLevel_V2_5_20-SENSEX_20260831_102217.csv
2026-08-31 06:20:08,239 [INFO] [VWAP] Climax skip — body=100% >= 87%
2026-08-31 06:20:38,653 [INFO] [VWAP] Climax skip — body=100% >= 87%
2026-08-31 06:21:08,945 [INFO] [VWAP] Climax skip — body=100% >= 87%
2026-08-31 06:21:39,291 [INFO] [VWAP] Climax skip — body=100% >= 87%
2026-08-31 06:22:09,586 [INFO] [VWAP] Climax skip — body=100% >= 87%
2026-08-31 06:22:39,891 [INFO] [VWAP] Climax skip — body=100% >= 87%
2026-08-31 06:23:10,319 [INFO] [VWAP] Climax skip — body=100% >= 87%
2026-08-31 06:23:40,770 [INFO] [VWAP] Climax skip — body=100% >= 87%
2026-08-31 06:24:11,236 [INFO] [VWAP] Climax skip — body=100% >= 87%
2026-08-31 06:24:41,646 [INFO] [VWAP] Climax skip — body=100% >= 87%
2026-08-31 06:24:41,672 [INFO] [APEX] open=0 trades=0 realized=+0.0pt/Rs+0 unreal=+0.0pt/Rs+0
2026-08-31 06:24:41,672 [INFO] [T5] open=0 trades=0 realized=+0.0pt/Rs+0 unreal=+0.0pt/Rs+0
2026-08-31 06:24:41,673 [INFO] [INDICATORS] spot=76916.3 | 1h: close=76789.6 sma20=77234.6 sma50=77378.2 rsi=36.3 macd=-124.77/-88.08(bear) | 15m: K=12.6↑(prev 4.4) | regime=PE-eligible any_active=False
2026-08-31 06:24:41,673 [INFO] [SIGNAL] CE: reg=False K=False(K=12.6>=38,rising) Kextr=True RSI=False(36.3>53) MACD=False(gate off) => BLOCK | PE: reg=True K=False(K=12.6<=80,falling) Kextr=False RSI=True(36.3<47) MACD=True(gate off) => BLOCK
2026-08-31 06:24:45,304 [INFO] [periodic] Logs pushed to GitHub: Sensex_FlightRecorder_V2_5_20-SENSEX_20260831_102217.log, Sensex_BarLevel_V2_5_20-SENSEX_20260831_102217.csv
2026-08-31 06:25:15,578 [INFO] [VWAP] Climax skip — body=100% >= 87%
2026-08-31 06:25:45,975 [INFO] [VWAP] Climax skip — body=100% >= 87%
2026-08-31 06:26:16,365 [INFO] [VWAP] Climax skip — body=100% >= 87%
2026-08-31 06:26:46,730 [INFO] [VWAP] Climax skip — body=100% >= 87%
2026-08-31 06:27:17,063 [INFO] [VWAP] Climax skip — body=100% >= 87%
2026-08-31 06:27:47,492 [INFO] [VWAP] Climax skip — body=100% >= 87%
2026-08-31 06:28:17,862 [INFO] [VWAP] Climax skip — body=100% >= 87%
2026-08-31 06:28:48,161 [INFO] [VWAP] Climax skip — body=100% >= 87%
2026-08-31 06:29:18,481 [INFO] [VWAP] Climax skip — body=100% >= 87%
2026-08-31 06:29:48,828 [INFO] [VWAP] Climax skip — body=100% >= 87%
2026-08-31 06:29:48,851 [INFO] [APEX] open=0 trades=0 realized=+0.0pt/Rs+0 unreal=+0.0pt/Rs+0
2026-08-31 06:29:48,910 [INFO] [T5] open=0 trades=0 realized=+0.0pt/Rs+0 unreal=+0.0pt/Rs+0
2026-08-31 06:29:48,911 [INFO] [INDICATORS] spot=77007.1 | 1h: close=76789.6 sma20=77234.6 sma50=77378.2 rsi=36.3 macd=-124.77/-88.08(bear) | 15m: K=12.6↑(prev 4.4) | regime=PE-eligible any_active=False
2026-08-31 06:29:48,911 [INFO] [SIGNAL] CE: reg=False K=False(K=12.6>=38,rising) Kextr=True RSI=False(36.3>53) MACD=False(gate off) => BLOCK | PE: reg=True K=False(K=12.6<=80,falling) Kextr=False RSI=True(36.3<47) MACD=True(gate off) => BLOCK
2026-08-31 06:29:51,633 [INFO] [periodic] Logs pushed to GitHub: Sensex_FlightRecorder_V2_5_20-SENSEX_20260831_102217.log, Sensex_BarLevel_V2_5_20-SENSEX_20260831_102217.csv
2026-08-31 06:30:21,912 [INFO] [VWAP] Climax skip — body=100% >= 87%
2026-08-31 06:30:52,271 [INFO] [VWAP] Climax skip — body=100% >= 87%
2026-08-31 06:34:55,274 [INFO] [APEX] open=0 trades=0 realized=+0.0pt/Rs+0 unreal=+0.0pt/Rs+0
2026-08-31 06:34:55,341 [INFO] [T5] open=0 trades=0 realized=+0.0pt/Rs+0 unreal=+0.0pt/Rs+0
2026-08-31 06:34:55,341 [INFO] [INDICATORS] spot=76989.3 | 1h: close=76789.6 sma20=77234.6 sma50=77378.2 rsi=36.3 macd=-124.77/-88.08(bear) | 15m: K=34.0↑(prev 12.6) | regime=PE-eligible any_active=False
2026-08-31 06:34:55,341 [INFO] [SIGNAL] CE: reg=False K=False(K=34.0>=38,rising) Kextr=True RSI=False(36.3>53) MACD=False(gate off) => BLOCK | PE: reg=True K=False(K=34.0<=80,falling) Kextr=False RSI=True(36.3<47) MACD=True(gate off) => BLOCK
2026-08-31 06:34:58,561 [INFO] [periodic] Logs pushed to GitHub: Sensex_FlightRecorder_V2_5_20-SENSEX_20260831_102217.log, Sensex_BarLevel_V2_5_20-SENSEX_20260831_102217.csv
2026-08-31 06:40:02,357 [INFO] [APEX] open=0 trades=0 realized=+0.0pt/Rs+0 unreal=+0.0pt/Rs+0
2026-08-31 06:40:02,357 [INFO] [T5] open=0 trades=0 realized=+0.0pt/Rs+0 unreal=+0.0pt/Rs+0
2026-08-31 06:40:02,358 [INFO] [INDICATORS] spot=76968.1 | 1h: close=76789.6 sma20=77234.6 sma50=77378.2 rsi=36.3 macd=-124.77/-88.08(bear) | 15m: K=34.0↑(prev 12.6) | regime=PE-eligible any_active=False
2026-08-31 06:40:02,358 [INFO] [SIGNAL] CE: reg=False K=False(K=34.0>=38,rising) Kextr=True RSI=False(36.3>53) MACD=False(gate off) => BLOCK | PE: reg=True K=False(K=34.0<=80,falling) Kextr=False RSI=True(36.3<47) MACD=True(gate off) => BLOCK
2026-08-31 06:40:05,999 [INFO] [periodic] Logs pushed to GitHub: Sensex_FlightRecorder_V2_5_20-SENSEX_20260831_102217.log, Sensex_BarLevel_V2_5_20-SENSEX_20260831_102217.csv
2026-08-31 06:45:09,061 [INFO] [VWAP] Signal — FUT 77690>77535 body=80% side=CE | persist_gate=dist=+144.8pt persist=True (last 2x5m vs FUTvwap=77535.2)
2026-08-31 06:45:09,063 [INFO] [VETO] VWAP CE BLOCKED — CE into a DOWNtrend: spot 76956.4 is -578.8 below FUT VWAP 77535.2 (buffer 16)
2026-08-31 06:45:09,873 [INFO] [APEX] open=0 trades=0 realized=+0.0pt/Rs+0 unreal=+0.0pt/Rs+0
2026-08-31 06:45:09,873 [INFO] [T5] open=0 trades=0 realized=+0.0pt/Rs+0 unreal=+0.0pt/Rs+0
2026-08-31 06:45:09,874 [INFO] [INDICATORS] spot=76956.4 | 1h: close=76789.6 sma20=77234.6 sma50=77378.2 rsi=36.3 macd=-124.77/-88.08(bear) | 15m: K=34.0↑(prev 12.6) | regime=PE-eligible any_active=False
2026-08-31 06:45:09,874 [INFO] [SIGNAL] CE: reg=False K=False(K=34.0>=38,rising) Kextr=True RSI=False(36.3>53) MACD=False(gate off) => BLOCK | PE: reg=True K=False(K=34.0<=80,falling) Kextr=False RSI=True(36.3<47) MACD=True(gate off) => BLOCK
2026-08-31 06:45:12,688 [INFO] [periodic] Logs pushed to GitHub: Sensex_FlightRecorder_V2_5_20-SENSEX_20260831_102217.log, Sensex_BarLevel_V2_5_20-SENSEX_20260831_102217.csv
2026-08-31 06:46:13,264 [WARNING] [STALE] 15m last bar 12:00 (>16min old) — instant refetch
2026-08-31 06:46:13,305 [WARNING] [STALE] 15m STILL stale after refetch — entries blocked this cycle
2026-08-31 06:46:44,396 [INFO] [VWAP] Signal — FUT 77648>77535 body=72% side=CE | persist_gate=dist=+112.9pt persist=True (last 2x5m vs FUTvwap=77535.2)
2026-08-31 06:46:44,397 [INFO] [VETO] VWAP CE BLOCKED — CE into a DOWNtrend: spot 76940.8 is -594.4 below FUT VWAP 77535.2 (buffer 16)
2026-08-31 06:50:16,629 [INFO] [APEX] open=0 trades=0 realized=+0.0pt/Rs+0 unreal=+0.0pt/Rs+0
2026-08-31 06:50:16,630 [INFO] [T5] open=0 trades=0 realized=+0.0pt/Rs+0 unreal=+0.0pt/Rs+0
2026-08-31 06:50:16,630 [INFO] [INDICATORS] spot=76975.2 | 1h: close=76946.5 sma20=77200.6 sma50=77368.6 rsi=42.0 macd=-127.62/-95.99(bear) | 15m: K=48.7↑(prev 34.0) | regime=PE-eligible any_active=False
2026-08-31 06:50:16,630 [INFO] [SIGNAL] CE: reg=False K=True(K=48.7>=38,rising) Kextr=True RSI=False(42.0>53) MACD=False(gate off) => BLOCK | PE: reg=True K=False(K=48.7<=80,falling) Kextr=False RSI=True(42.0<47) MACD=True(gate off) => BLOCK
2026-08-31 06:50:19,625 [INFO] [periodic] Logs pushed to GitHub: Sensex_FlightRecorder_V2_5_20-SENSEX_20260831_102217.log, Sensex_BarLevel_V2_5_20-SENSEX_20260831_102217.csv
2026-08-31 06:55:23,114 [INFO] [APEX] open=0 trades=0 realized=+0.0pt/Rs+0 unreal=+0.0pt/Rs+0
2026-08-31 06:55:23,178 [INFO] [T5] open=0 trades=0 realized=+0.0pt/Rs+0 unreal=+0.0pt/Rs+0
2026-08-31 06:55:23,179 [INFO] [INDICATORS] spot=76980.2 | 1h: close=76946.5 sma20=77200.6 sma50=77368.6 rsi=42.0 macd=-127.62/-95.99(bear) | 15m: K=48.7↑(prev 34.0) | regime=PE-eligible any_active=False
2026-08-31 06:55:23,179 [INFO] [SIGNAL] CE: reg=False K=True(K=48.7>=38,rising) Kextr=True RSI=False(42.0>53) MACD=False(gate off) => BLOCK | PE: reg=True K=False(K=48.7<=80,falling) Kextr=False RSI=True(42.0<47) MACD=True(gate off) => BLOCK
2026-08-31 06:55:27,234 [INFO] [periodic] Logs pushed to GitHub: Sensex_FlightRecorder_V2_5_20-SENSEX_20260831_102217.log, Sensex_BarLevel_V2_5_20-SENSEX_20260831_102217.csv
2026-08-31 07:00:30,365 [INFO] [VWAP] Signal — FUT 77648>77535 body=72% side=CE | persist_gate=dist=+162.2pt persist=True (last 2x5m vs FUTvwap=77535.8)
2026-08-31 07:00:30,367 [INFO] [VETO] VWAP CE BLOCKED — CE into a DOWNtrend: spot 76974.1 is -561.7 below FUT VWAP 77535.8 (buffer 16)
2026-08-31 07:00:31,179 [INFO] [APEX] open=0 trades=0 realized=+0.0pt/Rs+0 unreal=+0.0pt/Rs+0
2026-08-31 07:00:31,179 [INFO] [T5] open=0 trades=0 realized=+0.0pt/Rs+0 unreal=+0.0pt/Rs+0
2026-08-31 07:00:31,180 [INFO] [INDICATORS] spot=76974.1 | 1h: close=76946.5 sma20=77200.6 sma50=77368.6 rsi=42.0 macd=-127.62/-95.99(bear) | 15m: K=48.7↑(prev 34.0) | regime=PE-eligible any_active=False
2026-08-31 07:00:31,180 [INFO] [SIGNAL] CE: reg=False K=True(K=48.7>=38,rising) Kextr=True RSI=False(42.0>53) MACD=False(gate off) => BLOCK | PE: reg=True K=False(K=48.7<=80,falling) Kextr=False RSI=True(42.0<47) MACD=True(gate off) => BLOCK
2026-08-31 07:00:34,660 [INFO] [periodic] Logs pushed to GitHub: Sensex_FlightRecorder_V2_5_20-SENSEX_20260831_102217.log, Sensex_BarLevel_V2_5_20-SENSEX_20260831_102217.csv
2026-08-31 07:01:04,943 [WARNING] [STALE] 15m last bar 12:15 (>16min old) — instant refetch
2026-08-31 07:01:04,989 [WARNING] [STALE] 15m STILL stale after refetch — entries blocked this cycle
2026-08-31 07:01:05,769 [WARNING] [STALE] fut15 last bar 12:15 (>16min old) — instant refetch
2026-08-31 07:01:05,823 [WARNING] [STALE] fut15 STILL stale after refetch — entries blocked this cycle
2026-08-31 07:05:38,750 [INFO] [APEX] open=0 trades=0 realized=+0.0pt/Rs+0 unreal=+0.0pt/Rs+0
2026-08-31 07:05:38,750 [INFO] [T5] open=0 trades=0 realized=+0.0pt/Rs+0 unreal=+0.0pt/Rs+0
2026-08-31 07:05:38,751 [INFO] [INDICATORS] spot=76945.8 | 1h: close=76946.5 sma20=77200.6 sma50=77368.6 rsi=42.0 macd=-127.62/-95.99(bear) | 15m: K=60.0↑(prev 48.7) | regime=PE-eligible any_active=False
2026-08-31 07:05:38,751 [INFO] [SIGNAL] CE: reg=False K=True(K=60.0>=38,rising) Kextr=True RSI=False(42.0>53) MACD=False(gate off) => BLOCK | PE: reg=True K=False(K=60.0<=80,falling) Kextr=False RSI=True(42.0<47) MACD=True(gate off) => BLOCK
2026-08-31 07:05:42,168 [INFO] [periodic] Logs pushed to GitHub: Sensex_FlightRecorder_V2_5_20-SENSEX_20260831_102217.log, Sensex_BarLevel_V2_5_20-SENSEX_20260831_102217.csv
2026-08-31 07:10:45,482 [INFO] [APEX] open=0 trades=0 realized=+0.0pt/Rs+0 unreal=+0.0pt/Rs+0
2026-08-31 07:10:45,571 [INFO] [T5] open=0 trades=0 realized=+0.0pt/Rs+0 unreal=+0.0pt/Rs+0
2026-08-31 07:10:45,572 [INFO] [INDICATORS] spot=76984.7 | 1h: close=76946.5 sma20=77200.6 sma50=77368.6 rsi=42.0 macd=-127.62/-95.99(bear) | 15m: K=60.0↑(prev 48.7) | regime=PE-eligible any_active=False
2026-08-31 07:10:45,572 [INFO] [SIGNAL] CE: reg=False K=True(K=60.0>=38,rising) Kextr=True RSI=False(42.0>53) MACD=False(gate off) => BLOCK | PE: reg=True K=False(K=60.0<=80,falling) Kextr=False RSI=True(42.0<47) MACD=True(gate off) => BLOCK
2026-08-31 07:10:49,295 [INFO] [periodic] Logs pushed to GitHub: Sensex_FlightRecorder_V2_5_20-SENSEX_20260831_102217.log, Sensex_BarLevel_V2_5_20-SENSEX_20260831_102217.csv
2026-08-31 07:15:53,345 [INFO] [APEX] open=0 trades=0 realized=+0.0pt/Rs+0 unreal=+0.0pt/Rs+0
2026-08-31 07:15:53,414 [INFO] [T5] open=0 trades=0 realized=+0.0pt/Rs+0 unreal=+0.0pt/Rs+0
2026-08-31 07:15:53,414 [INFO] [INDICATORS] spot=76991.1 | 1h: close=76946.5 sma20=77200.6 sma50=77368.6 rsi=42.0 macd=-127.62/-95.99(bear) | 15m: K=60.0↑(prev 48.7) | regime=PE-eligible any_active=False
2026-08-31 07:15:53,414 [INFO] [SIGNAL] CE: reg=False K=True(K=60.0>=38,rising) Kextr=True RSI=False(42.0>53) MACD=False(gate off) => BLOCK | PE: reg=True K=False(K=60.0<=80,falling) Kextr=False RSI=True(42.0<47) MACD=True(gate off) => BLOCK
2026-08-31 07:15:56,110 [INFO] [periodic] Logs pushed to GitHub: Sensex_FlightRecorder_V2_5_20-SENSEX_20260831_102217.log, Sensex_BarLevel_V2_5_20-SENSEX_20260831_102217.csv
2026-08-31 07:16:26,378 [INFO] [VWAP] Climax skip — body=100% >= 87%
2026-08-31 07:16:56,764 [INFO] [VWAP] Climax skip — body=100% >= 87%
2026-08-31 07:17:27,150 [INFO] [VWAP] Climax skip — body=100% >= 87%
2026-08-31 07:17:57,502 [INFO] [VWAP] Climax skip — body=100% >= 87%
2026-08-31 07:18:27,852 [INFO] [VWAP] Climax skip — body=100% >= 87%
2026-08-31 07:18:58,173 [INFO] [VWAP] Climax skip — body=100% >= 87%
2026-08-31 07:19:28,478 [INFO] [VWAP] Climax skip — body=100% >= 87%
2026-08-31 07:19:58,750 [INFO] [VWAP] Climax skip — body=100% >= 87%
2026-08-31 07:20:29,051 [INFO] [VWAP] Climax skip — body=100% >= 87%
2026-08-31 07:20:59,329 [INFO] [VWAP] Climax skip — body=100% >= 87%
2026-08-31 07:20:59,356 [INFO] [APEX] open=0 trades=0 realized=+0.0pt/Rs+0 unreal=+0.0pt/Rs+0
2026-08-31 07:20:59,356 [INFO] [T5] open=0 trades=0 realized=+0.0pt/Rs+0 unreal=+0.0pt/Rs+0
2026-08-31 07:20:59,356 [INFO] [INDICATORS] spot=76975.2 | 1h: close=76946.5 sma20=77200.6 sma50=77368.6 rsi=42.0 macd=-127.62/-95.99(bear) | 15m: K=72.0↑(prev 60.0) | regime=PE-eligible any_active=False
2026-08-31 07:20:59,357 [INFO] [SIGNAL] CE: reg=False K=True(K=72.0>=38,rising) Kextr=False RSI=False(42.0>53) MACD=False(gate off) => BLOCK | PE: reg=True K=False(K=72.0<=80,falling) Kextr=False RSI=True(42.0<47) MACD=True(gate off) => BLOCK
2026-08-31 07:21:02,675 [INFO] [periodic] Logs pushed to GitHub: Sensex_FlightRecorder_V2_5_20-SENSEX_20260831_102217.log, Sensex_BarLevel_V2_5_20-SENSEX_20260831_102217.csv
2026-08-31 07:21:32,944 [INFO] [VWAP] Climax skip — body=100% >= 87%
2026-08-31 07:22:03,347 [INFO] [VWAP] Climax skip — body=100% >= 87%
2026-08-31 07:22:33,740 [INFO] [VWAP] Climax skip — body=100% >= 87%
2026-08-31 07:23:04,161 [INFO] [VWAP] Climax skip — body=100% >= 87%
2026-08-31 07:23:34,567 [INFO] [VWAP] Climax skip — body=100% >= 87%
2026-08-31 07:24:04,929 [INFO] [VWAP] Climax skip — body=100% >= 87%
2026-08-31 07:24:35,263 [INFO] [VWAP] Climax skip — body=100% >= 87%
2026-08-31 07:25:05,639 [INFO] [VWAP] Climax skip — body=100% >= 87%
2026-08-31 07:25:36,016 [INFO] [VWAP] Climax skip — body=100% >= 87%
2026-08-31 07:26:06,404 [INFO] [VWAP] Climax skip — body=100% >= 87%
2026-08-31 07:26:06,441 [INFO] [APEX] open=0 trades=0 realized=+0.0pt/Rs+0 unreal=+0.0pt/Rs+0
2026-08-31 07:26:06,521 [INFO] [T5] open=0 trades=0 realized=+0.0pt/Rs+0 unreal=+0.0pt/Rs+0
2026-08-31 07:26:06,522 [INFO] [INDICATORS] spot=77008.9 | 1h: close=76946.5 sma20=77200.6 sma50=77368.6 rsi=42.0 macd=-127.62/-95.99(bear) | 15m: K=72.0↑(prev 60.0) | regime=PE-eligible any_active=False
2026-08-31 07:26:06,522 [INFO] [SIGNAL] CE: reg=False K=True(K=72.0>=38,rising) Kextr=False RSI=False(42.0>53) MACD=False(gate off) => BLOCK | PE: reg=True K=False(K=72.0<=80,falling) Kextr=False RSI=True(42.0<47) MACD=True(gate off) => BLOCK
2026-08-31 07:26:10,408 [INFO] [periodic] Logs pushed to GitHub: Sensex_FlightRecorder_V2_5_20-SENSEX_20260831_102217.log, Sensex_BarLevel_V2_5_20-SENSEX_20260831_102217.csv
2026-08-31 07:26:40,689 [INFO] [V3PROBE] PLACED CE BFO:SENSEX2690377000CE limit=483.60 (LTP=496.60 - 13) window=25min — EARLY(10m) Grade B R-cluster REJECT-CE at 77040
2026-08-31 07:26:41,480 [INFO] [VWAP] Climax skip — body=100% >= 87%
2026-08-31 07:27:11,864 [INFO] [VWAP] Climax skip — body=100% >= 87%
2026-08-31 07:27:42,232 [INFO] [VWAP] Climax skip — body=100% >= 87%
2026-08-31 07:28:12,646 [INFO] [VWAP] Climax skip — body=100% >= 87%
2026-08-31 07:28:43,053 [INFO] [VWAP] Climax skip — body=100% >= 87%
2026-08-31 07:29:13,436 [INFO] [VWAP] Climax skip — body=100% >= 87%
2026-08-31 07:29:43,838 [INFO] [VWAP] Climax skip — body=100% >= 87%
2026-08-31 07:30:14,247 [INFO] [V3PROBE] FILLED CE BFO:SENSEX2690377000CE @ 483.60 (LTP touched 482.40)
2026-08-31 07:30:14,250 [INFO] [VETO] V3 CE BLOCKED — CE into a DOWNtrend: spot 77005.3 is -536.0 below FUT VWAP 77541.3 (buffer 16)
2026-08-31 07:30:15,048 [INFO] [VWAP] Climax skip — body=100% >= 87%
2026-08-31 07:30:45,437 [INFO] [VWAP] Climax skip — body=100% >= 87%
2026-08-31 07:31:15,878 [WARNING] [STALE] 15m last bar 12:45 (>16min old) — instant refetch
2026-08-31 07:31:15,922 [WARNING] [STALE] 15m STILL stale after refetch — entries blocked this cycle
2026-08-31 07:31:16,703 [WARNING] [STALE] fut15 last bar 12:45 (>16min old) — instant refetch
2026-08-31 07:31:16,748 [WARNING] [STALE] fut15 STILL stale after refetch — entries blocked this cycle
2026-08-31 07:31:16,780 [INFO] [APEX] open=0 trades=0 realized=+0.0pt/Rs+0 unreal=+0.0pt/Rs+0
2026-08-31 07:31:16,862 [INFO] [T5] open=0 trades=0 realized=+0.0pt/Rs+0 unreal=+0.0pt/Rs+0
2026-08-31 07:31:16,863 [INFO] [INDICATORS] spot=76993.2 | 1h: close=76946.5 sma20=77200.6 sma50=77368.6 rsi=42.0 macd=-127.62/-95.99(bear) | 15m: K=72.0↑(prev 60.0) | regime=PE-eligible any_active=False
2026-08-31 07:31:16,863 [INFO] [SIGNAL] CE: reg=False K=True(K=72.0>=38,rising) Kextr=False RSI=False(42.0>53) MACD=False(gate off) => BLOCK | PE: reg=True K=False(K=72.0<=80,falling) Kextr=False RSI=True(42.0<47) MACD=True(gate off) => BLOCK
2026-08-31 07:31:20,142 [INFO] [periodic] Logs pushed to GitHub: Sensex_FlightRecorder_V2_5_20-SENSEX_20260831_102217.log, Sensex_BarLevel_V2_5_20-SENSEX_20260831_102217.csv
2026-08-31 07:31:50,415 [INFO] [VWAP] Climax skip — body=100% >= 87%
2026-08-31 07:32:20,898 [INFO] [VWAP] Climax skip — body=100% >= 87%
2026-08-31 07:39:00,613 [INFO] [VWAP] Climax skip — body=100% >= 87%
2026-08-31 07:39:00,662 [INFO] [APEX] open=0 trades=0 realized=+0.0pt/Rs+0 unreal=+0.0pt/Rs+0
2026-08-31 07:39:02,140 [INFO] [T5] open=0 trades=0 realized=+0.0pt/Rs+0 unreal=+0.0pt/Rs+0
2026-08-31 07:39:02,140 [INFO] [INDICATORS] spot=76986.1 | 1h: close=76946.5 sma20=77200.6 sma50=77368.6 rsi=42.0 macd=-127.62/-95.99(bear) | 15m: K=87.2↑(prev 72.0) | regime=PE-eligible any_active=False
2026-08-31 07:39:02,141 [INFO] [SIGNAL] CE: reg=False K=True(K=87.2>=38,rising) Kextr=False RSI=False(42.0>53) MACD=False(gate off) => BLOCK | PE: reg=True K=False(K=87.2<=80,falling) Kextr=True RSI=True(42.0<47) MACD=True(gate off) => BLOCK
2026-08-31 07:39:20,395 [INFO] [periodic] Logs pushed to GitHub: Sensex_FlightRecorder_V2_5_20-SENSEX_20260831_102217.log, Sensex_BarLevel_V2_5_20-SENSEX_20260831_102217.csv
2026-08-31 07:39:51,914 [INFO] [VWAP] Climax skip — body=100% >= 87%
2026-08-31 07:40:22,958 [INFO] [VWAP] Climax skip — body=100% >= 87%
2026-08-31 07:40:53,345 [INFO] [VWAP] Climax skip — body=100% >= 87%
2026-08-31 07:41:23,747 [INFO] [VWAP] Climax skip — body=100% >= 87%
2026-08-31 07:41:54,842 [INFO] [VWAP] Climax skip — body=100% >= 87%
2026-08-31 07:42:25,135 [INFO] [VWAP] Climax skip — body=100% >= 87%
2026-08-31 07:42:55,555 [INFO] [VWAP] Climax skip — body=100% >= 87%
2026-08-31 07:43:25,935 [INFO] [VWAP] Climax skip — body=100% >= 87%
2026-08-31 07:43:56,323 [INFO] [VWAP] Climax skip — body=100% >= 87%
2026-08-31 07:44:26,677 [INFO] [VWAP] Climax skip — body=100% >= 87%
2026-08-31 07:44:26,702 [INFO] [APEX] open=0 trades=0 realized=+0.0pt/Rs+0 unreal=+0.0pt/Rs+0
2026-08-31 07:44:26,788 [INFO] [T5] open=0 trades=0 realized=+0.0pt/Rs+0 unreal=+0.0pt/Rs+0
2026-08-31 07:44:26,789 [INFO] [INDICATORS] spot=76995.9 | 1h: close=76946.5 sma20=77200.6 sma50=77368.6 rsi=42.0 macd=-127.62/-95.99(bear) | 15m: K=87.2↑(prev 72.0) | regime=PE-eligible any_active=False
2026-08-31 07:44:26,789 [INFO] [SIGNAL] CE: reg=False K=True(K=87.2>=38,rising) Kextr=False RSI=False(42.0>53) MACD=False(gate off) => BLOCK | PE: reg=True K=False(K=87.2<=80,falling) Kextr=True RSI=True(42.0<47) MACD=True(gate off) => BLOCK
2026-08-31 07:44:29,484 [INFO] [periodic] Logs pushed to GitHub: Sensex_FlightRecorder_V2_5_20-SENSEX_20260831_102217.log, Sensex_BarLevel_V2_5_20-SENSEX_20260831_102217.csv
2026-08-31 07:44:59,745 [INFO] [VWAP] Climax skip — body=100% >= 87%
2026-08-31 07:45:30,140 [INFO] [VWAP] Climax skip — body=100% >= 87%
2026-08-31 07:46:00,540 [WARNING] [STALE] 15m last bar 13:00 (>16min old) — instant refetch
2026-08-31 07:46:00,587 [WARNING] [STALE] 15m STILL stale after refetch — entries blocked this cycle
2026-08-31 07:46:01,406 [WARNING] [STALE] fut15 last bar 13:00 (>16min old) — instant refetch
2026-08-31 07:46:01,449 [WARNING] [STALE] fut15 STILL stale after refetch — entries blocked this cycle
2026-08-31 07:49:34,430 [INFO] [APEX] open=0 trades=0 realized=+0.0pt/Rs+0 unreal=+0.0pt/Rs+0
2026-08-31 07:49:34,513 [INFO] [T5] open=0 trades=0 realized=+0.0pt/Rs+0 unreal=+0.0pt/Rs+0
2026-08-31 07:49:34,513 [INFO] [INDICATORS] spot=76997.0 | 1h: close=77010.2 sma20=77170.4 sma50=77359.8 rsi=44.2 macd=-123.33/-101.46(bear) | 15m: K=100.0↑(prev 87.2) | regime=PE-eligible any_active=False
2026-08-31 07:49:34,513 [INFO] [SIGNAL] CE: reg=False K=True(K=100.0>=38,rising) Kextr=False RSI=False(44.2>53) MACD=False(gate off) => BLOCK | PE: reg=True K=False(K=100.0<=80,falling) Kextr=True RSI=True(44.2<47) MACD=True(gate off) => BLOCK
2026-08-31 07:49:37,327 [INFO] [periodic] Logs pushed to GitHub: Sensex_FlightRecorder_V2_5_20-SENSEX_20260831_102217.log, Sensex_BarLevel_V2_5_20-SENSEX_20260831_102217.csv
2026-08-31 07:54:41,283 [INFO] [APEX] open=0 trades=0 realized=+0.0pt/Rs+0 unreal=+0.0pt/Rs+0
2026-08-31 07:54:41,360 [INFO] [T5] open=0 trades=0 realized=+0.0pt/Rs+0 unreal=+0.0pt/Rs+0
2026-08-31 07:54:41,361 [INFO] [INDICATORS] spot=76984.8 | 1h: close=77010.2 sma20=77170.4 sma50=77359.8 rsi=44.2 macd=-123.33/-101.46(bear) | 15m: K=100.0↑(prev 87.2) | regime=PE-eligible any_active=False
2026-08-31 07:54:41,361 [INFO] [SIGNAL] CE: reg=False K=True(K=100.0>=38,rising) Kextr=False RSI=False(44.2>53) MACD=False(gate off) => BLOCK | PE: reg=True K=False(K=100.0<=80,falling) Kextr=True RSI=True(44.2<47) MACD=True(gate off) => BLOCK
2026-08-31 07:54:44,191 [INFO] [periodic] Logs pushed to GitHub: Sensex_FlightRecorder_V2_5_20-SENSEX_20260831_102217.log, Sensex_BarLevel_V2_5_20-SENSEX_20260831_102217.csv
2026-08-31 07:59:48,920 [INFO] [APEX] open=0 trades=0 realized=+0.0pt/Rs+0 unreal=+0.0pt/Rs+0
2026-08-31 07:59:48,998 [INFO] [T5] open=0 trades=0 realized=+0.0pt/Rs+0 unreal=+0.0pt/Rs+0
2026-08-31 07:59:48,999 [INFO] [INDICATORS] spot=76988.9 | 1h: close=77010.2 sma20=77170.4 sma50=77359.8 rsi=44.2 macd=-123.33/-101.46(bear) | 15m: K=100.0↑(prev 87.2) | regime=PE-eligible any_active=False
2026-08-31 07:59:48,999 [INFO] [SIGNAL] CE: reg=False K=True(K=100.0>=38,rising) Kextr=False RSI=False(44.2>53) MACD=False(gate off) => BLOCK | PE: reg=True K=False(K=100.0<=80,falling) Kextr=True RSI=True(44.2<47) MACD=True(gate off) => BLOCK
2026-08-31 07:59:52,044 [INFO] [periodic] Logs pushed to GitHub: Sensex_FlightRecorder_V2_5_20-SENSEX_20260831_102217.log, Sensex_BarLevel_V2_5_20-SENSEX_20260831_102217.csv
2026-08-31 08:01:23,134 [WARNING] [STALE] 15m last bar 13:15 (>16min old) — instant refetch
2026-08-31 08:01:23,183 [WARNING] [STALE] 15m STILL stale after refetch — entries blocked this cycle
2026-08-31 08:01:23,957 [WARNING] [STALE] fut15 last bar 13:15 (>16min old) — instant refetch
2026-08-31 08:01:24,002 [WARNING] [STALE] fut15 STILL stale after refetch — entries blocked this cycle
2026-08-31 08:04:56,923 [INFO] [APEX] open=0 trades=0 realized=+0.0pt/Rs+0 unreal=+0.0pt/Rs+0
2026-08-31 08:04:57,008 [INFO] [T5] open=0 trades=0 realized=+0.0pt/Rs+0 unreal=+0.0pt/Rs+0
2026-08-31 08:04:57,008 [INFO] [INDICATORS] spot=76998.4 | 1h: close=77010.2 sma20=77170.4 sma50=77359.8 rsi=44.2 macd=-123.33/-101.46(bear) | 15m: K=97.3↓(prev 100.0) | regime=PE-eligible any_active=False
2026-08-31 08:04:57,009 [INFO] [SIGNAL] CE: reg=False K=False(K=97.3>=38,rising) Kextr=False RSI=False(44.2>53) MACD=False(gate off) => BLOCK | PE: reg=True K=False(K=97.3<=80,falling) Kextr=True RSI=True(44.2<47) MACD=True(gate off) => BLOCK
2026-08-31 08:04:59,661 [INFO] [periodic] Logs pushed to GitHub: Sensex_FlightRecorder_V2_5_20-SENSEX_20260831_102217.log, Sensex_BarLevel_V2_5_20-SENSEX_20260831_102217.csv
2026-08-31 08:28:20,332 [WARNING] Telegram send failed attempt 1: HTTPSConnectionPool(host='api.telegram.org', port=443): Max retries exceeded with url: /bot8413879271:AAFz6RROvcHNGrGAiD1mhJ6xw-MbM4EB058/sendMessage (Caused by SSLError(SSLZeroReturnError(6, 'TLS/SSL connection has been closed (EOF) (_ssl.c:992)')))
2026-08-31 08:28:27,296 [INFO] [V3PROBE] PLACED PE BFO:SENSEX2690376900PE limit=246.80 (LTP=259.80 - 13) window=25min — Grade B R-cluster BREAK-PE at 77140
2026-08-31 08:28:29,040 [INFO] [VWAP] Climax skip — body=100% >= 87%
2026-08-31 08:28:29,091 [INFO] [APEX] open=0 trades=0 realized=+0.0pt/Rs+0 unreal=+0.0pt/Rs+0
2026-08-31 08:28:29,092 [INFO] [T5] open=0 trades=0 realized=+0.0pt/Rs+0 unreal=+0.0pt/Rs+0
2026-08-31 08:28:29,097 [INFO] [INDICATORS] spot=76937.5 | 1h: close=77010.2 sma20=77170.4 sma50=77359.8 rsi=44.2 macd=-123.33/-101.46(bear) | 15m: K=88.6↓(prev 97.3) | regime=PE-eligible any_active=False
2026-08-31 08:28:29,097 [INFO] [SIGNAL] CE: reg=False K=False(K=88.6>=38,rising) Kextr=False RSI=False(44.2>53) MACD=False(gate off) => BLOCK | PE: reg=True K=False(K=88.6<=80,falling) Kextr=True RSI=True(44.2<47) MACD=True(gate off) => BLOCK
2026-08-31 08:29:07,562 [INFO] [periodic] Logs pushed to GitHub: Sensex_FlightRecorder_V2_5_20-SENSEX_20260831_102217.log, Sensex_BarLevel_V2_5_20-SENSEX_20260831_102217.csv
2026-08-31 08:29:40,300 [INFO] [VWAP] Climax skip — body=100% >= 87%
2026-08-31 08:30:11,585 [INFO] [VWAP] Climax skip — body=100% >= 87%
2026-08-31 08:30:42,113 [INFO] [VWAP] Climax skip — body=100% >= 87%
2026-08-31 08:31:12,459 [INFO] [VWAP] Signal — FUT 77648>77551 body=79% side=CE | persist_gate=dist=+96.5pt persist=True (last 2x5m vs FUTvwap=77552.0)
2026-08-31 08:31:12,460 [INFO] [VETO] VWAP CE BLOCKED — CE into a DOWNtrend: spot 76916.6 is -635.4 below FUT VWAP 77552.0 (buffer 16)
2026-08-31 08:33:45,185 [INFO] [APEX] open=0 trades=0 realized=+0.0pt/Rs+0 unreal=+0.0pt/Rs+0
2026-08-31 08:33:45,265 [INFO] [T5] open=0 trades=0 realized=+0.0pt/Rs+0 unreal=+0.0pt/Rs+0
2026-08-31 08:33:45,266 [INFO] [INDICATORS] spot=76909.5 | 1h: close=77010.2 sma20=77170.4 sma50=77359.8 rsi=44.2 macd=-123.33/-101.46(bear) | 15m: K=75.8↓(prev 88.6) | regime=PE-eligible any_active=False
2026-08-31 08:33:45,266 [INFO] [SIGNAL] CE: reg=False K=False(K=75.8>=38,rising) Kextr=False RSI=False(44.2>53) MACD=False(gate off) => BLOCK | PE: reg=True K=True(K=75.8<=80,falling) Kextr=True RSI=True(44.2<47) MACD=True(gate off) => PASS
2026-08-31 08:34:18,412 [INFO] [periodic] Logs pushed to GitHub: Sensex_FlightRecorder_V2_5_20-SENSEX_20260831_102217.log, Sensex_BarLevel_V2_5_20-SENSEX_20260831_102217.csv
2026-08-31 08:38:51,557 [INFO] [APEX] open=0 trades=0 realized=+0.0pt/Rs+0 unreal=+0.0pt/Rs+0
2026-08-31 08:38:51,623 [INFO] [T5] open=0 trades=0 realized=+0.0pt/Rs+0 unreal=+0.0pt/Rs+0
2026-08-31 08:38:51,624 [INFO] [INDICATORS] spot=76891.2 | 1h: close=77010.2 sma20=77170.4 sma50=77359.8 rsi=44.2 macd=-123.33/-101.46(bear) | 15m: K=75.8↓(prev 88.6) | regime=PE-eligible any_active=False
2026-08-31 08:38:51,624 [INFO] [SIGNAL] CE: reg=False K=False(K=75.8>=38,rising) Kextr=False RSI=False(44.2>53) MACD=False(gate off) => BLOCK | PE: reg=True K=True(K=75.8<=80,falling) Kextr=True RSI=True(44.2<47) MACD=True(gate off) => PASS
2026-08-31 08:39:24,869 [INFO] [periodic] Logs pushed to GitHub: Sensex_FlightRecorder_V2_5_20-SENSEX_20260831_102217.log, Sensex_BarLevel_V2_5_20-SENSEX_20260831_102217.csv
2026-08-31 08:43:57,879 [INFO] [APEX] open=0 trades=0 realized=+0.0pt/Rs+0 unreal=+0.0pt/Rs+0
2026-08-31 08:43:57,880 [INFO] [T5] open=0 trades=0 realized=+0.0pt/Rs+0 unreal=+0.0pt/Rs+0
2026-08-31 08:43:57,880 [INFO] [INDICATORS] spot=76868.5 | 1h: close=77010.2 sma20=77170.4 sma50=77359.8 rsi=44.2 macd=-123.33/-101.46(bear) | 15m: K=75.8↓(prev 88.6) | regime=PE-eligible any_active=False
2026-08-31 08:43:57,880 [INFO] [SIGNAL] CE: reg=False K=False(K=75.8>=38,rising) Kextr=False RSI=False(44.2>53) MACD=False(gate off) => BLOCK | PE: reg=True K=True(K=75.8<=80,falling) Kextr=True RSI=True(44.2<47) MACD=True(gate off) => PASS
2026-08-31 08:44:31,889 [INFO] [periodic] Logs pushed to GitHub: Sensex_FlightRecorder_V2_5_20-SENSEX_20260831_102217.log, Sensex_BarLevel_V2_5_20-SENSEX_20260831_102217.csv
2026-08-31 08:45:02,311 [INFO] [VWAP] Persistence-gate BLOCK — CE dist=+4.7pt persist=True (last 2x5m vs FUTvwap=77552.3)
2026-08-31 08:45:32,692 [INFO] [VWAP] Persistence-gate BLOCK — CE dist=+4.4pt persist=True (last 2x5m vs FUTvwap=77552.7)
2026-08-31 08:46:03,021 [WARNING] [STALE] 15m last bar 14:00 (>16min old) — instant refetch
2026-08-31 08:46:03,079 [WARNING] [STALE] 15m STILL stale after refetch — entries blocked this cycle
2026-08-31 08:46:03,882 [WARNING] [STALE] fut15 last bar 14:00 (>16min old) — instant refetch
2026-08-31 08:46:03,922 [WARNING] [STALE] fut15 STILL stale after refetch — entries blocked this cycle
2026-08-31 08:49:05,962 [INFO] [APEX] open=0 trades=0 realized=+0.0pt/Rs+0 unreal=+0.0pt/Rs+0
2026-08-31 08:49:05,962 [INFO] [T5] open=0 trades=0 realized=+0.0pt/Rs+0 unreal=+0.0pt/Rs+0
2026-08-31 08:49:05,963 [INFO] [INDICATORS] spot=76874.9 | 1h: close=76862.5 sma20=77133.3 sma50=77345.6 rsi=40.4 macd=-130.34/-107.23(bear) | 15m: K=58.3↓(prev 75.8) | regime=PE-eligible any_active=False
2026-08-31 08:49:05,963 [INFO] [SIGNAL] CE: reg=False K=False(K=58.3>=38,rising) Kextr=False RSI=False(40.4>53) MACD=False(gate off) => BLOCK | PE: reg=True K=True(K=58.3<=80,falling) Kextr=True RSI=True(40.4<47) MACD=True(gate off) => PASS
2026-08-31 08:49:39,203 [INFO] [periodic] Logs pushed to GitHub: Sensex_FlightRecorder_V2_5_20-SENSEX_20260831_102217.log, Sensex_BarLevel_V2_5_20-SENSEX_20260831_102217.csv
2026-08-31 08:53:42,033 [INFO] [V3PROBE] EXPIRED unfilled PE BFO:SENSEX2690376900PE limit=246.80
2026-08-31 08:54:13,334 [INFO] [APEX] open=0 trades=0 realized=+0.0pt/Rs+0 unreal=+0.0pt/Rs+0
2026-08-31 08:54:13,396 [INFO] [T5] open=0 trades=0 realized=+0.0pt/Rs+0 unreal=+0.0pt/Rs+0
2026-08-31 08:54:13,397 [INFO] [INDICATORS] spot=76832.9 | 1h: close=76862.5 sma20=77133.3 sma50=77345.6 rsi=40.4 macd=-130.34/-107.23(bear) | 15m: K=58.3↓(prev 75.8) | regime=PE-eligible any_active=False
2026-08-31 08:54:13,397 [INFO] [SIGNAL] CE: reg=False K=False(K=58.3>=38,rising) Kextr=False RSI=False(40.4>53) MACD=False(gate off) => BLOCK | PE: reg=True K=True(K=58.3<=80,falling) Kextr=True RSI=True(40.4<47) MACD=True(gate off) => PASS
2026-08-31 08:54:46,715 [INFO] [periodic] Logs pushed to GitHub: Sensex_FlightRecorder_V2_5_20-SENSEX_20260831_102217.log, Sensex_BarLevel_V2_5_20-SENSEX_20260831_102217.csv
2026-08-31 08:59:20,385 [INFO] [APEX] open=0 trades=0 realized=+0.0pt/Rs+0 unreal=+0.0pt/Rs+0
2026-08-31 08:59:20,468 [INFO] [T5] open=0 trades=0 realized=+0.0pt/Rs+0 unreal=+0.0pt/Rs+0
2026-08-31 08:59:20,469 [INFO] [INDICATORS] spot=76826.6 | 1h: close=76862.5 sma20=77133.3 sma50=77345.6 rsi=40.4 macd=-130.34/-107.23(bear) | 15m: K=58.3↓(prev 75.8) | regime=PE-eligible any_active=False
2026-08-31 08:59:20,469 [INFO] [SIGNAL] CE: reg=False K=False(K=58.3>=38,rising) Kextr=False RSI=False(40.4>53) MACD=False(gate off) => BLOCK | PE: reg=True K=True(K=58.3<=80,falling) Kextr=True RSI=True(40.4<47) MACD=True(gate off) => PASS
2026-08-31 08:59:54,917 [INFO] [periodic] Logs pushed to GitHub: Sensex_FlightRecorder_V2_5_20-SENSEX_20260831_102217.log, Sensex_BarLevel_V2_5_20-SENSEX_20260831_102217.csv
2026-08-31 09:01:25,912 [INFO] [VWAP] Climax skip — body=100% >= 87%
2026-08-31 09:01:56,297 [INFO] [VWAP] Climax skip — body=100% >= 87%
2026-08-31 09:02:26,687 [INFO] [VWAP] Climax skip — body=100% >= 87%
2026-08-31 09:02:57,051 [INFO] [VWAP] Climax skip — body=100% >= 87%
2026-08-31 09:03:27,409 [INFO] [VWAP] Climax skip — body=100% >= 87%
2026-08-31 09:03:57,790 [INFO] [VWAP] Climax skip — body=100% >= 87%
2026-08-31 09:04:28,101 [INFO] [VWAP] Climax skip — body=100% >= 87%
2026-08-31 09:04:28,175 [INFO] [APEX] open=0 trades=0 realized=+0.0pt/Rs+0 unreal=+0.0pt/Rs+0
2026-08-31 09:04:28,175 [INFO] [T5] open=0 trades=0 realized=+0.0pt/Rs+0 unreal=+0.0pt/Rs+0
2026-08-31 09:04:28,176 [INFO] [INDICATORS] spot=76858.7 | 1h: close=76862.5 sma20=77133.3 sma50=77345.6 rsi=40.4 macd=-130.34/-107.23(bear) | 15m: K=42.2↓(prev 58.3) | regime=PE-eligible any_active=False
2026-08-31 09:04:28,177 [INFO] [SIGNAL] CE: reg=False K=False(K=42.2>=38,rising) Kextr=False RSI=False(40.4>53) MACD=False(gate off) => BLOCK | PE: reg=True K=True(K=42.2<=80,falling) Kextr=True RSI=True(40.4<47) MACD=True(gate off) => PASS
2026-08-31 09:04:58,421 [INFO] [VWAP] Climax skip — body=100% >= 87%
2026-08-31 09:05:01,333 [INFO] [periodic] Logs pushed to GitHub: Sensex_FlightRecorder_V2_5_20-SENSEX_20260831_102217.log, Sensex_BarLevel_V2_5_20-SENSEX_20260831_102217.csv
2026-08-31 09:05:31,585 [INFO] [VWAP] Climax skip — body=100% >= 87%
2026-08-31 09:06:01,900 [INFO] [VWAP] Climax skip — body=100% >= 87%
2026-08-31 09:06:32,198 [INFO] [VWAP] Climax skip — body=100% >= 87%
2026-08-31 09:07:02,444 [INFO] [VWAP] Climax skip — body=100% >= 87%
2026-08-31 09:07:32,799 [INFO] [VWAP] Climax skip — body=100% >= 87%
2026-08-31 09:08:03,055 [INFO] [VWAP] Climax skip — body=100% >= 87%
2026-08-31 09:08:33,299 [INFO] [VWAP] Climax skip — body=100% >= 87%
2026-08-31 09:09:03,547 [INFO] [VWAP] Climax skip — body=100% >= 87%
2026-08-31 09:09:33,799 [INFO] [VWAP] Climax skip — body=100% >= 87%
2026-08-31 09:09:33,823 [INFO] [APEX] open=0 trades=0 realized=+0.0pt/Rs+0 unreal=+0.0pt/Rs+0
2026-08-31 09:09:33,823 [INFO] [T5] open=0 trades=0 realized=+0.0pt/Rs+0 unreal=+0.0pt/Rs+0
2026-08-31 09:09:33,823 [INFO] [INDICATORS] spot=76875.3 | 1h: close=76862.5 sma20=77133.3 sma50=77345.6 rsi=40.4 macd=-130.34/-107.23(bear) | 15m: K=42.2↓(prev 58.3) | regime=PE-eligible any_active=False
2026-08-31 09:09:33,823 [INFO] [SIGNAL] CE: reg=False K=False(K=42.2>=38,rising) Kextr=False RSI=False(40.4>53) MACD=False(gate off) => BLOCK | PE: reg=True K=True(K=42.2<=80,falling) Kextr=True RSI=True(40.4<47) MACD=True(gate off) => PASS
2026-08-31 09:10:04,044 [INFO] [VWAP] Climax skip — body=100% >= 87%
2026-08-31 09:10:07,624 [INFO] [periodic] Logs pushed to GitHub: Sensex_FlightRecorder_V2_5_20-SENSEX_20260831_102217.log, Sensex_BarLevel_V2_5_20-SENSEX_20260831_102217.csv
2026-08-31 09:10:37,838 [INFO] [VWAP] Climax skip — body=100% >= 87%
2026-08-31 09:11:08,141 [INFO] [VWAP] Climax skip — body=100% >= 87%
2026-08-31 09:11:38,507 [INFO] [VWAP] Climax skip — body=100% >= 87%
2026-08-31 09:12:08,769 [INFO] [VWAP] Climax skip — body=100% >= 87%
2026-08-31 09:12:39,020 [INFO] [VWAP] Climax skip — body=100% >= 87%
2026-08-31 09:13:09,266 [INFO] [VWAP] Climax skip — body=100% >= 87%
2026-08-31 09:13:39,512 [INFO] [VWAP] Climax skip — body=100% >= 87%
2026-08-31 09:14:09,767 [INFO] [VWAP] Climax skip — body=100% >= 87%
2026-08-31 09:14:40,008 [INFO] [VWAP] Climax skip — body=100% >= 87%
2026-08-31 09:14:40,031 [INFO] [APEX] open=0 trades=0 realized=+0.0pt/Rs+0 unreal=+0.0pt/Rs+0
2026-08-31 09:14:40,031 [INFO] [T5] open=0 trades=0 realized=+0.0pt/Rs+0 unreal=+0.0pt/Rs+0
2026-08-31 09:14:40,032 [INFO] [INDICATORS] spot=76958.6 | 1h: close=76862.5 sma20=77133.3 sma50=77345.6 rsi=40.4 macd=-130.34/-107.23(bear) | 15m: K=42.2↓(prev 58.3) | regime=PE-eligible any_active=False
2026-08-31 09:14:40,032 [INFO] [SIGNAL] CE: reg=False K=False(K=42.2>=38,rising) Kextr=False RSI=False(40.4>53) MACD=False(gate off) => BLOCK | PE: reg=True K=True(K=42.2<=80,falling) Kextr=True RSI=True(40.4<47) MACD=True(gate off) => PASS
2026-08-31 09:15:11,068 [INFO] [VWAP] Climax skip — body=100% >= 87%
2026-08-31 09:15:13,770 [INFO] [periodic] Logs pushed to GitHub: Sensex_FlightRecorder_V2_5_20-SENSEX_20260831_102217.log, Sensex_BarLevel_V2_5_20-SENSEX_20260831_102217.csv
2026-08-31 09:15:44,034 [INFO] [VWAP] Climax skip — body=100% >= 87%
2026-08-31 09:16:14,290 [INFO] [VWAP] Climax skip — body=96% >= 87%
2026-08-31 09:16:44,542 [INFO] [VWAP] Climax skip — body=96% >= 87%
2026-08-31 09:17:14,803 [INFO] [VWAP] Climax skip — body=96% >= 87%
2026-08-31 09:17:45,065 [INFO] [VWAP] Climax skip — body=96% >= 87%
2026-08-31 09:18:15,332 [INFO] [VWAP] Climax skip — body=96% >= 87%
2026-08-31 09:18:45,591 [INFO] [VWAP] Climax skip — body=96% >= 87%
2026-08-31 09:19:15,842 [INFO] [VWAP] Climax skip — body=96% >= 87%
2026-08-31 09:19:46,096 [INFO] [VWAP] Climax skip — body=96% >= 87%
2026-08-31 09:19:46,119 [INFO] [APEX] open=0 trades=0 realized=+0.0pt/Rs+0 unreal=+0.0pt/Rs+0
2026-08-31 09:19:46,119 [INFO] [T5] open=0 trades=0 realized=+0.0pt/Rs+0 unreal=+0.0pt/Rs+0
2026-08-31 09:19:46,120 [INFO] [INDICATORS] spot=77013.7 | 1h: close=76862.5 sma20=77133.3 sma50=77345.6 rsi=40.4 macd=-130.34/-107.23(bear) | 15m: K=47.6↑(prev 42.2) | regime=PE-eligible any_active=False
2026-08-31 09:19:46,120 [INFO] [SIGNAL] CE: reg=False K=True(K=47.6>=38,rising) Kextr=False RSI=False(40.4>53) MACD=False(gate off) => BLOCK | PE: reg=True K=False(K=47.6<=80,falling) Kextr=True RSI=True(40.4<47) MACD=True(gate off) => BLOCK
2026-08-31 09:20:16,368 [INFO] [VWAP] Climax skip — body=96% >= 87%
2026-08-31 09:20:19,193 [INFO] [periodic] Logs pushed to GitHub: Sensex_FlightRecorder_V2_5_20-SENSEX_20260831_102217.log, Sensex_BarLevel_V2_5_20-SENSEX_20260831_102217.csv
2026-08-31 09:20:49,421 [INFO] [VWAP] Climax skip — body=96% >= 87%
2026-08-31 09:21:19,740 [INFO] [VWAP] Climax skip — body=96% >= 87%
2026-08-31 09:21:50,048 [INFO] [VWAP] Climax skip — body=96% >= 87%
2026-08-31 09:22:20,372 [INFO] [VWAP] Climax skip — body=96% >= 87%
2026-08-31 09:22:50,618 [INFO] [VWAP] Climax skip — body=96% >= 87%
2026-08-31 09:23:20,873 [INFO] [VWAP] Climax skip — body=96% >= 87%
2026-08-31 09:23:51,124 [INFO] [VWAP] Climax skip — body=96% >= 87%
2026-08-31 09:24:21,377 [INFO] [VWAP] Climax skip — body=96% >= 87%
2026-08-31 09:24:51,744 [INFO] [VWAP] Climax skip — body=96% >= 87%
2026-08-31 09:24:51,839 [INFO] [APEX] open=0 trades=0 realized=+0.0pt/Rs+0 unreal=+0.0pt/Rs+0
2026-08-31 09:24:51,898 [INFO] [T5] open=0 trades=0 realized=+0.0pt/Rs+0 unreal=+0.0pt/Rs+0
2026-08-31 09:24:51,899 [INFO] [INDICATORS] spot=77047.0 | 1h: close=76862.5 sma20=77133.3 sma50=77345.6 rsi=40.4 macd=-130.34/-107.23(bear) | 15m: K=47.6↑(prev 42.2) | regime=PE-eligible any_active=False
2026-08-31 09:24:51,899 [INFO] [SIGNAL] CE: reg=False K=True(K=47.6>=38,rising) Kextr=False RSI=False(40.4>53) MACD=False(gate off) => BLOCK | PE: reg=True K=False(K=47.6<=80,falling) Kextr=True RSI=True(40.4<47) MACD=True(gate off) => BLOCK
2026-08-31 09:25:22,138 [INFO] [VWAP] Climax skip — body=96% >= 87%
2026-08-31 09:25:25,405 [INFO] [periodic] Logs pushed to GitHub: Sensex_FlightRecorder_V2_5_20-SENSEX_20260831_102217.log, Sensex_BarLevel_V2_5_20-SENSEX_20260831_102217.csv
2026-08-31 09:25:55,653 [INFO] [VWAP] Climax skip — body=96% >= 87%
2026-08-31 09:26:25,971 [INFO] [VWAP] Climax skip — body=96% >= 87%
2026-08-31 09:26:56,298 [INFO] [VWAP] Climax skip — body=96% >= 87%
2026-08-31 09:27:26,626 [INFO] [VWAP] Climax skip — body=96% >= 87%
2026-08-31 09:27:56,875 [INFO] [VWAP] Climax skip — body=96% >= 87%
2026-08-31 09:28:27,131 [INFO] [VWAP] Climax skip — body=96% >= 87%
2026-08-31 09:28:57,435 [INFO] [VWAP] Climax skip — body=96% >= 87%
2026-08-31 09:29:27,753 [INFO] [VWAP] Climax skip — body=96% >= 87%
2026-08-31 09:29:58,116 [INFO] [VWAP] Climax skip — body=96% >= 87%
2026-08-31 09:29:58,190 [INFO] [APEX] open=0 trades=0 realized=+0.0pt/Rs+0 unreal=+0.0pt/Rs+0
2026-08-31 09:29:58,239 [INFO] [T5] open=0 trades=0 realized=+0.0pt/Rs+0 unreal=+0.0pt/Rs+0
2026-08-31 09:29:58,240 [INFO] [INDICATORS] spot=77001.9 | 1h: close=76862.5 sma20=77133.3 sma50=77345.6 rsi=40.4 macd=-130.34/-107.23(bear) | 15m: K=47.6↑(prev 42.2) | regime=PE-eligible any_active=False
2026-08-31 09:29:58,240 [INFO] [SIGNAL] CE: reg=False K=True(K=47.6>=38,rising) Kextr=False RSI=False(40.4>53) MACD=False(gate off) => BLOCK | PE: reg=True K=False(K=47.6<=80,falling) Kextr=True RSI=True(40.4<47) MACD=True(gate off) => BLOCK
2026-08-31 09:30:32,092 [INFO] [periodic] Logs pushed to GitHub: Sensex_FlightRecorder_V2_5_20-SENSEX_20260831_102217.log, Sensex_BarLevel_V2_5_20-SENSEX_20260831_102217.csv
2026-08-31 09:31:02,315 [WARNING] [STALE] 15m last bar 14:45 (>16min old) — instant refetch
2026-08-31 09:31:02,353 [WARNING] [STALE] 15m STILL stale after refetch — entries blocked this cycle
2026-08-31 09:31:03,127 [WARNING] [STALE] fut15 last bar 14:45 (>16min old) — instant refetch
2026-08-31 09:31:03,163 [WARNING] [STALE] fut15 STILL stale after refetch — entries blocked this cycle
2026-08-31 09:35:05,768 [INFO] [APEX] open=0 trades=0 realized=+0.0pt/Rs+0 unreal=+0.0pt/Rs+0
2026-08-31 09:35:05,768 [INFO] [T5] open=0 trades=0 realized=+0.0pt/Rs+0 unreal=+0.0pt/Rs+0
2026-08-31 09:35:05,769 [INFO] [INDICATORS] spot=76956.2 | 1h: close=76862.5 sma20=77133.3 sma50=77345.6 rsi=40.4 macd=-130.34/-107.23(bear) | 15m: K=67.7↑(prev 47.6) | regime=PE-eligible any_active=False
2026-08-31 09:35:05,769 [INFO] [SIGNAL] CE: reg=False K=True(K=67.7>=38,rising) Kextr=False RSI=False(40.4>53) MACD=False(gate off) => BLOCK | PE: reg=True K=False(K=67.7<=80,falling) Kextr=False RSI=True(40.4<47) MACD=True(gate off) => BLOCK
2026-08-31 09:35:38,931 [INFO] [periodic] Logs pushed to GitHub: Sensex_FlightRecorder_V2_5_20-SENSEX_20260831_102217.log, Sensex_BarLevel_V2_5_20-SENSEX_20260831_102217.csv
2026-08-31 09:40:11,344 [INFO] [APEX] open=0 trades=0 realized=+0.0pt/Rs+0 unreal=+0.0pt/Rs+0
2026-08-31 09:40:11,345 [INFO] [T5] open=0 trades=0 realized=+0.0pt/Rs+0 unreal=+0.0pt/Rs+0
2026-08-31 09:40:11,346 [INFO] [INDICATORS] spot=76963.9 | 1h: close=76862.5 sma20=77133.3 sma50=77345.6 rsi=40.4 macd=-130.34/-107.23(bear) | 15m: K=67.7↑(prev 47.6) | regime=PE-eligible any_active=False
2026-08-31 09:40:11,346 [INFO] [SIGNAL] CE: reg=False K=True(K=67.7>=38,rising) Kextr=False RSI=False(40.4>53) MACD=False(gate off) => BLOCK | PE: reg=True K=False(K=67.7<=80,falling) Kextr=False RSI=True(40.4<47) MACD=True(gate off) => BLOCK
2026-08-31 09:40:45,751 [INFO] [periodic] Logs pushed to GitHub: Sensex_FlightRecorder_V2_5_20-SENSEX_20260831_102217.log, Sensex_BarLevel_V2_5_20-SENSEX_20260831_102217.csv
2026-08-31 09:45:18,824 [INFO] [APEX] open=0 trades=0 realized=+0.0pt/Rs+0 unreal=+0.0pt/Rs+0
2026-08-31 09:45:18,824 [INFO] [T5] open=0 trades=0 realized=+0.0pt/Rs+0 unreal=+0.0pt/Rs+0
2026-08-31 09:45:18,825 [INFO] [INDICATORS] spot=76946.4 | 1h: close=76862.5 sma20=77133.3 sma50=77345.6 rsi=40.4 macd=-130.34/-107.23(bear) | 15m: K=67.8↑(prev 47.6) | regime=PE-eligible any_active=False
2026-08-31 09:45:18,825 [INFO] [SIGNAL] CE: reg=False K=True(K=67.8>=38,rising) Kextr=False RSI=False(40.4>53) MACD=False(gate off) => BLOCK | PE: reg=True K=False(K=67.8<=80,falling) Kextr=False RSI=True(40.4<47) MACD=True(gate off) => BLOCK
2026-08-31 09:45:53,183 [INFO] [periodic] Logs pushed to GitHub: Sensex_FlightRecorder_V2_5_20-SENSEX_20260831_102217.log, Sensex_BarLevel_V2_5_20-SENSEX_20260831_102217.csv
2026-08-31 09:50:25,996 [INFO] [APEX] open=0 trades=0 realized=+0.0pt/Rs+0 unreal=+0.0pt/Rs+0
2026-08-31 09:50:25,997 [INFO] [T5] open=0 trades=0 realized=+0.0pt/Rs+0 unreal=+0.0pt/Rs+0
2026-08-31 09:50:25,997 [INFO] [INDICATORS] spot=76924.9 | 1h: close=76930.3 sma20=77106.2 sma50=77332.9 rsi=42.8 macd=-128.94/-111.58(bear) | 15m: K=81.5↑(prev 67.8) | regime=PE-eligible any_active=False
2026-08-31 09:50:25,997 [INFO] [SIGNAL] CE: reg=False K=True(K=81.5>=38,rising) Kextr=False RSI=False(42.8>53) MACD=False(gate off) => BLOCK | PE: reg=True K=False(K=81.5<=80,falling) Kextr=True RSI=True(42.8<47) MACD=True(gate off) => BLOCK
2026-08-31 09:50:59,511 [INFO] [periodic] Logs pushed to GitHub: Sensex_FlightRecorder_V2_5_20-SENSEX_20260831_102217.log, Sensex_BarLevel_V2_5_20-SENSEX_20260831_102217.csv
2026-08-31 09:55:32,396 [INFO] [APEX] open=0 trades=0 realized=+0.0pt/Rs+0 unreal=+0.0pt/Rs+0
2026-08-31 09:55:32,397 [INFO] [T5] open=0 trades=0 realized=+0.0pt/Rs+0 unreal=+0.0pt/Rs+0
2026-08-31 09:55:32,398 [INFO] [INDICATORS] spot=76924.9 | 1h: close=76930.3 sma20=77106.2 sma50=77332.9 rsi=42.8 macd=-128.94/-111.58(bear) | 15m: K=81.5↑(prev 67.8) | regime=PE-eligible any_active=False
2026-08-31 09:55:32,398 [INFO] [SIGNAL] CE: reg=False K=True(K=81.5>=38,rising) Kextr=False RSI=False(42.8>53) MACD=False(gate off) => BLOCK | PE: reg=True K=False(K=81.5<=80,falling) Kextr=True RSI=True(42.8<47) MACD=True(gate off) => BLOCK
